AKT3,CDK2,CDK4,CDK6,CDKN1A,CDKN1B,CDKN2A,APC2,CDKN2B,LAMC3,TFG,PIAS3,CEBPA,RALBP1,RASSF1,FZD10,EGLN2,EGLN3,CHUK,CKS1B,COL4A1,COL4A2,COL4A4,COL4A6,CREBBP,CRK,CRKL,CSF1R,CSF2RA,CSF2RA,CSF3R,CTBP1,CTBP2,CTNNA1,CTNNA2,CTNNB1,DAPK1,DAPK3,DCC,DVL1,DVL2,DVL3,E2F1,E2F2,E2F3,EGF,EGFR,EP300,EPAS1,ERBB2,AKT1,AKT2,ETS1,MECOM,FGF1,FGF2,FGF3,FGF4,FGF5,FGF6,FGF7,FGF8,FGF9,FGF10,FGF11,FGF12,FGF13,FGF14,FGFR1,FGFR3,FGFR2,FH,VEGFD,LAMB4,FOXO1,FLT3,FLT3LG,FN1,FOS,PIK3R5,DAPK2,CBLC,MTOR,ABL1,FZD2,APPL1,FGF20,FGF21,FGF22,STK36,GLI1,GLI2,GLI3,LAMA1,GRB2,CTNNA3,GSK3B,GSTP1,MSH6,HDAC1,HDAC2,HGF,HIF1A,APC,HRAS,BIRC2,BIRC3,XIAP,BIRC5,HSP90AA1,HSP90AB1,IGF1,IGF1R,KLK3,FAS,IKBKB,FASLG,IL6,CXCL8,ITGA6,AR,ITGA2,ITGA2B,ITGA3,ITGAV,ITGB1,ARAF,JAK1,JUN,JUP,KIT,KRAS,RHOA,LAMA2,LAMA3,LAMA4,LAMA5,LAMB1,LAMB2,LAMB3,LAMC1,LAMC2,ARNT,SMAD2,SMAD3,SMAD4,MAX,MDM2,MET,KITLG,MITF,MLH1,MMP1,MMP2,MMP9,MSH2,MSH3,MYC,NFKB1,NFKB2,NFKBIA,NKX3-1,NOS2,NRAS,NTRK1,LEF1,WNT16,PDGFA,PDGFB,PDGFRA,PIAS4,PDGFRB,SUFU,PGF,PIK3CA,PIK3CB,PIK3CD,PIK3CG,PIK3R1,PIK3R2,PLCG1,PLCG2,PLD1,PML,CYCS,WNT4,EGLN1,PPARD,PPARG,PRKCA,PRKCB,PRKCG,MAPK1,MAPK3,MAPK8,MAPK9,MAPK10,MAP2K1,MAP2K2,BAD,PTCH1,PTEN,PTGS2,PTK2,BAX,RAC1,RAC2,RAC3,RAD51,RAF1,RALA,RALB,RALGDS,RARA,RARB,RB1,CCND1,BCL2,RELA,RET,BCL2L1,BCR,RXRA,RXRB,RXRG,BID,HHIP,SHH,BMP2,SKP2,SLC2A1,BMP4,SMO,SOS1,SOS2,SPI1,BRAF,BRCA2,STAT1,STAT3,STAT5A,STAT5B,STK4,ELOC,ELOB,TCF7,TCF7L2,TGFA,TGFB1,TGFB2,TGFB3,TGFBR1,TGFBR2,TP53,TPM3,TPR,HSP90B1,TRAF1,TRAF2,TRAF3,TRAF5,TRAF6,VEGFA,VEGFB,VEGFC,VHL,WNT1,WNT2,WNT3,WNT5A,WNT6,WNT7A,WNT7B,WNT8A,WNT8B,WNT10B,WNT11,WNT2B,WNT9A,WNT9B,ZBTB16,PAX8,FZD5,FZD3,CCDC6,NCOA4,WNT10A,FGF23,WNT5B,AXIN1,AXIN2,FZD1,FZD4,FZD6,FZD7,FZD8,FZD9,TCF7L1,RASSF5,CASP3,CASP8,CASP9,CUL2,PIK3R3,IKBKG,PIAS1,RUNX1,RUNX1T1,PTCH2,CBL,CBLB,FADD,FGF18,FGF17,FGF16,CCNA1,WNT3A,CCNE1,PIAS2,CCNE2,TRAF4,ARNT2,FGF19,RBX1,CDC42,CDH1
4.7333,38.4963,33.9502,55.1793,4.4653,51.3831,26.7189,2.5196,16.7225,0.1524,21.5303,16.9593,0.8572,36.5556,27.3099,0.2642,20.7832,5.4844,34.3635,41.8194,19.22,8.9925,24.0166,0.0534,47.1025,54.0407,84.6128,16.136,3.2342,0.0,1.6606,25.7248,2.364,9.918,0.0,60.5603,5.9237,8.7955,0.0,5.9669,19.3452,44.068,100.5696,123.5298,47.925,0.1299,1.2867,110.182,12.7761,2.5924,11.6302,32.4982,379.771,1.7524,0.1492,1.9015,0.0,0.0391,0.062,0.0,2.1291,0.4362,0.3321,0.1549,0.3658,0.101,0.0657,0.3436,4.0774,0.2555,0.1307,55.8459,0.2835,0.0882,63.3386,1.3403,1.9151,79.937,3.2659,1.6998,0.5733,0.0768,46.2056,17.0855,1.8684,27.3417,0.0,0.0,0.4905,7.3762,5.8947,0.4332,1.149,0.1094,116.3054,0.0777,27.6006,131.4539,139.6322,120.8716,23.9371,1.4479,82.1231,27.6716,12.1893,53.3527,83.8322,33.9555,71.2699,624.1133,1228.433,0.9617,12.9814,0.0267,4.2637,39.4998,4.6666,0.2395,0.1106,12.2762,0.2706,1.0197,0.174,17.3762,11.4828,9.3577,23.6877,59.1376,3.1104,4.662,1.1356,49.0594,251.9936,3.48,1.0003,8.3628,3.1984,11.9992,5.8822,0.0533,41.3584,0.2379,43.3968,30.806,43.8258,30.6395,25.5382,96.2645,0.9774,2.9944,3.1526,39.9897,3.7708,17.4513,11.8249,33.8527,49.2784,167.9703,43.4977,14.0582,32.7046,1.1336,0.0282,107.6633,0.1666,139.5819,0.5693,1.0444,1.9549,4.9174,10.5547,17.1352,10.5866,1.5793,19.3491,25.7819,23.0215,28.6345,30.3817,0.5998,28.5923,119.1467,2.1095,12.1407,68.7905,3.7827,6.6297,18.1483,2.1851,34.4065,74.8556,0.0,122.9278,15.9353,14.4434,25.0368,0.4011,37.7739,21.7702,10.8785,5.2081,100.8283,0.1412,9.0771,27.6278,104.7701,170.2169,1.8501,47.6361,46.6631,41.5669,23.9958,4.2597,4.1786,7.0027,67.9803,4.449,3.0152,27.8645,0.0901,16.1146,35.377,1.4564,26.3188,0.0,14.0405,1.0271,0.0,0.1747,31.3649,40.6782,0.4001,2.347,54.9706,27.4019,51.1875,16.8681,49.9331,53.9855,12.5992,2.8264,16.7584,126.298,18.3269,46.4931,8.9469,2.555,1.0077,31.6506,0.7576,7.6604,31.6302,66.058,126.7071,71.432,159.1955,189.3536,24.2427,23.1855,41.4344,72.5893,14.7961,5.7253,26.0944,2.7474,86.7343,0.0511,0.5114,21.429,2.8573,1.225,0.0274,0.0488,0.1244,2.1377,0.3334,0.0522,2.9331,0.2474,0.0896,0.0401,8.9403,8.0949,11.8605,48.5517,128.3644,5.0905,0.1577,2.454,8.2339,1.8011,1.8327,4.5275,21.3916,1.4445,0.7377,0.2115,3.6062,31.7533,46.6596,25.6017,5.5482,33.2185,5.4257,1.4606,35.6823,16.6788,1.0799,2.7867,60.8568,33.5395,1.0879,0.31,0.0377,0.0,0.1651,0.0,15.5026,27.8752,17.4663,31.963,0.3842,0.0,49.6361,53.7622,0.2436
11.5432,45.766,66.8953,12.7528,107.4459,157.6743,59.2676,0.3244,25.8717,23.0589,23.3208,27.4713,21.6779,31.588,39.4598,1.1783,3.1413,13.9184,14.1401,67.693,64.3623,73.2628,13.5711,0.4583,22.7651,53.6692,54.1933,57.5091,16.0949,0.0,31.7214,32.4673,17.909,164.0352,0.0,74.0952,52.1911,30.7068,0.7066,44.6693,24.3619,72.7544,56.8439,7.3493,49.1041,3.8125,15.6852,29.2126,307.3307,41.1865,30.9045,21.323,72.833,18.1417,1.6308,2.6714,0.0,0.0,0.0129,0.064,6.6946,0.2179,0.8454,0.423,0.0761,1.5774,1.6038,0.9683,11.8106,15.3317,15.4281,76.7652,80.9197,0.2754,11.6854,1.0414,0.2174,407.7659,181.8786,13.8078,15.9042,11.4602,18.5937,33.6688,6.5085,17.9675,0.5465,0.1719,0.1671,17.398,1.0347,1.1522,4.7923,0.3463,176.3212,0.0416,14.8794,1037.0917,23.6658,188.9734,39.5828,6.0667,101.4593,7.2122,41.9224,40.9591,25.0202,23.8585,127.1775,1086.5258,1300.5039,0.4956,24.7496,0.05,16.1123,18.293,8.0558,5.2336,7.0125,48.6314,1.2068,6.6021,0.3259,88.6755,33.5536,86.5445,77.6508,70.9277,197.1602,222.3459,591.2691,29.5706,381.4268,9.1323,19.7312,22.5521,41.0184,29.4576,117.3744,98.0829,59.2675,39.3692,36.2972,10.3003,32.7035,20.092,32.9304,15.0111,38.6616,51.5298,7.3764,14.5955,5.0621,119.6654,61.7829,14.4915,13.7882,49.0827,31.4778,43.1843,245.082,6.4886,2.6901,57.624,0.3715,4.7033,0.2844,16.4341,29.7211,61.8951,19.4231,52.8566,13.1418,5.6769,5.8765,21.267,18.7835,6.2752,16.3107,0.1198,46.5366,13.9423,4.7694,36.4628,50.726,2.6779,1.3799,34.0649,23.7918,6.7897,7.0701,0.0911,67.7312,58.9201,14.0953,14.6311,0.7131,59.3816,46.8002,15.7587,3.7242,26.0354,13.853,35.5542,85.8653,259.8776,102.2983,22.1584,9.0787,18.5124,82.3798,92.6784,8.2017,29.3364,5.7742,16.7576,56.3717,26.9344,52.9326,1.0239,81.6568,18.7134,20.8523,44.3982,3.1616,22.8359,4.6838,2.7634,21.8179,11.2832,57.9441,9.693,9.2976,26.9572,22.6312,162.3097,5.1556,2.9541,328.9319,69.1808,29.9895,40.6906,28.8306,24.3446,356.7873,9.9008,14.6448,14.2199,57.4634,7.6961,4.3093,24.7951,116.3329,15.3299,89.3014,51.8741,578.28,16.7096,23.4038,12.9685,15.7398,5.6898,53.2102,99.9982,10.2042,19.2808,0.5748,4.5413,3.6442,6.0985,0.5399,5.2428,5.8008,0.0,0.1443,1.011,3.9145,1.4564,9.1732,0.1567,2.3624,5.0472,14.1525,2.7771,34.3848,147.8439,2.1455,0.0,3.0828,18.451,9.2926,17.3672,18.4697,46.9395,42.0895,11.6497,0.3961,21.6271,25.2492,56.3743,22.4249,11.6553,26.0555,39.0853,7.096,17.6526,30.1998,1.4229,1.073,13.3462,10.3197,1.8566,1.2,0.2588,0.0464,0.8246,4.5178,28.191,6.5501,9.0766,39.1543,28.8105,0.0,75.6435,57.0272,145.2728
3.157,36.3871,169.5422,11.0705,166.5194,122.4816,90.0616,0.5176,46.9113,3.8029,22.0153,27.2813,14.5866,41.9807,9.9638,58.3268,0.5508,44.2683,16.2613,109.4071,33.3738,24.6458,0.5651,13.4502,16.9618,65.7214,114.6262,16.7036,6.3923,0.0,3.9561,22.1312,13.3353,148.8541,0.0,124.8709,3.258,16.2334,0.1852,39.9423,36.0776,121.3061,40.8052,9.024,9.8719,1.162,26.7052,18.3464,89.2552,39.8231,42.4732,17.9924,15.0516,15.2097,1.4325,0.5664,0.0,0.0,0.1171,0.0,2.2726,0.1903,0.2229,0.0338,0.4149,13.8732,0.8548,0.1576,7.2636,119.6845,29.4183,148.9788,0.9399,0.0924,13.4637,0.2079,0.0949,137.9386,87.3274,1.6057,0.3534,77.5331,10.8686,26.4528,5.0055,18.2644,0.0294,0.0,0.0389,7.3212,5.8786,12.0412,1.2494,0.2522,174.8565,0.0048,6.2722,3337.3587,27.7651,250.0856,27.1619,0.9199,101.2287,4.9136,73.5361,34.8218,9.2879,19.9516,218.6037,1199.653,1869.2601,0.2331,8.6218,0.0,6.3172,17.5178,0.2695,8.1238,777.9482,64.4355,0.3837,23.5319,1.2906,22.3195,56.7541,53.6964,47.5018,19.8794,113.1909,1115.9557,4.4592,37.3303,367.8005,2.2332,13.5934,5.4302,27.2817,13.8369,18.6895,144.1092,39.0142,52.1773,22.5133,5.6455,44.835,12.5816,34.0493,16.1437,18.5762,36.9564,1.6249,13.8131,156.597,107.2293,30.1691,16.6397,14.3303,102.3371,21.715,15.3858,226.7122,1.3684,0.8477,88.189,0.353,12.289,1.275,6.4318,18.8996,11.5993,10.4565,20.4668,8.2875,5.0749,11.2184,14.9984,6.7247,2.0672,9.8914,0.0419,9.4109,4.6146,13.3516,13.5966,174.567,12.6338,2.6515,36.584,14.8729,6.9546,1.6875,0.0318,94.4984,73.3272,7.8046,13.9896,3.3551,47.7149,67.6574,15.7579,2.6023,18.3146,9.0948,35.6946,61.9839,583.0442,45.2627,39.0388,29.3534,17.1081,72.0604,222.8213,2.3108,12.933,31.474,51.7353,992.6809,2.8411,55.6392,0.3224,63.6516,19.4287,33.9791,30.9821,0.1406,88.8079,0.2988,1.9619,2.607,14.1015,724.7088,1.4838,50.9505,20.2313,12.4612,25.5655,4.3637,3.5501,58.1277,67.2962,9.1254,16.0004,10.4753,35.5665,550.8145,2.415,5.1086,70.1589,105.2426,0.8576,7.1812,29.225,13.0892,72.8126,88.8274,11.3342,341.0552,6.5927,18.2117,13.0973,2.8215,2.8189,35.9565,91.0814,4.0715,20.7671,0.0669,4.9211,2.8505,183.0574,0.5659,1.0979,65.4714,0.0,0.3025,0.6441,3.6699,6.5122,15.2892,0.0078,0.3328,0.2273,17.452,1.6818,29.4529,178.433,15.2141,0.0115,2.817,13.9828,1.4475,15.9455,1.9973,65.3862,43.4995,1.8373,2.3067,7.55,13.9549,106.767,16.6919,8.8212,37.4286,9.3595,9.7303,6.0964,13.9815,0.2955,0.6383,7.7761,4.6693,27.7188,0.2975,0.0658,0.0,0.7443,8.6588,4.8972,3.0821,6.3669,95.6222,1.4599,68.0834,112.8449,85.1119,210.2037
6.0943,32.8485,43.1091,93.2599,14.8737,31.3744,10.9726,3.4222,13.633,0.7739,19.8931,13.9293,5.7891,49.3068,33.784,0.124,19.8556,3.4958,44.7014,52.0433,23.6757,11.5196,1.925,0.0219,43.9451,80.1343,134.3439,22.6942,6.7737,0.0,2.7641,36.2727,3.506,12.0059,0.0,80.5933,10.1533,16.5981,0.031,18.6076,24.6077,37.1955,94.0611,151.3974,57.2991,0.04,4.6906,101.2689,28.4941,5.6582,20.7269,45.3992,326.7766,1.8128,0.9602,2.4327,0.0,0.0,0.0848,0.0,2.4513,0.5015,0.0629,0.0318,0.2604,0.1937,0.2159,0.2895,10.7902,1.8258,1.0201,70.3026,0.1397,0.0725,99.4331,1.9081,0.7507,60.5138,2.7782,4.9067,1.6966,0.0,58.8785,50.9709,2.773,84.3717,0.0,0.0754,0.879,9.9915,4.9308,0.514,2.6616,0.077,147.6248,0.1277,31.1405,336.8223,104.0512,177.6709,22.0225,1.2309,114.6759,28.1336,16.6137,70.0184,123.9865,46.1647,92.6183,856.0868,1353.2965,0.6519,4.4225,0.0,6.9856,33.5845,6.7074,0.3442,0.2272,27.3224,0.8413,2.2677,0.1072,1.0898,21.5483,40.0988,27.5429,94.7493,6.7938,11.055,1.7923,46.2246,278.1354,1.9153,1.1306,8.728,6.4641,11.1797,11.0705,0.3941,19.5985,1.638,32.6927,32.7343,41.0663,36.9649,38.65,116.8165,2.5632,7.1652,5.1645,41.1806,0.2065,34.5471,138.2358,43.7193,45.9151,138.6257,47.9335,19.9204,49.6465,1.707,0.185,121.8467,0.2736,74.7716,1.8702,2.0588,4.6639,6.9161,17.1377,23.0855,13.7377,2.1385,18.301,30.6345,62.8779,69.6383,41.4312,0.4532,39.4491,140.3577,4.5173,11.9707,72.3644,5.3386,7.8086,18.6494,2.4005,14.6121,123.5432,0.0299,136.0524,22.433,15.8382,25.7556,1.0097,94.4106,42.2404,10.841,14.3355,161.7857,0.4444,34.1819,46.7204,173.9733,215.2523,18.4414,35.1995,40.7822,42.0998,13.3521,7.5692,3.2819,7.8155,61.1951,15.3858,9.6802,30.639,0.1332,24.7499,34.6614,3.6645,34.174,0.1512,22.2813,0.4005,0.0194,1.8081,38.466,38.5174,1.2487,2.6773,87.7891,40.9562,72.9627,17.6967,70.9064,90.6798,30.8993,24.3436,66.5774,135.6851,21.9809,100.0904,12.2474,2.5665,5.5246,58.8801,0.5549,11.7848,66.3047,87.8964,102.169,66.4967,90.9471,84.3381,37.0496,35.5878,20.9368,93.2925,14.2552,3.2571,44.3106,3.6961,95.4555,0.252,0.6767,1.1447,16.8972,5.5042,0.0,0.0401,0.0,2.0879,1.8384,0.0,4.9579,0.2032,0.0589,0.2308,0.7867,3.7579,22.3905,89.0722,203.3778,10.6268,0.2159,4.1751,17.2647,0.5645,3.3795,8.4427,5.9066,5.2992,2.0954,0.0868,2.5257,39.4703,54.7473,16.8277,8.5345,34.1382,8.7338,3.482,33.9894,23.5827,1.571,8.2207,74.5807,26.1458,4.8248,0.5601,0.0929,0.0611,0.0,0.0,8.0614,27.0027,30.9821,35.0846,0.5917,0.0,64.7548,67.6071,0.7168
7.0626,36.2034,54.1586,10.4305,298.7452,112.9113,47.17,0.7932,76.6994,20.2137,31.4484,40.7247,21.6046,36.982,33.1876,23.3379,3.3302,51.4139,11.4675,49.7877,49.2135,47.7512,0.8851,1.4782,27.9981,59.3892,71.7472,28.4891,9.7657,0.0,1.9533,29.2205,16.6076,156.6461,0.0,74.5021,6.2212,54.2747,0.0545,64.1866,21.2896,68.362,54.8191,23.9837,12.6548,0.0782,51.0308,26.49,126.6787,61.4047,32.5256,27.6285,71.4773,17.8896,3.5696,2.439,0.0371,0.0,0.0298,0.0,3.4789,0.0,0.935,1.2492,0.4697,0.1541,0.4977,0.1018,9.7324,117.2643,34.407,97.1603,1.0102,0.5098,19.9279,2.7396,0.7546,41.0741,305.9814,6.9699,7.2135,68.8992,23.4631,46.8609,6.7246,21.0168,0.0324,0.0,0.408,6.872,2.0669,1.6768,6.9471,0.1542,107.6444,0.0374,15.6185,1509.902,20.7902,219.3761,23.5999,0.997,79.9896,9.4995,90.1783,41.5021,30.7234,35.0587,32.5084,560.8853,834.0875,0.6395,21.5105,0.0386,14.908,23.3042,7.6343,0.2883,38.5256,114.764,9.2845,65.5463,1.435,44.804,42.4251,42.0249,88.1217,51.7123,278.5145,734.5511,9.1255,22.8243,267.4163,9.4911,29.3244,12.087,64.3786,15.616,69.0903,256.637,49.9843,64.8963,29.7435,6.9797,44.6666,14.7827,39.4798,18.8613,26.1273,23.0346,6.2732,11.5041,29.9024,183.9547,80.4658,9.3489,12.0673,33.015,53.2369,62.1211,226.9398,5.2593,0.6645,51.0764,0.3782,12.7408,3.308,14.0403,14.0467,15.621,31.7224,82.5366,15.9538,13.0325,6.1149,28.4687,32.2334,5.8232,43.5713,0.0578,35.6387,7.765,15.9988,28.4851,57.4593,18.8325,2.705,63.6286,1.4338,4.8684,7.726,0.1229,68.8346,67.7178,10.341,13.2563,1.3226,58.268,76.6289,15.4023,2.7648,30.7887,5.5405,18.3796,81.4211,403.9886,145.1024,9.7195,17.6601,13.7235,64.7204,83.3066,7.1213,19.0167,20.6698,40.5818,57.8492,7.5631,49.7203,0.8244,54.2382,31.0896,43.6349,47.7595,0.5542,21.9044,0.045,0.9688,15.6832,6.4538,246.5418,9.5762,19.4031,17.5393,23.645,37.3711,4.0248,3.1078,90.3655,76.6106,33.2023,46.8295,28.6574,24.1564,335.6379,19.5929,12.4901,22.3109,90.1381,5.6202,23.2538,25.3059,50.6314,54.5983,73.2601,39.4148,381.8711,28.494,37.2732,21.9257,8.4303,9.0996,29.8164,82.6367,10.4251,29.4608,0.9606,2.5585,1.9857,35.4185,2.4986,3.227,40.3718,0.0,0.0278,3.8301,2.0631,7.2892,23.0571,0.0432,0.8748,2.9539,7.3391,1.4236,56.8766,179.9695,15.1381,0.0,23.5237,22.3038,9.9746,23.8562,10.3043,80.4478,14.9945,8.0377,0.9675,16.8823,46.6537,56.1759,13.1364,12.0349,23.0508,19.3146,8.9901,10.4605,23.5412,1.5338,1.0401,12.2178,8.6935,6.1819,0.8957,0.7804,0.0,0.318,10.2542,14.3256,4.0483,5.7523,31.216,4.2868,0.0,62.5474,63.4757,227.989
11.7095,16.0858,50.9306,13.899,163.2604,60.0034,1.5312,0.6111,11.5811,27.476,29.3941,32.0769,3.5523,19.7544,21.1866,1.5233,1.521,17.5939,13.3574,18.6609,204.1282,229.5375,2.8107,1.9568,17.6538,39.6153,34.9832,37.2141,10.7237,0.0,3.8816,27.7457,18.8549,120.8145,0.1848,97.1902,14.6845,51.3019,0.4577,41.1302,15.9134,57.2998,10.1867,0.5793,12.2546,1.9496,18.6087,18.8415,117.5252,62.0523,24.4986,16.9972,93.3382,14.14,7.4468,3.6523,0.6695,0.0,0.1372,0.0,6.0701,0.0,0.2349,0.3066,0.1495,1.4627,0.9155,0.8102,14.0719,28.2223,16.8648,52.7077,0.8399,0.0451,21.3322,1.9629,0.2224,424.1875,84.8167,7.352,1.9434,35.0362,9.3499,30.7226,18.2704,12.3858,2.2356,0.0,0.1139,7.4679,6.1064,5.0579,3.8386,0.6665,88.7812,0.2439,10.698,864.4617,11.1492,105.1715,13.4139,5.3467,105.6344,5.1533,46.6894,45.1875,55.5152,21.0621,10.5005,447.7862,1181.5569,0.8656,18.8207,0.0955,9.6323,10.5398,2.314,1.4376,65.4612,81.827,1.496,57.7386,0.4778,206.2341,64.9939,121.9061,73.507,41.8622,125.0154,487.5567,15.3463,19.7852,248.8192,23.7486,74.3098,29.3636,47.9939,60.2622,89.1887,306.074,92.8442,251.4379,19.7176,4.465,63.7189,8.8877,27.5613,10.4,54.9099,10.9537,4.6727,8.4168,8.637,256.7297,43.8334,4.1098,8.5266,39.8291,28.7712,62.9358,311.1391,3.7067,0.1582,45.0279,0.5714,13.4927,0.4072,26.4512,65.3615,44.7707,17.8678,143.1469,15.3061,15.7667,5.7324,16.6989,12.1014,6.3,18.1462,0.0368,25.9554,7.9396,7.2979,31.3527,28.8065,19.3393,1.4819,34.7875,12.5872,7.8094,3.66,4.6201,49.3046,88.5194,9.2566,10.0139,0.5434,27.4142,62.3166,21.9348,3.3122,30.0616,14.7364,17.3202,69.9142,248.5051,102.4396,16.7556,1.7237,9.706,39.3077,90.3658,3.5664,32.8232,13.3862,18.6097,143.4243,4.4257,52.7586,1.0127,163.4669,24.8763,11.0514,43.489,0.2117,26.445,1.076,4.0384,18.316,1.6716,113.0304,25.919,16.1876,12.9337,15.7848,33.1004,2.8816,0.9985,54.4949,57.0004,20.8511,34.2768,18.9674,20.8042,340.405,7.2985,18.3685,23.0384,112.5903,20.1047,25.057,32.8391,95.4261,15.8658,55.5433,23.1925,659.9142,15.9767,20.5309,11.2829,13.3205,7.209,11.8843,129.5571,14.9802,19.8137,0.4442,3.4981,2.9373,10.254,2.982,6.6373,24.5665,0.0,0.0886,2.7737,7.9807,1.1661,4.5982,0.5496,12.6949,7.1003,8.604,1.8087,47.7272,122.9857,28.5215,0.0,50.3741,18.6235,17.0592,18.9102,13.9215,31.946,24.7629,8.3542,0.9994,18.1385,18.2188,31.9808,10.9567,6.714,16.9472,10.566,4.441,9.326,20.3418,2.6978,2.1593,6.7454,10.93,7.6327,2.2805,0.1155,0.076,0.3374,0.4647,4.783,2.1077,0.5901,22.0867,7.3943,4.4831,47.5659,51.2367,148.0758
1.3906,22.2392,74.3461,36.0209,434.429,22.7065,1.3723,0.4802,3.0794,7.8894,86.4617,25.6373,7.7751,56.1298,19.0584,2.3303,3.6523,46.0973,10.8821,40.9644,59.5948,40.4228,0.8605,0.4239,16.6398,39.7547,50.122,35.841,10.7235,0.0,32.9085,27.247,26.9682,117.3194,0.0146,62.6596,3.3929,94.7768,0.0224,54.1116,12.0444,105.2718,38.2179,4.4026,10.6552,0.0434,77.5601,23.9539,124.3923,30.2068,46.0881,32.5492,12.1638,7.4292,0.4356,0.407,0.1144,0.0116,0.0123,0.0,0.4176,0.0777,0.0303,0.0115,0.3402,0.7399,0.0479,0.0026,5.002,77.5198,5.2922,186.1517,0.6395,0.0314,6.8082,0.3625,0.3617,34.1185,132.5,4.4724,5.7185,158.9296,14.1689,43.7424,3.0649,6.2863,0.02,0.0545,0.2647,6.11,0.5806,1.4955,4.9429,0.3223,58.7867,0.0033,10.9478,2348.2347,12.8683,71.9805,9.8991,0.5881,161.2169,7.3006,63.583,14.2955,8.7496,15.0411,35.9883,961.8807,1428.9941,0.145,21.5561,0.0,13.9482,8.8728,3.463,9.5255,337.2271,43.0871,0.2725,92.4115,0.8393,33.9706,24.2309,42.5138,77.7714,38.1151,179.1576,1213.0127,1.355,12.7093,169.1145,1.214,15.1817,7.1126,26.9689,7.3036,20.0368,214.6876,52.2106,108.8949,17.1072,4.8805,154.1461,6.5368,16.8596,14.0673,58.7164,6.0976,0.9461,5.716,123.3655,54.88,47.252,3.6113,10.1979,250.2522,36.2313,139.5803,387.2919,15.5803,12.5879,38.1969,0.7205,2.3251,0.1577,7.3786,8.437,2.5342,25.4364,28.3794,9.4702,18.6949,3.8825,10.1477,6.5143,1.2927,5.448,0.1424,24.7566,5.127,9.8785,102.0665,67.6331,5.0765,8.8967,273.7257,1.581,4.511,1.2546,0.0216,56.8108,71.0427,7.347,12.6094,0.0751,132.6085,124.2158,8.5249,0.1304,18.0108,32.1738,7.243,80.8293,401.7073,152.4099,10.3592,14.1997,10.3101,40.0154,126.7472,10.1346,11.861,3.6401,22.7163,39.2712,1.3732,85.837,0.8077,102.2471,60.7497,31.7638,32.9194,0.0273,44.5887,0.0092,0.0281,17.6844,3.157,521.3816,2.8859,15.7604,11.9769,24.8355,60.1281,2.8668,2.0936,76.0859,130.4926,23.1834,23.3076,7.9924,26.4925,199.8963,4.3461,7.4968,86.8039,226.9337,1.5255,6.195,18.7079,12.1257,11.4142,87.4829,27.087,362.1219,18.6309,57.1149,18.8369,2.7958,6.3144,36.2059,78.2415,5.5118,9.76,0.167,2.3276,4.1458,10.4606,0.7486,3.4423,41.7922,0.0,0.1029,1.3006,1.1786,2.5258,11.274,0.0319,0.0387,4.9833,3.0401,1.755,38.04,160.4621,2.7199,0.0,1.7344,28.3585,4.8889,4.3255,2.0159,138.9805,2.8013,0.4379,3.0759,9.3022,13.0892,28.5502,9.2747,3.8451,21.6957,6.7156,6.1969,13.5548,18.7646,0.1494,3.4191,5.6732,5.2326,13.0026,0.2944,0.3803,0.0,0.637,0.0982,29.8963,3.6297,1.5387,56.7093,1.8819,0.3231,36.0793,21.5717,147.9135
9.5853,47.5858,41.2026,94.1447,11.2058,38.7723,0.2853,3.923,3.1672,0.8326,32.9084,11.7305,0.4871,37.4584,35.6023,0.2413,24.7876,4.3446,37.6461,44.3276,100.3286,42.6822,11.2597,0.1024,47.2966,63.7108,104.6453,14.88,1.5712,0.0,5.129,45.2326,4.1252,24.3012,0.0,74.0833,4.8355,12.494,0.0121,25.3737,22.2617,37.3413,128.2197,170.9444,57.303,0.1246,2.8977,98.1835,33.5576,3.8512,25.6227,53.856,521.2034,2.36,0.5406,2.2673,0.0,0.0,0.0264,0.0,9.3325,0.4461,1.4696,0.099,0.4053,0.1292,0.1986,0.2365,6.7268,1.078,0.3761,100.4586,0.145,0.0226,107.0275,0.3046,0.779,134.1325,14.6631,2.3208,0.7911,0.0,53.1083,62.5502,6.5373,65.0006,0.6025,0.0,3.7624,10.4669,7.1888,0.5128,1.951,0.1897,135.9302,0.0284,34.0808,136.0076,138.6439,104.1767,29.776,3.2637,100.5937,23.2323,20.806,58.5993,62.6663,48.5329,81.1524,708.7267,1265.934,0.2537,18.3341,0.0,4.7412,56.2464,1.8424,2.0666,11.7409,13.122,0.5065,2.2463,0.1668,15.2836,27.4917,27.2219,28.8052,46.103,6.1614,18.97,1.0248,58.0697,278.9532,1.6053,1.1368,20.788,5.7733,19.5737,13.1026,0.5793,43.8372,0.2339,39.2219,35.3015,36.6794,44.5289,28.5744,200.6365,1.1618,4.696,2.9896,43.9517,5.0618,15.715,14.8464,44.0549,45.9126,143.3681,22.438,15.9571,34.5309,0.5314,0.108,123.5848,1.2778,55.0321,0.8248,3.0902,5.1967,6.8341,16.7891,76.2398,14.0868,3.1105,27.6573,23.731,42.4347,39.728,30.7101,0.3987,81.019,133.1893,3.7928,11.6971,106.8686,4.3592,7.2986,15.2783,3.8412,66.9015,77.9982,6.5731,136.4486,13.5529,23.818,33.4937,0.7505,37.4716,32.2537,10.8479,11.051,133.4962,3.7598,14.9695,54.4807,135.2712,167.0859,4.5154,34.1987,46.8992,46.5482,12.3262,11.5748,6.7445,14.6496,91.5119,10.8767,15.5448,33.3026,0.0691,20.1489,49.5251,4.8517,36.126,0.0,17.3051,16.4874,0.0303,2.1442,40.4447,53.2021,0.7673,15.6361,57.6889,28.4905,49.6044,22.1596,45.0358,43.3589,18.2127,4.7696,41.1031,107.8806,21.6327,77.3989,14.2938,4.4179,2.8342,24.2588,1.1517,20.2538,39.7876,96.034,164.9179,67.6766,88.0668,187.4701,12.5599,31.3266,54.309,48.9899,15.7602,7.7255,35.8524,2.4829,92.0374,0.1308,1.1986,8.3895,27.4304,1.6582,0.0699,0.0312,0.0,4.284,0.4262,0.1336,3.8138,0.1186,0.0917,1.886,0.3223,4.4545,38.0683,58.8212,177.6178,1.0304,0.2352,5.3783,12.0604,4.393,6.8224,9.4112,20.8421,2.5443,1.5718,0.0,4.7891,34.5103,54.6262,14.146,6.6422,32.2193,23.5712,3.1426,35.1617,21.0281,1.6146,3.4142,55.5305,31.9975,4.3577,0.1585,0.3372,0.0951,0.0,0.0529,18.7897,38.0212,22.5459,42.4559,0.3684,0.0,69.3471,60.6964,0.1816
6.2874,19.0333,57.8049,7.7719,181.7443,125.7537,16.3698,0.6772,49.6763,10.9226,21.1647,50.7414,11.5218,33.9121,18.249,0.5437,2.0044,3.7346,18.6246,20.6279,84.7344,67.897,21.1634,0.6359,43.8139,51.686,68.3896,119.9116,21.5385,0.0,17.6086,25.36,22.9592,170.3326,0.0,168.347,75.6814,47.5578,0.9962,64.3865,15.314,50.0364,15.4437,4.1632,15.6389,0.5218,64.2881,54.495,474.1777,157.8058,39.8217,24.7553,100.7538,15.811,2.5633,4.0452,0.0,0.0,0.0153,0.0,8.0679,0.1933,1.17,0.6149,0.045,0.3732,0.3618,0.4719,9.9611,42.1101,12.0841,74.4128,56.9347,0.2607,16.229,1.6391,0.1768,1148.6499,2964.8944,10.6732,4.8301,16.1398,33.5088,65.6175,7.6275,28.4951,2.1882,0.0,0.0823,10.1919,2.6288,3.7456,2.1983,0.4068,153.6061,0.0615,18.5203,614.5523,20.143,72.6094,15.2092,10.8131,127.9501,11.6883,28.1575,45.8943,72.6886,48.6011,17.1139,498.5518,899.2911,1.9677,16.7869,0.0099,24.4841,24.2183,3.498,72.643,129.9024,27.7382,2.0024,53.9057,1.0846,134.4582,68.5014,82.07,68.2735,74.8507,639.8848,268.4537,27.8646,42.0031,434.0198,15.6147,9.8971,27.9145,45.1415,27.5694,98.9303,52.8517,90.6879,39.5151,50.0813,6.956,34.6163,14.3677,28.4228,18.1644,139.2982,262.8306,9.3221,11.2746,12.6975,280.4969,139.1195,8.9907,11.4189,75.4564,68.3812,58.9819,625.3546,7.7744,1.8617,81.7863,1.4768,4.4038,0.1402,14.8689,33.203,15.5513,24.652,60.7196,21.6063,3.437,6.13,21.8699,35.1907,15.7557,26.8182,0.0266,26.9026,12.8211,4.7674,22.5335,49.2925,2.5189,2.0917,42.4988,7.8491,12.0657,13.2219,0.0673,97.5036,75.3695,9.5583,18.3727,0.5657,46.3227,87.8747,15.0813,11.1482,33.3485,240.0618,56.6435,60.1845,318.839,165.2039,10.6229,4.4358,17.4896,65.4271,87.3378,3.4937,49.0906,6.5839,36.4516,220.9326,8.6449,63.4624,0.7455,92.0946,48.4007,50.2498,39.6948,25.4863,38.3,8.9712,8.3044,20.8695,3.6967,14.0081,28.2261,9.2084,30.3471,32.1877,117.7914,6.0645,2.3943,153.9725,143.4841,28.2076,43.4219,27.6712,23.6925,269.4111,7.3709,48.4143,16.6188,108.7053,52.234,13.2099,33.7614,138.7483,44.6809,86.1173,52.5288,398.5623,18.1846,23.3072,17.7713,6.4963,8.5945,31.042,94.6877,7.6284,22.68,0.34,11.6271,5.6843,22.6238,0.1597,1.9396,76.4921,0.0,0.3628,0.4222,2.7209,1.5788,8.2709,0.0993,5.3267,0.2297,35.6326,2.0046,50.9388,196.7186,5.7191,0.0,21.8945,19.3769,14.5215,13.8507,18.6059,97.5613,12.2711,12.6473,3.2611,52.6505,55.1266,47.2996,27.3267,13.2075,27.0749,14.4551,5.8425,14.3486,60.6504,2.1229,0.8921,14.4154,12.7276,3.5895,1.6717,0.181,0.0,0.6707,3.8637,5.1126,3.4494,4.7761,84.9326,10.0826,0.0,54.9124,79.1893,261.9231
1.7578,67.7751,53.5186,30.3746,314.5477,64.2569,83.6883,0.167,39.4059,3.4129,88.9465,43.417,3.7991,68.054,18.7028,14.2063,2.7581,91.7801,10.9098,76.8722,117.5422,173.792,0.5063,14.5528,19.5108,46.5755,418.6943,10.97,1.3276,0.0,0.6715,40.2718,28.2274,190.6454,0.0,110.7607,1.7124,56.3617,0.0,88.3249,10.872,94.4142,31.9907,9.2213,14.8803,0.1761,136.013,13.4075,314.1787,94.9141,27.0654,27.8,46.1902,4.1027,1.2907,0.354,0.0,0.0,3.9667,0.0,0.4711,0.0,0.0198,0.0,0.8309,0.0,0.037,0.0341,7.4558,64.6305,2.8477,160.8375,0.4391,0.123,8.9543,0.0231,0.1011,300.8327,195.4263,1.3676,1.3109,216.7345,26.1473,37.5107,10.2309,11.2964,0.0,0.0,0.0691,6.5354,0.5891,1.2303,10.9779,0.5687,141.9926,0.0,23.6902,3146.3818,30.8696,225.6662,20.0095,0.2558,393.0214,6.5012,70.0133,45.3645,201.2907,26.8209,53.1863,515.4261,961.1684,0.0,66.263,0.0,14.8944,9.7604,1.9134,66.1679,3122.9727,212.4044,0.479,220.778,1.1455,725.4358,149.4953,185.7918,56.7749,42.6697,302.899,806.7833,0.983,33.4692,272.8352,1.1392,406.0087,8.0861,88.5119,47.4265,40.387,2639.4424,72.8782,1659.1639,45.3943,14.691,62.5387,14.6796,40.1716,53.2545,95.2858,13.0028,1.3013,6.789,378.9762,459.7453,1974.1328,17.098,10.4416,34.9716,37.3698,150.0306,402.4399,9.4239,0.0218,48.1679,2.0275,2.5769,0.2645,35.9618,19.8746,7.2452,19.128,48.6204,14.5578,44.1665,6.8929,21.3994,26.692,0.7289,5.2926,0.0186,22.8108,2.2451,13.7564,52.3896,74.1516,11.6774,7.4881,97.4218,4.2098,9.4262,0.3994,0.0,46.175,104.3823,12.3367,22.2941,0.1688,201.5604,63.3339,29.3202,1.1827,26.1401,78.8447,15.1005,84.218,484.263,195.6376,9.8346,27.2816,5.9821,76.8243,156.8136,2.1827,36.4086,1.9981,22.6347,136.8421,1.7267,68.1696,1.4654,85.536,37.4132,24.5144,37.0502,0.0357,17.9067,0.008,0.0367,30.6618,11.351,236.7083,2.2621,15.1479,18.2945,16.2242,14.6256,3.1934,2.4053,68.6383,106.0883,24.2103,26.4355,17.9224,38.6546,575.2739,11.8531,7.8156,239.3048,190.9913,7.1516,10.4698,46.8433,47.0439,8.5018,189.6893,37.7687,1793.2882,23.3197,26.1764,17.22,6.763,3.6231,99.2273,88.7291,17.4263,29.2518,0.0396,5.5009,5.1049,22.1031,0.2232,11.6929,71.2726,0.0,0.0447,0.8852,8.578,0.5272,14.8037,0.0139,0.1088,2.4469,3.7072,1.2596,36.5592,126.7708,2.9898,0.0,3.1225,42.0176,1.6886,9.0871,10.7924,55.2491,10.2674,13.5454,0.3276,12.666,19.9713,36.1375,25.4444,20.9571,28.3677,12.6195,6.5392,11.02,13.0039,0.2977,0.6475,22.3181,6.1773,11.29,0.048,0.0292,0.0,0.1705,0.3522,29.393,7.8839,2.291,100.8456,34.868,0.5795,40.3976,66.5391,496.8486
0.4292,22.8624,49.267,34.2847,258.8613,52.8931,0.2849,0.8594,105.1002,0.2123,26.7045,42.8926,53.7417,45.2159,10.9051,86.2731,1.0824,68.593,11.6977,59.353,55.3648,64.3871,0.0525,13.708,20.2947,70.6451,81.5093,5.3005,0.7019,0.0,0.4752,19.1133,14.7503,109.3382,0.0,56.9172,1.497,36.1339,0.012,122.6871,28.9246,75.1481,13.5004,11.5221,12.522,0.4422,58.8614,30.0146,69.4944,35.9065,38.7544,23.2152,15.446,18.2031,1.4077,0.319,0.0,0.0,0.0703,0.0,0.0162,0.1114,0.0109,0.0,1.6393,0.1505,0.1855,0.0037,0.5615,63.5477,15.729,105.3424,0.3377,0.0751,11.7591,0.0,0.0,34.7888,187.44,0.3792,0.5924,162.5687,22.0531,27.5483,1.2832,8.1559,0.0,0.039,0.4743,5.735,8.2761,20.0796,3.2544,10.4107,102.4546,0.0047,7.9368,4526.3618,16.7675,221.611,23.9289,0.0378,114.4313,3.2498,121.9017,15.7706,0.7011,20.6767,79.0278,1137.9057,1858.141,0.0,23.1272,0.0341,4.6302,13.5826,0.146,0.3312,101.0142,335.2195,0.0493,23.6239,0.0926,142.025,53.9393,65.8156,51.3215,38.6541,296.3673,2841.6036,0.1421,28.1983,249.8292,0.2544,121.704,8.1946,48.4336,18.2035,17.2213,1024.6171,70.4815,821.8821,23.9427,8.313,64.408,12.6037,30.0395,8.3131,32.8843,45.8107,0.3685,7.559,60.4901,91.0465,26.5572,7.3161,4.708,110.1307,24.858,33.5995,168.3283,7.2357,0.024,86.592,0.0405,0.5899,0.323,21.6877,16.8608,1.728,14.1257,5.8286,8.4348,22.9032,4.0691,4.6719,10.5949,0.5634,7.4168,0.0817,24.4529,3.7674,9.226,45.5998,76.8005,20.7319,2.3313,168.5433,1.1739,8.9333,0.1527,0.0,87.9209,77.676,5.8898,9.4233,1.3603,79.4615,53.7162,35.2108,1.6,22.9851,5.9966,26.5267,73.9178,403.7448,112.2687,17.5694,28.8665,10.6355,104.1646,154.298,4.9483,12.4686,16.752,46.9819,299.0119,0.4388,102.9543,0.7591,77.662,42.6052,92.9038,30.0262,0.0,25.7459,0.0044,0.6546,45.839,9.6456,713.0829,1.1406,35.1536,17.513,15.908,7.4412,2.7059,2.6142,89.9007,72.4785,4.4578,19.2887,13.6907,33.9388,446.1458,1.7286,8.5331,81.7797,260.925,2.9795,4.7834,19.5241,15.5431,29.7157,102.7594,32.2992,388.5588,3.1323,25.5703,15.6853,3.3125,8.3189,68.5707,104.9348,7.1756,15.2951,0.1306,0.3022,2.2116,85.7273,0.276,4.1082,120.1498,0.0265,0.0246,0.8511,24.2533,11.3859,13.8581,0.0229,0.0043,0.4219,10.004,0.5926,33.6241,171.6279,34.6936,0.0224,17.2172,30.2179,0.3832,12.3934,0.8063,107.3095,34.4331,8.6452,1.3048,5.9001,18.4913,44.2902,7.1607,9.6333,22.1977,1.2042,10.4598,9.7773,17.1046,0.035,0.247,5.69,6.2679,24.1631,0.0528,0.0641,0.0,140.4459,2.7445,16.0845,1.9418,2.7811,33.091,0.0886,0.8394,62.493,64.8151,242.3386
11.2092,49.2772,35.4465,96.5486,29.8534,62.6824,9.7448,2.9495,15.6166,0.3441,29.1557,13.6376,2.7746,48.6856,38.4508,1.0814,16.5746,3.5349,40.9613,47.4242,79.157,28.3384,2.3209,0.1912,41.7161,85.0337,122.6043,20.8778,2.1623,0.0,1.3474,35.631,5.8854,19.0793,0.0157,89.6741,10.1733,11.2007,0.045,25.5084,18.4099,45.0178,102.8706,179.4978,66.9271,0.8375,11.6086,79.1484,40.5339,7.2789,22.0462,42.5259,404.6362,3.2579,0.8552,2.3225,0.1472,0.0374,13.0971,0.0979,1.8338,0.4999,0.1464,0.3883,0.326,0.563,0.2624,0.4712,4.573,12.885,4.0737,44.9193,0.1624,0.8931,114.4748,0.5689,0.6651,46.6744,3.6391,3.31,2.1815,2.4938,40.8431,42.1444,3.3498,73.7456,0.643,0.0876,0.6388,8.3544,4.9554,0.567,4.8956,0.1641,149.4903,0.3605,39.3631,29.4428,94.0307,93.817,28.9655,2.0864,120.9721,29.168,20.0746,92.2289,172.5047,53.8803,101.5307,742.8764,973.2206,0.4519,12.5852,0.0,26.7242,35.4024,5.3746,0.1715,0.317,31.4194,0.5722,8.1059,0.187,3.4278,37.0467,24.4806,22.5906,60.4195,11.2954,43.7849,4.7851,85.7796,426.3267,3.8263,3.6583,17.6134,10.0252,17.9511,13.8557,5.3209,44.46,1.6776,32.7878,42.4143,23.6869,56.3907,43.1293,119.5131,16.5572,13.3275,4.1857,31.3805,5.5222,18.5532,8.6097,50.7614,41.6486,134.9545,54.0841,13.6277,48.7003,0.8301,0.2958,177.1882,0.1136,14.1237,1.4861,4.3892,6.4014,7.8318,15.1378,52.6789,16.0782,2.4257,32.0874,27.6268,24.958,50.1266,46.5911,0.1604,23.2128,120.2361,8.8593,9.6723,93.7719,6.0299,7.1895,16.3247,4.5654,25.8001,35.2814,0.1045,121.1798,22.5394,22.1598,39.3699,6.4979,47.4665,30.1822,9.074,11.1524,198.4587,0.8314,12.7589,31.6463,203.5276,187.942,4.4175,32.4541,44.2012,65.7155,21.7207,6.4816,4.6645,11.3604,78.737,23.4578,25.7872,27.1551,0.7401,31.0357,52.578,7.5626,33.7589,0.044,21.4667,1.2486,0.0904,1.9023,47.6036,34.6123,1.1464,3.8108,73.4933,40.1681,48.367,26.4606,73.232,55.6664,17.3007,12.9573,48.6609,129.3457,27.5748,77.0971,10.0456,4.8454,9.0229,29.287,1.2711,7.9733,90.5258,81.192,117.9118,76.6628,81.9629,77.8639,17.392,26.018,12.5158,61.829,17.188,6.0339,46.3622,4.117,103.1141,0.3908,0.5156,0.6656,27.7535,18.8577,0.0261,0.7452,0.0,6.6217,0.4094,0.0499,3.9391,0.6794,0.1199,0.4984,9.2932,12.4207,43.3978,118.9921,243.5476,67.5408,0.2008,6.5013,14.7551,1.9918,5.3542,14.5583,23.9235,3.5563,2.3779,0.202,4.4322,44.0665,66.5609,17.1671,7.4097,32.1086,9.1166,1.8034,48.2699,28.4337,23.277,3.8371,54.863,53.2766,2.6321,0.1184,0.072,0.0,0.0526,0.2764,10.4799,37.1825,27.4984,31.3038,0.2599,0.0,59.0391,73.2973,19.8698
17.3948,6.3057,20.1241,6.7568,53.1697,89.8859,1.7747,1.9133,4.4144,0.0894,18.5581,18.2129,2.5377,31.7052,15.0908,0.474,2.2127,6.869,6.3583,9.1091,71.8312,112.1609,4.0317,45.9643,33.7741,73.6352,40.7511,8.4149,5.8397,0.0,1.217,24.1323,20.3592,100.0005,0.1339,40.9478,20.313,97.3394,0.0192,37.634,20.8826,63.8032,3.6728,0.685,4.4634,0.0661,54.7971,32.6712,76.697,20.4812,24.1697,18.2555,33.9557,31.2862,1.7053,13.9064,0.0,0.0133,0.75,0.0348,21.3887,0.148,1.2485,5.7554,0.0414,2.1092,1.7598,0.8074,37.8069,2.9485,27.9872,46.49,8.8317,0.024,26.8046,1.4556,0.5613,299.4453,52.4665,2.5765,0.8247,18.61,12.5576,143.6239,5.4736,22.7997,0.2285,0.0311,0.6962,8.0872,3.2269,7.989,6.322,0.008,55.2088,2.9467,7.3987,360.3822,7.9517,62.4161,10.6661,1.8708,67.3518,6.847,24.3082,22.3938,33.2733,21.5116,2.1489,315.128,778.7187,1.9117,8.5736,0.0091,8.4038,10.6132,0.1863,1.6256,1.0891,25.695,6.3925,5.0476,0.1993,88.2998,39.4231,76.6431,46.692,44.034,185.6498,71.6378,6.0459,15.748,245.5749,6.3115,6.2593,35.8915,106.2945,11.3245,191.8184,9.7347,121.5509,11.6562,21.0991,5.645,13.7751,13.2055,23.4499,10.6855,46.2669,37.9088,16.3264,10.5606,13.1394,79.456,15.5857,2.8963,9.617,23.7448,25.0439,41.9526,228.6854,4.9634,0.669,14.9955,0.2746,10.4301,0.3607,34.3647,11.9006,10.5292,32.1107,30.157,9.4961,3.1075,4.4515,11.8174,13.2173,3.5626,24.9798,0.1547,23.143,8.094,1.9419,26.8534,41.7659,0.5606,12.7977,33.3637,4.8763,16.2712,33.8267,1.4604,55.0782,70.0926,6.1581,12.6478,2.2864,31.1174,48.5865,21.6855,4.0585,32.7857,3.9526,15.3978,28.3421,313.9709,98.4475,1.684,2.2357,18.7522,22.3542,50.3621,3.1004,44.6478,6.6184,22.3343,45.2561,9.0971,59.1389,1.0397,32.4254,15.2614,36.7644,24.1441,3.1402,6.0399,0.5529,1.1647,6.2025,1.875,26.0934,25.6107,15.9493,21.5851,16.519,22.9375,4.1785,1.4054,45.7511,83.5435,19.2494,52.007,21.5411,19.8365,355.2173,12.8337,22.0035,1.6331,82.319,1.5844,8.0735,32.5266,58.1773,28.2871,23.1679,23.4889,153.3563,14.2581,8.8787,10.4826,16.9062,7.0751,7.1084,163.4935,11.8489,24.3052,0.1041,0.2796,0.473,3.2796,3.1305,0.0371,0.9435,0.0422,0.0392,1.1315,1.3299,3.6286,10.8752,0.2738,37.6036,1.694,45.4642,11.7257,31.0117,157.582,6.5222,0.0892,3.6291,11.6302,6.5954,17.0326,14.3308,19.7436,39.1548,9.535,0.2333,33.5405,15.3038,12.4139,8.1089,17.6896,16.9157,10.0543,2.7085,24.1424,4.7997,7.2964,6.6365,13.9242,7.1412,6.646,15.529,0.2046,0.1262,0.1868,0.0561,2.5454,5.1956,0.7075,9.2395,7.6346,0.0693,31.7081,33.307,19.8119
3.9049,27.001,105.3561,60.1335,20.057,30.22,14.1431,3.2575,3.1212,0.9823,10.7032,11.5327,8.2284,64.519,37.3622,0.5016,11.791,3.7638,29.9011,63.7012,37.812,22.2047,0.929,0.0443,43.6114,77.492,182.6892,39.6452,8.597,0.0,2.3031,59.3619,2.8665,18.8466,0.0,109.3091,11.1042,43.5084,0.0104,35.606,39.2552,39.9803,133.5979,208.1136,42.7837,0.045,3.4202,98.8704,42.8553,7.949,38.8461,53.0975,356.5802,2.0149,0.3306,1.4782,0.0,0.0,0.0,0.0,0.8527,0.5314,0.0283,0.4931,0.4051,0.1492,0.1886,0.0829,10.5076,2.5328,0.552,118.4064,0.0314,0.0391,68.3319,1.8968,1.3257,111.4498,3.488,6.0043,1.023,0.0,67.3842,79.6516,4.9555,61.4322,0.0,0.0,0.5432,11.2385,4.4076,0.5776,1.4267,0.0779,213.3539,0.0369,17.511,666.0961,112.7291,323.2141,19.3358,0.6963,113.7952,20.6066,38.9688,41.4577,72.4837,27.8245,137.1575,1001.0251,2599.8393,0.7861,5.506,0.0,4.6362,31.4857,5.4345,0.2321,0.1225,25.895,0.5245,2.1632,0.807,4.3109,14.1199,32.4446,60.6213,113.9782,13.4203,23.9297,1.9359,29.9641,352.8342,2.2914,1.4062,11.7352,13.3536,11.3713,29.5171,1.2843,35.5572,2.9891,30.2026,19.2706,40.6875,22.6966,32.9554,94.953,4.8048,4.4773,2.8202,45.9779,0.9397,45.6534,269.7473,40.7346,29.9411,229.0449,74.0551,48.6027,77.9127,1.988,0.2339,96.1559,0.0527,69.6332,0.4624,1.95,7.0281,4.8644,30.8454,24.6121,17.8272,2.5411,11.3457,23.4984,119.9062,75.8142,37.6576,0.2126,57.3346,182.8443,2.9444,15.4819,53.1977,2.9799,14.1502,24.4098,1.7244,13.9833,128.7873,0.0,132.1533,42.3658,9.9697,17.603,0.301,112.7886,100.1599,10.2413,12.5059,95.6413,0.8208,25.6327,68.4907,187.6453,235.5073,31.6672,44.8192,36.778,41.6679,17.3108,4.4039,6.2334,2.8018,41.9214,14.4225,6.0808,33.5381,0.1597,25.4316,64.8512,4.7655,54.6908,0.0765,22.131,0.0689,0.0,1.3932,20.401,67.6737,1.2408,3.1482,45.0653,25.2449,102.0545,9.2095,42.8147,88.3824,42.4629,42.886,83.2793,127.8564,20.9377,256.7284,8.4684,0.9975,4.2829,91.9877,0.5556,11.6364,41.7895,118.6173,155.3337,62.3553,82.6216,110.9236,42.8806,59.0886,22.5401,56.2034,10.16,3.6364,59.6826,6.2695,90.6487,0.2832,0.8024,1.4311,11.6422,11.9715,0.0606,0.027,0.0,1.2798,1.1868,0.0868,2.3006,0.8906,1.3602,0.3835,0.4281,2.7871,11.534,80.9254,246.3193,14.2597,0.0291,3.7858,32.7102,0.3937,4.2388,10.4841,4.5225,7.4658,4.6299,0.0586,1.7029,51.5533,46.8038,16.3181,15.9221,31.4277,7.8547,5.5438,19.8568,15.6318,1.0238,5.427,64.0892,18.0312,12.4101,0.309,0.0,0.0,0.0914,0.0458,9.5606,10.9966,17.8005,66.3017,0.8245,0.0,53.5108,49.882,0.5845
10.5871,48.1002,81.3491,11.9714,1172.5784,52.8871,81.4637,0.1163,15.4473,13.2028,62.4902,28.3991,3.1937,31.9212,52.777,6.6585,2.08,84.5261,14.6994,111.3026,43.9424,23.9166,0.7636,35.2671,12.6772,56.3195,75.979,13.0624,22.7563,0.0,2.6457,32.0559,21.2512,130.6398,0.0,121.1773,34.352,68.003,0.0243,103.7971,15.239,42.139,68.4112,4.8666,99.6512,0.3434,59.7317,11.433,309.271,75.9643,17.6203,26.3234,20.5843,1.7113,0.7442,5.159,0.0398,0.0,0.7351,0.0529,1.6475,0.09,0.0,0.01,0.0252,0.2085,0.0986,0.0864,5.267,5.6675,49.483,147.2405,1.2867,0.0182,8.474,0.0307,0.2694,2541.8064,33.9546,1.958,0.6243,155.5259,16.3856,25.1385,12.7661,21.594,0.0695,0.142,0.345,11.5345,0.2382,1.4733,1.6485,15.8647,102.5267,0.0057,8.8351,1759.077,31.2986,97.4419,31.8844,0.2621,102.3161,4.14,148.5967,455.4914,216.4014,25.2793,144.009,523.6196,3007.1916,0.0079,18.8197,0.0138,30.4598,19.462,1.9824,10.6239,100.7127,103.5318,0.1246,98.7035,2.1318,556.0073,28.4975,86.0939,99.1096,24.3035,123.5995,710.9713,0.6203,27.1741,364.0653,2.9734,72.3395,7.9666,65.3019,57.1995,93.8132,507.7322,41.3907,305.9551,14.3988,5.3924,33.6817,11.8613,21.2721,61.4747,145.4863,14.005,3.8065,23.1861,454.742,353.937,27.2715,14.4394,6.403,158.7691,41.4196,81.9531,204.6297,16.725,0.552,70.013,0.4051,1.9309,0.9593,54.2155,36.0786,8.4666,24.8871,38.5089,9.6126,34.8224,3.301,8.4344,8.7074,0.5678,4.0014,0.0743,26.7367,1.4093,5.401,29.5286,144.5565,3.614,1.1162,105.4166,24.3615,5.4949,0.3875,0.0941,84.0942,64.7513,5.7465,18.2739,0.4587,62.4355,93.6046,21.5113,0.9513,10.2119,516.5114,15.8792,253.023,737.2586,190.5288,26.8519,36.1135,10.3444,126.6354,248.544,7.2353,22.9294,0.9852,19.376,150.8668,0.8258,52.1226,0.4555,284.7927,36.9735,49.2052,50.7806,0.0237,98.9406,0.7279,0.0244,2.4153,11.3551,188.2352,12.0531,19.9362,12.0856,13.2339,17.384,4.0466,4.0875,160.4708,58.6928,8.6215,24.9716,18.1576,54.0814,498.0704,2.9629,5.8503,86.7177,250.7172,8.2381,4.7101,24.615,27.2289,26.0162,163.6405,29.9001,1134.0762,10.7639,50.1594,8.178,5.6022,5.0936,59.0672,71.5527,17.7399,38.8614,0.2374,5.7303,5.2874,16.7494,16.2812,41.8603,17.0814,0.0,0.0596,0.909,3.6652,0.7178,2.0262,0.0092,0.0259,3.2768,6.1456,2.8366,15.9547,61.0469,31.6645,0.0,8.2284,35.8107,0.6479,9.6857,2.0933,39.9264,27.5693,3.4248,6.5725,17.3625,5.4966,41.0631,20.0701,4.8145,35.0111,2.9802,6.9834,7.4539,20.5676,0.3824,0.4792,6.2437,4.4737,8.0059,0.2558,0.0972,0.0,0.0284,0.2773,50.085,2.58,2.4123,107.9684,10.9841,11.1234,89.6059,48.7655,198.0177
1.6929,33.4489,49.2187,1.6647,63.5151,54.2036,41.1466,0.6702,14.5334,1.4378,57.7948,19.6625,9.8633,55.4024,20.2747,0.5616,0.7956,136.7986,9.908,88.559,43.8144,36.2383,0.5655,8.823,10.9258,46.8236,62.3846,17.3301,1.5738,0.0,0.8865,27.7541,28.5388,186.7224,0.0,95.2952,33.3793,71.0231,0.0076,81.5612,20.8863,54.5809,77.4068,6.4753,12.516,0.111,35.7757,11.3927,100.2711,28.8722,20.5649,33.5156,22.6879,0.5917,1.7905,0.2426,0.031,0.0,0.108,0.0,2.2705,0.0,0.0205,0.109,0.0196,0.1558,0.0985,0.0921,4.9158,0.3905,5.0603,190.419,0.2052,0.0355,9.1902,0.0599,0.0,451.7386,293.2423,1.0486,0.3733,99.7216,15.4526,29.2584,11.6924,19.0483,0.0,0.369,0.5917,4.6514,0.6445,0.7033,1.8519,0.9393,96.9776,0.0223,11.2027,744.534,19.4029,107.9941,19.0057,0.2962,163.0599,1.842,91.2293,33.9754,21.0774,21.5571,102.2535,800.8624,1349.0021,0.0552,6.5497,0.0,4.8136,14.7081,0.0552,23.2339,16.6419,26.9933,0.1904,10.5042,0.4199,87.5539,52.6021,84.0048,76.6875,53.3867,282.3369,400.3199,0.4656,12.3645,448.8588,1.789,17.4736,16.7406,15.5184,21.6465,68.5792,108.7621,39.3573,132.6301,26.2437,9.0751,10.4488,8.2107,14.2907,6.0601,9.6747,1.0517,1.839,10.8754,135.8208,457.8463,32.5841,8.7869,5.9359,23.0272,27.7704,47.7116,270.1872,10.4857,0.3397,62.4581,0.2393,2.2208,0.0153,6.9243,40.0562,6.3449,29.6982,37.8478,9.847,3.3902,3.6892,17.2677,12.7663,0.4555,6.1879,0.0386,15.0868,0.4879,2.5488,16.137,63.139,13.1767,2.0922,77.9909,36.1388,6.0892,0.2164,0.0147,98.6454,79.4805,4.9742,24.7709,0.7982,73.4725,102.9632,23.1573,1.0371,20.7151,1.5801,10.2768,106.6572,448.9728,57.7516,13.4259,18.4785,13.7688,56.7876,148.1219,2.1299,21.4256,1.0375,4.568,14.0414,0.786,57.0507,0.7971,63.452,33.9548,28.8237,32.366,0.037,24.2197,0.0709,2.2176,0.7307,17.9111,431.0298,2.7996,3.0203,10.0104,9.0911,14.1629,3.4545,2.7975,41.6769,71.7349,13.0788,18.2297,10.9426,32.6712,474.7842,1.1648,9.5652,26.0672,70.4026,0.9469,6.104,29.6535,16.6242,50.8062,125.1639,17.8041,490.3885,6.6219,43.9427,9.6564,2.838,3.5052,93.4327,150.6318,5.0672,24.2553,0.0206,7.2779,1.9734,7.3472,28.602,0.0,9.0804,0.0,0.0929,0.0958,9.4124,0.2214,1.8906,0.0649,0.0484,8.6167,7.6148,2.8221,34.6183,82.214,1.1089,0.0106,1.1044,19.5966,0.934,10.0005,3.5741,26.4819,14.5351,3.2509,0.0425,1.2479,5.7492,70.1595,9.6218,10.22,35.6331,29.6786,7.3783,5.1653,13.1141,0.346,0.2802,5.7347,3.0086,4.9289,0.3491,0.0606,0.0299,0.0443,0.0166,37.5886,4.0852,1.7107,55.5769,5.5178,0.0,70.0012,51.8403,265.756
28.1391,92.4528,115.8699,84.4291,24.5181,73.5968,10.8159,2.8417,3.959,0.1579,18.3821,16.7361,14.7387,51.4673,40.8686,0.3105,10.029,3.9075,43.4961,88.4795,67.6321,36.4171,2.4357,0.0253,58.7851,80.1893,238.6639,47.7586,17.0505,0.0,2.3624,66.4729,2.8363,18.2981,0.0,118.4763,13.4208,38.8332,0.0,53.3136,52.8332,72.0137,230.2315,275.9766,73.5163,0.4419,1.9607,147.9667,36.8913,3.6232,48.8057,58.0792,678.3949,2.2689,0.2676,1.0067,0.0,0.0,0.0131,0.1297,0.4452,0.3312,0.0,0.0123,0.3858,0.1279,0.2495,0.0558,8.6303,0.1779,0.0931,228.4327,0.1435,0.134,145.736,1.8473,0.7162,69.9028,3.6171,8.2824,0.6047,0.0,66.8967,73.0781,9.8539,94.4164,0.0,0.0581,0.4233,9.9965,2.8023,0.4367,0.8863,0.0939,272.4552,0.0913,34.37,288.6493,202.3035,369.798,33.0136,0.7636,225.7954,39.3615,45.8696,66.4076,168.7094,53.9686,172.9011,1370.6484,3187.2941,0.6279,8.0414,0.0,30.5964,37.0263,15.1579,0.0,0.2451,14.686,0.2508,2.6211,0.1377,2.0874,21.0103,57.398,51.6278,167.3571,9.1721,17.3859,2.5789,88.4853,605.9849,3.8448,0.9686,13.0648,9.4188,11.7264,17.3349,1.2653,67.2848,1.3433,45.6049,30.8235,21.3003,37.6235,42.5617,117.3306,5.3718,4.1567,6.3256,66.7196,0.7557,27.0702,392.1777,74.2789,41.1027,249.2265,118.2278,57.0752,95.6548,0.287,0.5168,157.3886,0.3464,1.0967,0.7686,2.6063,8.4444,2.4717,39.7488,26.8313,20.1572,2.931,22.6899,35.8033,171.9423,109.2688,48.2747,0.3189,49.8909,261.8842,5.4621,20.4278,75.3087,2.8492,14.3649,27.9141,3.2153,3.9355,174.557,0.0231,172.358,54.1224,16.4748,35.5865,3.5296,102.2226,93.5976,10.1437,11.1466,174.3691,0.268,73.3579,75.4861,329.1843,426.653,12.986,76.3617,47.7193,73.4668,34.6143,3.7414,7.818,3.5625,182.6339,12.9424,7.5151,47.9074,0.479,21.2005,66.5854,5.219,56.4881,0.0291,24.3345,0.0788,0.0599,0.5086,28.8777,59.2765,0.3039,1.0068,76.3235,45.8773,148.6436,15.5232,69.5656,153.6291,46.451,42.2624,100.3625,207.526,28.8381,180.4997,5.2041,1.5821,4.3207,115.2151,1.0107,5.6736,48.3909,73.4512,238.0587,101.1287,113.251,241.2471,35.9224,62.2242,32.039,70.6791,14.5719,8.0617,84.444,4.0172,126.2501,0.1295,0.7552,10.8607,21.7771,11.6749,0.0173,0.0309,0.0,1.0604,0.4521,0.0,1.7803,0.1762,0.0227,0.832,0.4467,4.8559,35.0578,81.1161,331.3781,2.7653,0.0665,0.2773,34.1166,0.4349,2.6041,6.7602,4.1849,3.291,1.7702,0.0,1.7516,68.527,107.7901,21.1709,14.2239,58.949,10.1001,6.1553,33.2887,24.177,0.6429,4.9383,118.9309,55.6735,8.0782,0.2747,0.0,0.0471,3.7961,0.0785,22.9356,15.916,18.1858,78.7724,0.2533,0.0,54.0806,87.459,0.501
3.9704,62.9687,64.8142,1.3706,320.0797,47.0178,4.2197,0.3621,26.1788,1.0947,36.9576,34.613,61.4155,128.994,22.3937,3.6398,1.0245,45.4788,9.1864,33.9428,84.2907,65.1928,0.4176,0.1643,17.1177,27.6115,50.5282,12.9031,1.3604,0.0,4.4024,34.3838,5.2184,127.384,0.0,108.8932,50.8584,51.0619,0.0194,72.2487,13.8283,88.808,22.8653,2.2801,8.5456,0.05,6.7933,23.1947,87.1846,212.3857,26.8122,17.3497,19.2338,40.4027,2.4753,0.3376,0.0791,0.0,0.0424,0.0,5.7534,0.179,0.1835,0.7944,0.025,1.0367,0.2084,0.3435,8.3228,131.1972,9.9419,82.7578,0.2326,0.0,15.4666,0.0306,0.1786,668.4266,61.1077,1.3375,1.055,136.0633,11.796,19.7739,13.7204,28.541,0.2072,0.0,0.4575,9.7664,0.5295,1.3498,5.5902,0.4007,82.1881,0.0228,15.3243,914.7868,10.6027,144.2246,31.6523,0.443,61.5055,4.3927,94.6353,25.4051,0.7607,26.9392,28.6142,1227.1104,6087.4711,2.1768,7.9306,0.0822,3.6452,14.1253,0.2112,0.8599,3.292,53.9008,0.6147,9.6245,0.1785,57.6159,46.6739,47.2422,64.4576,24.641,69.4321,802.2195,1.6905,32.3228,456.595,4.6745,0.3947,17.4561,58.939,38.6536,77.73,40.2549,55.3105,13.7594,22.2314,6.5031,63.6362,17.7409,29.714,33.84,13.6863,3.666,2.4702,15.961,5.0291,396.1245,109.9997,6.2825,10.3258,11.505,20.9838,16.0941,91.3316,4.342,0.1733,19.9759,0.1221,5.6892,0.2336,17.3586,72.6773,11.4077,18.5834,58.7052,13.7056,14.3197,4.3546,18.7843,1.8863,0.5728,6.845,0.0492,23.3668,4.1331,2.3618,11.252,52.8209,3.1975,1.5351,57.1682,84.2915,2.7975,0.23,0.0,54.0288,46.517,8.6044,13.6377,1.6637,57.9589,54.8282,12.8719,3.1039,20.8378,3.3309,45.5079,99.5236,364.3146,27.2498,13.2862,11.0434,18.342,43.2483,51.4093,2.9245,11.6552,5.3624,23.9192,4352.356,1.4308,53.4493,0.2034,87.7491,12.0392,31.168,31.2079,0.0472,36.7157,0.0,0.0243,90.7317,3.3568,290.0938,2.9554,4.8425,13.2363,17.0101,10.2164,6.6326,2.1043,34.6906,31.487,7.6164,28.6023,18.2718,29.8001,513.5887,1.5613,7.4865,14.4993,44.1126,0.5671,24.8421,38.4114,19.9806,42.9651,69.2175,31.117,520.778,2.1578,19.3483,3.6791,3.1693,4.643,84.1429,85.1512,14.6764,77.7564,0.0,7.7532,3.1279,1.9365,1.1089,0.1964,81.4524,0.0,0.2964,0.342,0.9648,0.1951,1.301,0.0184,0.2986,0.0862,13.7571,6.296,23.5401,169.3592,1.6538,0.0,6.2642,11.6847,4.0116,17.1617,5.2642,62.1184,14.0946,3.2165,0.2712,5.019,33.7245,90.6975,7.0182,11.577,15.3395,4.5184,6.1037,7.6748,18.988,0.676,0.1191,3.2535,8.3278,3.4226,2.2262,0.0387,0.0,0.1129,0.0424,6.5581,2.5148,1.9942,78.1999,0.8048,0.0,76.5696,75.8056,410.1057
32.5564,56.9627,33.7484,184.0103,54.8794,139.1817,87.5941,3.5065,31.6147,0.3113,31.2349,20.4526,1.2412,71.338,31.1319,0.5088,18.1863,11.8229,16.0617,97.6185,51.0435,26.2716,13.0586,0.1319,75.4043,41.9091,103.1298,27.9433,2.7612,0.0,2.2451,38.4241,10.2096,27.9496,0.1182,84.1025,22.5563,16.9379,0.0254,5.5631,32.1343,58.2386,74.3646,147.8619,54.2869,0.1605,2.5261,99.7609,15.1154,3.7319,22.7186,36.6328,257.0046,6.0228,0.3353,2.021,0.0,0.0,0.0371,0.0,2.6309,0.5488,2.8696,0.2088,0.3944,0.2119,0.2201,0.0238,5.6332,1.0562,0.5581,70.9817,0.1019,0.9037,141.6299,4.229,2.3077,74.8379,15.758,7.0298,0.8996,0.069,46.2465,49.299,18.3814,40.2562,0.0,0.0,1.4025,7.5833,2.7342,0.6777,10.3825,0.1615,77.4467,0.1596,32.4409,221.629,115.8514,111.9649,64.6005,1.849,87.158,28.2683,17.5269,47.4556,24.9054,42.7904,66.3831,1263.7159,1021.3736,0.3292,12.1692,0.024,4.0712,31.1549,3.5153,0.9147,2.7842,21.1523,0.3387,2.6364,0.1955,5.826,21.0721,28.6307,29.2548,66.3594,16.5873,34.5311,45.7844,102.3422,245.1111,112.2114,31.687,11.4171,23.0568,14.7951,8.2861,0.3593,50.3085,1.1017,56.3157,34.3102,51.6985,39.4364,38.5535,62.3812,0.9246,3.7136,3.1601,29.4291,3.3322,4.9202,14.868,36.9681,38.7706,148.0615,33.0159,18.4194,49.0631,4.0412,0.1771,131.6481,0.4919,323.7626,5.1499,1.7163,4.5175,3.5447,24.7307,40.1592,15.9698,3.3181,23.4827,11.9823,40.6923,57.6309,45.6958,0.3234,26.4453,64.4362,2.4584,14.6177,56.3421,2.3461,5.9994,11.0145,2.6265,37.4651,44.0381,33.8513,134.92,30.4012,14.2918,21.4434,3.3874,17.6852,36.34,5.8006,34.9378,65.7417,1.48,5.2978,43.2024,133.0087,150.7642,3.3252,12.0199,38.7591,64.5397,25.2168,6.1569,16.7343,12.7368,14.9141,8.0666,12.3217,37.2764,0.2753,36.3638,63.1665,2.3505,31.7362,0.1241,14.8594,3.3846,0.0425,0.5966,35.5412,30.2282,2.7686,3.281,57.0499,39.4456,98.7686,24.2752,38.97,113.9741,24.5522,16.0189,29.8615,94.0583,17.4627,72.6431,28.191,6.0789,1.132,37.2088,3.7536,12.4257,43.3561,127.8141,166.7633,87.1032,133.0604,211.1867,14.7232,24.39,17.94,15.7811,20.2536,13.993,44.2452,4.3421,55.2499,0.2298,0.0,4.4883,1.9609,4.4036,0.0983,0.0,0.3914,1.7134,0.214,0.1878,1.8172,0.6115,0.0644,1.3799,4.9838,4.4914,9.9078,31.4901,75.1317,12.5425,0.2126,0.8139,11.0034,16.0579,5.6838,4.6867,9.8859,4.9039,0.8287,0.0475,3.7936,27.2912,72.3825,33.4127,10.5214,16.9863,14.0861,3.5218,24.0162,35.2313,1.3899,1.4191,70.7549,42.9254,4.4971,0.4457,0.1693,0.0,1.5331,0.0743,47.0879,22.2639,29.9248,26.7283,0.8201,0.0611,46.5511,64.3516,1.6416
1.3222,11.1396,40.2037,8.5402,34.3754,82.6442,10.6921,0.6039,33.0277,2.7578,27.9665,55.6539,8.124,28.1483,32.1437,0.3027,3.07,0.2024,12.2377,23.8295,70.7777,43.609,11.789,0.0438,34.6061,95.3342,39.3441,33.8433,3.8313,0.0,4.3817,42.0521,23.8862,205.7245,0.2217,231.7241,47.168,51.0919,0.0309,128.8923,17.1405,73.2928,30.162,2.3476,15.6592,2.5097,79.7668,34.3032,139.7188,171.9278,38.169,16.9308,15.7386,2.7061,0.8522,0.3066,0.0,0.0,0.0677,0.0,1.1156,0.1272,1.5177,0.0282,0.0178,0.8103,0.0871,0.0803,1.514,64.811,14.9688,122.8538,0.7026,0.0965,5.2146,0.0868,0.0635,51.361,74.0324,2.0271,10.548,54.9478,16.79,31.9619,2.4254,10.6149,0.0,0.0669,0.2763,14.337,0.3168,0.3451,0.4155,0.0256,149.363,0.0081,10.3914,1429.0037,9.5536,106.0916,18.3306,0.9722,91.2656,6.0866,59.2483,49.3948,28.8633,35.9911,14.5926,568.0641,1877.5714,0.6287,18.4768,0.0,10.7818,17.1808,0.0,3.2734,61.2428,6.4328,0.1656,15.6621,0.0634,166.139,59.5088,56.0593,43.7585,38.9541,247.9052,471.8438,0.5763,29.6365,406.3467,1.2074,0.4706,8.6812,79.967,6.4817,117.4312,147.0336,54.3562,18.6338,34.6613,14.6449,44.8458,17.4712,21.6914,7.6784,53.2071,90.0612,1.5406,11.2282,4.4899,35.1247,12.1381,6.0822,12.4039,15.6018,18.9861,35.6014,300.8014,0.6887,0.4619,34.2544,0.0867,1.6255,0.4427,58.747,12.3056,1.7451,20.7216,29.4381,10.4411,2.1393,8.2794,15.985,12.5549,2.1456,12.2649,0.0437,31.8601,1.4549,4.3641,19.2689,72.1818,3.3111,2.0893,74.255,1.1151,6.8847,0.8336,0.0,59.4872,96.6759,10.1279,20.2787,0.2076,51.4271,107.7693,54.3236,2.4261,24.2049,107.8643,53.5125,53.5106,910.8058,24.3381,44.7522,6.3978,13.2316,93.266,67.7969,3.3119,66.8264,1.0014,21.4806,744.5927,1.3353,96.9346,0.1511,146.9845,34.2893,19.8069,57.8489,8.2885,35.2727,2.1216,7.4964,1.3119,1.7798,26.0569,32.4047,1.0551,17.3415,28.3264,52.3659,5.8825,0.5678,33.2877,131.0611,17.3487,24.2515,16.9043,53.0754,496.0479,3.3059,16.6895,0.3214,70.6863,43.7477,5.4634,16.0959,132.2091,6.2842,102.6436,43.7724,352.7139,6.8694,29.6282,10.419,2.0368,7.4261,78.8627,282.0886,5.1798,40.4971,0.0186,0.8595,14.8915,28.0385,0.0788,0.1396,36.4761,0.0,0.8002,0.0347,0.1333,0.5619,16.8427,0.3529,6.3649,0.2818,18.3194,4.2052,120.1179,221.7243,0.3247,0.0,12.4164,57.1977,11.7908,10.9962,7.0901,37.9199,1.7901,24.4015,11.2539,42.3179,26.8833,34.887,8.8706,11.2855,21.5942,36.1169,7.4147,11.1573,39.4452,0.3536,0.3047,12.3492,7.5956,6.5558,0.5875,0.0549,0.0,0.361,0.1507,3.8711,5.3146,2.0126,107.323,0.3443,0.0248,90.3014,75.437,502.6944
4.6567,62.1289,131.6488,50.9912,14.8184,34.5217,12.5201,1.3399,1.4758,0.513,20.8291,20.5157,9.1909,56.7228,39.4348,0.0149,5.5436,1.0668,20.9551,83.1253,60.373,37.2604,2.3417,0.0105,40.2486,74.2127,156.7079,43.4166,7.6428,0.0,4.3583,45.7829,4.2141,26.2885,0.0,108.0621,10.4442,46.3674,0.0037,31.758,40.2416,71.3765,133.2661,151.5411,35.0532,0.0767,3.6332,98.2997,45.8694,4.7033,47.9477,48.6396,408.6316,2.139,0.4898,2.0739,0.0,0.0,0.0813,0.0,1.4675,0.1374,0.0503,0.0381,0.1441,0.2056,0.0376,0.2846,22.7759,6.3902,8.0646,117.9244,0.2679,0.0695,72.6602,0.739,0.36,249.7095,21.8974,8.0206,0.8674,0.0,39.1683,53.4445,4.8154,54.5444,0.0,0.0,0.2283,11.035,3.5413,2.1613,2.1284,0.1292,182.4024,0.1662,16.5981,422.5151,135.1825,394.8585,31.6623,1.8058,190.9516,14.0909,53.5358,48.0656,110.0138,18.3195,151.3351,1758.9013,3639.466,0.8236,4.9763,0.0,23.2302,21.66,10.5142,0.1886,0.0,14.3234,0.5252,1.2728,0.1713,2.2746,34.6493,72.4348,65.1135,137.0709,26.0089,38.5892,1.2366,55.2229,526.5426,0.7819,0.5051,15.296,7.3124,10.1158,39.3137,1.4383,55.2679,0.5693,32.2623,14.3524,31.8605,22.1944,31.2432,71.341,26.4465,3.601,3.6159,44.9549,0.2723,165.1662,220.1256,49.3292,26.5311,342.6786,85.5976,31.2757,85.3924,8.8555,0.4769,106.1447,0.0844,8.2085,0.3737,1.7512,7.5649,7.9054,36.549,52.9578,15.6714,1.8913,9.8601,25.025,50.9593,55.1452,29.3103,0.1323,36.1502,236.9491,1.9424,21.0208,60.497,0.0839,8.6494,39.9424,2.8186,5.2738,100.0817,0.0,152.9297,67.8415,9.602,18.3162,0.8058,101.4983,85.3327,5.7984,7.2176,69.987,0.2039,28.2383,79.3187,393.8672,688.0628,9.5057,67.2955,38.0734,51.704,28.0971,2.3028,11.3147,6.0043,99.894,13.557,2.8355,73.9176,0.0568,24.5039,48.6632,5.5182,42.8778,0.0544,24.7246,0.0327,0.0093,2.5322,18.9229,52.0841,1.5758,10.4352,41.5667,30.9728,272.6563,6.2792,38.5478,61.7151,27.1531,20.5493,60.1765,113.2911,33.8957,267.8227,2.5425,3.1637,3.2247,211.2004,1.5967,15.104,34.3839,51.9064,174.7852,131.7045,90.7949,165.8233,22.3334,43.3291,22.8398,53.4049,11.271,4.662,101.6104,7.2014,61.5872,0.5237,0.2909,2.4359,3.6967,7.1804,0.0,0.4994,0.0,0.2731,1.8194,0.2675,3.024,0.3898,0.1765,0.2332,1.1517,3.2645,18.342,62.9438,267.2692,4.2939,0.0,2.7155,24.0471,1.1014,14.3162,7.0601,10.9575,5.3856,6.6825,0.1874,3.6554,50.0878,70.008,18.1258,11.0,45.9257,7.1297,5.6686,30.3984,20.1425,1.0489,4.1799,44.2321,34.5791,14.3104,1.2697,0.0297,0.0586,0.065,0.0,28.1501,7.2227,23.8664,39.4946,1.2548,0.0,69.8668,52.8509,0.2238
1.8174,41.5728,96.3569,14.2607,193.0245,74.0779,137.0192,2.7458,109.3834,5.2365,51.5487,38.5134,31.0918,36.3014,41.1671,16.4714,6.469,17.0895,9.8825,65.1894,32.317,23.5173,0.8867,0.0944,25.0756,62.3791,42.5918,33.9785,7.0383,0.0,4.1852,30.1815,16.3675,198.5228,0.0775,67.0181,3.8072,51.3453,0.0667,66.7451,37.2548,121.8382,151.9435,21.122,12.2723,0.791,56.8384,28.6155,173.47,72.221,62.198,43.9948,9.0932,9.6738,0.6058,0.3806,0.0,0.0,0.0162,0.0,0.6571,0.0,0.0502,0.2966,0.0287,0.3374,0.0774,0.0242,3.1468,105.4158,8.6082,147.0677,0.5567,0.2079,11.7051,0.3978,0.3077,38.0028,30.5755,2.593,4.5255,56.8935,35.0044,51.8682,4.6868,21.4417,0.0,0.0,0.1752,10.8163,0.1814,0.8698,9.9897,0.2884,83.181,0.0044,23.598,3703.2556,40.1479,211.6737,16.9239,0.6286,58.9546,10.9207,132.5674,32.1667,9.197,25.5136,61.6548,1182.5815,892.6473,0.072,19.5596,0.0,13.7565,36.6169,2.3183,0.5174,34.0976,265.1467,0.5201,54.9684,4.1438,195.9329,43.5377,50.3857,94.9074,43.4453,146.4979,816.1799,18.8842,19.8684,230.5107,2.7105,38.7505,5.5955,168.7797,30.0711,38.891,507.1038,73.9608,130.9456,31.9809,7.9106,42.7127,12.5177,32.1484,10.511,50.4093,16.6088,1.4153,18.3277,109.7337,102.0,26.6203,18.6213,13.2488,101.0313,39.5524,34.1247,150.1813,12.5727,0.1327,45.1375,0.1683,9.04,0.1342,27.7929,7.6668,4.1946,28.7625,41.1088,12.603,4.9966,7.4591,31.903,7.3682,1.8924,15.4122,0.3581,37.8704,5.8462,48.0073,19.3872,58.5141,34.1234,5.4708,66.5078,1.1481,4.8506,2.0918,0.0573,66.0534,71.0708,9.9942,11.1661,0.2648,37.1937,86.4567,12.7913,1.7459,15.4779,2.0055,54.9501,69.0279,493.8325,30.2401,30.1264,22.1991,24.2599,52.0977,68.9196,16.2363,11.3053,56.8709,80.9128,17.3027,11.8559,69.3638,0.7716,55.9272,26.4012,55.8982,50.0316,0.0,30.8241,0.053,0.0372,20.3142,7.398,300.4751,1.1944,81.8788,23.1465,31.5003,38.0439,4.4416,9.6077,82.1311,93.3395,21.9161,34.7515,28.1388,20.4632,224.1075,4.7294,11.8703,17.2584,53.9801,1.2627,7.3318,26.9324,10.442,71.1783,73.4719,54.7019,466.5787,15.8063,54.8582,21.3063,22.5385,9.9782,39.6487,133.5998,3.4051,18.3289,0.3817,2.9463,4.6423,8.8228,6.0292,0.1504,21.2161,0.0,0.4312,4.5272,2.4627,3.37,27.4332,0.0775,0.0828,5.5847,4.5416,0.9141,49.0267,137.3616,72.9038,0.0,32.6721,29.4195,13.9728,11.2293,3.3396,183.8953,17.7535,2.7166,8.93,12.4198,39.5683,48.0035,12.529,13.3258,20.058,20.7275,10.2578,11.4893,11.7412,0.3739,1.2771,17.4983,16.3436,16.1814,0.1948,1.1991,0.0,0.0432,2.631,16.0744,5.0004,10.4686,70.1834,1.2767,0.0534,25.5093,43.0205,125.4363
2.0979,41.3402,128.8946,32.7103,8.1278,83.6127,35.4905,4.6935,3.8871,0.4097,9.3476,20.0263,4.7428,52.4004,42.8799,0.8418,13.7902,4.651,12.8444,55.6834,57.3614,36.7443,16.3344,0.0277,78.1718,50.6854,159.3502,42.9955,2.0802,0.0,2.0047,76.0415,1.2901,17.4705,0.0,84.8872,8.0709,57.2801,0.0098,41.9231,64.7209,62.7207,288.7191,311.8985,44.1703,0.0168,1.1192,128.3407,31.3628,4.6378,38.3877,60.0117,433.0698,1.4571,0.129,0.294,0.0,0.0,0.0,0.0,0.1972,0.7239,0.0265,0.0703,0.8727,0.0961,0.0403,0.0229,6.9371,0.4373,0.0085,122.4841,0.0882,0.0732,37.7174,0.8806,0.903,93.0983,4.0938,3.4325,0.439,0.0,75.2639,53.9323,8.1949,14.0964,0.0,0.0,0.8326,10.7868,7.6931,0.7074,0.8847,0.0689,271.9046,0.0115,16.0598,673.2412,131.3914,245.5465,11.515,0.415,46.6252,14.3891,63.464,19.9753,26.3734,16.7553,138.1333,618.4238,2933.1645,1.1797,19.1676,0.0,1.6702,33.8987,3.6307,0.0311,0.0,6.9708,0.2606,0.773,0.1128,44.8282,7.4333,6.4113,76.9001,73.8061,12.4812,20.8533,0.5659,23.4754,395.1811,5.4586,1.3082,8.0963,13.3841,10.2499,23.0327,0.3871,60.7888,0.6359,37.0275,12.2588,52.9977,17.4787,28.0227,58.2349,0.9339,1.5946,1.6712,34.5193,0.3586,22.6909,99.3455,24.001,19.6403,462.4488,72.5654,57.3125,80.5361,1.3132,0.1899,68.364,0.2716,139.1904,0.1181,1.78,5.955,2.6919,46.2542,49.1758,21.3949,2.4797,6.3357,13.7333,74.0706,31.0287,21.8418,0.2489,62.4054,179.3284,1.1141,22.6285,27.504,2.57,20.358,34.309,1.3459,44.0465,79.055,0.1135,115.1281,49.5053,5.6785,16.215,0.0301,59.3842,107.71,12.1879,6.7553,50.4876,0.0854,5.1944,65.3925,150.4901,348.6258,6.8481,61.0834,40.5938,35.0422,29.0415,4.3685,9.9565,1.0427,30.0979,8.5559,1.7525,66.2508,0.1589,30.51,112.8078,4.7348,52.2804,0.0,19.3041,0.3014,0.0123,0.145,16.1503,93.6745,0.3943,6.8849,18.0984,11.143,99.6505,5.7277,18.4676,44.1398,19.7944,9.9884,28.8317,103.5515,13.8683,271.5735,5.3727,0.7055,1.5419,110.9022,0.2443,8.6233,16.0672,76.2934,274.5681,66.4332,80.2423,159.975,42.13,68.8255,78.5648,28.7708,9.2079,9.1849,81.4703,3.4398,124.5058,0.0531,1.2968,30.0165,1.4551,5.9802,0.0,0.0126,0.0645,1.0788,0.1976,0.0542,0.4933,0.2567,0.2418,0.0989,6.9297,5.5679,4.5627,44.4644,173.8484,11.7058,0.0,2.3185,35.2067,3.0238,3.9982,5.0969,11.3959,6.3101,4.3205,0.521,1.885,54.0529,36.8789,12.9245,11.5965,20.2786,7.6002,8.9252,15.0864,12.0381,0.5791,4.4086,61.503,19.7479,21.2537,0.3859,0.0195,0.0,0.0285,0.0,23.3921,8.4421,5.5819,91.8299,0.4152,0.0,40.7693,35.0813,0.1263
4.377,17.2459,27.2744,61.6063,270.7443,27.9687,0.3,3.4675,2.0072,1.0575,74.1023,83.572,4.2484,29.8679,7.2547,10.8372,0.8995,62.745,11.468,33.4065,49.2616,34.5344,0.129,33.543,54.2855,64.8638,82.4992,17.2457,4.0009,0.0,1.2649,22.9293,27.0716,221.1222,0.0172,89.6513,4.0315,54.9622,0.0099,140.9467,19.8828,205.3026,25.5618,6.3617,17.5486,0.3452,212.9743,61.5092,162.1442,27.565,44.2165,14.4923,24.3446,3.2024,5.3739,0.4651,0.0,0.0136,0.2951,0.0357,0.9473,0.1216,0.0445,0.0742,0.5098,1.0798,0.0562,0.0921,8.6135,121.8368,11.503,72.4867,0.1185,1.1312,22.1874,0.0727,0.1213,637.7941,365.3143,1.6619,1.1289,79.0504,27.2622,44.7945,3.4381,10.28,0.0,0.0,0.2486,8.9694,2.9344,2.8068,22.7976,1.6687,64.5822,0.0271,38.5151,1121.3507,22.3053,100.7393,19.6948,0.2036,353.5712,19.2367,65.4128,32.6687,4.0994,35.1468,33.6718,1280.5593,1957.6756,0.0638,30.3679,0.0093,2.5769,11.3069,0.1674,1.6273,52.3605,953.9642,0.3805,138.5029,0.1137,347.4749,197.4651,150.1143,40.1852,55.5531,381.7283,1292.1965,2.1571,35.4902,133.716,3.8589,85.4057,19.6029,181.0432,50.3874,25.4901,331.1332,94.7874,571.5457,38.9874,6.3208,21.0549,8.654,16.8602,15.0088,52.9998,30.0796,4.3098,11.9475,330.5347,244.3214,212.1091,8.9334,17.4959,96.0281,36.5532,33.312,254.036,1.2115,0.1177,71.5519,0.0249,6.6828,0.2645,22.773,23.9287,5.6064,20.3078,97.0251,8.5514,40.2939,8.5882,23.11,16.7465,1.6955,19.8949,0.1839,43.4689,4.0986,14.8525,45.7023,103.2567,14.9359,11.5833,139.7112,5.3492,7.3737,0.6212,0.0,138.0654,82.2352,5.9656,14.0122,0.5934,44.5303,89.3753,18.9035,0.4594,18.449,4.6239,31.9667,21.9577,687.362,71.9582,12.0146,6.8862,21.6659,105.6744,109.1847,2.8332,27.7844,2.2184,54.5629,202.26,0.9138,64.8221,1.4819,46.2397,44.8935,32.3887,18.7523,0.0962,22.6858,0.1808,0.0825,24.4985,8.6493,745.3307,8.2676,14.3488,31.2115,39.754,39.8215,3.8757,6.989,90.6767,54.1368,3.8214,15.6822,20.7646,36.1834,322.3167,12.8728,7.7247,125.5698,227.4078,5.9146,12.6692,42.7154,101.9,35.7272,73.6755,39.5682,257.0295,6.413,13.8621,14.5687,4.7078,11.6235,91.5547,122.088,49.3711,24.7071,0.1248,2.3364,7.3155,23.3414,5.3234,13.5241,73.6008,0.065,0.1007,0.2821,0.1638,1.6116,8.87,0.0125,0.0944,4.9366,11.4304,1.6188,33.9563,148.2561,34.8274,0.0092,10.2414,38.1077,2.4361,45.6942,2.7113,158.1535,16.0287,3.8131,1.7502,36.6963,10.7618,31.5062,16.1204,4.3746,35.0953,6.5882,3.9229,8.9719,45.0964,0.657,0.5584,15.9059,13.4571,31.3373,0.6481,0.0394,0.0518,8.9934,9.5377,13.5931,2.8259,3.5831,23.2483,2.1423,0.0474,56.2592,43.5067,132.3937
0.5255,37.6955,36.0599,0.8007,197.8315,42.1417,0.6835,0.4356,2.1121,0.7993,26.5756,28.1971,81.2421,80.5726,34.1731,0.5884,1.2411,16.9886,4.5039,20.0537,12.6901,11.5264,0.1683,3.6929,8.5957,29.2706,219.6799,2.4931,1.5756,0.0,0.9164,41.4896,6.3273,52.4,0.0192,107.6935,63.5445,48.74,0.0037,89.2799,11.6225,61.4615,8.9017,1.6529,13.5531,0.0886,26.0193,18.7957,86.7949,115.3403,48.0396,14.5452,52.3294,31.8496,0.0485,0.1853,0.0,0.0,0.0,0.0,0.3482,0.102,0.01,0.0528,0.1996,1.7591,0.0256,0.0103,0.755,364.1926,29.82,36.3664,1.7455,0.0138,12.0755,0.0696,0.0848,3.7016,73.8104,0.7332,1.2023,135.225,13.9081,25.9824,1.2775,23.5671,0.0525,0.0,0.2954,15.4428,0.794,0.3189,4.3698,0.0365,51.5124,0.8481,7.1372,1606.8426,5.09,208.0462,18.1265,0.203,21.1443,2.4255,54.6204,30.5836,2.498,23.3928,11.4398,467.7341,888.825,0.1309,21.4324,0.052,0.6924,17.3394,0.1872,0.14,3.644,91.3604,0.8663,15.7685,0.1356,29.7289,25.2958,17.9835,45.8056,27.0844,28.2551,702.3785,0.7724,15.1921,404.5968,0.6106,3.0223,2.5744,48.9599,6.38,73.7771,177.776,38.4231,26.0,33.3405,4.4293,59.5578,7.0965,20.1381,7.6897,24.219,1.2838,0.4186,13.7321,0.8573,44.8922,0.4753,5.3842,1.1596,18.7886,18.942,33.9807,171.6286,1.355,0.0439,47.2731,0.0093,1.63,0.0,29.9132,3.6402,4.3286,26.7047,5.6296,18.5742,1.4972,3.1569,10.0545,1.3112,0.3171,8.2375,0.1216,20.4809,3.2161,3.5101,19.2622,43.4423,1.2563,0.6908,33.9362,208.7271,2.6007,2.9712,0.0711,209.1349,71.5939,5.6192,5.9087,3.8884,24.0656,86.7038,31.4595,1.9063,10.8689,1.6138,40.8753,101.3697,396.2339,25.0477,23.4013,9.4082,20.6111,31.551,47.6203,6.5523,16.4386,1.8413,14.1666,33.0267,0.467,48.3394,0.1756,51.5443,59.1098,105.1376,36.4095,0.0179,206.0642,0.558,47.3459,166.9218,17.6307,54.1608,2.1051,4.4415,18.1622,11.6316,5.3247,11.698,0.7391,12.7538,26.7663,12.1685,23.2764,13.6712,20.5674,211.4478,1.4063,16.1904,25.5379,18.3851,0.0878,0.8319,8.1241,86.2159,35.8084,38.5175,15.0501,268.1022,4.2604,26.3057,12.544,6.5337,8.7718,18.6841,77.5626,2.5293,119.8546,0.0797,1.5391,0.3508,11.7977,1.9098,0.2558,56.7546,0.0,8.4666,0.1485,0.1018,0.3863,5.316,0.014,0.1721,1.2903,19.5744,2.4163,21.0637,83.169,1.0912,0.0,2.448,16.1672,1.3392,3.8165,3.8429,71.1633,57.9981,0.9823,0.2267,2.1355,9.6763,47.4116,10.9113,12.6901,16.9691,9.3135,2.8186,4.1626,18.6055,0.1248,0.715,7.8444,11.1319,3.7311,0.0725,0.0294,0.0,0.0643,0.2256,21.6572,2.1392,1.3944,90.4214,0.8424,0.0,43.9838,44.9736,155.7095
1.5416,16.122,35.2219,4.0002,40.2292,54.0576,7.7594,0.6656,4.1231,0.5987,32.823,7.0394,10.2147,20.205,9.5343,0.4825,0.4735,2.7739,10.6445,31.8915,29.518,18.933,0.223,0.4089,21.7277,65.3882,28.4403,14.5301,13.4104,0.0,1.8238,24.4784,23.1144,105.4186,0.0399,43.126,7.1115,29.3906,0.0457,34.4098,9.4166,38.8179,19.0834,4.0793,10.0068,0.0036,26.3826,31.7171,24.8038,40.8089,20.9745,10.0314,23.1309,36.2167,0.2138,1.0277,0.0,0.0518,0.0046,0.0,1.5463,0.1923,0.5406,0.2987,0.2956,0.0817,0.0435,0.0311,2.0177,4.3031,23.289,70.1047,0.2499,0.0117,9.7818,0.2692,0.1439,30.9551,43.598,2.8702,1.0351,76.2795,11.3977,23.7766,2.1099,12.1814,1.4543,0.0,0.0491,6.223,0.5808,0.5412,0.9538,0.0775,55.1438,0.0759,9.1859,565.4604,5.7153,111.4943,15.6731,1.6042,61.3752,6.9098,22.4109,37.4939,62.805,24.6132,16.1615,447.7908,612.5791,0.2557,3.602,0.0118,25.1566,5.6425,6.9588,0.6071,11.1344,84.692,0.1044,10.8344,0.1103,16.2546,23.3758,28.2676,42.0513,25.1029,83.4085,173.6019,2.3217,25.0158,125.7135,1.0466,14.5141,7.383,16.8943,5.4943,10.9302,133.8777,21.3149,17.4078,10.7816,4.5929,12.0929,11.0529,20.2882,21.0457,17.0017,36.956,2.146,1.5931,22.5815,20.5169,3.0158,6.5997,6.2051,69.2587,25.6695,55.8565,74.834,3.7985,8.7398,48.1855,0.1154,1.8336,0.0335,13.5311,5.089,3.8898,20.8938,15.2659,4.5245,1.5572,2.9754,18.9896,6.6744,5.004,26.5956,0.0582,9.6934,2.9909,2.0978,20.4792,156.2325,1.2977,4.7192,21.5773,27.709,19.6062,3.4969,5.7151,51.8315,48.2629,4.3581,15.2429,0.1063,26.6806,44.7782,16.2906,2.1389,25.1939,1.4729,15.1232,26.134,451.8013,56.8081,3.8743,8.1279,9.7575,52.4367,51.3802,3.5953,14.9049,1.2851,30.1914,85.593,2.1672,37.7196,0.2304,63.147,11.3896,8.7974,12.1078,0.1116,25.6005,1.1527,6.1038,17.1998,4.4721,16.4643,20.6732,7.7605,19.0225,14.7964,32.8336,3.7207,3.4188,132.9197,44.2132,18.9154,13.6019,17.8897,24.5163,261.0126,2.884,33.3226,1.8604,38.5992,1.2321,3.7118,14.5173,30.1756,52.4992,57.1172,19.5384,387.5819,6.3506,17.2252,10.0955,2.7753,7.9475,18.842,62.0543,3.1012,29.9579,0.1015,0.2505,1.8242,4.6953,0.2383,0.0121,1.1718,0.0274,0.2165,0.7874,1.1171,1.1011,0.3,0.0277,0.2743,3.0191,33.9545,1.7786,22.4281,65.3754,7.668,0.0232,9.1319,11.7453,1.2903,8.5988,2.2511,9.9751,4.5497,10.1092,0.7226,2.7546,7.442,40.4073,24.1991,5.9596,15.5936,4.7583,1.4057,13.831,6.4293,0.2239,0.4505,4.46,6.0625,12.182,1.0796,0.0,0.0,0.0849,0.0273,8.7764,2.9883,1.2482,23.2871,0.9423,0.4948,33.2047,40.9399,274.4336
0.514,46.7616,47.6165,2.7346,90.1585,107.3637,89.1117,0.3918,13.1291,2.0707,37.2492,28.796,1.0757,79.2963,58.4098,18.5917,4.2398,49.2403,19.2376,48.6109,16.2282,13.0952,13.1385,0.0464,20.1688,74.5417,49.7988,3.1129,1.152,0.0,24.3727,48.2494,27.6826,187.0778,0.0143,119.7781,26.0099,33.3247,0.041,75.3752,24.1887,92.8785,112.0961,10.265,13.0631,1.4249,3.0268,26.3516,95.2908,142.4411,55.8999,22.3595,10.176,34.9576,0.0,0.2383,0.0,0.0,0.0179,0.0,0.9414,0.0,0.2219,0.0673,0.1907,0.0439,0.0363,0.0077,3.4983,9.9669,6.3462,95.1712,0.0,0.092,6.2145,0.1035,0.1134,9.7264,105.3186,3.5413,1.2017,166.0601,26.9061,33.4439,12.9856,17.3393,0.0,0.0797,0.0387,35.1113,0.6372,1.7146,0.2106,0.0407,105.9497,0.0096,7.184,1922.7416,24.3129,251.6997,20.5503,0.1655,137.4494,4.2735,85.4627,28.5661,36.201,30.2893,47.3621,756.6019,1187.4535,0.0133,6.5537,0.0232,5.7493,24.9752,2.3252,155.9878,365.0947,46.4944,0.2771,7.1008,1.3039,79.0263,20.6067,32.6446,88.3451,27.0403,49.7989,377.8517,26.5605,29.7298,456.5538,1.4857,9.2775,1.841,137.8345,15.8888,113.6664,219.3067,83.4319,81.2441,20.2947,7.8763,20.5888,6.7244,26.2976,23.1748,52.2435,15.2621,6.8623,23.6295,12.1757,49.5772,3.5012,11.931,10.1173,9.4844,39.1775,135.695,187.2718,11.4904,0.0245,61.6438,0.062,1.365,0.1319,18.1995,7.8447,4.8696,15.7671,12.9561,5.3495,0.8344,4.946,23.2085,8.4114,0.7207,4.242,0.0,22.2637,2.8483,10.7364,17.4603,73.7011,0.9952,5.5598,42.1093,14.3092,19.0097,0.8279,0.2851,58.6756,32.968,11.6582,14.9977,0.149,72.6613,62.9763,23.6275,1.1828,20.9223,25.5088,17.8863,85.3602,302.3994,62.5304,34.7759,22.8212,17.9776,55.7171,62.3907,5.5862,17.9699,2.3578,23.4332,11.3696,1.1434,60.8947,7.8434,114.1539,49.5679,23.2304,55.4508,0.04,24.1039,0.1622,20.5403,3.0964,4.7686,134.1532,7.7166,5.6413,12.971,13.8934,20.1515,2.8014,4.3288,44.3239,91.2446,22.6886,27.1797,20.281,25.039,394.6223,13.6372,14.0368,18.7785,15.6939,0.3735,3.9148,10.7268,28.7184,35.1703,67.9591,39.3254,828.1003,6.1549,98.1018,17.7455,8.6121,4.3952,64.3933,110.0737,1.0288,54.2039,0.7998,3.9739,1.0595,4.0771,0.313,0.0,13.2189,0.0,1.4054,0.8689,0.0908,0.6523,3.9499,0.0,0.5231,11.9135,12.934,2.0062,36.4449,101.6793,0.8477,0.0,1.1421,40.993,8.8118,21.5418,10.0229,20.3053,2.956,14.5802,1.0105,35.3618,9.967,62.884,11.0245,18.4635,18.8107,24.136,3.8998,7.7727,18.6914,0.2942,0.5246,6.7317,4.0874,8.1909,0.4309,0.0327,0.0646,0.0956,0.1437,20.596,4.4679,5.2621,93.8252,4.6179,0.0591,67.1726,34.186,203.9633
4.1158,23.1341,98.048,6.8542,280.5661,33.5519,0.6709,0.8825,15.7231,1.0853,54.6212,23.0289,274.0718,54.282,9.6849,0.6471,0.7269,3.6448,12.4951,34.1172,76.6378,87.4503,2.9849,0.9048,42.614,38.4215,62.3807,32.1595,4.3478,0.0,3.3785,40.1132,57.0861,134.684,0.0064,153.1511,12.9555,35.0071,0.0073,65.5004,25.9797,113.4459,38.5062,4.1799,8.4166,0.0,25.0882,47.0826,130.8402,139.1574,35.567,25.3964,32.7724,22.5908,1.1146,0.9547,0.3304,0.0,0.0322,0.0,5.689,0.034,0.5773,2.3987,0.0095,1.2731,0.1583,0.0996,11.1249,82.9346,68.6186,67.2715,0.0884,0.0481,6.6604,0.1044,0.0509,229.7662,36.1172,2.0771,1.3191,245.5262,22.084,46.713,44.3717,11.4824,1.0231,0.0,0.1216,4.9208,16.1209,6.5086,2.0847,0.0822,98.4486,0.1947,13.3531,1499.7085,9.8606,113.9869,11.5183,1.0789,29.3296,5.692,21.2582,50.8873,44.7298,14.0789,27.0373,301.252,1205.9875,0.5175,4.3936,0.0,9.5531,7.6936,0.8022,0.5832,8.3428,50.8857,2.2744,14.8299,0.0509,151.0165,51.6496,64.6559,83.8091,103.3694,157.7879,926.3778,1.6225,15.1043,203.9585,9.2173,38.3127,20.2648,187.7229,34.918,142.9319,471.2585,169.5873,132.311,34.5911,5.4024,52.7733,10.9717,13.4457,10.9075,54.8019,11.2403,3.6246,9.4052,19.1257,245.1522,11.9635,5.4889,8.4325,15.2994,52.1612,119.3476,250.8233,0.6332,0.4828,72.0328,0.1391,13.3251,1.4788,67.3836,84.746,20.7488,30.1467,123.2966,17.0058,6.4617,4.0099,17.704,5.1369,1.8151,22.4267,0.0187,22.958,3.9083,16.3719,100.7246,78.5564,3.0206,20.5322,45.2784,62.6039,15.1864,1.2319,4.6747,101.8466,221.9851,3.9616,16.6605,0.4926,34.3281,65.4642,50.6977,11.3932,34.8106,23.5424,42.6124,53.846,455.7996,24.0859,17.3671,4.8048,22.9747,36.1162,77.2783,1.6409,70.9611,4.2301,32.5583,181.512,1.3433,104.8814,0.6039,173.2082,42.01,32.9922,33.6398,0.1076,36.1678,0.8045,4.2974,70.8557,4.222,50.0261,18.4432,33.2689,21.2749,9.6007,56.9744,3.1556,1.6286,201.2062,105.3286,26.9164,26.1579,18.0395,22.4315,385.7913,11.9748,36.5425,24.4625,96.3129,14.2568,9.1489,22.2163,84.0839,23.2918,65.2928,21.9802,323.0675,7.8073,28.7234,11.4293,5.3232,7.2737,32.9419,337.6265,8.306,24.9924,0.0996,2.6348,4.2542,29.144,0.8424,0.0426,80.2587,0.0,0.0,0.167,1.8118,1.8216,2.7116,0.1467,0.6139,4.335,29.2868,3.8443,25.8388,117.3255,156.7036,0.0102,6.3636,31.8666,13.4173,30.3999,5.9852,37.1771,37.911,27.3914,0.2678,5.9694,5.5776,48.667,26.4094,13.402,20.2908,15.8368,5.0808,17.7076,24.3971,3.1703,3.1671,8.3988,4.0639,20.5447,1.6669,0.0147,0.0,0.1287,0.0967,12.4738,4.0684,1.7564,47.3385,2.2022,4.506,33.5936,52.9257,494.3153
12.3373,14.3007,41.8167,14.314,157.9639,38.5518,1.0764,0.6772,15.9233,5.6571,30.8192,36.6261,5.6397,33.2684,26.2552,2.0779,2.7109,21.9407,9.4226,13.9396,243.4496,226.3816,2.9087,0.2495,18.0054,47.2234,39.9725,44.5897,9.7597,0.0,7.3656,38.3835,17.1723,163.224,0.1195,129.9972,43.8179,90.6223,0.0392,74.3467,20.7725,73.2081,8.5862,1.3192,10.0658,1.417,16.435,23.8538,87.4558,61.8494,34.5891,24.5905,48.3717,10.915,10.3352,4.0264,0.2402,0.0,0.783,0.0,10.239,0.0906,0.8226,1.1462,0.2406,0.4199,0.1955,0.4759,32.2276,54.1977,13.2153,56.8969,0.8833,0.1741,25.1752,4.254,0.3165,1955.2328,348.6413,6.2828,1.1769,51.6527,13.7316,73.6415,19.9019,16.0157,0.0699,0.0,0.2316,19.2258,13.3893,11.4839,7.7629,2.7468,108.8238,0.1211,9.3205,890.6824,9.9955,108.5254,13.8383,2.4407,139.7019,7.6956,59.1691,37.1369,25.8527,22.0701,8.6344,365.6848,664.2644,0.5233,25.9866,0.0,9.4579,24.8949,0.7485,0.6219,53.791,95.9296,3.9953,31.9727,0.4519,98.1327,111.1489,127.6127,64.6278,49.4097,178.1151,328.7909,7.4942,17.4541,387.894,18.0811,28.5136,47.0807,36.6769,81.8637,205.9614,210.2603,112.5624,288.8589,31.7492,6.9324,39.3605,14.1292,27.0734,10.4628,29.1136,17.1184,13.8462,10.1146,233.3874,1226.975,74.5269,3.8017,8.3303,24.2946,30.504,79.4313,114.5631,4.5927,0.6874,33.2391,0.8776,29.4861,0.3745,33.8344,27.0755,42.7248,22.7422,238.104,14.9713,13.2353,4.3418,12.5621,12.5565,5.1618,16.9969,0.1246,29.6143,4.3532,10.581,40.5607,34.3736,10.2939,3.1325,54.4053,18.0455,17.4558,1.1238,0.7386,52.8832,92.6384,8.6257,13.6217,1.0747,44.2409,70.1932,29.1925,4.7852,42.2091,17.8407,22.5567,74.2594,339.7179,55.6666,20.572,5.2779,13.0484,61.1908,90.947,5.9558,40.0561,11.0157,20.0489,71.0121,3.2954,66.2223,0.9734,92.0671,24.259,27.8346,40.4147,1.0998,23.4639,4.117,8.1373,13.4118,2.314,81.2719,40.0857,33.6176,14.7023,16.436,64.9673,3.5637,0.8844,56.4081,73.9687,20.6985,38.574,13.8086,18.5421,424.8763,4.1115,23.7336,25.24,92.129,13.1651,47.1777,55.8112,82.811,30.9668,50.9692,25.7034,411.206,13.1663,23.5052,14.6833,10.4827,8.6742,29.6026,237.7841,16.2625,25.2215,0.1328,43.619,2.5789,41.7608,1.4971,15.7539,14.9697,0.0,0.06,0.5194,5.1556,1.7366,7.1003,0.5308,8.8871,5.8916,11.7815,2.1747,41.7864,102.2855,14.5639,0.0137,5.2501,20.222,16.875,47.6878,10.9216,27.1274,31.5931,14.0806,0.7139,13.0822,18.4662,37.6166,11.9293,13.6268,14.9211,5.9492,4.9404,8.5383,54.5791,3.5603,3.534,9.6412,14.494,7.7972,2.737,0.548,0.1545,0.2287,0.1074,5.0455,2.9683,1.3461,35.2705,10.4442,6.3241,42.4888,39.9347,161.5636
47.4586,25.6458,104.8618,34.4037,73.1961,65.8881,0.1545,1.824,4.3961,1.4972,25.401,6.7558,2.2843,46.0134,17.3381,0.128,6.3813,99.2945,12.9542,66.9144,69.3151,120.7561,0.502,11.0112,27.1094,52.0851,36.6136,36.4332,48.2472,0.0,7.7609,24.8915,12.4905,102.4065,1.123,49.379,85.2529,112.0995,0.0183,33.888,35.946,68.9575,21.0834,1.2196,8.1177,0.1338,79.4321,16.8722,64.1145,31.4584,17.9583,30.3624,14.3217,0.3565,5.8328,3.5965,0.0373,0.0,0.7705,0.0,1.796,0.0845,159.364,1.3412,0.1063,0.1142,1.1576,1.3319,46.8957,1.2751,12.6602,113.3715,0.4944,0.2906,6.3068,21.1258,0.1265,1834.9266,86.7263,2.1348,13.227,4.8741,11.3438,75.2884,51.3758,16.3373,0.0326,0.0,0.1296,35.2139,7.1202,39.4297,6.563,8.898,98.6128,4.2979,9.346,777.2721,23.3268,33.7756,14.2122,40.4963,60.0968,9.7115,62.8564,56.2014,30.3189,24.2769,15.1493,647.3803,1017.4998,2.6846,44.3668,0.0129,30.2443,23.7062,1.8952,6.7006,13.0002,18.577,6.9295,12.7008,1.7493,198.218,52.371,72.5327,61.1357,28.638,126.7871,253.8928,0.4423,25.1722,293.7811,5.6145,46.134,32.4342,173.885,92.6795,108.0711,152.0205,173.5723,173.5832,71.9848,9.2941,45.1626,25.7156,24.9,12.5538,119.6317,11.7032,1.4939,9.985,74.4177,219.0824,0.8735,8.9887,12.7261,50.2353,33.1363,64.8531,91.8074,12.4498,0.2865,30.6319,0.4036,7.7356,0.0552,18.4629,14.8986,13.2704,20.8939,32.9474,20.0545,1.1995,2.8211,7.677,15.4468,1.5767,12.9191,0.0465,39.5747,4.9134,1.19,36.1787,59.6629,12.7516,4.2159,28.3312,0.5691,18.7645,2.1999,13.4447,49.3118,46.8475,7.4073,12.0567,0.3703,59.4698,83.4635,39.4948,3.0399,28.3892,13.3139,30.2041,86.7634,374.979,38.1072,29.1316,8.1927,7.9261,61.8263,65.5664,8.6005,64.8362,4.8538,31.5374,112.341,3.9353,87.8516,1.1088,66.4071,29.1639,51.0405,32.0328,0.0,20.2042,0.2413,0.1835,7.0765,27.091,82.1739,101.4405,46.0159,19.8537,9.8125,35.0383,4.0056,3.0235,75.4582,124.2767,34.134,42.5271,17.3763,32.5255,377.8637,2.3547,19.0314,1.4769,79.4503,48.6074,84.7314,114.9808,21.4565,91.9684,109.7151,79.4534,1111.5537,12.8585,23.8587,13.9215,29.8746,11.0374,28.421,491.6375,14.6194,20.2505,0.1239,3.5514,30.0498,27.5283,0.4539,0.0,5.9188,0.0603,0.7838,6.3915,1.62,51.3772,22.4476,0.0261,0.2528,1.2213,6.4031,4.0051,55.7751,97.4457,74.4024,0.0,1.741,39.8376,14.3407,218.3844,20.4086,67.3086,36.8427,13.6561,0.0256,13.409,13.5346,35.6075,19.5383,5.9343,21.482,2.6369,5.2127,14.0357,29.1097,6.3186,2.1378,9.9769,5.2878,9.9791,44.5458,0.7486,1.585,6.5054,0.2604,2.7313,8.2382,1.3649,29.2136,53.2512,0.0,47.0106,30.8372,203.2533
7.2965,59.4319,43.1781,116.7953,5.3875,35.4361,7.3076,5.6264,8.1564,1.0117,25.6802,11.4809,3.0809,40.5598,48.3328,0.279,21.5752,5.5971,47.2463,61.9343,32.0582,15.1003,5.6314,0.1357,59.0756,91.4622,157.5058,23.6019,2.8395,0.0,1.3445,51.8316,4.5041,13.2237,0.0,89.4174,13.1979,15.0634,0.0,35.2392,30.7434,47.3197,183.3313,148.4076,86.5074,0.075,1.8843,117.55,25.2157,3.6713,29.1266,57.5402,420.0163,4.6977,0.3218,4.6804,0.0,0.0,0.0191,0.0947,1.1947,0.8062,0.1416,0.0358,0.2479,0.1401,0.3588,0.2361,17.8636,1.1098,0.4833,58.0417,0.0524,0.0326,123.1809,0.9909,0.5229,73.183,3.7009,3.5535,0.513,0.2129,66.0896,81.3792,4.1501,52.9732,0.0,0.0848,2.3901,9.9575,6.9539,0.519,0.896,0.166,184.0932,0.1539,36.1215,73.5915,116.8582,142.8203,22.7712,3.4156,99.8745,29.0606,26.4877,77.3696,171.8657,50.7098,105.2936,638.2292,1015.8753,0.8746,10.371,0.0,6.6904,41.944,3.4882,0.4426,0.3579,13.4778,0.4019,3.494,0.1608,1.635,25.959,31.6752,34.4237,89.6121,6.4756,5.513,0.5145,78.5525,292.6336,6.1228,0.964,5.3784,8.7953,13.8908,9.4882,0.0985,38.2218,0.2875,37.5135,33.5105,51.9742,48.8853,41.22,121.2431,2.3136,3.3393,4.4663,45.1008,0.0581,11.0194,24.8455,85.1075,64.1227,175.1847,52.9803,17.4846,57.0206,3.2827,0.1041,145.9128,0.154,3.4806,1.5081,3.5575,4.3875,7.2304,23.436,18.2583,11.6472,1.6568,21.8242,33.1995,63.4108,62.523,34.0408,0.3548,41.5283,179.5834,3.3737,13.9029,66.6177,8.1733,11.5093,23.3472,2.9534,3.6878,91.0086,0.2022,130.0194,27.1759,19.9155,37.9412,4.1549,75.0199,50.0024,12.8685,7.9552,204.9785,0.6523,48.3244,49.9586,200.5539,198.9145,6.1396,49.5913,54.3116,56.5182,13.6252,7.484,8.7371,9.2893,58.9637,10.6517,5.9271,33.3634,0.0666,15.0288,24.1696,3.9432,43.123,0.0,23.9829,0.163,0.2625,0.775,46.7336,40.5701,0.6656,13.3515,76.2499,43.6451,61.3343,22.5502,126.9398,54.8944,15.6985,18.6672,69.4535,138.3435,21.8557,92.2194,10.7977,3.6352,7.1242,66.4267,0.9461,5.6767,48.4785,91.6808,115.7059,66.3167,88.327,106.3807,46.5984,50.3505,14.306,120.1855,17.6171,10.9708,44.9767,3.0206,119.7429,0.3781,0.0263,1.7711,4.225,2.3974,0.0506,0.2028,0.69,2.2425,1.8045,0.6277,3.9781,0.2287,0.1823,2.1053,12.6729,4.2121,48.4109,73.9732,215.4803,1.6074,0.17,1.4579,25.6534,1.0512,8.5018,10.1815,7.0966,3.3818,4.9142,0.0977,2.196,44.5593,81.6611,16.5953,9.842,36.9346,7.8773,3.5558,43.298,17.1412,49.9261,5.1937,86.7018,37.9937,5.2948,0.573,0.209,0.0687,0.3051,0.0764,12.1407,33.0011,18.5889,40.4282,0.4587,0.0,67.16,74.9176,1.0129
6.7906,43.9485,110.0528,118.5502,21.5349,97.8372,50.4414,7.0544,7.5411,22.356,25.8775,17.8486,2.1342,30.4927,54.4877,0.5425,18.0193,1.707,24.8834,23.857,33.4173,19.4736,16.7714,0.1693,55.9045,63.0387,122.8349,96.2183,4.8677,0.0,3.1313,46.7464,3.3062,16.286,0.0,150.1284,22.8571,35.3849,0.1993,39.931,35.9034,49.2611,135.6144,45.0055,39.1708,0.0275,4.6281,102.7941,36.2151,2.8922,45.369,67.6233,698.2391,2.3753,0.0421,1.2058,0.0,0.0,0.0,0.0866,0.9644,2.0653,0.1512,0.1309,0.5154,0.1851,0.2424,0.0223,22.7315,0.1944,0.3454,123.6164,1.1025,0.2088,100.5007,2.1658,2.5025,15.9212,10.75,6.656,1.6005,0.0,54.9309,76.4865,7.4833,146.6416,0.0,0.0,0.8295,15.4127,4.6397,0.3392,1.222,0.1519,161.6155,0.0469,35.2819,361.2988,110.0156,191.2539,14.017,1.1061,285.8082,32.1707,52.2019,55.1192,370.0382,62.4167,38.7929,454.4403,2870.9474,0.2065,28.1736,0.0226,59.8986,70.4195,2.8433,2.8349,0.2807,17.6853,0.2206,3.6611,0.2023,5.1824,30.504,65.4136,76.5314,154.3932,16.0691,96.2607,2.5041,42.8592,420.9794,1.3651,2.9062,9.0727,20.4258,16.9005,14.021,2.006,99.4925,2.9859,51.6381,22.5774,32.2185,25.963,30.4823,57.9767,31.6215,2.5826,4.4233,47.8615,9.5651,8.7467,43.2224,46.5094,33.3338,264.7241,129.9549,149.9527,297.9579,0.6071,0.2619,103.1643,0.4628,8.7917,1.1552,2.5737,7.8711,3.7849,30.6615,29.7993,17.3701,5.2152,19.5535,25.5133,94.7984,118.0107,42.5355,1.3592,64.354,232.1857,3.8361,37.3427,42.9189,3.4913,19.5423,66.7391,2.8869,24.5935,164.1455,0.0308,111.7048,55.0952,15.2874,21.4739,24.7058,65.3952,105.2588,10.3634,20.0389,156.6765,0.5968,14.1612,54.8589,147.5117,313.2178,2.2754,30.0562,46.3249,44.5993,43.9425,9.7233,17.4453,7.0543,182.5997,9.9876,75.6635,57.3862,0.7771,39.4546,19.8792,21.8634,86.247,0.1946,56.5633,0.193,0.1001,0.4727,23.3803,40.6189,0.9134,7.6293,138.6051,40.8521,109.5642,30.9928,29.557,95.1004,119.8301,24.5515,58.7626,138.8364,19.1263,117.2765,7.7726,2.9375,1.0438,138.4635,0.2943,4.4518,51.279,176.8009,131.144,85.0288,108.9361,506.4459,73.1716,32.7217,89.0084,27.6647,20.0225,49.9631,88.0969,6.7689,106.3445,1.2541,0.0,1.1294,68.3074,11.2111,0.0,0.0825,0.0,2.1983,6.0805,1.1485,1.2527,12.9975,0.1061,3.6064,0.2131,3.3777,9.2916,101.9829,317.2698,17.4324,0.2,0.6176,27.8208,0.2204,13.8253,9.2729,14.635,6.4053,0.6497,0.0447,2.3401,87.8899,55.8555,42.6587,15.4851,44.9644,14.5843,11.989,26.3542,20.0343,36.401,2.16,110.5568,74.0141,9.137,0.0524,0.2549,0.0,0.0,0.0,47.6237,20.9118,18.4846,63.9697,26.9392,0.0,26.3878,63.9766,1.6132
11.4987,18.2273,35.2131,101.6908,171.6614,52.183,48.9702,2.0617,125.5494,3.5183,56.2237,51.321,9.5347,60.0731,9.0958,15.7068,2.2817,30.4087,22.4974,49.7433,78.0961,47.0627,0.5577,17.0814,56.2501,108.5871,86.8865,4.3486,2.0235,0.0,6.9284,23.0391,21.7573,198.9968,0.0,92.146,1.9757,49.6616,0.0799,64.554,27.3444,159.1312,29.5538,8.1563,20.8284,0.1704,1093.7981,44.9621,124.0633,53.575,21.5462,24.4182,19.5971,5.5669,0.994,1.0406,0.3423,0.0948,0.0834,0.0,0.6369,0.0352,0.0309,0.1172,0.748,2.0734,0.1953,0.0356,3.6263,76.6807,9.8021,89.1147,0.3432,0.178,17.3996,0.2044,0.1933,97.1359,171.8447,1.0325,0.5216,128.2387,25.9556,44.0437,7.449,21.2213,0.1902,0.037,0.6119,13.7568,1.0636,0.978,18.994,0.7284,63.878,0.0269,23.4345,1240.6685,20.7484,111.0433,19.8949,0.3742,304.949,18.766,67.2337,29.1371,10.0425,23.9994,31.3629,792.1386,2576.7827,0.2834,35.9442,0.0,10.9447,18.0032,0.3878,2.1025,365.0719,454.3346,0.3862,86.803,0.7024,295.6168,110.553,115.5032,48.9814,45.4079,156.4286,2152.2861,2.9031,35.6244,178.0428,2.1867,169.9847,10.1977,152.5638,55.5586,36.7806,437.1186,115.8649,694.7381,29.9704,16.285,57.7382,15.7776,16.022,14.8795,43.1546,13.4488,1.6921,10.2383,157.3052,64.5343,20.9331,9.3681,13.3983,118.095,38.4571,80.9606,207.4009,6.9249,0.8411,91.0768,0.1057,3.255,0.337,17.032,11.1347,4.5407,28.2198,30.2381,16.17,21.4678,14.5063,25.392,10.5558,1.0818,13.6799,0.1453,46.6416,4.9682,23.6274,62.8509,165.2643,5.4301,10.7879,99.0123,0.7056,6.4921,1.4571,0.1619,95.3386,83.5237,11.7583,19.7766,0.2768,60.4676,78.5137,11.4754,1.9975,40.9249,7.7777,32.6115,33.3396,615.626,119.5793,16.1914,13.3592,16.5698,97.3172,112.338,4.3214,17.9421,3.7868,91.3269,585.1263,1.2607,51.1904,1.0474,47.6409,26.6837,33.8286,26.5203,0.0557,20.8257,0.0419,0.0764,70.0279,6.1316,311.8824,2.9554,13.1999,34.0552,40.0761,17.647,4.7668,6.9319,146.8775,86.4423,9.431,25.3494,37.8776,36.9374,303.1938,16.1596,16.5306,73.7438,253.5527,2.4711,3.8196,32.5416,26.9926,6.8358,82.6698,44.5059,390.2643,10.5674,22.0053,17.7623,5.1651,8.3774,45.0001,88.4767,22.7915,17.0347,0.1445,1.6858,1.6174,26.695,6.1082,3.4113,39.2911,0.0,0.2099,7.7085,3.2476,2.6467,6.5917,0.2099,0.4658,5.9761,8.4742,8.9402,61.6785,253.48,37.3286,0.0106,2.0401,27.7762,1.4062,24.5937,2.545,225.2142,65.4571,0.8561,0.5122,13.7102,12.982,33.5976,21.1237,5.3805,33.5356,5.6442,3.2931,13.5108,31.5396,0.3583,0.5062,10.1083,8.2402,91.0124,0.2502,0.0761,0.03,75.7215,2.2697,15.4002,8.2349,3.8549,33.1291,1.0663,2.1691,42.4319,37.5996,175.4456
36.882,374.1673,102.9201,16.3739,18.1441,56.8668,19.7439,1.3486,28.4475,1.3125,50.1488,51.6102,0.7254,31.8586,40.9012,0.2156,1.9103,2.6024,18.0215,47.3432,71.0341,41.9908,0.2348,0.0064,19.7684,98.0998,40.4609,11.9611,27.8167,0.0,1.6857,30.734,19.5711,116.3946,1.6275,413.968,38.9372,56.0014,0.0045,63.0592,113.0527,66.3119,40.2627,11.6686,34.6708,0.0232,0.6501,28.9145,31.8203,5.4211,41.834,24.1514,68.5416,1.9228,2.3205,0.905,0.0,0.0,0.0197,0.0,2.4068,0.083,0.0,0.0829,0.0928,0.1764,0.0512,0.2726,9.9573,0.1824,0.0389,371.7477,1.592,0.2603,5.206,0.0142,0.0414,90.3042,163.4035,1.6966,0.2339,0.0,38.5172,36.0741,4.0408,26.0748,0.032,0.0437,1.3371,11.7917,0.7111,0.3971,6.3321,64.0895,125.8807,0.0159,17.7855,1155.6737,32.5604,111.2125,14.135,0.5803,248.1957,8.2134,50.1147,35.0212,11.4576,20.3694,86.8228,1592.3887,1852.504,0.2688,29.2572,0.0,1.1733,13.6776,0.3593,2.4507,11.5336,53.1681,0.115,13.1641,0.4141,242.4745,43.6451,61.8941,55.7729,36.6645,55.6234,23.8721,3.9214,18.0019,287.6513,0.979,0.2645,23.1642,4.2328,60.2048,75.2591,11.1269,163.8427,0.2961,27.5865,6.8045,8.4046,15.0732,28.8526,6.9051,55.9388,1.8718,311.9005,18.6196,5.4741,52.8948,145.9829,29.6129,20.5121,56.2447,30.4667,66.3127,54.8307,8.6333,0.8846,107.341,0.3511,126.6162,0.289,13.6495,9.7181,3.026,25.5664,37.2261,15.5623,9.5894,6.8497,43.3861,133.036,0.9871,24.9657,0.0457,38.6396,5.2809,20.0349,17.95,251.523,2.2823,12.173,26.2714,1.2481,1.5036,11.5153,0.0,79.6641,57.7212,6.3505,7.5517,0.0277,61.3994,85.9854,13.7386,3.1783,18.078,0.7503,23.8374,70.4676,530.2462,13.9509,76.2898,24.4705,18.5263,113.0903,85.2583,2.8369,41.6675,0.8612,53.2496,453.848,5.8902,51.1499,0.3174,57.4975,11.2433,12.7222,31.7259,140.922,5.3623,0.0148,0.0901,0.2162,9.3305,20.2085,0.9522,11.2704,21.2395,25.5334,18.5835,9.1081,6.3642,61.2758,49.0795,40.0979,53.4088,18.9426,34.9282,288.0529,3.0493,14.5056,0.4077,21.0256,0.1657,13.3653,58.682,26.7422,24.5557,123.4993,72.4784,354.2785,154.5751,25.3851,22.9575,15.893,8.5946,6.0384,314.9641,5.2984,14.8421,0.0,1.1765,0.1658,0.3462,0.2058,0.0,0.1277,0.0296,0.22,0.7027,0.1989,0.6909,0.2355,0.0427,0.0239,2.5356,2.8813,3.7336,23.4584,109.8516,0.0202,0.0,0.1669,24.3907,0.6881,36.817,7.1513,73.709,10.9697,0.7315,31.2281,13.1995,1.8005,34.0857,9.8006,24.0131,38.0673,57.5238,6.1044,9.2533,6.1442,0.3354,0.8622,17.117,6.7325,21.5399,0.2361,0.7354,0.1062,0.2357,0.0197,11.2359,5.6924,3.2583,41.1536,128.2349,0.0,58.6725,47.8028,237.399
1.0943,13.5918,26.3293,0.8633,119.6553,13.7203,10.1333,0.3372,44.8642,2.936,42.0395,51.5953,5.7005,36.359,27.9953,5.5043,1.4388,1.7591,12.048,44.354,49.493,41.4188,4.9725,0.1928,19.0529,84.4782,43.9938,5.0952,3.5598,0.0,1.6377,46.2533,22.1354,309.3402,0.0,198.5408,21.59,37.2158,0.0324,125.9524,27.8969,48.7313,14.92,1.8097,24.1352,6.8813,11.0234,24.9398,136.5661,77.8889,29.6509,20.7859,13.5047,65.6851,0.5989,0.2012,0.0,0.0,0.0426,0.0,0.8762,0.0,0.0527,0.1864,0.1174,0.2665,0.0699,0.0788,11.4233,18.772,2.3945,176.9667,2.0279,0.0243,7.939,0.0,0.0898,79.6191,1265.1832,0.8855,2.0283,73.3257,14.411,67.1935,2.2549,19.6024,0.0,0.0,0.092,10.3875,0.6354,0.7947,0.6546,0.086,97.9686,0.0,8.3348,3089.9051,9.0385,81.667,14.9217,0.3233,113.1695,6.3978,75.9204,23.3337,5.7012,36.8848,15.3225,571.4578,1945.0665,0.168,26.4664,0.0,2.0165,20.4083,0.5193,29.3238,33.6053,9.4102,6.834,3.0217,0.1047,108.1104,17.2498,34.2932,59.8052,20.6616,428.2708,636.47,30.329,29.2298,478.3051,1.4397,11.275,8.0782,25.5559,9.8357,57.3956,305.0546,141.9832,35.6582,44.5487,10.2532,13.307,14.0386,29.6751,16.9879,20.8784,27.3695,1.3942,12.6268,291.2603,89.1051,80.0687,8.5312,12.2805,34.9474,25.2728,34.3451,320.0755,14.0634,0.5811,45.0289,0.0655,2.5432,0.1305,22.2935,12.3592,2.9097,19.8892,33.8938,8.6451,4.1989,2.5283,10.8892,5.4359,0.5597,5.4553,0.0165,18.9537,1.7839,1.968,16.0512,67.7901,10.0422,1.8528,49.3454,0.4322,1.3344,0.4087,0.0251,38.7654,40.9919,8.7467,16.5571,0.084,48.0125,54.2659,26.292,1.8682,16.4512,43.6985,31.8476,72.399,235.4328,32.592,38.2384,3.4262,15.4781,55.9986,45.6547,3.9776,50.3943,3.0655,17.6411,41.4516,1.6756,64.6857,1.2644,54.6153,29.1423,38.362,78.4774,0.1267,24.3876,0.1071,6.2354,82.7843,1.8781,11.6468,12.991,2.4936,14.8541,15.8454,10.2338,2.8837,0.599,49.7579,179.5476,7.0772,21.8126,8.734,46.0429,437.1818,2.4822,11.7595,19.3057,22.7911,0.7465,8.7937,81.8521,21.6949,59.3452,81.5913,42.5923,974.3583,5.6351,78.4463,11.3582,3.3435,6.3733,91.9022,142.222,5.507,35.2524,0.0704,2.228,16.3992,6.0636,0.7436,0.0564,33.4642,0.0,0.3577,1.0156,0.7547,0.5303,13.0212,0.074,1.0563,2.3583,20.4344,8.2703,38.9622,146.8598,0.3502,0.0,9.104,31.792,8.4772,24.1521,8.0056,17.0424,9.3404,10.9528,0.8001,111.3661,2.8709,53.6434,10.4236,16.0753,19.0187,12.6027,6.617,5.7865,26.9195,0.277,0.7349,5.2576,7.7649,3.8914,1.4501,0.0,0.0,0.4164,0.0,4.3627,3.8974,0.6589,107.3676,0.6168,0.0,65.8382,61.8754,175.7299
4.8803,35.4533,87.732,44.9141,51.6462,59.136,11.3971,3.3965,19.4117,0.6012,16.4479,15.9059,3.9783,59.5642,38.3971,3.6416,11.0669,2.5274,18.8594,49.8421,86.7184,43.8051,1.0224,0.1469,45.7579,66.7723,140.3212,24.293,1.5917,0.0,1.0183,54.9335,5.4414,47.6194,0.0426,109.887,6.3303,43.7796,0.0183,65.4189,32.1548,49.7803,152.2269,253.1384,37.9585,3.2388,21.5228,81.5583,38.121,29.5798,45.4103,52.0717,309.1068,3.0925,0.2899,1.03,0.0,0.0,4.5871,3.9808,0.7632,0.6779,0.2812,0.2507,0.7895,0.5126,0.1818,0.1084,6.2065,46.1129,5.4605,95.6855,0.4772,5.0955,54.2792,0.405,0.5637,69.4973,18.6057,4.0075,2.3336,12.681,50.1871,66.0865,4.7334,39.8827,0.1308,0.0594,0.8085,8.9154,5.1189,0.7793,2.8542,0.2023,192.812,1.4667,22.0609,216.9496,114.1076,160.407,23.9861,0.5839,109.5365,20.105,53.8455,48.16,80.1923,29.1126,121.6976,866.4076,2566.1083,0.4547,15.6676,0.0,14.0208,33.8628,2.7553,0.1551,0.0358,27.8416,1.1014,12.414,0.3803,9.6073,20.9804,22.9441,54.1867,65.1434,38.8894,311.2619,2.9271,40.558,448.3781,7.4421,4.9054,17.411,22.8332,15.4758,39.2597,39.1661,53.9633,3.0213,27.2313,18.6562,26.0587,26.3141,33.4213,77.9888,14.9013,5.1838,2.6136,33.2328,0.3663,22.6868,25.2041,42.7642,29.2315,199.6241,74.7517,37.3332,74.6653,0.3915,0.2553,84.4968,0.1695,11.6707,0.4915,3.7682,7.9772,5.4361,34.7607,60.7195,20.8579,2.5015,15.7077,20.235,47.3707,43.6552,30.0119,0.2797,36.0163,168.3616,11.8075,14.1602,51.5273,9.5049,15.7565,32.647,2.4409,25.7545,29.6853,0.0236,92.2735,64.1884,10.4143,23.3699,2.2056,57.5346,84.2634,10.332,9.9404,82.5615,0.3809,9.7597,55.5635,207.7791,279.46,16.3912,41.8755,41.8155,56.9496,28.2497,7.0271,7.7964,4.1875,44.4828,41.9011,12.4912,39.2472,0.4784,32.4715,103.8699,20.3772,48.227,0.3875,19.3093,0.4569,0.0307,1.7423,21.0355,61.7429,0.9845,8.7644,33.901,23.7939,79.7811,12.4635,36.3633,38.3006,26.6878,22.5486,57.1886,94.5927,22.0612,210.0282,6.8586,2.6067,6.3623,61.1432,2.8903,9.6447,39.0015,58.3744,185.7801,97.3614,82.5128,113.2045,22.0068,51.5643,14.0398,35.4658,12.5516,9.8328,71.9886,3.865,83.1991,0.1987,1.9501,0.3573,11.9653,24.3581,0.0531,4.6107,0.0,5.2378,0.7093,0.5413,2.1716,4.1459,0.1974,2.3915,7.4326,9.276,15.4248,84.3673,237.2781,92.3006,0.0851,6.1106,30.8424,1.4272,6.5856,7.6554,12.9249,6.901,4.4386,0.4108,2.7516,49.1862,43.856,14.7182,11.2808,30.5692,5.1401,6.1827,23.89,19.2422,11.432,2.5415,37.7794,33.5329,12.868,0.6424,0.0,0.0481,0.0,0.6158,13.9828,14.5286,17.6408,55.5865,0.3732,0.0,42.3638,47.3309,68.0692
15.2827,20.2808,100.6846,14.5873,44.8108,46.3752,5.826,0.6083,1.7452,0.8835,36.9172,16.1533,5.6658,24.6671,90.9772,0.0859,1.1048,2.4037,8.3555,54.7215,69.5397,77.0899,0.0281,0.1671,10.6366,45.9433,27.2963,156.2306,10.8068,0.0,5.7804,37.8774,11.6583,143.394,0.0561,99.7194,16.7413,148.3734,0.0,58.4505,22.8191,52.6428,48.5452,4.9314,8.0836,0.0462,7.1384,5.892,142.9275,29.2948,33.6826,24.6093,37.243,2.2996,6.9237,5.287,0.0439,0.0,0.5643,0.0,0.2272,0.0497,5.0749,0.011,0.0139,0.8916,0.0952,0.1254,20.7397,1.7599,7.9162,94.312,0.5809,0.1707,8.2383,0.1017,0.1982,1189.3022,795.7623,6.4161,0.9065,0.1311,12.5799,35.7479,51.8898,15.9204,0.115,0.0522,0.0761,6.3751,13.9012,7.7727,7.0056,11.2501,126.8632,0.0063,7.3111,1190.9748,17.7581,73.7647,20.6434,15.7173,89.7029,4.7045,133.6336,33.0929,4.9802,18.5292,125.922,506.3743,1080.5005,1.1209,15.9777,0.0152,15.1059,9.8223,1.797,8.4177,4.1885,11.0758,0.1155,9.3229,1.0029,64.9433,83.7127,84.3703,96.8007,33.8196,342.0686,45.8422,0.6464,13.5666,533.8156,0.211,2.8228,72.3353,16.9481,85.7269,172.041,2.0484,128.9421,8.9988,17.6606,6.2447,15.7346,12.616,33.1764,5.2537,15.2462,4.4091,3.9934,17.2429,0.0715,842.343,124.9339,5.2494,5.3853,61.1281,27.1998,56.3311,154.2264,12.433,1.8433,45.133,0.1626,2.9199,0.108,13.9969,23.2976,45.8208,20.7211,265.3136,13.1286,10.0591,2.8017,7.5358,17.9034,3.7866,7.4973,0.041,17.6497,3.0946,1.3927,43.0957,64.8006,39.744,1.0352,37.4467,7.4787,17.5536,2.3867,0.1661,39.8829,56.1168,5.8456,92.07,0.0546,42.0551,146.1599,35.5446,1.0743,19.62,1.4866,12.6789,111.9129,434.0302,93.1764,30.9234,22.0633,5.1522,52.7799,96.4514,2.6184,41.9083,8.3919,21.2169,56.012,2.3481,68.4058,0.4103,55.1724,11.5732,17.603,41.5069,0.0,27.694,2.008,0.0269,0.3978,11.9297,20.4902,38.8996,39.7534,8.1261,7.9361,156.3343,1.7483,1.8835,41.4839,46.1393,23.6825,22.0799,11.0029,47.7172,954.4709,2.1447,8.789,1.1902,279.9707,7.5872,125.5376,41.7155,50.7474,68.7347,101.1702,17.1282,816.7879,8.8218,37.0737,17.1387,5.0253,3.9293,7.29,296.5047,66.2508,27.0942,0.0873,76.3332,3.8346,2.4644,0.2461,0.0156,0.4858,0.0,0.0,0.7048,0.3569,3.5672,2.7113,0.1429,0.2571,1.234,1.2622,0.4143,22.811,80.6928,0.483,0.0,11.7075,15.5018,5.5308,21.7138,15.5398,21.1447,25.6354,3.4818,2.0765,40.3557,6.6013,38.9404,8.1969,10.6924,17.9189,5.2809,11.3159,4.5233,29.7003,2.86,1.8639,5.9511,4.5919,8.5868,1.0587,0.0858,0.0,0.1566,0.306,6.1601,2.8349,0.2405,27.5075,11.884,0.0,107.2946,67.2234,1.8023
5.2869,67.7739,77.5656,3.2007,121.3618,201.888,123.3218,1.576,117.7497,2.1424,47.326,50.3652,21.2523,195.7382,29.4266,2.2711,4.6098,44.6234,13.2253,37.2477,17.1436,12.1541,1.1594,5.0233,25.7816,50.8456,51.6161,19.2974,19.0921,0.0,3.8147,30.4558,19.1624,197.7557,0.0072,76.4025,101.698,63.2982,0.0,67.9173,28.9978,86.2892,222.4404,29.6836,25.4422,1.4408,47.8987,33.4016,62.4808,288.1166,54.4895,31.5211,71.5757,43.6194,1.1253,0.6023,0.0339,0.0,0.0,0.0,0.5344,0.0,0.2244,0.136,0.2892,0.074,0.063,0.0077,2.2962,89.8249,16.2431,132.9347,0.6474,0.0852,6.7586,2.7472,1.0514,13.2477,63.4574,4.8419,5.6997,139.5415,43.282,51.9104,3.4841,29.7297,0.1478,0.0,1.0576,18.8791,1.0261,0.2819,1.0606,0.1064,129.0947,0.039,15.1886,816.0077,22.8553,181.9318,34.2592,0.4909,94.5436,11.6248,104.9354,82.5104,89.2377,35.3619,44.1956,1685.8386,1532.0593,0.2011,36.595,0.0235,9.6075,32.6154,2.9238,0.3156,62.6199,23.506,8.5613,18.5076,0.1815,139.9521,45.4249,50.5619,92.0989,54.2084,95.9173,590.7121,2.357,30.0846,329.4973,1.7439,8.7498,3.5187,55.762,9.0892,49.3108,288.3777,19.8469,61.1814,43.1001,10.4255,98.9817,23.1383,44.2853,25.8763,70.3054,14.5464,2.6477,19.2369,3.9197,32.614,36.1236,15.1475,21.7259,5.3291,58.7017,82.8334,453.6567,13.2448,13.9882,86.5024,0.3658,7.2867,0.2334,13.8278,4.6747,6.1091,43.8191,10.1417,15.2782,1.6404,8.5935,14.731,14.7335,4.8836,16.0112,0.1054,36.2542,7.3586,5.2291,45.1156,79.2284,2.8549,2.4873,63.1469,112.9284,11.2075,10.4638,0.1121,55.5425,242.4501,11.3661,25.4991,2.2006,62.9037,90.2096,35.4535,3.2272,25.048,27.0328,36.7805,103.787,509.8959,73.5126,32.1712,22.5107,36.4608,63.1932,55.8309,6.3029,19.1335,4.8711,8.0756,23.5751,7.2128,109.9196,0.5936,414.7586,18.6692,54.2175,58.0366,0.2224,32.1024,0.6061,2.422,16.8361,15.3448,86.9898,6.7833,1.4547,20.2651,37.3909,30.0837,6.645,5.8771,145.556,90.5904,34.6849,35.5528,49.1281,26.7292,209.3017,13.1853,12.9982,31.1812,36.7378,0.8723,3.6771,17.8883,32.1992,53.7261,95.8076,77.6628,288.2222,27.1547,59.1422,29.5135,12.0247,12.5894,24.0723,58.1627,9.8411,68.1141,0.3594,1.8468,1.4794,8.1386,1.0445,0.1442,25.2434,0.0,0.2538,0.6484,0.8949,1.1652,3.8581,0.0157,0.3394,0.9965,8.0076,1.8312,110.8964,112.4014,4.8258,0.0462,4.2345,13.7876,1.0305,10.4725,4.8389,38.8141,17.9335,3.9286,1.579,3.3275,50.2102,154.1742,14.0167,19.5674,40.1467,49.5302,6.9475,20.1694,29.0094,0.201,0.8262,18.767,11.0773,9.0147,0.4902,0.2648,0.0,0.2659,0.0545,57.2364,7.4776,12.0024,129.2768,3.509,0.0299,47.9314,74.8184,464.3868
0.4826,50.2672,71.14,2.3625,42.2813,85.3517,135.3019,0.6071,21.0633,3.286,24.7842,28.5132,2.294,24.6986,24.4073,1.798,1.4262,6.9992,5.471,71.8431,17.7891,31.3118,0.4244,0.0777,17.9303,26.4913,29.1257,9.5721,1.01,0.0,32.0871,32.6344,20.2286,99.9391,3.6982,101.3972,14.1835,56.3663,0.015,78.4368,31.4833,33.7821,106.3448,12.0402,26.6436,0.1375,2.6824,9.9315,18.777,111.4081,29.6113,19.6469,7.759,40.6782,0.4476,0.1161,2.1216,0.0,0.0,0.0,0.0101,0.0,51.9368,0.0102,0.0516,0.0891,0.0474,0.0466,27.6452,9.8188,17.6632,119.5609,0.18,0.0654,2.2894,0.4887,0.0691,9.8868,49.7615,0.9172,1.8545,119.1013,9.7517,29.1771,20.3692,22.5942,0.6414,0.0971,0.6137,14.0537,0.9059,2.2337,3.825,0.7236,41.9037,0.0176,7.9211,1796.1328,20.4331,144.1111,28.1586,0.0874,31.1731,1.6075,121.2635,20.2834,3.1484,12.1935,56.8359,695.0427,2876.3086,0.711,6.1423,0.5371,2.7035,41.6735,1.2714,0.6338,9.6344,11.8333,6.2405,0.3072,11.064,29.3384,14.9639,9.6992,237.5053,22.5275,192.6292,520.9114,2.4987,15.7283,341.9837,0.4684,3.9373,2.8015,74.7334,4.0027,113.3401,108.5864,29.7092,40.6862,21.0285,5.2398,6.7253,15.1988,34.2766,5.6459,6.9252,0.8348,0.6327,10.3574,11.6097,81.1711,20.9667,11.0285,5.1799,9.6548,16.8067,57.8611,250.4586,1.2601,0.0894,51.456,0.063,35.9816,0.0603,16.5062,9.6576,0.6044,26.164,5.9915,7.1189,2.6886,3.2575,31.3242,3.4787,0.7346,4.7108,0.0254,29.9291,1.2353,3.8035,26.9728,39.2653,8.6576,0.9992,37.3364,0.8819,4.7584,0.3917,3.8989,31.77,85.5458,6.6624,13.3257,0.5384,31.1613,100.2371,44.3381,1.3078,13.6062,0.523,27.1055,96.2337,263.4723,25.078,76.7838,17.2846,5.9421,97.8645,40.6216,5.1438,35.6933,13.124,8.1729,5.3572,0.863,73.8661,0.8489,79.5486,13.8272,13.4478,128.761,13.0841,15.9763,0.0824,8.2804,0.7028,11.3196,102.1765,4.2356,45.1927,11.7217,8.9366,18.9629,3.1562,0.8194,52.5674,32.6722,18.7604,15.2052,8.3071,47.8926,951.2774,2.9428,8.0462,3.6004,10.8675,0.2926,2.9877,10.1204,6.1738,4.9903,72.6961,19.8293,495.3321,3.6768,35.9946,13.9912,8.234,3.5005,40.9366,334.9225,1.5796,38.8305,0.0271,1.5941,0.4611,2.7041,9.7263,21.8025,2.5426,0.0329,0.2141,0.6302,31.2762,1.1233,3.9618,0.0285,0.0212,69.1781,2.9621,3.0486,85.234,63.5735,23.9588,0.0,4.4536,39.7123,5.143,11.1085,18.9945,32.5656,9.4638,0.5369,0.6156,14.4865,3.6849,72.4649,6.2281,9.7311,14.858,23.1704,2.8097,3.9659,34.4715,0.0533,1.807,3.6985,8.3368,7.4857,21.1664,1.2367,0.0787,6.4664,1.4663,18.7562,4.76,1.9087,96.0631,5.5169,0.144,110.1189,38.1767,119.2082
5.8357,29.0855,77.163,20.4184,446.8515,99.7663,41.9707,0.8415,66.212,4.5573,73.029,73.2872,27.8846,25.9204,28.3528,23.7024,6.3569,43.3043,19.3818,77.0148,103.4635,85.8522,0.4927,22.2167,30.9492,61.5171,161.7014,15.1226,1.7315,0.0,4.6457,33.8425,23.8504,124.6139,0.014,94.568,24.4611,102.7147,0.1923,52.4158,27.9534,370.8848,31.8145,4.0279,18.173,1.311,179.6201,56.5672,84.7928,50.6286,42.6551,48.0321,32.8062,6.8661,7.5461,1.4916,0.0655,0.0333,0.4563,0.0,0.6947,0.2224,0.3473,0.1316,1.3262,2.6048,0.9543,0.2321,19.3235,46.4662,71.9777,178.2516,1.8789,0.105,31.3482,0.1266,0.2589,998.6346,315.9948,2.2859,2.5907,66.3049,15.9417,42.8682,18.2174,18.3752,0.0572,0.0,0.341,14.9653,1.085,3.1225,18.7356,2.9873,118.6358,0.0283,28.3677,1361.5297,34.2461,84.3504,34.9787,0.8958,230.64,8.8511,131.5819,51.4482,4.1165,35.1977,52.5638,634.4845,1889.5869,0.1557,61.0708,0.0,7.4543,19.9707,0.8165,4.0702,33.0512,243.8364,0.8459,77.256,1.0536,77.3329,203.5006,91.2335,74.743,45.6178,171.8698,979.6596,6.6039,36.6315,236.7543,6.6972,22.1313,39.1353,97.5461,48.5789,116.3671,186.9046,190.2033,366.3303,50.5105,7.9586,69.1277,14.7354,41.8909,10.0585,97.9506,23.3264,5.2552,14.5417,383.1964,763.4994,91.3863,11.3395,8.3359,93.9215,33.9518,57.3891,300.1688,1.413,1.6511,29.5892,0.4652,8.0505,0.7095,69.6867,43.8255,13.8597,30.4607,135.1559,18.1002,25.4821,14.1526,27.3736,10.9704,0.7456,11.8204,0.2854,53.0365,6.375,75.3312,24.8377,151.6362,5.501,3.0322,58.0767,7.567,9.2219,0.4859,0.0,119.5076,42.8636,16.7245,13.4947,0.4569,67.0709,69.553,23.6663,2.9873,42.2146,3.6988,46.091,53.7517,558.5864,93.3747,36.2319,17.5443,16.4571,124.2069,146.6002,8.2583,21.1508,13.4394,35.503,165.7805,1.7444,84.1893,1.3476,71.105,38.0914,33.4615,74.4179,0.3912,44.845,0.3791,0.6838,9.9772,7.8569,241.7574,10.0981,77.6749,28.561,29.5131,26.11,6.5227,3.4121,66.7364,95.6857,7.9261,36.0532,19.6537,51.0753,395.0063,2.1172,16.7919,60.7573,78.9814,2.0531,30.0903,31.0149,26.155,45.845,126.9632,69.6883,1593.0632,11.6648,24.3561,19.1611,15.3663,13.5062,61.5502,142.1352,7.3263,21.5052,0.3477,6.1324,9.2533,28.1228,0.3062,5.8571,95.6922,0.0,0.5401,4.6542,1.6427,6.7886,15.8227,0.1828,0.5543,0.3427,6.9689,3.2986,86.9698,189.3954,16.9434,0.0223,10.8245,29.0224,6.6055,71.1695,6.8828,257.0654,123.0235,10.6572,2.0667,34.8509,66.3588,49.2014,12.1935,9.4897,34.8022,7.0443,11.6255,9.8968,32.8693,1.3532,0.6315,18.8468,11.7715,7.0259,1.6332,0.4163,0.3791,42.2746,2.2838,24.2953,5.2768,3.1362,66.7779,6.8844,0.2312,103.5633,41.3742,401.8994
15.722,30.0473,132.0317,0.6684,280.1388,55.3755,71.1158,0.4502,25.8676,5.0293,24.0812,12.1427,19.3513,19.951,27.946,0.1899,1.8963,2.2222,21.0617,47.0484,56.382,52.6695,4.5933,0.0084,15.9463,89.1876,67.5736,8.3194,11.2091,0.0,2.6344,42.73,17.8507,114.1629,0.0103,59.3354,43.9778,140.5711,0.0178,30.5476,40.6925,46.4743,51.9913,2.9956,16.3335,0.0511,27.0693,23.8968,89.6055,40.9163,10.5752,61.6918,18.3643,8.7338,0.4694,3.5306,0.0,0.0,0.0,0.0,0.1315,0.0549,0.0,0.0,0.1074,0.2331,0.4208,1.6016,4.1557,45.9645,95.3888,159.9145,0.7132,0.111,8.8156,0.2623,0.0821,1079.5712,42.8457,0.7059,15.3631,96.8498,14.1442,38.9351,5.4637,18.6597,0.0423,18.1224,0.4207,17.4898,3.7078,0.5046,0.175,15.6547,112.2789,0.1187,7.1894,29.6817,17.3112,78.111,15.9711,0.4633,60.3985,6.3384,35.5174,39.0604,48.2639,12.7144,40.5401,315.327,1944.779,0.096,16.2581,0.0,5.9365,7.3979,0.6043,0.1506,205.1043,39.294,0.1094,12.0878,2.1343,8.7517,114.2463,80.2904,100.771,41.9084,85.2244,158.2255,1.2885,18.4741,278.9844,1.7376,0.2205,6.3135,16.476,30.8063,176.1902,5.4659,88.5787,12.487,82.2405,6.4191,52.0349,20.2757,19.4506,22.7174,30.3073,1.3059,6.058,14.2045,4.1112,21.4406,4.2026,5.9544,6.2723,59.8807,39.233,136.0282,249.9444,1.0934,1.3284,60.5702,0.0599,2.2527,0.0239,28.1926,10.0711,3.2971,45.2457,32.378,11.9816,9.6521,3.4449,18.9396,4.1953,0.8629,7.0356,0.1207,15.2873,6.6351,15.4375,18.0583,37.484,4.3733,3.6778,25.4354,16.8199,27.1777,0.2821,0.0229,38.6862,35.6339,19.539,12.1287,0.117,45.9725,134.7301,20.6647,2.9134,18.963,0.8435,14.957,93.8468,320.4048,10.5924,5.6069,9.8783,19.1517,47.6326,53.0852,2.4348,34.4809,2.5079,4.4685,4.124,2.2425,39.3926,0.1814,115.0247,9.2028,41.5863,50.9234,0.0869,37.7939,0.496,6.1331,98.3328,2.5199,2.2736,8.4307,27.672,16.4243,15.7332,11.649,2.0449,3.2741,108.4982,67.3132,21.2387,41.8981,15.4856,24.7451,378.2118,1.3432,16.0708,17.383,94.7197,12.3762,7.3991,23.4703,29.5848,84.531,94.6172,31.5822,547.9079,8.8254,47.1101,6.5978,5.7603,3.2013,39.3865,82.3838,6.0186,28.6483,0.0322,0.411,17.3326,0.2179,0.8612,0.0,0.0614,0.0,0.6905,0.5692,0.6901,0.3841,4.883,0.0564,1.2941,3.1183,59.85,1.2038,26.0431,194.3566,1.3608,0.0661,3.8038,17.1811,2.1912,7.301,10.8218,23.729,10.1961,1.276,0.2993,33.7964,6.2667,86.5419,12.2202,5.4713,27.6524,1.4115,3.1148,7.5448,4.9628,0.2303,1.4315,4.5281,3.8802,4.9267,0.117,3.1289,0.0468,0.2077,0.078,150.1937,2.7193,0.4962,29.0156,24.7329,2.2677,75.5207,26.3592,144.0073
13.2124,58.8044,47.1201,88.6452,51.3695,27.6282,4.8295,4.1037,4.6589,0.6666,24.7183,14.5344,2.0958,49.6153,33.2854,0.4635,22.196,8.3333,40.9172,63.2784,74.1083,30.5175,0.9973,0.0683,50.3687,91.9919,148.0132,18.9262,4.5678,0.0,4.2864,31.1174,6.7194,18.7217,0.0,87.5739,6.7884,17.9676,0.0097,30.73,29.3287,44.9803,149.0178,157.9447,58.2328,0.0332,4.9332,108.6987,44.5994,4.1885,25.3502,48.1838,363.6162,2.1494,0.7637,1.7215,0.0,0.0,0.5918,0.4194,5.6422,0.6249,0.0784,0.0,0.3494,0.3103,0.1528,0.0902,9.1598,1.229,0.6188,68.7877,0.116,0.1264,130.3488,1.0364,1.1136,106.7737,37.6819,5.2865,0.7171,0.1572,49.269,46.244,2.6502,68.4807,0.1378,0.0,0.4107,10.2367,8.257,0.3777,2.9399,0.1679,184.5421,0.5568,36.1855,311.9751,98.6762,192.334,29.4755,1.2348,231.5691,26.5572,20.9042,76.0306,112.7101,45.1515,96.5672,1267.6859,1447.7286,0.3124,10.1939,0.0,14.9546,32.9556,3.0201,9.2522,149.0821,33.1954,0.2868,6.6469,0.2894,6.1046,43.2912,81.0651,32.3837,78.3445,75.7353,22.3688,7.8393,59.0993,377.7351,0.7955,12.2328,16.451,8.4273,13.9715,12.2065,16.8868,68.1449,52.9378,38.1225,35.2207,30.8306,44.8436,39.8535,89.9048,3.2466,7.1099,4.1661,38.0003,63.7405,41.4317,108.7018,37.5296,45.5329,208.4684,53.648,26.3282,84.9613,2.5138,0.1729,148.049,0.3897,16.9552,0.9322,6.2608,16.4818,7.4229,19.3583,48.3108,10.7794,5.1767,23.9844,26.8713,48.3833,59.3297,39.0918,0.6384,38.7364,125.8826,5.9641,10.3744,101.0292,5.9434,10.5311,23.0963,1.845,32.3429,84.7222,0.0746,143.6794,21.7336,27.2837,25.5104,3.929,87.3888,53.0223,10.9108,3.8999,124.483,21.8874,38.7,57.4328,199.9342,232.996,5.25,31.6934,43.5344,60.1811,21.0183,11.769,10.5845,8.0241,109.9663,24.5239,9.0567,33.348,0.0922,26.0676,58.4439,5.364,35.3938,0.0,26.4159,0.3186,0.0727,10.5496,28.8536,53.9947,0.2866,2.6689,109.3913,42.1849,80.3521,25.2054,66.9465,48.5165,33.4466,28.444,78.0372,151.5535,26.2591,102.3545,10.9402,2.9535,6.884,58.5706,1.362,15.8983,67.791,73.3991,95.2365,79.8232,68.8991,122.9663,23.0832,32.8954,14.2983,74.7686,18.0593,18.4832,59.59,5.4297,112.9555,0.6805,4.6232,1.8127,21.7286,5.2361,0.2799,1.3975,0.0,2.0695,1.5109,0.3208,3.2682,0.6964,0.0734,0.1849,5.5725,10.7521,36.7097,66.4335,229.1807,19.9278,0.0269,4.2158,16.2651,1.722,6.3994,7.7399,13.0048,4.0407,0.8808,0.1082,2.203,36.3872,69.0936,12.6546,12.1264,32.722,13.6765,2.8439,39.4121,24.9249,0.9273,2.0677,72.9722,40.5667,3.8596,0.0635,0.0771,0.3805,0.1126,0.0,7.2633,28.0876,16.0017,59.3809,1.2125,0.0,66.4618,70.7387,3.1782
2.0957,43.8323,96.2383,30.1976,21.0605,54.6996,28.2151,1.0679,0.926,0.0987,19.7377,18.8355,2.7124,56.2392,26.7815,0.0806,4.9164,5.3836,24.624,71.9058,24.1998,15.8791,1.9891,0.0143,40.1422,55.6047,118.9079,22.2392,3.4883,0.0,2.0925,42.9966,1.0728,21.727,0.0,55.4961,4.5242,33.3339,0.0,20.5018,31.0334,53.7276,118.9204,194.7542,35.2405,0.0405,0.7223,77.8645,17.0119,2.841,25.4912,35.5502,385.8908,0.7666,0.6818,0.4035,0.0,0.0,0.0,0.0,0.7714,0.1553,0.1273,0.0138,0.1649,0.0899,0.0468,0.138,10.5573,0.3183,0.5468,213.0138,0.0202,0.2135,63.7082,0.7633,0.4028,151.5523,1.5777,2.5906,0.2883,0.0,38.9381,35.6741,7.2575,42.6852,0.0479,0.0327,0.127,7.1484,5.2216,0.3141,0.9522,0.0695,194.9038,0.0079,13.6787,684.194,110.895,269.4953,37.7781,0.3255,106.4879,12.9089,38.6753,37.02,43.8762,16.6354,164.3063,1333.0808,3441.0277,0.4238,6.4617,0.0,3.8734,22.3778,4.8612,0.1279,0.1379,4.5933,0.055,0.4914,0.1239,6.7161,7.2094,26.7508,59.2108,60.518,8.8576,13.9096,0.4993,45.1432,580.1027,0.4725,0.2709,8.6692,5.5413,5.4192,11.9787,0.1993,31.642,0.1824,36.3728,11.8277,39.353,16.0809,21.5921,40.198,0.4761,1.6557,1.6957,46.284,0.4698,66.4302,71.7458,37.9342,38.3426,519.6818,63.4251,55.9443,70.3519,1.7487,0.1804,153.7553,0.4575,141.1787,0.1081,0.4674,3.888,5.6669,29.6352,37.8948,14.5354,1.2991,7.8033,19.2995,37.4649,33.6562,18.1123,0.1537,52.091,163.7266,1.3029,16.0165,102.7825,0.0853,5.0558,20.0037,1.0306,35.2548,170.658,0.0,145.0386,52.9142,10.114,21.6847,0.0455,55.0756,90.6823,7.6156,5.1104,59.0193,0.134,6.7061,58.1716,211.8037,708.2519,2.6043,67.8983,41.6113,47.0869,18.5145,1.5912,7.5952,1.8606,97.8972,6.168,1.2271,75.9818,0.0321,30.6667,46.8359,2.4279,34.3852,0.0492,23.1739,0.0406,0.0,0.5846,18.8811,47.1265,0.3988,13.4879,25.2979,22.9477,134.7219,4.5273,16.6826,58.305,21.2086,7.0493,36.6621,90.0839,32.7884,226.6968,3.6391,1.3675,1.3362,103.9513,0.6122,14.7484,18.4077,63.0758,189.0351,115.8653,70.6276,299.2325,21.623,38.4507,38.8328,35.9069,10.0185,3.0738,89.2159,3.5747,60.4049,0.0182,1.0315,15.2972,6.0472,3.9502,0.0,0.026,0.0,0.2262,0.1017,0.093,1.4752,0.2422,0.0893,0.2929,1.7408,2.0108,9.1346,43.6863,207.7751,16.4594,0.0,2.7662,17.6677,2.4801,6.6965,2.704,14.4374,3.165,2.7572,0.0188,2.1494,45.2247,73.7827,17.3804,6.678,40.9801,12.214,5.6939,26.5917,15.75,0.316,1.5128,31.8902,18.5803,10.1714,0.1103,0.0268,0.0,0.0196,0.0,22.6826,7.5915,12.4548,68.7961,0.6782,0.0,79.1025,52.4389,0.0795
1.7432,23.0927,55.1834,10.923,251.2667,39.5259,5.899,0.3196,37.5006,1.5749,48.624,20.6411,8.3077,32.8171,18.0307,14.9134,0.083,15.8741,8.3632,65.666,71.5627,67.6166,0.4564,7.9598,7.7836,41.4886,47.8859,19.0044,4.4593,0.0,1.0164,20.844,12.916,113.7733,0.0,57.1555,3.124,56.9339,0.0374,69.6906,16.5206,44.834,24.6258,6.0241,7.0547,0.372,26.6705,9.1846,52.5155,37.1352,19.5054,19.8404,20.4022,1.5675,3.561,0.6685,0.034,0.0,0.091,0.0,0.5108,0.0,0.0225,0.0938,0.5263,0.1484,0.0816,0.0272,4.4233,163.5072,6.594,116.6684,0.1498,0.0699,7.8043,0.7347,0.0383,125.338,379.0003,3.3949,2.6537,143.1643,11.7764,35.4937,8.2448,9.2347,0.0297,0.0,0.0786,3.3939,0.6462,0.7634,2.95,4.002,69.6193,0.0,9.3463,3811.5276,11.7749,121.1297,17.3667,0.2406,93.6979,3.4301,127.65,27.4276,10.2992,9.0196,65.1647,424.5606,1314.9349,0.1412,11.8088,0.0118,8.5205,6.7269,1.0581,0.6857,22.811,219.4032,0.166,24.0904,0.2395,145.2055,41.7876,37.9276,58.0393,25.6444,189.2199,1134.8152,1.1869,12.7388,236.0143,1.6647,54.3101,12.9414,22.054,17.4804,37.4611,585.374,43.7705,460.4434,10.6458,3.2746,20.2123,3.4637,26.2933,5.8632,32.2004,10.2889,0.847,7.1066,223.3033,175.8037,81.3821,5.4391,5.9491,114.3818,30.2735,36.6591,225.4451,3.8453,0.6698,40.275,0.304,4.0917,0.2006,13.658,12.1106,4.9611,21.0684,44.2265,8.7242,22.7798,3.8475,12.2202,8.4438,2.1644,5.4053,0.0106,12.6857,3.5697,10.264,57.322,79.3853,42.7846,0.9228,55.6803,0.9987,2.5928,1.0717,0.0964,41.9291,58.5371,5.9451,8.6404,0.3124,46.5401,83.4615,19.8713,0.6156,20.9559,2.3008,19.6433,71.5034,341.8483,114.5608,9.6685,17.1979,9.7988,73.8984,128.7876,2.8539,10.5612,3.3652,19.0396,79.0241,1.1379,63.9621,0.7224,57.9075,25.606,36.8865,29.2784,0.5069,34.0236,0.0457,0.0209,6.3263,4.0539,291.0058,5.3227,17.8173,7.5383,8.8352,24.9827,1.5881,1.6281,195.4999,56.5233,17.2397,14.5357,7.3257,54.4556,455.3402,3.2222,4.8987,29.1419,119.5975,3.6979,17.447,29.1468,20.0103,31.8783,75.3471,14.4435,347.6429,4.5228,36.6554,8.932,1.7842,4.7525,13.0035,49.5804,26.1041,20.2531,0.0,6.6581,1.6884,23.2286,0.5714,11.1928,24.4044,0.0,0.0,1.3427,0.6674,0.3484,12.2757,0.0474,0.5659,3.3905,6.9613,1.0251,28.0909,108.9317,22.1255,0.0,3.6935,17.1221,2.8917,14.0333,2.1643,58.9288,8.3002,3.2631,1.2809,13.5461,11.2887,45.8702,7.5186,4.8881,19.6869,4.1384,5.0533,4.8073,9.2357,0.2903,0.2148,3.4133,5.3281,16.2612,0.1912,0.0166,0.2293,6.4723,2.9869,19.9773,1.1514,1.3403,25.8095,0.5007,0.03,80.8786,41.6772,137.4213
1.6576,40.6936,55.0188,14.3934,889.983,78.0516,63.1052,0.9242,313.2612,3.8492,42.168,65.8894,32.4115,59.6737,31.7063,24.6398,4.1131,41.3707,10.0594,73.2542,41.3724,35.0257,0.1306,1.8636,25.6699,48.2329,61.0668,12.111,2.0218,0.0,1.0668,18.71,7.6815,167.2963,0.0166,76.7739,1.8437,63.4843,0.019,91.2563,21.8403,82.928,51.0016,30.8572,9.6376,0.3356,57.5064,26.8809,52.6651,63.4505,21.9977,36.1789,12.6395,13.2378,1.5298,0.2489,0.0389,0.0,0.0104,0.0,0.8242,0.2199,0.0901,0.1561,1.8439,0.0764,0.0482,0.0089,4.175,74.9148,19.9614,173.0133,0.343,0.3558,7.9669,0.1051,0.2852,42.3115,185.7313,1.5724,3.3627,104.5286,26.8206,28.3846,1.8507,26.2131,0.0,0.0,0.2023,4.5946,0.4245,0.4449,6.3944,0.1851,66.6569,0.0,16.5419,1452.4399,19.1243,149.1245,13.8104,0.3586,104.9013,12.3738,109.1812,24.4438,4.0036,31.7784,31.0348,458.5022,931.4119,0.6849,29.0081,0.0135,7.7358,23.7338,0.9341,1.5695,65.7651,40.4178,2.4797,71.7862,0.943,29.2227,55.2519,22.2792,65.0076,50.3874,240.1179,1581.9149,1.8746,27.0859,252.4619,3.4364,15.0857,5.5291,51.2337,10.6439,43.4895,124.6101,20.2658,35.0141,36.9564,8.3488,36.5909,13.0384,24.731,33.3545,16.208,16.2229,1.6766,8.6735,33.8369,67.9132,20.156,8.6906,14.3782,76.3958,34.6847,33.952,138.6142,2.0574,1.2918,49.2381,0.216,2.0268,2.1428,7.7776,7.6337,3.1789,24.8661,26.6326,13.8598,22.9923,6.848,19.9022,7.9968,0.8927,6.5059,0.1089,40.7958,5.4579,41.6971,20.6035,86.6978,14.9065,7.4736,84.4992,0.6059,3.6937,1.0343,0.0,54.6038,59.9783,8.9273,10.983,0.4175,81.6782,61.0728,10.5661,2.375,35.5642,7.7568,12.6056,77.3155,400.9649,18.4146,20.0523,13.04,16.591,71.6587,58.6318,11.2922,8.2551,7.4996,50.547,39.1125,3.966,50.4923,0.7449,54.858,27.8083,49.3385,40.6052,0.2089,7.0923,0.0314,0.0119,58.1657,6.6985,464.8152,2.0573,21.3632,15.7264,20.5547,14.9687,4.3704,2.068,74.0406,102.1213,19.7483,31.1455,15.6662,28.1603,320.2123,1.7138,5.6247,57.7472,48.2121,1.1147,4.2683,27.0765,12.4072,29.5398,83.5294,58.9522,299.5421,8.7056,27.858,11.7209,2.6579,6.7524,78.0199,79.0879,2.1253,18.5934,0.0773,2.0624,17.6682,30.8957,0.5449,1.434,48.6048,0.0,0.0583,0.7443,113.4619,7.3276,7.7493,0.6236,0.1366,0.8641,4.7019,0.684,51.0853,130.4649,10.2224,0.0132,2.7836,22.8342,0.9796,17.2465,2.3585,87.6551,15.7127,1.689,2.0522,9.3578,51.1566,28.3043,7.3973,5.9732,21.9255,5.7406,8.6207,10.6394,13.0594,0.2584,0.6439,13.1682,3.1455,4.1314,0.2188,0.171,0.0,0.1387,1.2506,16.2396,3.9779,6.2063,23.2415,0.4278,0.0,46.0066,52.8287,238.8159
3.1033,16.1926,18.9358,35.9984,37.173,86.6264,7.4702,0.1292,1.8139,0.2131,10.0476,1.019,0.802,9.6433,32.2336,0.4421,0.138,5.1856,6.1749,88.5221,4.534,8.3487,0.1355,0.1368,10.0542,22.383,19.2013,7.4829,4.3334,0.0,0.9468,63.8448,2.4199,25.8212,0.0,31.8839,6.862,58.9284,0.0138,27.1937,23.7256,15.1826,52.6286,67.8617,6.0986,0.107,8.5656,6.539,3.3088,2.3374,8.9945,13.2543,70.4583,0.4016,0.4917,0.1472,0.0,0.0,0.0,0.15,0.0974,0.5109,0.2618,0.0142,0.1428,0.0986,0.1181,0.0323,4.5461,10.0645,5.0371,128.3537,0.4151,0.0388,6.1203,3.5326,0.5099,4.1248,13.4075,7.89,0.493,0.4498,8.1722,12.1346,2.7839,8.4707,0.0,0.0,0.1632,1.7813,0.358,4.5229,3.5228,0.1201,92.5579,0.0406,5.1205,1751.2809,7.4756,115.2522,14.6984,0.2046,16.0222,3.1713,523.2669,24.3141,5.2958,7.9946,226.0063,380.688,582.1973,0.2682,7.5789,0.0587,4.1948,9.1284,0.0502,0.0877,0.9316,13.2187,1.5141,1.183,0.1752,13.4531,7.5467,0.8782,110.396,15.1633,22.7983,73.7542,0.4565,5.9755,305.0515,0.359,0.1565,2.4597,11.5055,8.0829,22.617,38.5838,18.7162,16.7721,15.7108,4.1853,10.3718,10.9884,35.6711,7.0542,0.5649,2.0609,0.8497,9.1148,0.2301,11.1776,52.6451,5.0075,6.8755,17.5885,31.6761,52.0414,81.4741,0.3043,0.0,23.8157,6.7083,230.157,0.0834,11.2738,1.7266,0.703,27.7229,2.682,8.6474,8.5786,1.6778,6.6738,42.4177,6.9844,11.2996,0.0176,34.3951,1.9935,1.8477,32.3994,72.6198,28.5925,0.0674,13.6334,1.1399,2.313,24.8791,14.4168,15.25,62.9335,6.7405,5.9145,0.183,17.1861,213.4717,57.5059,0.3903,26.3663,0.1378,2.8841,219.5271,244.7235,739.6312,24.3817,27.2019,0.4566,67.6076,28.9963,4.4232,14.188,0.368,5.7229,16.2869,6.1699,47.7635,0.0924,234.8022,27.2878,22.9116,42.6816,0.0674,28.3568,2.8714,0.0173,2.0722,3.0688,7.432,0.498,20.2388,4.568,5.4562,36.6327,1.4049,2.2314,23.0676,18.5221,65.0188,18.5104,8.7892,51.7797,2503.7994,343.999,4.4007,0.3689,79.0503,0.06,17.7461,3.5096,4.7398,49.948,40.8104,4.5383,356.3955,7.4361,106.1585,7.0891,4.413,4.5854,0.4336,274.6556,2.1503,31.8258,0.4868,0.0,0.3402,0.3043,1.6883,0.4606,2.7672,0.0,0.2115,18.794,0.9563,0.1466,4.7328,0.0919,0.6099,3.4574,1.5848,1.5328,9.2304,63.1891,11.4919,0.0,3.2512,15.2819,2.3424,1.9864,2.345,8.3888,0.2585,5.4686,3.2515,5.0146,37.2132,25.9971,5.0712,8.021,9.88,11.5006,1.3042,6.116,21.7967,0.1139,0.289,3.1578,1.5301,0.6372,0.817,0.3587,0.0544,0.0806,0.1514,11.0556,3.1653,0.3713,12.4149,0.1055,0.0498,111.0778,27.3448,85.1942
2.3274,41.5022,69.7645,5.6013,204.2383,100.0392,108.2513,0.792,62.2325,0.1609,21.3928,43.5662,28.6379,38.3281,29.8081,29.2871,1.1121,32.27,12.3445,49.6305,21.4288,19.1272,8.444,0.0646,27.1772,55.2216,63.4141,34.5755,7.3068,0.0,3.1566,21.2719,10.049,129.8474,0.0239,38.7255,6.7944,33.7703,0.0365,40.7993,25.6775,77.2222,34.7523,39.3871,13.5207,0.0393,34.1979,30.7212,61.4623,56.8423,28.4648,22.9082,62.3898,5.1966,0.7581,0.5219,0.0,0.0947,0.0,0.0,1.3887,0.211,0.0,0.0094,0.2359,1.0592,0.1532,0.0341,3.9737,54.6597,10.5858,96.3127,0.1646,0.0085,10.0395,1.8011,0.2527,84.0925,92.8223,7.2731,2.3597,35.554,21.8063,31.8412,1.554,20.7219,0.0977,0.0444,0.0,3.4937,0.1577,3.2757,4.9073,0.0453,101.0828,0.0591,14.2411,1749.9298,26.388,155.7063,10.7125,0.3932,101.5974,8.8106,60.5629,15.4574,21.5534,26.7919,52.3699,389.7207,647.6164,0.1403,19.4808,0.3746,17.1676,12.1283,33.2993,0.3476,6.477,208.3099,0.1122,61.504,3.0936,38.7479,68.7319,25.1949,50.9747,34.5164,96.7504,1035.2346,11.6447,19.4353,227.6915,1.4116,22.1246,4.4608,49.3794,6.1788,25.3057,207.7078,33.7515,97.1729,25.5296,8.6583,43.8682,12.2609,38.2519,16.3538,6.3376,29.6778,4.5168,5.8271,1.581,21.4056,185.6763,11.1095,11.2002,30.1588,39.0047,77.5954,196.0528,0.9872,0.0409,73.4314,0.2418,5.0078,0.0,4.2732,4.5034,2.3099,31.9344,29.085,14.3281,8.5386,5.6477,23.371,30.961,11.3137,12.6988,0.058,24.1987,11.6311,6.7055,28.0191,55.7241,13.3769,3.4412,38.3055,8.4834,2.1825,9.014,0.3705,81.6591,67.2262,6.7272,11.1218,0.0605,51.6758,84.8284,15.5778,0.5402,25.8022,0.6829,13.8366,75.2136,384.0057,198.5637,9.3163,20.8301,22.0871,126.7491,71.6176,4.0588,9.1726,2.3179,26.7401,9.3771,5.6067,56.0174,0.462,36.4378,21.7287,36.2271,35.9214,0.0668,15.727,0.005,0.0343,3.3301,7.9006,205.1362,1.5872,1.0219,17.11,16.0422,77.6974,2.992,7.6995,119.6606,85.9797,25.8425,30.0558,25.9401,20.6958,276.4874,8.1579,3.9927,12.6871,76.6142,0.2773,14.2729,33.7574,24.4163,53.7808,77.0418,35.4069,344.4018,30.4179,42.6427,31.965,4.9882,4.6221,12.1794,86.8158,2.8416,32.4749,0.4701,2.3365,1.2081,4.0715,1.3247,0.1985,32.263,0.0301,0.1118,1.6358,0.1516,9.2256,6.3142,0.026,0.1602,2.0569,4.9973,0.3477,38.1208,140.1981,6.444,0.0254,2.6571,18.8355,0.5732,9.3704,2.3769,69.6402,7.5936,1.4721,1.9694,4.1249,58.5078,43.7813,10.0358,8.5413,25.3054,13.0107,12.2884,9.7202,15.0718,0.3675,0.5954,11.2303,7.2971,6.9819,0.09,0.0365,0.0,0.1331,1.0001,21.355,4.5965,9.8808,19.5907,1.9596,0.0658,52.6382,41.9971,138.0847
0.6967,4.5005,5.9586,3.6103,36.8836,30.073,0.1262,0.0985,0.2168,2.0666,14.0791,0.9884,41.5862,6.3813,4.2789,0.023,0.2237,0.4916,3.5118,6.2514,4.0731,3.2554,0.5031,0.0284,4.73,31.3932,14.6374,8.6733,0.5414,0.0,0.8498,11.6702,0.6479,20.6099,0.0,17.9899,11.4654,8.7322,0.0029,13.8589,2.1469,8.1421,0.8129,0.0552,1.4093,0.0049,12.1525,5.1561,44.7806,9.5085,9.0825,10.0169,8.3588,0.4071,0.3482,0.7457,0.0,0.0,0.0,0.0,0.1794,0.0,0.0078,0.0354,0.0,0.123,0.0709,0.0617,1.2462,14.5891,15.7222,156.2601,0.3796,0.0107,35.1953,0.3535,0.0265,392.811,284.7376,0.7936,0.3434,10.5648,4.3365,3.7068,0.1696,3.8825,0.0205,40.2987,0.0136,1.6397,0.0413,0.1367,0.071,0.0309,27.9084,1.2773,2.6328,19.9835,3.1386,17.9287,2.9949,3.452,10.8398,1.9911,8.8037,13.2022,2.372,7.4808,0.6226,123.9039,232.7626,4.5994,0.4868,0.0,3.5687,2.1772,0.4804,0.2004,3.1656,3.8825,16.3301,0.2053,0.0331,0.8231,4.5728,10.1523,26.0871,12.616,191.4933,41.7524,0.2643,4.6707,67.5489,1.1356,0.4086,1.0697,3.4296,3.3743,25.4877,1.6388,6.9859,0.3397,13.2844,1.2658,4.3682,5.9297,5.7664,6.1761,19.2265,0.6805,0.7487,3.6188,0.0,5.0392,0.2905,0.7196,3.6223,25.4798,6.3676,7.238,93.6734,2.3233,0.06,11.0769,0.0217,0.1266,0.0231,2.0254,2.4083,6.1882,5.7888,4.3276,2.2467,0.7405,0.9738,3.611,1.5538,0.3107,32.7899,0.0,2.1531,3.0866,4.5412,2.6747,26.6144,0.2432,0.6026,3.6204,2.361,1.9905,0.4675,0.0,15.9556,6.186,3.8465,3.827,0.0451,33.4377,18.4362,6.2247,0.3683,13.9988,1.2245,3.7669,11.4256,74.8679,6.8888,10.9547,0.2078,3.6602,10.5762,10.9617,0.3549,10.1984,1.2951,3.6506,48.9542,0.3886,11.0846,0.3675,37.0817,2.7735,23.5037,9.5294,0.3222,13.9888,3.0915,7.729,3.1267,1.0566,0.3306,2.0702,9.2944,3.9581,3.6247,6.0249,0.8559,0.0972,16.246,16.4591,2.3227,11.5482,3.3647,8.6116,147.6162,1.3037,5.1134,1.4262,8.7901,0.1932,1.7396,5.3938,12.1911,8.1567,11.8259,4.2464,218.3717,1.2719,3.7856,1.1506,0.2507,2.1752,10.5808,20.9942,2.3789,8.1648,0.0156,0.3805,2.4392,1.2017,0.0439,0.0749,0.1559,0.0189,0.0,0.0725,6.9011,0.0609,0.3483,0.0491,5.0491,0.0614,9.9677,0.1778,5.3689,106.8287,0.0775,0.008,1.2538,2.241,0.7646,2.2148,5.7519,1.4376,0.8402,2.2359,0.1931,7.2153,3.8864,8.4272,2.79,2.8407,6.2395,0.9327,1.7783,1.8732,0.8449,0.1922,0.1838,0.6789,1.2445,0.7946,0.0566,0.0229,0.0,0.0,0.0,0.2911,1.1481,0.0772,10.5033,0.2047,0.0207,14.2783,11.1937,48.6296
7.4309,14.9772,34.6441,29.0494,320.2694,75.4405,1.4919,0.9029,176.2545,0.1026,47.568,34.8897,21.3246,46.9662,12.4403,1.3413,3.1918,15.9976,6.26,60.5276,188.0105,141.4873,14.4586,0.3478,25.1231,81.8335,42.2594,21.9345,6.1203,0.0,3.4512,43.4727,18.2919,121.1009,0.0779,57.3008,12.7535,57.0251,0.0559,82.9676,15.3324,70.0721,11.7005,3.5528,22.2786,1.6158,24.0355,32.8431,137.979,44.9186,23.3075,23.4283,46.3302,54.0822,1.79,1.5323,0.0913,0.0232,0.1162,0.0,5.1118,0.1808,0.4085,1.244,0.2094,7.0225,0.5395,0.501,7.994,3.3823,2.381,53.634,1.0577,0.0993,16.054,0.3528,0.4254,207.5159,162.45,2.4241,1.3555,188.5112,11.325,36.9395,24.7727,13.993,8.4332,0.0,0.2641,14.2216,8.1009,7.3509,2.2171,0.1666,87.6947,0.1611,11.5401,1684.3578,7.4338,183.9626,23.3168,2.8661,97.8152,6.4402,30.9467,50.6299,41.3725,46.3436,14.0676,659.0846,1167.4301,1.1708,13.7329,0.0633,4.5838,13.1752,2.1949,1.312,5.1937,167.098,1.5597,98.561,0.161,111.2777,100.9195,94.6497,33.9438,54.1763,345.6983,420.0255,5.0577,216.7079,263.3569,5.2096,28.5988,21.0249,72.2271,47.1426,92.1386,249.1265,99.9477,168.7436,38.4982,5.842,41.3818,8.1596,20.121,8.5598,27.6344,27.0292,5.6223,7.7463,2400.9654,103.7206,5.7318,5.3708,9.1003,45.3341,31.6127,54.6204,138.8275,9.8479,0.3252,47.1389,0.2537,13.6579,0.4496,88.9203,30.738,12.1266,31.1541,166.759,7.1127,11.6421,6.2188,21.5768,6.6207,3.6235,12.5013,0.0639,17.7714,4.0071,7.1256,29.4202,64.6187,1.3411,9.2441,31.6298,52.6105,13.1568,2.9217,0.2916,44.609,108.5904,11.6868,8.6229,0.5009,54.1052,61.7212,29.8536,3.5348,25.4421,3.1702,21.6625,77.4931,711.4328,60.9936,9.6129,6.2566,13.9327,67.4835,76.9263,3.2472,45.6473,6.5091,30.9192,330.9749,2.0186,68.6427,0.5977,90.2182,20.7974,15.2754,25.8582,0.1636,37.6461,1.2598,2.5792,7.3884,30.9076,86.567,52.5724,9.2905,16.6214,13.0303,41.4306,4.4162,2.5758,124.6897,67.5082,11.1099,20.769,29.9669,37.1443,699.0644,9.1118,26.4062,12.7724,336.86,15.0553,31.2964,17.5297,90.6428,15.7048,201.1583,38.8874,456.3428,9.4085,22.4104,8.0934,6.9163,7.658,21.8611,253.1153,17.6754,42.9698,0.7421,9.2045,3.1386,6.7951,1.8139,0.2511,6.8673,0.0,0.1027,0.8744,7.3026,2.1226,2.7661,0.377,4.877,7.8931,52.1926,7.3308,71.7804,165.0168,18.1658,0.0,0.8998,18.2078,7.1303,11.0572,13.2789,20.2232,51.5602,29.8656,0.1879,8.7755,9.088,48.9576,31.6035,10.6103,29.6238,3.6847,6.7416,18.9429,37.8705,4.0654,6.4646,11.4452,16.0679,24.6346,15.1838,0.0893,0.2862,0.0652,0.1837,8.2877,3.2447,1.3265,42.5553,1.1142,0.8461,34.4292,69.4411,85.8871
4.1988,35.4285,83.4752,37.7134,1119.0832,67.9689,0.7868,0.7873,2.1113,12.9945,59.7145,82.0701,8.1868,50.2377,17.4857,11.808,1.2058,3.7153,16.9547,41.8243,318.6086,327.3828,0.0774,47.8022,19.3396,84.6118,75.1447,14.1016,1.6639,0.0,2.4709,34.5028,13.7772,274.4047,0.0413,276.5059,13.6213,83.7513,0.0039,128.11,26.4356,76.2186,40.7353,5.3309,23.9783,0.9033,46.7593,38.2459,168.8458,72.055,49.9579,27.5698,103.5763,45.2469,6.419,0.3288,0.0322,0.0,0.3801,0.0,0.2703,0.3284,0.0321,0.0567,0.2754,0.0845,0.1324,0.3648,3.2728,27.4225,10.0954,109.2471,0.166,0.1033,30.4928,0.4858,0.2367,2772.2203,1546.4748,1.981,0.392,99.9902,26.0604,54.3347,19.3996,19.7768,0.5632,0.0,0.1306,14.6667,0.9544,0.4899,13.7757,4.2835,101.5434,0.0046,15.3363,1568.0422,23.396,208.6374,36.6653,0.7278,268.5746,8.9834,446.4745,84.3225,14.1895,37.5616,62.104,693.6345,1687.6637,0.1277,38.7394,0.201,26.035,17.3137,1.0333,4.5575,207.1933,565.4999,0.3274,302.5196,0.4276,620.6827,192.5538,206.9051,83.2622,65.2714,743.0516,1113.5562,0.5495,28.346,479.1417,5.7222,298.2144,54.9661,128.1525,155.1594,219.4732,1106.3926,175.2985,2142.029,25.3184,10.3404,101.6873,13.3956,31.0429,34.5386,56.4143,17.1085,0.8477,21.8031,2534.7417,1132.3092,36.3068,9.1503,15.4681,76.822,59.8433,67.1308,282.1028,9.4516,1.1778,85.5115,0.1891,4.8901,0.1587,47.404,40.311,16.1665,36.9779,59.3036,20.3098,74.8048,5.3983,15.2304,19.7324,1.5947,27.94,0.01,70.5298,3.9085,16.0788,60.1219,67.1444,1.3259,2.6285,72.0596,77.3664,12.9675,1.4958,0.0458,81.3329,69.0092,12.35,18.1378,3.0194,79.8685,94.8411,28.0586,1.1961,39.5326,490.3882,33.566,158.2535,441.9885,146.4353,18.501,16.3796,22.9151,131.4718,120.1302,5.1417,26.249,1.962,42.1147,1214.0338,0.7353,81.3261,0.5804,164.651,29.7248,37.9919,44.2053,0.0578,50.0868,0.0304,5.0187,61.3973,5.6023,575.4626,6.9615,15.3139,23.8565,24.6895,15.9239,4.035,2.7882,278.2143,85.9661,13.6893,19.3865,28.9346,38.2011,424.552,9.1269,26.101,87.5405,274.8115,5.7976,33.3297,27.5074,144.0012,71.9278,128.4172,51.4659,807.3294,3.6809,30.987,13.1743,8.545,7.7629,48.7403,106.3549,121.7087,40.06,0.0642,1.319,2.514,65.1155,0.211,18.0059,117.8777,0.0,0.0,0.2988,31.3569,3.6218,1.1901,0.0375,0.5373,1.2371,6.5434,1.725,42.7123,186.5867,3.6196,0.0,55.1213,18.0926,0.6344,14.7599,7.3363,188.6823,19.5479,8.035,0.4201,18.5561,12.8281,84.5865,21.7383,10.8556,32.8913,13.6161,6.5116,10.6471,29.8304,0.134,0.2914,9.842,13.9311,44.0445,0.0519,0.0158,0.0,0.2992,0.0519,24.2944,2.7921,4.7839,87.9964,0.3884,0.0285,82.0212,83.5553,632.5934
9.819,31.1478,55.9621,12.43,225.4198,54.7018,0.6364,0.5687,4.3267,5.1601,36.0631,31.9438,15.3873,36.2631,17.3491,53.1567,1.5749,31.8896,6.6597,28.9242,110.1931,88.1284,1.4926,0.8241,27.5979,46.5785,41.2206,15.3596,14.4843,0.0,2.7499,22.3642,9.9794,138.6276,0.0103,130.5899,44.0092,117.5167,0.0353,46.9112,15.3191,74.2472,24.6725,5.9836,14.1873,0.233,10.3779,16.732,51.7243,145.2962,21.119,18.7546,53.3353,35.3025,6.0042,2.2238,0.0,0.0,0.0902,0.0,5.573,0.0,0.3027,0.5916,0.0913,0.3677,0.1937,0.1978,13.3231,76.3867,12.303,64.1328,0.2122,0.044,12.9183,0.2415,0.2172,796.8757,33.9027,1.894,1.3452,78.4128,17.7484,66.298,35.5137,16.9514,0.6719,0.0,0.2503,8.5152,3.2701,3.3628,4.3898,2.3291,113.2408,0.0416,9.7752,730.9346,24.2334,104.9463,26.2079,1.1883,70.0184,8.9437,61.2352,67.1194,79.5756,22.8887,33.9432,400.0195,1190.4759,1.1711,32.3496,0.0,17.7714,12.1615,1.6694,0.8589,38.5108,58.4022,8.4267,21.6153,0.7462,114.4051,133.5657,71.2195,45.0247,24.9606,65.4733,658.8949,2.1805,19.55,310.2106,7.7726,16.2067,25.2945,90.6766,38.1288,167.6944,521.5226,83.9412,85.1037,24.1328,5.7291,27.4106,12.3404,22.8814,18.161,21.8292,29.436,8.2763,10.0529,43.4728,1239.0355,29.2714,7.9501,6.1474,5.8487,29.2456,63.9052,115.9437,5.7511,0.1405,58.2064,0.6828,10.1173,0.3314,19.1343,22.9157,13.8065,40.0874,104.6167,10.8932,5.3781,3.6094,13.4011,10.3335,2.1293,5.148,0.0299,29.3501,1.9063,2.3371,44.9361,43.5481,7.8592,1.4933,21.9291,5.2474,3.3947,1.0279,3.9348,28.7596,48.6659,9.9514,13.3992,0.9281,41.0371,59.0741,13.4804,1.8332,22.7413,225.5822,21.129,92.0469,312.5422,41.8318,11.2249,10.7227,12.4383,64.2241,73.1371,4.8391,18.4239,43.9713,23.6209,206.6357,2.2973,52.3958,0.4496,77.9812,13.1425,24.4642,30.1955,0.0574,24.9969,5.6626,16.3561,9.3718,4.384,73.1162,15.1232,9.7596,28.4422,11.9542,35.2987,3.3829,4.2183,110.3116,73.2512,33.3193,34.2872,17.1583,26.5583,359.4027,6.4073,7.0281,16.6249,58.5155,6.3471,33.284,29.4466,29.7886,34.6024,59.4411,28.4091,381.4285,12.1522,44.2076,5.2192,12.5032,7.1665,24.3606,74.2825,10.3707,58.7611,0.0638,30.5332,6.7193,51.1992,2.1125,1.9107,36.1525,0.0,0.036,0.7129,2.7699,0.8305,4.4564,0.2572,0.3693,2.0964,11.1191,2.8695,20.2708,70.1411,3.5986,0.0,7.5805,23.8238,9.6967,26.4717,7.2588,85.5312,41.5247,8.4549,0.3627,32.7118,15.8293,57.5676,7.7871,11.3057,23.198,11.2286,12.1328,12.576,32.1178,1.2673,0.956,8.9211,8.7786,5.5188,1.6628,0.7757,0.1391,1.4073,0.49,16.3882,3.0227,1.4233,70.8091,14.45,0.0424,35.9329,49.6245,385.4806
2.9999,52.1365,94.0069,10.5104,418.4121,138.2633,52.8091,5.1707,26.8035,2.6017,43.3648,55.3793,24.4502,82.5207,27.0405,0.8527,0.4991,68.9788,19.9071,197.6232,83.3978,72.5206,0.048,58.3567,20.5548,62.7359,102.9693,4.8523,0.3779,0.0,2.0493,39.8631,6.2496,105.9556,0.0,163.6983,21.7531,34.1523,0.0147,111.2434,20.0948,110.6819,31.7488,13.7986,31.0146,0.1265,152.3986,31.9913,128.096,56.6428,33.5449,25.9916,63.3898,53.8682,0.9301,0.527,0.0,0.0,0.0804,0.0,3.4655,0.2039,0.0796,0.1508,0.114,3.2933,0.0186,0.0343,3.5785,32.8641,93.2811,179.0892,0.265,0.0275,14.9848,0.0232,0.0339,191.6309,227.8371,0.5914,0.6381,105.3566,36.0128,39.7944,12.0787,28.3626,0.0,0.0715,0.139,6.4987,0.4021,0.4125,12.1685,0.2008,123.2674,0.0519,21.8751,1075.4736,28.8846,219.5509,46.7563,0.2573,543.0423,7.5402,52.5629,44.2053,3.5428,27.9552,76.8223,1238.2452,1997.8208,0.0238,28.914,0.0,3.858,11.9143,0.0535,5.2705,31.9806,233.4604,0.1807,80.1251,0.3728,179.861,95.3281,158.1174,59.8122,67.8574,137.6966,387.3168,0.3643,51.8109,466.6646,3.4379,2.2247,17.9024,85.914,57.1009,55.2445,173.0684,278.6748,69.932,46.0211,4.8561,44.0931,9.0965,33.4835,12.7158,39.3008,5.2878,0.7692,25.9357,55.4728,190.3795,2.396,17.2411,9.5072,117.112,40.7619,39.9602,163.1704,0.9421,0.0658,91.2822,1.2051,2.1061,0.1774,49.4018,8.9927,4.9934,31.1,22.3436,10.8986,8.1305,12.6375,29.87,4.8609,0.435,27.3652,0.0561,21.925,6.1473,14.3402,11.1718,196.8703,1.8055,2.6183,51.9427,209.6235,9.4041,1.7817,0.0,103.9362,65.2027,15.4719,14.7205,1.1094,99.328,82.5685,23.8995,1.2066,4.2545,369.1275,87.9067,81.4691,630.6259,6.7701,47.0391,24.9391,38.409,111.5477,42.6765,4.1387,9.4406,2.6886,5.4896,107.3665,1.9129,68.0235,1.6004,33.9838,19.3888,71.1081,25.7537,0.0,50.5217,0.0485,2.1756,0.9255,50.5974,1412.3687,1.5585,12.1085,46.7359,27.6117,4.1155,6.6674,5.7586,78.3277,42.6201,12.3307,21.8247,19.1377,52.8278,257.368,2.5242,9.4655,22.4916,94.2847,0.4945,5.5244,25.3491,61.1838,6.6987,162.1804,106.8165,677.632,3.2555,35.0462,17.3913,4.9952,4.8672,39.4073,134.1233,8.0449,70.3341,0.0797,5.1792,13.8216,228.5399,0.0561,3.5584,48.1751,0.0,5.0862,0.1484,40.8638,1.0918,1.2048,0.0,0.1173,0.1047,26.8709,7.049,68.2997,212.1911,0.1983,0.0,4.1651,20.1788,1.2,11.8983,3.4488,144.6464,12.7536,3.7595,12.7269,2.853,6.2813,50.8309,9.0733,16.337,65.4764,10.6717,5.0791,8.0849,19.0352,0.2995,0.1447,14.2719,7.2441,3.3335,0.1449,0.0,0.0,0.0429,0.0644,55.4074,3.9955,6.8914,52.8409,3.1182,0.0,92.6321,87.6096,889.676
12.5844,40.4522,88.5057,11.8974,304.0668,52.4498,206.2907,0.9712,52.7603,2.0897,34.7749,47.8401,1.1842,159.0678,19.1949,1.211,0.9446,44.4105,18.0138,82.3968,55.5521,41.8147,0.7916,14.296,18.9907,74.8258,51.2797,26.8703,6.1873,0.0,1.7623,61.524,27.5361,160.5629,0.0,87.4546,42.9988,80.8964,0.0378,309.688,44.1622,111.7763,104.716,3.1289,21.4419,1.4328,173.7712,19.397,68.0163,66.2722,59.1247,18.295,56.7544,9.0186,1.666,3.3364,0.0,0.0,4.423,0.0,2.1806,0.0,0.0,0.0388,0.3912,0.1148,0.0671,0.0212,11.2368,1.3527,0.793,57.7973,0.1364,0.0495,14.4528,0.5495,0.1571,475.5796,15.3594,3.5609,0.5073,6.8376,21.0435,41.0225,35.6529,22.2027,0.108,0.0,1.1803,8.5653,0.414,0.6693,1.1845,0.26,146.0064,0.4186,12.5347,719.1504,24.8151,145.9463,23.2832,0.3617,191.0142,4.7923,118.1224,104.7316,77.5004,19.9968,103.7878,1501.7777,2273.5148,0.0612,27.3114,0.0,11.4804,26.94,1.9817,3.2416,28.8895,259.8025,0.1318,140.7351,0.5496,836.0519,46.2412,171.0639,58.7026,40.9605,247.2627,449.4531,0.4733,20.3293,367.8705,1.8082,777.9044,15.0496,123.6319,143.2471,72.4106,1717.9458,205.3907,6484.4199,34.9101,16.6623,40.5375,14.5864,42.3357,8.8994,1242.0163,8.7351,1.4172,13.3332,1065.1101,153.5586,127.7944,13.2647,11.243,46.2012,34.0784,72.2332,381.8307,7.2141,0.1468,94.7206,0.2195,4.9764,0.5327,20.9085,38.9401,6.4474,24.4908,36.1373,10.7231,8.9876,9.8615,9.4976,27.7543,2.348,7.8101,0.0192,21.9359,2.1581,9.1132,32.0106,45.1676,0.0855,3.1021,82.228,38.4185,12.839,1.9334,0.0877,66.0418,72.0761,12.8899,15.9664,0.3252,95.648,85.4984,19.4881,1.6439,39.3078,137.1794,53.3495,131.8145,592.4112,210.338,164.6897,14.2242,12.4874,689.2056,155.9244,2.8257,35.8853,2.1366,16.9332,129.3185,1.7923,61.702,0.2746,241.4285,19.8737,23.5134,45.7026,0.1108,13.4091,0.025,0.0285,2.018,9.649,415.0399,78.5478,1.8094,18.4222,23.8533,41.2053,2.7985,5.7546,319.4781,65.1675,11.8873,31.16,24.2797,27.9513,297.7676,7.4867,11.9648,63.5727,210.0141,7.1277,15.9988,45.7913,48.3094,16.3587,203.4078,58.707,604.9015,14.54,38.7003,22.5208,4.1685,7.731,56.0179,179.504,140.8521,18.9069,0.082,6.6202,6.9874,5.1326,1.0115,66.5838,75.4394,0.0,0.0232,10.849,5.0707,0.4738,2.7662,0.0216,0.2053,2.2781,2.7102,0.5225,58.1163,116.1192,47.077,0.0105,35.7954,16.2085,2.7753,13.7928,3.9276,31.8246,31.0903,1.9971,0.0424,8.0614,9.7295,43.9563,13.8553,6.2135,37.385,7.5558,4.6294,14.1803,26.0746,0.356,0.5216,5.3716,8.6573,8.8133,0.373,0.0302,0.0298,0.1986,0.0332,58.6229,8.5846,9.9202,70.7233,6.2542,0.0,65.1208,59.9714,460.0802
3.3968,29.7811,46.912,2.2042,275.5768,59.8301,0.4603,0.2584,2.6821,3.2005,30.182,13.0542,34.7317,47.9064,17.119,7.3432,0.5085,15.3627,7.647,52.1275,67.7585,80.4215,0.8284,9.9084,3.8422,25.9589,31.1437,19.2131,3.0042,0.0,3.099,30.0319,7.5943,79.2483,0.0103,97.9801,30.6415,102.6713,0.0178,95.4662,12.1414,49.8753,41.8192,4.4124,6.8306,0.0815,15.2007,9.6613,103.4935,99.7677,21.8212,19.3404,25.6859,11.0989,1.2333,1.2852,0.0,0.0,0.013,0.0,14.198,0.2737,0.0802,0.8747,0.0306,1.5855,0.1949,0.1327,8.4735,58.3391,5.3538,112.8653,0.7828,0.0775,10.3622,0.5047,0.0546,410.2448,110.7334,2.1543,0.514,168.8845,10.3291,24.0828,9.4838,7.9336,0.0,0.0,0.2519,4.7991,1.9436,1.0675,1.9437,0.6815,86.76,0.1185,8.7135,1858.9952,7.3804,144.6455,23.6174,1.5544,45.4141,2.6248,149.324,16.9998,3.8261,11.5197,60.2175,478.7502,1068.963,1.8681,7.6566,0.0,4.0976,16.5999,0.7322,13.6022,20.3471,32.36,0.558,20.1347,0.3276,90.1473,38.0769,18.5267,67.4504,25.9471,72.4655,374.9806,1.663,14.4809,206.7262,3.1073,2.6723,17.1342,39.3474,25.8125,48.2877,130.7424,40.5006,59.5875,11.9363,4.1213,31.9304,7.4348,20.6999,11.1862,32.3282,2.1425,1.8808,15.1096,189.4857,463.8134,25.0933,3.6046,8.0967,28.9161,18.6074,58.8266,122.5654,1.8499,0.3888,30.9282,0.1643,3.0308,0.0476,33.3371,34.3727,6.9298,31.8754,42.6795,18.5204,13.5822,2.5735,9.5679,5.8187,1.2114,4.4193,0.0452,18.0256,5.5859,3.6876,14.2025,71.903,3.0261,0.5201,32.5658,101.8113,4.9394,1.5057,0.0,21.3764,54.35,3.1743,8.8725,1.1473,23.158,139.0865,37.5059,0.6917,10.6757,39.9714,18.6578,191.5171,451.0836,44.9263,52.673,16.4359,4.2053,47.9186,49.5763,3.6086,22.8819,2.3973,9.0623,51.2896,0.9061,53.3476,0.2941,101.286,11.826,20.5155,27.7097,0.2022,55.9678,0.0781,3.5203,8.5747,4.2994,93.1291,4.0679,12.1933,9.0159,10.0367,26.1048,2.8631,1.5849,19.9887,27.3917,14.6522,19.8281,10.7096,35.2159,630.2692,2.7884,8.0523,5.2967,124.8314,0.4498,22.0591,16.4101,24.7188,42.4736,59.8203,15.9325,524.2959,7.6596,26.791,8.0181,4.5239,2.6778,12.369,108.8793,11.1189,45.9461,0.0321,5.2958,2.0957,3.8801,5.3818,27.9112,47.7934,0.0,0.145,0.3587,9.8695,0.4963,2.9699,0.1688,0.9889,2.8899,5.8205,1.7651,16.9062,34.1352,3.8339,0.0,5.9957,20.7328,2.2607,9.3598,6.1883,36.3756,16.7412,3.7425,0.5641,6.6145,11.2016,34.8354,6.4186,11.1546,14.2236,4.9187,3.175,2.5191,19.0838,0.5744,0.8453,2.1761,5.931,4.8703,0.9728,0.0473,0.0,0.449,0.2076,62.9271,1.9153,0.6896,77.8278,2.1503,0.0,92.703,53.0559,202.8471
12.181,32.5091,98.7206,13.0483,212.5535,117.3343,41.4167,0.5795,84.4142,4.3073,44.4545,36.9389,18.711,40.3315,24.0893,41.7037,3.1708,53.4393,12.0415,32.9455,104.5781,114.587,4.0744,32.5635,46.4825,52.2883,97.9884,157.508,20.5559,0.0,16.9229,29.0522,11.1878,125.4107,0.3429,214.423,39.8388,34.2946,0.3738,75.9967,26.1762,161.1753,66.7001,28.1341,22.2728,0.8469,24.1996,56.6167,65.3795,25.3712,47.5752,33.6867,65.3166,21.1529,1.9026,2.2885,51.457,1.388,0.0,0.0,8.8834,0.0,0.4974,0.2558,0.2204,2.436,1.1215,0.7781,59.107,22.8846,18.466,81.3784,0.3548,0.1104,24.3792,1.9675,0.5751,1303.952,221.1551,16.3185,3.7082,46.2459,31.3869,67.8246,19.6481,27.6312,5.0559,0.0,0.124,10.4734,14.6962,10.7448,8.4957,1.2548,245.5707,0.0154,33.0551,735.4357,37.993,193.8407,22.235,11.3931,146.5047,9.7077,89.39,40.7877,30.3164,30.5922,69.4063,1082.2633,960.9183,5.3497,19.3949,0.0,11.8133,20.9339,14.2209,8.1183,45.0497,120.0911,3.0374,35.2249,0.9378,29.2454,88.4004,109.888,78.6076,43.4985,238.9682,390.2481,9.7858,49.3541,497.7837,32.3159,29.4,28.9399,59.5442,42.6515,95.3843,104.3208,134.0803,103.5934,38.0055,10.6507,30.965,18.4968,39.8265,19.0426,32.4087,46.5598,13.8884,18.1244,27.9257,684.8308,157.8931,17.2223,11.6218,32.8463,43.441,51.3825,185.3888,3.6525,0.8811,32.0375,1.175,22.7513,26.6539,11.4545,21.3832,32.4626,20.2989,168.5194,15.4621,11.3533,9.9121,22.3005,34.248,12.6793,24.3537,0.1001,49.6752,11.2574,20.8979,33.9395,67.3656,5.3905,5.2345,49.1272,6.9517,6.5441,8.9497,0.8114,106.3922,66.2989,16.8641,28.8566,1.0408,102.9816,60.4062,14.4738,21.4491,17.5324,19.4197,27.5924,64.5944,412.7349,157.9007,17.7771,7.3736,33.1159,94.2476,96.6297,6.0931,23.4638,28.7511,21.233,79.0991,9.5275,79.3994,1.6666,81.4986,23.9739,36.7528,33.2656,0.4801,26.835,5.2596,83.5696,7.8483,11.2325,372.9909,19.0303,18.4605,30.1555,22.7864,148.8396,5.727,3.4649,286.456,67.3771,34.3028,34.6127,31.4383,23.8649,244.4552,13.4757,14.7503,26.6452,155.4898,18.6796,32.7198,48.8135,81.4214,47.1811,94.9632,38.7721,497.3193,33.4271,26.1819,24.5631,11.6861,14.146,28.1373,147.0887,12.2535,41.8354,1.3514,17.8793,4.846,44.7604,0.7015,2.1491,20.076,0.0,0.0402,3.0468,3.5603,4.4064,17.1199,0.1745,0.9282,0.596,6.7549,3.5739,44.2014,184.7119,11.9471,0.0,3.6364,25.6914,19.0665,61.6228,7.7893,86.6243,23.1916,14.748,3.6764,17.8261,37.3692,48.3722,16.3045,11.1819,22.2004,28.0874,7.209,13.3489,52.6091,4.0411,4.9415,23.5741,13.3815,5.9509,4.2249,0.3407,0.0,0.4592,0.5463,18.7954,8.9895,12.0282,19.1185,14.6735,3.7369,57.3318,52.0801,314.1606
3.6575,54.7462,97.1165,122.7473,5.8649,34.2177,5.182,1.9987,3.1125,0.9384,17.7027,12.7689,3.8021,72.5074,34.1637,0.0807,9.2945,4.4251,37.1586,104.788,35.4349,18.2131,2.0224,0.1712,63.4897,97.9666,217.3403,23.3987,2.1441,0.0,0.66,53.9142,2.3081,22.7995,0.0,107.8064,7.0773,28.4375,0.0,34.0955,40.4734,63.7646,158.1488,177.5015,59.699,0.0232,4.6707,132.6661,33.9338,5.1844,32.0221,43.3939,620.2234,1.9357,0.0709,2.4763,0.0,0.0279,0.0,0.0,0.5556,0.4975,0.0728,0.0,0.3302,0.1681,0.1235,0.0314,14.852,1.5299,0.9319,130.2562,0.0404,0.1258,99.5484,0.8705,0.4654,112.2857,9.5615,3.188,0.3827,2.4086,53.8732,83.6303,3.0375,62.8871,0.048,1.2427,1.0807,7.1574,2.6722,0.3774,0.4223,0.0445,294.7951,0.0317,25.4207,143.8598,179.393,242.8532,35.0762,1.8469,148.192,27.0289,36.4934,63.3985,192.1934,39.9187,139.1013,1728.9241,3738.802,1.001,6.5997,0.0,4.5115,26.4303,4.1092,0.2134,2.4056,10.8168,2.4523,2.7845,0.1861,1.1711,16.145,41.9205,48.3329,110.7574,27.3373,14.0434,0.9047,91.5101,534.9339,3.0433,0.5912,4.8117,5.5545,8.0167,15.9747,0.19,40.8873,0.6,38.5072,24.9022,45.1901,34.4768,39.1746,146.0451,6.2826,1.7361,2.4695,61.7644,0.1344,6.567,25.174,86.348,50.9342,374.4001,82.3134,36.2446,83.2706,3.9058,0.1004,174.1877,0.0848,13.3081,0.5951,2.6164,4.0699,4.3932,33.1242,15.4692,15.1827,1.0801,14.7532,33.3891,84.7567,56.9247,39.5864,0.171,37.8067,249.3076,2.0255,15.3992,71.9681,2.6584,13.0782,22.5252,2.7843,4.5196,114.9418,0.13,141.8285,42.5727,13.3351,27.9438,2.7138,104.3469,74.1981,7.1342,5.6637,147.2007,0.3522,28.7987,59.9007,269.4801,262.9344,4.4958,80.4246,45.1978,69.77,18.0603,3.5675,9.5317,4.0841,62.5525,9.44,2.5904,44.8365,0.0771,15.1266,40.7496,5.637,38.5865,0.0328,24.8513,0.1923,0.4892,1.5443,35.6759,54.8292,0.8271,3.6063,54.8145,32.8386,113.9219,15.0159,92.6154,56.7747,22.24,22.2156,67.9723,168.1067,26.6111,156.4092,5.1266,1.5461,6.2672,106.6124,0.9341,2.6373,39.6448,78.1277,227.6212,87.3368,132.4114,207.8531,19.8059,48.4495,9.6926,59.2406,15.3916,8.5906,66.8735,3.7143,112.729,0.2917,0.1418,0.7451,3.3082,1.4896,0.039,0.1738,0.5322,1.565,0.1697,1.5269,2.4618,0.1102,0.1661,3.3837,5.0791,6.2846,31.0062,89.0885,323.6442,0.9072,0.7119,3.4986,31.4087,0.946,8.5813,7.0046,3.7144,2.0822,4.9298,0.3392,1.4348,43.9528,77.1809,18.7251,10.6246,44.6434,5.5985,5.1806,30.1293,13.6127,36.7414,1.076,91.9452,34.8183,9.1503,0.0884,0.0,0.0,0.0392,0.0,14.818,16.5115,17.5713,39.1578,0.3994,0.0,44.5774,76.4404,6.12
5.7195,13.064,47.9963,9.4451,197.7894,123.7431,4.1217,0.7899,22.8674,25.0172,41.1984,49.087,21.505,47.6156,21.3812,33.6512,5.9726,7.8201,18.2713,17.8106,128.8549,93.2678,11.4787,0.2481,36.5042,99.0426,71.673,69.9445,20.6465,0.0,39.8938,48.0322,22.7366,362.5628,0.0,202.9077,40.3342,34.9825,0.9769,94.1368,37.9464,57.7963,15.9009,1.5662,16.3351,7.9942,21.3041,49.1251,425.5399,222.2202,46.535,24.7463,62.2246,27.6913,5.726,2.1045,0.0,0.0,0.0549,0.0,4.7802,0.0772,3.1665,0.5142,0.3238,0.9842,1.4121,0.3042,7.2503,14.9989,8.5946,114.0913,40.9087,0.1718,21.2834,0.712,0.2698,585.6646,1657.6636,9.4538,9.4915,32.6375,25.3652,55.6504,5.1079,30.7167,0.2384,0.0,0.1974,15.8487,1.2507,2.131,2.9726,0.5257,134.9316,0.0197,15.6986,2164.9107,15.3776,101.1305,24.6847,6.1849,127.5396,11.8051,45.0953,41.1404,21.1532,39.6714,5.2897,626.702,1216.4417,0.5271,30.4064,0.0,10.4996,31.4394,1.1545,2.8095,25.0799,32.494,3.4397,9.6952,0.2696,618.9474,50.368,83.2754,88.9194,62.0684,237.9633,374.5214,366.4066,33.9041,543.7442,10.885,8.857,18.5157,46.8372,21.7971,128.3675,336.7443,115.4541,46.1221,61.6755,11.6462,29.3761,22.7742,30.3067,27.1171,97.8487,65.063,6.5796,22.6094,160.2565,127.1546,59.0163,9.28,12.3485,34.0702,38.7029,32.0139,487.8272,5.989,3.3907,49.7419,0.2318,5.4418,0.168,33.1854,38.4634,11.4075,15.5446,79.9778,19.3845,2.2865,6.9293,22.5757,17.9762,4.9718,23.6194,0.0637,25.4409,6.1418,5.9017,18.9284,58.9759,18.751,4.0764,75.2251,12.9144,6.291,10.6112,0.0323,104.4216,83.9082,11.8133,23.4415,0.4709,59.766,47.8638,17.2733,7.1816,33.5695,9.624,35.7631,52.6968,409.3728,77.5945,34.5482,1.6359,34.5479,95.855,100.1435,4.804,56.9767,5.4882,41.8656,221.3783,3.1045,71.7442,0.7499,73.4306,35.0524,42.3736,64.0829,2.2416,14.2429,8.9383,6.8731,31.3094,1.8619,29.8648,13.6386,3.1633,27.4274,31.5862,81.0739,4.9378,1.165,92.9941,165.4136,15.7323,42.9128,17.1383,25.1627,430.2124,5.9766,16.112,15.6138,74.1587,3.7888,7.2445,33.938,148.3902,62.7214,117.3751,53.9675,461.7352,16.368,33.2169,27.7959,5.13,10.4832,60.0552,139.7946,7.9688,33.5531,4.0302,3.899,28.4601,8.2184,0.0638,1.1139,33.939,0.0,0.4604,4.5962,4.4407,1.6397,6.8735,0.2381,8.7524,2.3063,18.9466,3.8346,62.8055,305.2847,2.4414,0.0,11.3297,23.6173,36.4466,31.6745,15.9161,37.4759,17.2798,9.7701,1.6383,14.6779,27.3442,41.6533,17.7165,16.0486,26.6851,14.3526,7.8858,14.4627,50.0561,2.5201,0.6374,13.6369,10.7986,6.2286,0.7136,0.1668,0.0658,0.8283,1.208,2.8522,5.7793,1.1973,53.4348,6.3648,0.0,59.3071,59.3655,210.6712
0.8005,57.6705,114.8577,13.893,187.2012,70.3051,183.645,3.3469,64.499,9.1325,50.1083,30.9116,13.3179,39.6216,34.1067,27.2713,1.9913,22.7337,15.4271,147.7816,16.9141,14.5327,0.3149,5.7999,35.991,98.5004,86.4451,15.9483,3.0916,0.0,0.9162,21.6133,29.6282,118.3801,0.0,99.8885,2.9392,49.9833,0.0,104.0278,28.0994,80.5005,48.7475,26.4854,24.5717,0.1832,1438.3982,22.802,63.4277,45.9113,39.4081,27.7679,11.1002,4.9639,0.3249,0.2063,0.0,0.0,0.0,0.0,0.079,1.0876,0.1062,0.0115,1.0713,0.01,0.0213,0.0,1.5771,144.5567,17.2123,178.8013,0.4376,0.0,14.0991,0.4067,0.2326,18.0488,78.2542,1.8519,1.2103,108.6534,18.4785,58.6956,5.1184,15.4801,0.0,0.2179,0.5824,7.773,0.7903,1.3528,8.9859,0.0603,288.4414,0.0,19.6589,2405.2657,44.3553,162.1478,28.7072,0.1131,103.4286,6.2904,203.7355,31.2063,3.15,19.0485,65.6604,648.299,1382.3512,0.0453,8.0029,0.0159,24.7875,8.9735,4.4412,0.4621,16.3908,270.3631,4.0278,56.1182,5.0494,118.9536,37.2467,49.791,59.1273,22.454,86.1882,1049.6766,1.4014,20.511,490.1729,0.994,18.2898,2.6882,74.4508,12.8008,27.6075,525.704,47.3175,163.6785,27.4767,6.9818,70.5891,11.9988,29.867,11.9057,11.382,25.08,0.5245,22.0727,19.9255,26.8801,73.2932,11.7896,13.0143,134.8487,98.4919,111.2381,193.8662,1.9744,0.1003,58.6695,0.0706,7.4629,0.4281,47.2878,5.748,0.5007,33.0911,13.3999,23.5921,25.4443,8.155,13.3752,16.8969,0.8714,5.2772,0.1709,28.5932,1.7981,10.3798,36.314,99.8973,33.7675,5.221,63.5124,1.4433,8.6148,0.8387,0.0217,69.8791,55.0836,6.7889,15.982,0.6626,45.4242,41.8992,22.0032,0.633,50.556,0.5727,21.3325,64.8459,507.4847,44.6867,8.4879,30.6199,23.1953,63.3322,135.0252,10.2028,12.6839,0.736,38.0871,61.2644,1.0088,48.4058,14.2083,30.3152,31.807,34.766,54.7483,0.082,25.4745,0.0062,0.281,11.1614,12.4007,855.131,2.0904,32.5611,24.3296,14.2687,22.1717,3.5308,6.5256,101.6006,31.6543,28.3485,21.8419,9.0603,38.5016,621.6578,4.6489,13.2488,26.9381,133.8187,0.8752,8.167,30.3365,18.8211,45.6482,61.0935,46.0208,606.5941,8.4948,26.3679,19.89,7.8664,6.324,49.3222,113.7149,2.7562,40.2167,0.5769,0.9952,4.7754,13.7055,0.9412,6.8365,33.906,0.0,0.1372,18.9164,1.9542,3.9881,17.941,0.0532,0.0596,4.0808,4.127,0.1654,33.9213,130.3942,73.268,0.0,1.8039,47.7843,3.5598,10.5933,1.9812,59.1617,15.0178,6.077,7.9101,17.3116,15.6791,89.7052,16.4392,3.9222,30.61,19.1692,4.1458,9.1871,8.4907,0.0761,0.5515,9.7031,6.0723,7.6645,0.4785,0.2237,0.0441,0.0,9.6718,25.9694,5.3728,5.3357,52.7505,1.8251,0.2019,87.6975,50.5436,115.2764
23.8737,8.1395,20.1187,30.5369,67.9682,67.8901,3.818,0.7465,11.9822,0.2973,20.3876,16.7876,9.3289,24.6632,8.8929,0.8099,1.3434,18.4569,8.5206,11.0656,117.704,138.2136,2.1516,3.8704,33.0187,45.8448,36.4179,24.452,5.8429,0.0,1.9632,17.2116,23.0558,88.3035,0.2503,59.1263,11.0496,54.4784,0.3264,18.7515,14.1638,64.4071,4.6854,1.35,5.3856,0.2585,23.6222,31.8262,39.348,19.5139,21.9535,13.5441,26.4932,6.287,2.1521,10.6811,0.2668,0.2438,2.0727,0.1418,29.9353,0.2415,1.3969,22.5505,0.0675,0.3381,0.8269,1.3356,38.7566,5.235,18.6864,58.1635,0.3532,0.3664,10.0464,1.1751,0.6929,346.3019,21.5292,3.7695,1.7385,27.322,13.9857,80.4256,3.1083,18.1952,0.6524,0.0635,0.4012,7.1773,7.7279,8.8294,8.7362,0.2271,48.5606,11.5273,10.2719,386.8023,8.7658,40.319,10.7308,2.8659,52.1165,12.2131,17.6953,22.9296,36.0729,19.6813,4.3825,334.6166,437.7921,1.0037,20.8185,0.3696,10.9442,6.3327,1.9001,0.9531,1.9147,38.6661,1.592,11.4016,0.3011,27.1688,71.085,144.2819,66.0453,42.3061,134.7377,60.6357,11.544,13.4278,214.9657,7.6403,6.6341,60.4538,49.5326,13.6644,111.2685,15.4985,116.9764,14.9697,20.5441,5.0066,14.9976,11.6494,14.676,19.1589,9.8867,41.7162,17.5053,7.8963,3.2191,49.7387,15.489,2.9157,5.7439,30.3943,22.153,36.8315,115.6822,3.3218,12.8639,18.7296,0.626,21.8628,0.4728,13.6531,8.0542,19.228,18.2523,52.9822,7.5023,3.6341,6.1403,8.7588,13.5522,4.9688,27.1179,0.1495,14.8588,5.3592,2.4069,22.8694,46.9194,5.1628,9.6878,20.7569,4.7077,30.1222,21.8754,1.4892,94.8982,73.5415,7.9944,13.8161,1.217,24.8764,34.8437,17.8207,14.0407,25.0814,4.2504,18.3746,39.738,312.3427,66.4375,2.794,2.5855,13.3159,27.8853,33.6676,3.7108,25.1092,5.2645,31.3163,35.4054,6.0301,51.7362,5.0641,23.7384,8.6763,15.9951,22.1336,1.2107,11.8135,1.5225,0.8027,4.2568,3.7943,8.6596,26.6138,8.4296,26.8354,24.0758,29.7568,4.1858,2.2903,61.1326,53.5952,12.2076,35.0924,18.7967,20.9745,350.6004,15.0616,16.9215,5.6497,94.4874,34.0976,9.1601,67.3905,67.5782,30.1359,22.8267,23.9933,137.7502,16.5887,10.2701,15.0898,18.8453,9.6614,6.482,156.5953,7.8035,15.6927,0.6726,0.8849,1.1054,8.4625,0.6983,0.3029,0.2194,0.1723,0.3199,0.5604,1.9166,3.9634,14.0438,0.2606,1.9589,1.2214,22.9606,11.114,24.148,156.4088,5.579,0.2001,4.3274,9.1917,13.1718,20.3717,11.3399,12.9296,52.3461,14.3396,0.3293,18.963,11.6901,17.982,11.5654,4.3448,15.6216,6.6765,3.5509,19.3433,15.3819,8.5898,11.3966,10.3315,6.9883,5.6725,1.4161,0.2608,0.2573,0.3809,0.2003,2.7872,3.9313,1.248,8.1184,5.7515,0.3767,30.253,41.4689,2.6412
1.1161,50.2627,76.505,6.4013,45.951,101.9024,0.1139,0.3968,0.4424,3.4365,58.2885,18.1117,44.3692,523.9693,10.983,0.4193,4.8821,34.5445,9.5908,35.8753,25.8086,19.1234,0.279,0.5613,26.8025,70.4596,131.6617,1.3549,0.3208,0.0,0.7522,30.7922,10.7938,130.523,0.0,97.0085,213.1967,53.6509,0.0337,93.9446,36.4769,126.3612,65.5942,9.9884,224.3381,0.1095,9.3195,47.9814,119.137,4502.9044,50.8321,38.8916,9.357,29.697,0.0296,0.3192,0.0,0.0155,0.0246,0.0,0.083,0.623,0.0,0.0307,0.9578,2.4458,0.0664,0.014,1.1009,158.9062,4.7659,62.7721,0.045,0.021,21.6748,0.0709,0.3281,36.0917,204.3135,0.9364,1.2349,240.9965,26.5894,67.9402,32.9834,20.7625,0.0,0.0,0.7077,34.4318,0.0862,0.1401,3.5084,0.0744,167.6895,0.1233,18.1628,1015.9897,18.9825,150.573,39.2995,0.1764,64.6555,8.1429,46.9539,34.1512,8.3878,29.973,105.1153,1239.7431,2514.7815,0.0,4.1884,0.0212,0.4318,33.8373,0.3268,0.7839,72.2213,15.7265,18.8195,10.0653,1.7088,53.1063,30.9669,65.4332,64.2496,30.1365,41.9755,569.5911,4.4176,31.4933,277.6847,1.0677,0.899,4.2124,70.824,17.8576,50.2812,12.2161,56.3543,52.9542,17.1278,10.441,54.7551,19.4158,26.7391,10.8183,21.7242,2.0278,0.7835,10.052,4.9374,9.5877,0.4629,16.9656,7.4984,54.511,19.6554,56.4485,467.7231,3.3736,1.9441,45.2416,0.0189,1.9436,0.0602,2.1905,10.1083,1.8637,37.7195,7.7772,34.3836,1.6005,7.7661,14.1539,3.4614,0.1582,13.3879,0.219,72.8844,2.3959,2.2244,19.7422,59.4112,0.9513,1.6807,126.4645,96.2191,49.5942,0.1068,0.0145,117.7882,49.6189,11.7769,14.1221,1.3572,40.531,102.9152,25.2081,1.6206,17.788,32.7013,55.1874,129.9521,294.6781,28.6757,51.5858,16.3515,25.1715,78.9778,56.1665,4.897,21.6786,0.7312,27.0806,194.2979,1.8628,97.0845,0.3432,130.2704,45.6106,54.8802,54.3715,0.0183,133.0497,0.2429,2.1598,30.5853,14.3289,61.5676,3.9688,48.9948,33.563,24.9287,2.072,8.5115,6.7527,154.488,50.7375,22.5863,56.1889,22.4813,32.7733,251.103,4.9087,1.3712,58.926,19.9822,0.26,1.5903,17.6009,30.3726,99.85,49.8732,36.3312,529.2288,3.4699,25.9764,21.2667,4.7886,8.108,234.9364,77.193,1.3909,52.1352,0.1421,0.6426,2.8919,1.3262,0.2001,0.0651,58.9123,0.0494,1.4442,1.3417,0.5804,0.5362,1.4236,0.0071,0.0876,3.5407,13.183,5.8042,26.0405,102.1197,0.3535,0.0,2.5039,29.8669,10.2306,6.0457,13.3537,47.7837,15.1691,0.2317,1.4265,1.4642,18.8003,39.7235,19.8486,13.787,31.5478,11.5284,6.5307,9.9759,17.064,0.0545,1.0044,12.9523,15.1188,5.2948,0.6396,0.329,0.0,0.0437,0.1969,40.0629,7.5456,8.0706,255.3264,14.7126,0.027,55.1427,38.7693,345.0326
2.57,18.5415,26.3065,26.9738,54.4814,24.4636,64.3035,0.7611,18.2385,0.2854,68.3242,8.0543,10.959,23.2828,3.9297,0.4036,0.4403,4.8441,15.5435,43.2115,43.8143,32.0191,0.2492,0.0687,27.4893,76.1388,26.0734,11.2676,15.2307,0.0,1.7811,37.4528,38.1093,137.171,0.0391,21.6788,4.2133,35.3063,0.0822,43.2855,11.7927,138.6975,24.7859,2.9192,12.7426,0.0643,11.2039,32.6207,53.8588,35.8653,15.1113,10.1874,19.6889,18.7396,0.8866,0.7966,0.0,0.0155,0.4499,0.0,3.3581,0.1037,0.0607,1.4107,0.0676,0.4202,0.1467,0.1535,2.5966,28.7809,26.291,103.4738,0.6961,0.0349,19.0907,0.059,0.1724,95.2496,52.4488,1.1896,2.3283,108.6157,9.5274,28.9347,6.5692,15.3789,0.7732,0.0,0.3885,10.6764,0.7531,1.5888,1.0524,0.0959,77.9713,0.1275,15.445,1024.0245,7.4745,114.3274,21.4476,0.9055,63.1765,4.7562,33.3772,33.3533,28.7397,20.8602,25.5915,725.8669,1452.1416,0.2479,2.1573,0.0423,4.3186,3.0952,1.8211,0.7825,20.4439,19.6244,0.7157,10.2397,0.1637,84.6681,23.1578,34.2831,79.4692,18.4737,101.0869,475.5111,1.0671,193.8933,97.8464,1.3594,12.0181,6.8496,23.6225,8.2938,18.8883,124.4633,34.3706,58.0616,13.2848,4.2426,16.6955,5.8957,19.7358,7.9823,25.9771,37.3354,9.4404,1.385,10.8527,86.1019,1.0291,3.4049,8.9947,26.4356,28.4846,79.7633,112.0686,3.6519,0.1673,23.1016,0.1979,3.99,0.0601,9.668,18.9387,3.2221,22.1437,20.4839,10.3256,5.5198,4.1272,19.2027,2.9826,1.0994,7.4019,0.0095,11.3042,1.3829,3.2962,23.5549,78.2385,1.5826,4.5678,35.7858,6.253,24.9498,1.2433,5.6759,34.2371,144.7495,13.2922,18.5287,0.1554,35.933,77.5369,31.9414,1.2183,27.9811,21.1433,25.6337,49.5162,486.3534,54.4864,3.0309,6.1088,5.0923,42.3852,141.7719,2.7327,48.2853,1.7119,22.8453,32.8104,0.5329,37.899,0.6209,112.5821,11.9705,14.2386,18.2925,0.0912,34.3094,1.015,5.9428,32.163,4.907,26.7929,32.3746,10.4216,15.5944,9.8645,30.1341,3.0442,3.1422,68.6303,56.6557,8.8062,16.1632,33.1855,51.5768,1217.6505,3.6262,47.3721,3.8415,40.1176,1.9381,2.2732,25.8034,22.3031,3.6476,69.9531,15.4413,414.5372,2.236,12.5966,6.6875,4.0241,5.4439,17.7328,84.5494,7.5046,34.8745,0.1621,1.8342,3.5536,6.4198,0.6564,0.065,5.2152,0.0739,0.6407,0.6413,0.3725,0.6978,2.3887,0.0852,0.5128,6.8556,27.2802,8.6727,32.4258,158.7418,22.2623,0.1041,1.0067,15.5964,2.0743,19.7625,2.7695,26.7331,23.0876,10.64,0.6072,8.9796,5.2332,16.805,45.1866,7.3931,14.0879,2.5933,3.1607,16.879,8.4835,0.9497,0.745,5.6857,7.4657,7.0662,4.3217,0.0597,0.0589,0.0218,0.2948,16.5863,3.6988,0.4017,54.833,3.849,0.5927,38.1604,39.2145,117.9379
2.9683,46.9633,99.8601,51.2257,20.8833,85.696,20.1307,4.1362,4.8535,0.3191,10.389,13.2098,3.396,40.598,40.0214,0.2243,13.1562,7.5977,23.3389,39.0843,35.2047,21.872,4.6637,0.1586,55.6787,48.4271,155.7027,27.9904,3.7717,0.0,1.9976,70.096,1.6311,22.5386,0.0244,72.1818,7.1682,43.088,0.014,30.5275,33.4595,37.011,199.1368,356.1611,46.9797,0.0241,1.5071,96.6444,15.0551,5.545,39.7811,54.4059,442.2983,0.7949,0.351,0.421,0.0,0.0,0.0,0.0,0.1271,0.5832,0.3036,0.0431,0.5434,0.0751,0.0177,0.2225,11.6936,0.4555,0.6191,156.1487,0.0421,0.0786,74.1079,0.7964,1.4225,181.2448,2.5414,3.8368,0.7976,0.0,57.8093,42.0191,9.0816,34.4117,0.0,0.0,0.7618,8.3188,5.8918,0.298,1.2669,0.1973,259.1517,0.0412,18.5038,454.361,143.2422,180.3066,22.7188,0.6698,66.9305,16.6489,59.0719,32.0368,38.8084,36.8201,211.971,767.3758,2467.1145,0.5216,15.8332,0.0198,3.0021,37.3017,3.1604,0.1779,0.0822,5.4712,0.0933,1.0021,0.2262,10.363,10.3315,21.9455,43.6231,62.664,13.3545,9.793,0.3969,38.7528,347.797,0.7639,0.4255,10.4348,20.5381,8.6704,19.903,0.2574,39.9041,0.068,31.2643,17.4364,54.6336,21.4546,22.8516,78.914,0.6878,1.3939,1.7627,46.1432,0.4668,50.9903,64.6743,41.5973,36.2581,347.8248,55.0985,66.7916,71.9465,1.6561,0.1882,116.3834,0.7778,86.7403,0.3101,0.931,4.5175,6.6788,45.0473,37.8096,16.0481,2.3304,11.1499,15.8179,57.3587,44.482,25.2166,0.6059,65.5642,174.2157,1.7529,14.1586,51.7483,2.9285,14.4144,15.1525,0.913,58.5237,114.6181,0.0,101.7626,30.9958,9.4634,19.5115,0.218,52.6165,80.8182,11.5281,7.5818,75.1352,0.2272,6.5214,62.8807,106.5824,272.1987,7.3707,60.3251,39.4359,36.197,10.341,5.1491,6.7508,2.5136,56.8873,8.0781,2.5023,42.7264,0.174,20.8703,83.1648,4.6778,47.858,0.0,16.7782,0.1773,0.0,0.6489,21.5978,46.3663,0.3269,23.903,26.9,19.599,69.909,8.2731,32.7347,58.6995,22.7232,9.0974,41.76,103.8681,18.7599,190.8095,5.3329,0.9421,1.6467,56.942,0.7452,20.012,26.4078,85.535,195.4954,53.3807,76.133,237.4212,34.4932,61.1303,56.1046,43.1593,11.2621,6.5352,72.0194,1.513,126.8185,0.152,0.8019,24.5013,9.4286,6.2089,0.0203,0.1449,0.0,1.7595,0.3184,0.3493,2.4612,0.6662,0.1332,0.3578,4.1567,2.9672,10.3449,44.0342,163.3114,20.3555,0.0,5.2081,24.5863,4.1718,8.3414,3.4626,13.8523,4.554,5.7763,0.1571,1.2667,47.3831,60.9058,16.1585,9.8662,27.3461,13.1353,11.3258,17.2318,15.9926,0.4487,2.3287,54.3905,17.2935,20.255,0.3684,0.028,0.0,0.0817,0.0307,18.843,11.3287,13.9782,87.0597,0.9514,0.0,40.083,44.2354,0.1809
2.3043,21.9687,100.6842,20.8431,204.4919,71.3574,1.3865,0.8841,14.1753,0.6343,25.2343,19.101,4.9704,63.8516,17.8895,0.4837,0.4399,28.4931,10.2264,78.243,93.8267,70.7391,0.271,0.1283,23.041,59.6033,30.8344,22.3899,3.7011,0.0,7.3122,54.1794,27.9199,122.033,0.0677,42.6212,32.8891,47.4828,0.0475,130.784,27.1518,64.2411,89.0991,3.7995,7.4837,0.0892,59.2385,20.3973,61.5152,105.8322,58.3472,27.8942,70.4384,19.3311,1.5599,0.3682,0.0706,0.0,0.0945,0.0469,1.7404,0.6389,0.0117,0.2215,0.759,0.2236,0.0656,0.1008,7.0669,2.69,0.778,58.3737,0.0,0.21,16.8,0.15,0.2192,402.8211,91.886,2.7799,0.4332,162.6867,10.4098,38.9912,12.7537,11.55,0.1849,0.0,0.5103,6.7971,1.0072,9.8346,1.3313,0.4041,116.4685,0.0457,8.4397,3763.7906,13.5607,99.8492,30.3938,0.3139,65.4195,3.4686,77.5421,22.7581,16.0571,15.0703,83.4245,868.1964,1325.4978,0.2935,19.1038,0.1711,8.0203,18.7225,0.7225,14.4699,335.5735,88.7109,0.23,52.522,0.3086,481.1455,30.4269,89.4542,119.1289,25.1651,109.9605,1487.3481,0.9377,20.2948,268.7442,1.2262,205.4053,14.4935,61.5577,31.0528,59.5426,932.4907,61.7364,639.4853,18.0973,3.2751,82.9249,6.7793,22.8273,5.8776,478.3349,5.894,2.8862,8.459,172.2903,284.9886,69.93,4.947,7.1395,154.6793,35.649,64.652,223.7203,2.3698,0.8636,42.349,0.1743,4.0403,0.2258,21.4593,34.1742,6.3727,34.0591,70.529,11.7194,8.3039,3.236,10.4277,10.0188,1.716,3.6247,0.011,12.6356,1.3481,2.91,31.2323,71.9659,0.4878,9.4204,94.4598,55.2385,28.9012,1.0161,0.2838,55.8112,193.5015,8.065,14.4872,0.0811,46.6245,123.1077,37.1812,1.2431,22.1498,6.9248,13.3357,122.8711,615.5568,90.367,101.2001,14.304,16.0968,103.39,103.3488,2.6245,75.1953,1.181,61.5924,445.4406,0.7283,182.1733,0.1485,222.401,24.958,18.8926,23.2945,0.0843,67.7594,0.0665,0.3033,6.7178,4.1505,706.1602,184.0229,3.032,11.9702,7.8017,75.0736,3.0126,6.2534,99.0445,49.6035,12.8859,22.5114,21.2164,28.9942,474.3312,6.0505,32.2,57.9929,175.4718,1.94,7.4581,11.2621,43.9456,5.0548,52.571,14.5541,326.3073,4.7504,31.4062,22.4343,2.6836,3.5085,22.4707,125.8654,7.5024,32.9076,0.913,5.384,1.5551,6.9598,1.1875,0.0376,87.6973,0.0285,1.1901,1.5042,304.4557,0.2566,8.6928,0.0574,0.1608,10.3541,21.8863,3.788,30.9706,113.6806,50.837,0.0241,1.1902,21.3956,0.3363,9.0143,3.907,107.1955,9.9473,4.432,0.9196,3.6726,13.6815,27.5781,8.9636,2.841,18.122,1.1881,5.5609,9.815,36.2985,0.3938,0.489,7.6211,3.2674,57.0997,1.3338,0.138,0.0,0.1259,0.0946,12.9254,2.2021,1.5475,87.1784,1.0553,0.4359,34.3289,34.9829,125.527
4.3772,40.0408,66.8058,4.7553,220.3986,22.7222,0.6128,0.0845,0.5951,2.7641,26.2172,6.0123,3.8503,18.3858,54.3612,0.1501,1.7107,15.5301,4.6734,59.7767,71.2152,73.3811,0.3433,0.0884,8.2464,46.5986,32.2235,176.5103,5.0582,0.0,9.7095,46.4516,12.0058,115.4621,0.0,86.3252,6.727,72.2576,0.025,62.7817,13.5913,35.1693,57.1563,9.2277,10.4705,0.1722,13.2692,5.8905,82.5156,6.5139,31.2701,21.9389,34.918,1.5159,0.5769,4.7738,0.0,0.0,0.2327,0.0,0.0504,0.0,0.0,0.0,0.0162,0.558,1.045,0.1109,11.9687,0.5249,0.0325,126.1293,1.8033,0.0351,2.6044,0.3158,0.2884,808.8146,14.1708,6.9992,2.3097,0.0,11.2303,40.2719,18.9851,11.7299,0.0,0.0608,0.0295,6.9995,1.6382,1.0208,3.3194,0.0052,158.3619,0.0,6.9635,1076.6344,9.0667,83.5159,16.0717,0.1683,109.4823,3.7613,122.826,19.6163,3.9199,7.6832,115.8912,549.9576,1563.1664,0.526,0.8067,0.0,5.7247,9.6814,0.7276,20.0756,1.1365,12.9187,0.1025,2.5263,0.0577,200.0775,31.0675,23.3055,61.9548,35.7622,118.4202,17.8892,0.4869,12.4601,580.8672,0.1902,0.7252,41.9379,48.6921,22.6987,183.726,16.4105,93.6147,1.1034,19.5035,3.8491,54.2501,9.8208,31.4471,12.257,33.0897,7.6201,1.2857,15.985,7.2467,36.6656,55.9083,6.4414,6.1154,35.2061,19.7894,44.4744,85.1345,1.8531,0.4105,40.6454,0.0473,1.2403,0.1006,10.5996,10.9807,12.0118,16.7361,40.0717,8.5071,19.8148,2.192,6.7211,22.1908,5.7403,3.5112,0.0159,17.459,3.1117,1.9341,51.8555,71.2864,0.3531,1.5103,30.2603,24.2553,10.35,4.8811,0.0,43.495,89.65,5.2694,10.3767,0.1618,52.6898,111.1301,43.1105,2.1625,6.9488,0.5301,11.8335,302.6174,340.9556,274.602,30.762,23.5297,3.3488,43.9912,105.2959,12.4506,34.0085,0.5107,20.0563,127.1576,1.51,48.0286,0.0239,107.2598,27.5907,30.3895,32.6076,0.183,72.3933,0.055,0.0157,5.6732,4.3838,12.1382,0.7424,1.1406,3.5646,5.3166,250.3275,1.5624,2.1158,40.1533,54.7398,33.5144,20.0311,12.6655,54.3204,932.9636,2.2854,5.3109,1.5693,353.2743,2.9036,30.113,12.2735,42.9613,36.98,133.7853,14.5963,809.2859,8.7296,44.1684,16.0512,4.6858,3.2011,14.5108,145.2579,12.2739,30.9382,0.0,0.3954,0.8467,6.5413,0.6685,0.0181,47.4429,0.0,0.0,0.6628,0.5193,0.3914,6.9483,0.1545,0.0865,3.4412,6.1458,0.8158,27.3136,78.1233,0.1124,0.0,45.7291,14.5181,2.2772,5.5844,6.623,6.7043,2.8504,0.8555,0.1752,4.3721,4.2603,40.6899,11.1861,7.8364,21.3905,4.9384,6.5396,8.5272,11.9068,0.0425,0.8618,6.5219,2.4889,6.9688,0.1233,0.025,0.0,0.0,0.137,9.7064,3.1365,0.7094,34.1778,0.3395,0.0451,119.0167,58.9461,0.6187
4.4116,42.2526,109.5021,54.3486,16.9556,45.7307,0.2594,3.1632,0.2309,1.1835,14.7463,11.6356,1.1621,50.6339,41.1505,0.1023,15.8888,2.0869,24.4488,72.2316,107.4504,59.7921,3.587,0.0362,54.0113,58.1806,144.6678,22.658,1.0523,0.0,0.9165,74.6692,1.648,31.475,0.0111,90.2845,7.4558,32.5309,0.0064,45.2054,35.0473,38.745,202.8898,248.821,46.3184,0.1651,1.2882,108.0804,32.188,4.1084,43.9384,58.6309,520.1048,1.4961,0.1517,0.6321,0.0522,0.0,0.0,0.0,1.3273,0.7687,0.4848,0.0,0.5124,0.1712,0.0364,0.0119,2.5402,0.8833,0.0111,181.9245,0.0,0.1316,52.3637,0.5653,0.7376,138.9307,7.1684,3.423,0.5428,0.0521,68.122,96.061,15.6643,40.4856,0.2738,0.0,2.2367,8.2853,5.432,0.4351,0.858,0.1483,198.0552,0.0452,19.3151,390.5046,166.796,189.9908,24.3303,1.3947,73.4675,17.5085,54.6667,35.6833,43.2,25.8821,125.4085,1065.3379,3080.7044,0.4553,16.4786,0.0,1.9719,45.1594,4.4657,0.1217,0.075,9.5728,0.2096,1.308,0.3244,20.9099,13.8614,18.8332,60.3789,54.0318,8.758,70.492,0.5736,32.7765,377.2753,0.3972,0.8635,13.3204,8.0375,10.455,21.8689,0.1807,50.6813,0.2356,36.6696,16.2255,30.9132,22.5413,27.6305,150.0859,1.4994,1.5426,1.2446,46.2493,0.426,2.3908,12.7242,40.515,32.3791,264.5159,31.6503,43.835,65.4794,0.2561,0.0954,84.6639,0.5001,48.7565,0.463,1.8407,3.5336,0.6244,37.024,78.187,17.9768,2.17,13.5993,19.8856,89.6397,42.1394,26.2435,0.309,105.6179,176.8385,1.8739,16.3663,64.7392,1.7335,11.8903,17.0116,3.055,67.6605,72.7941,9.5409,116.3744,27.073,11.3961,22.9439,0.1261,47.1121,77.799,10.2744,6.709,68.2629,0.1435,8.7863,72.4106,163.2716,255.7892,8.2654,43.9429,40.4758,38.8975,12.016,6.3567,8.3027,3.3159,63.1892,7.6717,5.3194,45.5587,0.0733,23.7671,86.786,5.416,47.8539,0.0,17.002,10.2047,0.0321,1.5396,23.5075,82.7845,0.7323,24.6239,30.0043,18.2239,67.3368,10.0903,28.9809,52.2784,19.493,8.021,47.7863,87.9372,19.1789,226.1996,6.4224,1.9312,2.2029,42.3427,0.3331,9.308,21.3051,98.5763,275.9489,69.0513,106.9587,340.0813,14.2756,56.3357,60.8925,29.7163,10.8352,6.5922,43.7727,2.5045,86.6266,0.2773,0.0,8.8571,9.0269,3.2726,0.0,0.0,0.0,2.3889,0.4842,0.0354,1.0857,0.0419,0.1215,1.0272,0.205,4.1631,19.5387,55.7494,232.4223,1.3515,0.0178,3.6042,23.4951,4.2569,5.7487,7.7407,14.3557,2.0888,3.4586,0.0358,2.1413,43.7221,47.1815,12.52,10.9478,31.9511,19.2744,7.3412,20.8434,14.1901,0.7444,2.7548,52.2149,18.2795,13.519,0.1261,0.1022,0.0,0.0,0.028,29.41,13.8529,12.9471,72.2508,0.1411,0.0,49.206,44.4327,0.0413
3.7888,11.564,30.8533,8.8366,387.5818,43.0709,9.2533,0.7283,80.3169,4.7286,41.9602,42.9131,17.4176,47.4049,15.1012,58.1873,0.9383,7.1622,11.1626,15.4277,34.7813,31.1802,1.4551,1.4108,28.4378,57.3918,52.9182,33.8647,6.0463,0.0,4.3729,26.2661,15.6267,166.7269,0.0,59.8405,12.419,32.1833,0.0346,71.0231,15.5077,70.5951,12.2175,7.4056,8.5341,0.0331,46.1255,40.9396,110.7554,96.4396,28.2795,23.7991,33.7713,27.2519,1.198,1.8657,0.0,0.0,0.0,0.0,5.1446,0.2492,0.0417,2.3783,0.5375,0.2887,0.2365,0.2014,7.8244,120.5111,33.7455,62.5391,0.2545,2.1316,16.2286,1.1185,0.1599,55.2488,921.3267,3.4085,0.6983,76.7983,18.5568,45.8281,4.2948,27.6554,0.055,0.0,0.2548,6.7625,2.8829,1.4016,2.7225,0.236,70.2136,0.1767,10.6267,1315.1432,9.4431,92.4666,15.205,1.4412,186.8449,10.2667,57.5002,32.5213,16.1275,16.8726,9.3304,406.5651,995.0093,0.7726,14.6415,0.0109,11.0858,10.1324,2.0449,2.2483,11.133,67.8549,2.3431,33.7909,0.3906,39.9096,32.0469,36.0816,70.0137,42.2281,431.1678,2071.4555,5.6987,36.5786,311.5135,5.4916,8.7596,11.8397,37.4815,14.506,56.7703,89.5462,49.2385,30.8373,23.0695,4.8221,35.6315,8.1296,24.6626,12.4035,19.3665,22.0254,5.5857,10.163,11.0307,107.0,34.4364,4.8772,9.8675,135.0733,38.6824,48.6737,202.907,1.8355,0.931,55.9846,0.2429,8.309,0.1549,12.7165,12.1337,10.8781,21.3848,44.7435,18.1742,4.8262,5.3094,22.1372,11.9358,4.0632,11.0443,0.049,15.0615,5.3113,30.0538,29.566,67.9363,14.3638,13.0139,83.6981,6.9459,4.1852,6.0267,0.1786,80.7396,153.6827,8.2318,15.4592,0.3215,49.2,76.3112,17.3176,3.8283,21.7201,5.0417,14.4083,26.3655,462.7028,72.8262,6.007,5.6234,22.3238,78.2227,111.7118,5.745,22.5144,8.028,45.477,158.6511,3.8807,75.8283,0.6179,49.0436,30.0253,35.2972,23.5097,0.3758,10.6614,2.1429,10.5876,51.5599,3.6516,246.7452,4.5727,16.3074,20.8293,16.8466,40.3996,4.1147,1.4099,137.0594,88.2796,13.721,25.0216,15.5915,24.2662,286.8033,7.1937,11.0516,34.1807,98.1952,2.1144,3.3785,16.5648,60.3712,30.2336,60.1594,21.4282,219.3582,13.2955,16.9826,9.5085,3.2056,10.3375,40.3132,73.3783,14.018,15.034,0.4175,0.2783,2.0149,28.0976,0.6471,0.5694,33.9698,0.0,0.0707,0.7193,0.4052,2.9257,9.4811,0.9367,1.02,0.8917,8.6843,1.7421,60.9091,213.9473,23.3241,0.0429,14.3456,19.3203,2.8439,14.9103,3.9631,36.8172,15.4344,5.1314,1.079,9.414,48.452,43.8118,11.3856,11.6592,17.8774,6.2476,4.1735,18.3545,12.9439,0.8293,1.2038,8.88,5.2255,14.2685,0.6327,0.0615,0.0,0.1797,2.7171,6.1841,2.2318,2.1273,28.559,1.3462,0.2777,33.9802,41.6687,213.6705
4.2663,56.6496,82.6528,20.8654,240.5012,84.9896,159.8123,1.1686,129.4979,2.7186,64.8395,110.4196,15.9449,57.5727,35.4917,5.6121,11.501,115.1932,15.1489,95.8532,90.5165,65.5873,1.3668,3.015,51.5128,95.3161,99.663,34.9046,6.3682,0.0,11.8283,24.4229,40.314,214.6692,0.0,105.3693,4.0687,50.5851,0.0317,78.7396,34.197,145.552,67.3017,34.0594,19.3132,0.0623,65.1039,58.123,237.596,70.7573,45.7227,30.3396,29.1305,36.0027,5.8641,0.6797,0.0,0.0,0.0495,0.0,1.6094,0.0628,0.0551,0.7057,1.076,0.5332,0.149,0.0803,6.5978,150.3424,53.1023,105.1051,0.4351,2.6234,16.2729,0.3429,0.6368,309.5077,115.1028,4.1202,5.5981,161.6544,43.5938,44.994,15.1017,38.1273,0.0,0.022,0.1818,19.844,0.6645,1.4392,15.4257,0.5789,84.6771,0.008,32.3945,1232.2653,38.3942,310.827,32.1068,0.6275,146.4933,6.9876,107.7869,42.4449,8.3774,33.5323,65.4125,906.5038,1330.078,0.238,66.1247,0.0,23.4715,41.0907,1.7776,0.2441,228.7886,146.8406,1.7244,98.3499,1.2572,74.0461,127.3728,100.0174,95.1838,96.9211,240.6328,1206.1499,5.2388,47.3117,382.6448,6.2697,84.8799,18.1725,145.223,42.0855,30.4395,499.464,100.9325,286.9404,40.6414,15.2717,75.5695,27.9537,24.8747,31.8687,48.8638,82.6705,2.422,20.7696,131.147,297.2899,164.9718,16.9832,15.4032,39.3452,59.8788,67.5523,295.39,21.0622,0.493,127.7464,0.4566,12.1969,2.503,13.0112,20.9565,9.8363,20.7356,67.115,16.1581,11.527,10.6378,44.5679,16.0902,2.2305,60.939,0.1611,38.3238,4.3757,25.1272,57.3743,42.246,33.9823,14.1722,125.4248,0.4062,13.8186,4.0654,0.0962,93.7256,93.3349,21.0819,11.4089,1.2163,83.0848,51.0533,12.7842,2.1923,47.0623,34.1545,43.6737,56.0861,708.0795,34.9245,27.5905,32.3765,35.3499,64.322,63.8648,8.2505,20.3692,52.7627,52.3564,26.8877,9.7237,75.5357,0.242,39.3207,43.3894,37.6585,49.323,0.0883,37.7536,0.0771,0.0227,52.3517,21.6456,1147.9413,9.5477,23.8103,29.9791,34.4414,44.2564,9.7176,5.7012,83.3714,125.6977,23.9916,30.9033,25.44,27.7513,306.1197,6.7787,32.8381,35.7259,124.1116,19.8627,16.6941,41.0958,54.199,70.8055,130.2682,84.5732,501.3433,9.4116,32.4966,23.7809,10.2013,11.0222,148.022,103.1039,7.3049,39.0641,0.2944,12.0536,3.0432,49.9511,4.4588,3.0174,58.1473,0.0,0.1386,2.4443,7.8938,12.6357,23.9965,0.2107,0.1516,3.2042,8.5761,6.4584,95.8999,203.1502,32.6281,0.0126,22.2741,31.269,9.287,30.0529,6.0003,167.9589,17.7448,3.1551,0.2282,53.9722,29.8913,77.4728,18.0226,20.9406,30.8076,49.2793,6.8012,27.1439,56.5111,0.9065,1.2253,13.4977,12.8237,10.8884,1.0557,2.7295,0.0,0.0924,7.1097,25.0002,11.3869,13.7359,61.6446,5.8479,0.0,64.6911,102.1809,373.6179
2.2175,63.6588,66.9429,16.7711,979.6527,109.6148,94.9659,1.0827,288.8269,0.0336,49.4299,64.2576,58.9393,56.0829,45.6479,51.2435,4.0158,3.0151,11.0909,97.4109,46.2791,44.7816,0.7588,0.0452,20.9511,38.4156,52.5649,46.3719,8.4909,0.0,5.8086,26.026,6.165,198.5925,0.008,72.0933,8.507,54.7594,0.0183,119.4598,29.6224,105.1102,106.0825,75.9397,18.3701,0.3854,33.9483,19.3826,72.2293,64.7383,22.351,43.3043,16.4164,32.1384,1.2048,0.0886,0.0,0.0,0.0,0.0,0.6169,0.0423,0.099,0.0281,0.7205,0.0897,0.1852,0.0171,2.4012,62.9831,7.2428,186.49,0.357,0.0,4.2404,0.6348,0.7168,111.0335,174.8411,4.6443,2.0453,102.9269,33.5791,16.492,1.9212,24.7713,0.0,0.0,0.2592,7.5854,0.2763,0.5907,5.1482,0.1551,93.1049,0.0108,14.5242,2172.0211,20.6044,292.3771,20.5988,0.6152,89.4939,9.9213,131.8094,22.6789,6.7359,32.7614,51.3345,469.4322,1078.4769,0.1405,19.1437,0.0129,3.582,33.9484,3.4238,0.319,0.8039,10.9092,0.1311,42.7434,1.928,19.943,41.482,11.9086,84.1024,58.2223,250.3493,1205.1921,3.7426,27.1996,270.1704,0.3244,9.9849,5.5028,47.6989,6.4512,15.9418,12.0466,9.0576,2.2334,29.5163,9.4367,39.7623,13.433,33.8407,59.1571,19.6845,9.5536,1.7536,12.5948,1.7047,15.5802,24.555,11.4612,17.5869,50.1574,29.6841,39.2535,104.3364,3.0751,0.0955,51.7202,0.2651,9.0767,0.1103,6.0853,7.0341,2.0174,31.5525,19.9889,11.1454,6.306,6.3564,19.7349,13.3587,3.3458,5.4292,0.0581,54.4407,9.3758,26.347,37.7086,76.8888,8.671,1.8844,76.653,1.9052,3.0497,4.1542,0.3886,44.2502,82.4862,9.1669,10.8342,0.2154,77.3886,69.1112,15.1055,1.5283,22.0455,1.0598,10.1733,128.0488,531.8164,66.683,23.0959,27.8601,15.4068,100.7048,39.6861,9.4927,10.7401,26.2106,36.8451,13.0436,4.0676,54.4609,0.0873,63.5744,28.1414,22.3815,65.42,0.0669,10.2761,0.1055,0.0688,8.4627,7.3719,162.148,1.2403,6.0379,12.6978,17.4613,82.9711,4.632,2.5026,155.6694,73.1215,31.3692,37.2043,18.8897,37.9046,600.544,10.6352,7.3899,30.2626,40.4782,0.2083,4.9282,17.4759,16.2658,35.6979,100.9785,55.3607,371.1207,11.7829,34.0357,10.3788,5.6396,5.9565,22.3811,117.9297,10.1874,24.1229,0.1486,0.5917,0.211,19.8044,0.3141,0.0795,59.528,0.0,0.1119,0.8535,259.2594,14.8813,7.7604,0.0347,0.1556,0.4477,6.5038,0.1306,41.7135,127.488,0.6164,0.0,11.9152,25.2596,1.2627,13.5771,4.9222,86.067,11.459,3.4839,3.0986,5.9716,55.1315,26.6369,12.8649,12.139,25.2346,19.9866,10.4056,10.5382,14.6938,0.2527,1.2486,9.401,3.5651,4.1804,0.2402,0.2373,0.0,0.08,0.1402,39.7158,5.2763,12.4449,19.1692,0.2947,0.0659,74.7676,83.7713,239.5887
0.2743,17.3635,32.8161,28.6143,29.6205,38.1572,0.0,1.2583,0.0,0.0044,35.9353,9.8917,0.7565,23.7464,6.144,0.0,3.2745,32.8012,14.1784,43.1211,0.0161,1.4172,0.9092,0.2713,21.1604,80.5186,42.0502,1.5051,0.0103,0.0,0.0654,17.1126,18.6554,298.3097,0.0,79.3303,10.7044,14.2268,0.0539,59.7608,21.4039,31.7604,22.6468,3.7466,10.1532,1.3207,16.3768,27.1795,26.8315,52.1999,22.2965,14.0815,18.9531,156.8291,0.0395,0.0929,0.0,0.0249,0.0131,0.0,0.0483,0.1109,2.0939,0.0062,0.1007,0.3692,0.0607,1.0917,2.9671,18.4756,30.6888,41.8964,1.3688,0.028,21.2724,0.0378,0.1383,18.7146,621.8806,0.0996,0.4076,65.7769,17.3393,16.8395,1.3746,20.3157,0.6203,0.0,0.0708,12.3368,0.0604,0.0051,0.0057,0.0,88.9218,0.0353,16.0225,737.194,17.1462,152.7916,17.7841,0.0081,119.9946,19.2372,13.732,124.9391,109.2047,34.4325,36.5378,330.8832,807.5869,0.0291,10.5237,0.0085,6.2156,21.6218,0.0,0.0951,5.6772,200.6345,0.3654,108.4774,0.5874,52.8158,101.7361,128.14,32.3626,30.2888,166.2007,215.4511,1.0753,351.1495,128.8236,1.1094,36.9663,0.6404,27.9919,14.8635,45.1552,201.5543,81.4942,103.0351,21.0075,7.5302,22.7983,10.7269,11.3904,21.5703,252.9785,53.4211,8.9318,8.7744,130.5008,0.0418,0.0337,7.6929,16.387,64.8343,38.6298,27.2572,96.0693,1.9329,0.1252,56.9567,0.0378,0.0734,0.3858,10.6562,0.3549,0.4205,12.4281,0.0221,2.2079,1.4985,15.6166,24.5579,2.0258,4.4903,34.6634,0.0229,27.1211,8.9271,45.5875,4.264,58.8644,1.6334,3.942,8.0615,48.214,38.1389,12.4412,2.2475,76.6315,25.8391,7.7862,18.33,0.3075,42.2945,20.3882,16.3591,0.1099,0.0142,2.1377,34.4712,53.1361,153.8864,8.5477,4.5151,6.7249,13.4685,39.3429,58.8729,1.909,11.0519,16.0311,46.076,64.0606,0.0718,39.1593,0.0916,51.4967,16.8558,6.6084,27.9729,0.0,20.594,0.0989,53.8353,58.1594,7.3694,28.4236,30.2527,6.3463,14.8459,32.6646,0.0,7.6951,15.2737,27.1167,61.9908,2.9213,30.0075,42.8833,24.8933,232.7229,5.7278,31.3476,9.4203,4.0391,0.2016,1.0473,14.1217,94.1793,48.5476,52.2174,34.1025,609.009,0.6067,10.4478,10.871,7.8516,9.0482,49.9239,26.1693,0.0301,27.3063,0.065,0.0,1.6974,0.1816,0.0458,0.0,0.9529,0.0198,0.9361,0.0454,0.249,0.6583,1.2184,0.0342,0.0,2.9792,60.8507,8.9664,24.5467,189.7265,0.5795,0.0084,4.0282,19.5647,2.2361,3.876,6.0413,39.7702,6.3941,3.9745,0.0504,0.7283,4.3557,37.1548,15.1482,7.8424,27.0974,1.7025,5.8403,16.3891,5.8245,0.0145,0.4648,22.5954,9.2058,8.1104,2.0878,0.3951,0.1654,0.2797,0.1182,5.5809,7.184,5.7192,33.5623,1.1088,7.283,24.7935,41.4766,254.8234
2.9062,25.6071,75.473,2.0734,159.0743,120.7176,0.3619,0.2726,1.687,1.8951,28.042,35.1611,22.35,96.7982,20.1737,29.9634,1.8284,8.3248,11.4864,51.9688,95.3237,64.4824,2.527,9.4739,14.0958,68.1137,75.1617,22.776,3.2302,0.0,2.1599,22.5402,20.6696,114.5864,0.0,101.3358,31.5719,39.1375,0.0535,57.2919,15.6544,58.9828,14.9209,2.5353,23.1601,0.5806,21.1693,35.7477,93.4027,81.7894,21.6383,20.5681,44.2367,32.8768,1.4539,1.3177,0.0,0.0,0.0,0.0,12.8698,0.099,0.3334,0.9447,0.083,0.1147,0.4712,0.19,5.4533,518.9185,2.2256,111.2315,0.3217,0.1402,12.4845,1.2845,0.0741,107.9628,86.377,2.8376,1.1309,50.7696,18.9444,21.6648,9.0215,28.0012,0.0,0.0,0.9868,16.0967,0.9712,0.5827,1.085,0.9221,108.4653,0.0819,15.0294,1717.7955,16.606,191.6309,33.2738,1.4054,158.5721,4.7917,100.0554,45.4609,14.0343,19.894,40.7018,800.8053,1951.7398,1.0221,13.6341,0.0,9.779,16.0908,0.2726,29.9314,18.7427,87.6306,0.4826,41.4494,0.3579,169.2569,54.678,59.0064,44.8404,46.2029,103.8878,553.6677,17.7028,20.3947,400.3118,2.0155,3.1828,14.5126,42.1286,45.2942,83.4813,155.3949,77.542,53.4725,23.0567,6.0131,29.2549,9.256,17.1772,27.8391,47.4069,3.2513,2.9195,18.3009,1004.2878,90.3085,15.5872,11.9725,9.9721,35.4839,21.7103,42.4233,132.3145,6.0686,0.2397,80.6436,0.027,5.2054,1.0768,62.588,22.9967,5.6326,33.1895,32.0579,14.2425,14.1337,6.2977,18.8888,17.9146,3.3042,13.9852,0.0817,30.8479,11.5727,6.0563,23.8748,61.6991,1.2396,3.3572,68.5108,86.2891,3.3212,5.4713,0.0,61.9998,37.0145,9.526,8.8622,0.8889,65.9396,78.7889,28.109,1.958,29.193,21.1613,40.1492,84.3951,329.5835,96.4822,37.3178,25.2316,20.2004,58.116,67.6187,3.0882,29.3295,2.6049,42.521,105.314,3.1044,56.1932,1.3294,118.7964,21.6958,19.2888,32.2695,0.0522,59.5264,0.1001,4.1096,3.6882,7.5887,318.8693,7.2881,14.7541,22.8166,15.4487,23.3965,5.0306,2.5091,52.2485,41.6565,16.2206,28.781,19.69,35.9871,444.7884,15.2523,16.1677,21.1723,76.7753,1.1502,10.3899,13.1065,96.245,17.6104,92.6526,51.9827,608.9965,8.7317,14.5381,8.0807,18.7614,3.8826,77.4777,135.0197,7.7148,46.9339,0.029,0.3063,3.9711,2.1128,0.2045,6.5032,27.2731,0.0,0.0328,0.3784,1.0969,1.6076,3.6507,0.295,0.336,49.2843,10.4556,7.0976,32.0244,147.7894,3.8998,0.0,0.8455,11.9751,0.8876,7.219,18.8793,48.3664,17.5049,4.0292,0.66,8.1223,19.158,59.9394,21.8362,16.0891,25.2676,23.2441,4.6094,8.9591,16.077,0.6128,0.9093,8.3082,10.3013,3.6628,0.8092,0.0855,0.0,0.3123,0.2112,21.6792,3.3393,1.6786,57.3811,1.6626,0.0,98.0738,68.7773,192.3124
1.6703,12.1713,38.3774,7.6551,107.7454,33.7486,3.1099,0.5639,6.9704,1.208,29.1014,15.0468,57.7492,24.2113,11.8481,0.8495,0.3299,9.2804,8.6358,24.9083,31.6121,24.3523,1.1987,1.2015,27.9707,40.031,17.4888,22.3386,5.2692,0.0,6.0118,32.7001,23.5812,91.7503,0.0176,43.5562,24.8209,18.5929,0.1415,49.6486,11.4862,45.6889,14.2476,3.6948,6.7877,0.058,7.7444,20.2204,59.2249,87.492,44.5298,11.2631,21.8898,36.6333,0.3821,0.4377,0.0275,0.028,0.0,0.0,1.4806,0.0623,0.5476,0.1798,0.0784,0.0361,0.0512,0.0094,3.521,39.062,13.2535,67.1717,1.3773,0.0126,6.196,0.8619,0.1555,20.0742,184.7345,3.29,2.3669,42.6923,21.1803,37.0862,2.5999,13.0484,0.0,0.0328,0.223,6.7609,1.7081,2.8606,0.4234,0.0363,81.4368,0.0317,8.5561,1138.2943,6.7142,81.3708,6.526,0.844,55.3225,7.5207,25.7534,18.0755,46.3931,14.6701,24.6629,552.3134,1309.4509,0.349,1.6508,0.0,2.1184,5.9086,2.0351,3.0588,145.8935,39.7383,0.076,12.0449,0.0078,77.9338,16.5342,16.1239,78.7974,32.7398,87.0105,202.4576,5.7598,9.6206,198.5499,1.1066,11.8644,6.6663,31.7204,5.7082,81.7629,118.4929,31.8062,16.9115,16.7951,3.3205,22.944,5.497,14.1815,5.611,20.4066,9.6643,3.6638,9.8896,38.1713,53.3031,47.4391,3.4048,3.7205,40.3655,19.0137,63.6149,200.0398,3.4158,22.9279,32.1845,0.1786,3.3269,0.1898,6.1198,6.5852,9.6004,15.0217,16.3503,10.26,2.8289,2.4743,13.9581,9.3782,6.9077,5.048,0.0429,17.275,6.3233,5.7127,13.886,60.7788,4.1877,11.6377,30.1562,21.0791,38.4703,4.5182,1.6676,26.2501,139.7287,5.1969,11.9598,0.1236,46.9078,52.229,24.4342,6.712,15.5331,5.3881,15.7676,27.9702,236.5997,109.2812,13.2799,2.9275,13.3694,25.7574,47.7937,1.4524,35.0654,6.8952,29.3712,71.3529,2.9336,58.776,0.5408,82.365,10.4328,26.3368,21.566,0.2796,25.2821,1.2566,17.5621,65.754,1.7089,44.0622,15.138,7.2953,14.7322,9.9366,37.7697,2.0246,1.9911,42.4625,32.8131,10.1788,11.6862,38.2372,19.3117,391.2557,11.5058,32.1332,12.2229,52.012,1.2801,1.0253,12.0145,53.7278,6.3702,61.6072,12.0872,378.9355,7.6331,17.5818,12.8338,2.1191,3.7293,23.3748,76.8756,2.7078,22.6802,0.5665,0.7613,0.6639,4.5723,1.4675,0.0489,0.967,0.0,0.2683,0.2552,1.1946,1.0765,1.094,0.0833,0.5378,2.7739,40.377,1.7913,35.6196,131.5645,12.8222,0.0282,5.8139,10.2875,5.6051,8.1464,4.6611,10.8109,18.2576,4.0852,0.4156,2.7966,19.7392,32.3488,11.2367,11.4819,7.6434,5.4206,3.984,9.3609,16.2885,0.4414,0.8961,7.5875,4.9851,19.0188,7.4646,0.0404,0.0,0.059,0.192,3.7764,2.0494,1.7916,47.8951,2.5683,0.6076,18.7359,34.9091,192.5144
3.6813,69.0513,65.1048,20.8926,313.794,92.7648,77.8808,0.2453,46.5982,2.1224,63.5833,28.0416,10.2582,50.7786,26.7,50.9658,2.518,66.9723,15.9974,53.0387,54.2272,44.3132,8.0839,9.0064,22.6623,82.5782,85.8149,39.0912,5.6442,0.0,4.7706,30.6895,29.2605,208.9845,0.0,196.1329,16.1386,50.1771,0.0345,77.7074,18.2677,70.5836,48.6105,8.5798,32.5933,0.2378,60.8063,33.0475,309.369,72.5825,33.2555,23.4997,45.3574,6.3505,6.4505,0.3682,0.0,0.0,0.5041,0.0,0.4292,0.0532,0.0312,0.0236,1.0862,0.0617,0.0583,0.0161,2.9629,32.3201,7.2594,76.1158,0.1384,0.0323,12.0286,0.9814,0.5312,274.0573,111.9779,6.5455,3.4816,88.1435,27.1629,46.5056,5.9004,22.577,0.0411,0.0,0.2177,10.3215,0.5304,0.4112,7.4331,2.3929,117.6088,0.0,17.4128,1552.1931,29.5993,89.974,23.8443,0.341,325.9505,6.6836,100.6327,869.4616,632.8112,28.2646,42.0423,900.8368,1128.3225,0.1118,58.7179,0.0,20.7459,18.0821,17.462,1.8631,260.0747,78.8856,0.4069,64.567,0.3716,247.1281,46.7671,130.6763,59.4203,49.304,103.7626,457.3339,1.481,23.0675,409.7324,1.9046,34.511,10.1112,87.644,29.2998,42.8737,224.2991,55.3777,122.3428,28.3913,12.666,47.1252,14.0653,29.7532,27.7374,87.764,35.0944,6.2996,24.3067,110.0988,95.1157,113.2482,12.6473,18.141,117.8461,67.2884,92.6133,191.6883,5.7876,0.1546,74.9561,0.334,3.8772,0.0695,37.2918,15.9615,2.5493,21.1069,27.4585,9.4921,5.2222,9.1903,17.3226,33.478,5.3051,9.7836,0.0,23.0484,4.3797,10.8617,50.5093,66.6704,3.9337,4.2702,61.4415,2.0667,4.5452,3.5573,0.1335,72.3067,58.548,15.8374,19.3879,0.3334,76.2974,72.5784,10.0456,1.9648,25.4704,11.7003,26.1209,62.5249,390.5553,144.7291,15.6507,23.5529,27.3418,75.1416,129.9852,5.238,14.1832,3.2712,47.5902,122.7999,3.0805,65.3667,0.2639,66.1482,46.4483,56.2523,50.1573,0.0,30.234,0.2912,1.8629,9.5734,11.3397,179.9688,2.5634,5.2193,21.0642,20.3105,53.0207,2.8127,7.1081,471.0566,119.8045,24.9842,32.885,24.2763,28.3406,239.0012,3.9466,9.5897,35.1562,111.6176,31.3459,10.9984,146.1511,36.7332,56.6222,105.3234,47.1871,612.3597,20.2641,32.6882,27.3437,6.9201,7.8105,84.0963,71.3646,12.0242,37.8853,0.3121,2.5484,2.3033,12.9656,1.1872,4.4894,50.8116,0.0,0.6346,0.8427,0.2232,0.4642,2.7365,0.0219,0.5389,1.3331,10.0615,0.5209,47.9576,207.076,9.9141,0.0321,5.9719,23.2662,1.6196,10.9091,19.0216,74.9343,6.5811,6.2831,0.3549,15.9153,29.4321,66.1988,33.0913,16.124,30.3832,16.1348,4.5434,11.8485,22.3833,0.43,0.581,11.9718,10.2452,6.5495,0.2648,0.023,0.0,1.7797,0.6812,20.1785,3.1165,6.4807,68.6431,22.1568,0.8301,48.744,53.6543,290.8223
1.9882,32.3763,45.4845,59.4867,373.4694,43.7954,29.184,0.8782,57.0488,2.804,42.4746,31.3735,3.4883,34.0613,15.4543,9.3674,1.0128,56.6476,15.1765,50.8518,79.9689,111.2738,0.1885,58.3324,29.9905,74.4282,115.8839,11.6962,4.9253,0.0,2.1373,30.0145,23.4207,167.4411,0.0173,59.417,2.5646,61.834,0.0398,101.8445,23.0744,70.8042,18.3687,6.4891,12.5767,0.4193,395.7756,40.2291,197.4223,32.3489,37.9114,26.7464,211.3141,5.1175,0.8389,0.4432,0.0,0.0,0.4788,0.0,0.0801,0.0919,0.0942,0.102,0.1542,0.6834,0.0755,0.0325,1.4042,212.0439,11.9007,74.0742,0.1494,0.0372,12.9626,0.2197,0.2523,62.8316,360.0069,3.0871,1.0646,60.2554,22.2604,71.2165,3.9554,9.718,0.0,0.0,0.282,6.1763,3.9937,0.3467,16.2202,0.3458,99.2525,0.0,18.2916,1905.9868,17.2314,159.6282,40.5994,0.1405,223.8628,15.2689,226.0955,90.1036,15.2634,25.555,65.0851,906.2317,1485.1859,0.1287,56.6629,0.2251,17.9858,7.6629,3.0376,2.8709,138.3887,1999.2492,0.1426,133.9854,0.745,790.3246,114.395,234.99,66.2519,50.5894,412.3887,1430.557,1.5254,18.8811,210.4638,1.9094,952.2607,8.3287,99.9995,41.175,35.9027,3028.9914,181.2519,4077.0724,27.3929,4.5981,66.4626,6.9486,29.1784,7.4214,107.822,10.1828,1.2049,9.2546,1098.7832,40.8894,113.7811,9.2081,14.0247,236.9004,64.5958,48.7819,209.6398,2.0112,1.8251,102.014,0.5016,0.9984,0.0,106.7708,12.2142,2.2289,23.3302,23.7673,17.7984,7.6025,10.4124,12.054,28.4778,2.152,9.1058,0.0253,28.9427,6.1442,11.5269,140.9464,96.4841,16.7745,3.3601,195.4976,0.403,6.6062,0.6971,0.0769,94.5242,41.0248,9.21,11.2032,0.4747,116.6394,58.6448,33.3627,1.5677,25.1564,26.8036,80.4255,73.0193,1294.032,272.7093,26.1448,23.4298,14.2159,172.1835,203.1331,4.5917,17.7117,1.5007,66.3689,143.3517,0.9005,105.1738,4.5579,49.3943,33.9331,74.2884,34.6215,4.3176,13.2171,0.0164,0.1247,24.7468,9.2893,682.9613,0.7168,1.0581,18.6505,20.4049,20.0619,4.2451,8.7028,395.0202,95.5396,11.5574,20.2268,26.9685,41.659,219.6143,1.4745,4.7364,130.1881,271.492,10.6379,4.9864,49.9357,17.4951,21.6658,114.043,48.2811,593.4237,10.0039,34.4087,15.4404,2.3803,10.5189,29.536,112.8863,146.1223,11.6664,0.0539,0.1797,13.7248,10.1473,0.3038,24.7747,80.6408,0.0,0.0609,2.6099,0.2202,0.8704,19.0197,0.0945,0.1639,0.5933,3.7834,1.3541,37.7652,192.2033,54.0293,0.0,1.7704,22.6209,0.4371,3.4748,3.4815,76.3368,1.979,8.8597,0.3622,44.8708,15.5439,40.8436,23.7554,5.0544,32.3703,7.7389,8.185,12.7641,16.7018,0.135,0.3916,30.8931,7.8632,14.4457,0.0653,0.0199,0.0,1.4789,8.6929,6.0207,1.3326,3.6964,43.2633,1.6198,0.0358,51.9526,52.9308,236.879
1.7686,8.4936,17.8436,24.2936,130.2127,16.2463,79.1054,1.3174,37.904,3.9663,56.3516,29.2219,5.6431,33.2673,16.4751,15.3348,1.5683,6.3383,20.8921,60.6227,51.7386,32.1319,14.2518,2.8701,42.0067,65.3964,33.3983,6.5087,1.4076,0.0,1.9887,23.6411,41.0407,242.0546,0.0,57.7787,75.988,28.5951,0.015,65.5836,8.719,66.2933,20.4211,6.5776,12.9878,0.0516,54.562,33.3695,133.4051,106.0902,37.4288,19.3237,21.4447,92.749,0.6479,0.6737,0.049,0.0,0.0,0.0325,1.1897,0.0277,0.1461,0.4182,0.0077,1.0005,0.4858,0.0756,2.5637,15.4138,11.2859,67.1679,1.1166,0.0448,15.1865,0.2271,0.1521,15.4123,249.5263,1.1796,0.8962,164.2557,24.164,42.7816,2.0513,13.3506,0.0,0.0291,0.1133,12.6607,0.7076,0.9379,0.3878,0.0496,81.3036,0.0176,12.1589,1155.9883,9.0482,140.712,15.0466,1.2104,103.4669,12.3839,45.9643,47.9113,41.3077,36.6819,26.0443,1053.4441,1672.1298,0.1018,6.9324,0.0848,3.1322,11.8891,0.3488,0.1522,21.7225,214.9596,0.2088,50.0997,0.0484,157.5611,95.077,68.8175,112.1729,53.3035,80.0793,1011.0803,1.825,554.7305,208.2322,1.683,33.0462,9.4312,63.6469,18.0644,71.2257,287.0519,67.6071,162.4922,30.7392,6.6523,49.194,11.5325,18.6657,12.3979,124.4181,10.0769,5.1561,7.7268,23.1788,50.2789,5.6768,6.6361,14.1923,36.9551,45.1608,95.2033,100.6076,0.9723,1.8964,62.0997,0.0983,3.2884,0.6751,20.77,7.0282,17.7399,13.1684,22.8986,7.035,2.4001,5.6865,46.7876,4.0698,4.5254,8.4707,0.0838,8.7771,1.7211,11.3461,32.6862,189.8673,8.6486,10.2598,127.0117,36.0616,25.7792,1.0221,0.4865,49.3867,210.4787,12.3534,18.0426,0.1071,56.3696,59.3751,18.1084,4.6796,28.3901,1.9432,39.8226,59.6717,382.2675,21.9444,4.1674,12.1342,12.7459,60.8998,88.3146,3.9,19.7705,9.0898,48.1755,48.0615,0.7987,66.8786,0.1259,46.4663,24.5448,15.4214,26.2031,0.0731,16.6481,2.2182,27.7346,21.2457,4.8053,66.6406,11.2738,1.574,15.5663,20.8757,7.7736,5.7985,3.6237,83.7469,87.4108,7.123,22.6334,18.7616,38.8636,369.0979,5.9885,67.384,12.0843,27.1014,0.5984,1.5746,44.6683,77.3101,24.0357,100.4654,38.4261,446.3118,2.4704,25.4353,10.082,4.379,8.7423,35.8026,37.5324,2.528,17.6874,0.4712,0.4152,0.9501,13.8355,0.1602,0.0174,16.6928,0.0198,0.1285,0.0908,0.1162,1.0844,4.5687,0.057,3.526,3.5608,50.2904,1.2131,50.0101,173.5689,2.5605,0.0083,6.515,30.7513,2.5521,7.4488,10.7018,26.6981,4.3337,9.8131,0.0504,3.2947,5.8729,84.184,19.4442,12.6587,21.9491,9.1872,3.8818,17.5481,17.1434,0.4535,1.1508,10.1985,13.9549,14.6296,3.2693,0.012,0.0,0.0699,0.0657,23.6005,2.7176,2.9891,81.0064,3.3313,0.1297,23.4803,39.1688,307.0768
4.7671,37.6526,104.2972,50.146,76.1892,30.6306,7.5227,5.2209,7.3443,3.1421,13.7139,17.2323,3.2104,61.41,45.3443,1.6884,16.3391,9.3509,22.1254,68.3519,127.0266,71.5263,0.3477,0.7279,64.6899,79.665,184.0212,46.068,4.7568,0.0,2.9179,64.1301,6.7081,36.8205,0.0,112.7457,7.4479,67.0768,0.0058,87.1152,56.2659,61.733,256.4026,243.3667,40.2955,0.1294,14.0418,117.112,63.6978,15.4013,52.6722,67.1843,298.1099,1.8363,0.3811,0.4594,0.0,0.0,0.2278,0.1256,1.7941,1.4968,0.1409,0.0237,1.1506,0.2064,0.1171,0.0108,16.1432,21.6552,2.9743,105.372,0.0347,0.0973,79.5933,0.5476,0.9602,220.3328,87.5139,6.6748,0.4183,10.3536,66.0059,82.3139,5.966,36.2686,0.0,0.0,0.5738,12.8746,8.207,0.767,4.5935,0.316,207.3214,0.2585,19.9939,826.237,102.9625,323.2801,20.3973,0.7083,164.7896,20.0333,61.213,36.163,47.386,22.1504,116.8007,1542.2778,2989.6773,0.449,16.7873,0.0164,7.7163,32.9463,1.7663,4.9898,11.968,36.2131,0.4442,8.2486,0.7998,23.4965,29.6993,64.874,69.3824,92.7167,243.6719,210.0212,5.431,26.4162,379.2998,1.6709,9.9289,25.3584,26.7713,24.8326,60.5073,50.6397,99.5843,33.8402,30.6444,16.728,34.5462,24.4628,31.0339,58.0788,5.4642,2.9116,2.0488,35.5265,50.9151,128.6737,509.2114,30.4775,26.2959,361.6514,75.6479,80.5321,158.6085,3.8905,0.1726,73.4714,0.3938,18.8325,0.3721,7.8087,15.3456,8.3647,43.8684,87.0285,17.6646,6.4741,10.8683,17.3972,106.4881,69.0771,31.1041,0.4558,63.1407,195.625,4.8698,18.5343,45.7351,4.0486,25.0543,41.4723,0.9374,37.9111,84.4916,0.0447,115.1619,51.9105,11.0248,17.5641,1.1861,106.4689,125.3852,12.8443,7.0675,63.8405,3.6766,30.1444,79.2263,192.7882,299.8812,20.2016,40.3675,39.5821,46.4286,20.6402,10.0248,13.2519,3.7781,55.9713,24.3469,3.8822,47.5849,0.2761,34.2203,134.9065,13.8533,51.4251,0.0,28.9731,0.0636,0.029,7.7302,12.7297,124.4708,1.3485,7.9267,52.6866,22.878,128.899,10.8652,34.2525,30.0146,44.4979,49.9065,92.2882,107.0162,19.5238,236.4773,10.9733,2.0163,8.4602,124.5872,1.5182,17.0773,43.3186,75.2345,147.9961,67.8567,71.1531,155.0871,32.9013,72.1409,16.0337,42.0613,12.5226,22.0667,96.8726,5.1091,92.5363,1.6925,9.2973,1.993,19.5693,19.7394,0.6704,3.9898,0.0,1.8765,2.1889,0.8644,2.9324,1.4215,0.033,0.0861,3.3985,13.7715,15.5279,57.2073,216.6213,38.8392,0.0483,8.1103,39.3401,2.3236,14.1272,5.1998,7.0402,11.8223,3.1268,0.2592,2.6554,41.7481,50.0659,10.2185,17.591,24.3478,8.6922,7.5539,21.4392,21.1637,0.6954,2.3624,54.8307,20.8508,17.0665,0.228,0.0462,0.319,3.406,0.304,9.8397,8.4937,9.6679,109.9233,1.7072,0.0,40.6313,37.4423,24.9262
2.7787,39.6638,113.3606,30.1933,6.8506,55.8999,39.0053,1.5371,1.1629,0.2039,20.1794,23.4583,3.2633,65.4698,36.5093,0.5114,4.5956,4.3311,25.0157,71.788,49.6321,28.893,9.6892,0.0052,47.251,59.8249,126.0708,25.6948,2.8923,0.0,1.7011,44.7952,1.2492,18.7907,0.0064,69.3765,5.2649,43.5629,0.0,22.5566,49.2521,61.4001,160.1923,156.33,43.7687,0.0943,0.7778,96.5689,31.4982,1.9933,25.3906,34.176,467.8982,1.6572,0.1444,0.3822,0.0298,0.0152,0.0,0.0,1.0671,0.3377,0.1088,0.1274,0.1605,0.1434,0.0717,0.0239,5.6688,0.178,0.0443,183.9371,0.0878,0.0615,48.5017,0.9685,0.3538,80.0232,2.4835,2.0572,0.2537,0.0297,39.9113,37.1649,5.0505,24.2834,0.0782,0.0,0.069,8.2602,4.501,0.3541,0.5352,0.0635,220.0142,0.0086,14.8068,741.28,143.9811,335.7647,32.986,0.7769,106.112,15.0686,49.5103,41.4151,52.7191,16.4716,116.5861,1398.0414,3929.0503,0.7032,8.2796,0.0103,3.0605,23.1047,4.2508,0.0927,0.0643,8.4402,0.1571,0.6741,0.0421,28.3558,8.5641,14.4347,66.5527,85.4932,7.7013,20.2996,0.862,50.4694,587.8269,3.6343,0.7282,8.604,3.9898,8.3518,11.8052,0.1445,50.0096,0.6092,41.4469,13.964,39.5456,18.2272,24.847,54.8722,1.3608,3.1686,1.4686,43.7666,0.6812,22.8155,64.9313,40.0075,37.0298,501.8987,73.4962,43.0612,74.0248,1.697,0.1635,138.276,0.2303,186.6022,0.0735,0.9358,4.9492,3.3302,27.9419,39.4119,14.8672,1.4872,10.0238,25.9679,42.4721,28.7541,22.8533,0.1115,44.0973,153.1992,1.0628,20.8021,99.519,0.0722,9.0187,30.9546,1.7342,28.8155,99.537,0.0565,166.1753,48.9346,10.6527,24.767,0.0203,67.3555,95.3308,7.8052,4.0938,59.4696,0.2186,6.7594,60.0958,259.2781,489.5026,3.6137,72.3824,40.7296,50.7279,46.1633,1.787,9.3725,1.4528,93.1733,5.983,1.0951,85.0862,0.0628,33.1007,59.0472,2.3546,38.4053,0.0178,24.7583,0.2691,0.0183,0.2435,19.2678,66.9069,0.4492,3.7455,30.187,20.7195,141.2301,4.6638,18.7615,54.021,16.8362,6.7037,24.5656,114.54,28.273,264.3745,3.3829,1.7576,1.5799,124.9104,0.1902,5.6924,22.754,62.5366,222.097,111.0486,100.0672,320.012,26.6877,39.4102,49.5219,35.9578,9.828,4.3365,77.2624,5.0063,80.7574,0.0594,1.3748,17.626,1.0794,4.1287,0.0,0.0,0.0,0.0895,0.0737,0.0809,0.3992,0.1437,0.1319,0.0272,3.0968,2.5684,6.8109,58.2967,246.3668,7.9486,0.0,1.4816,21.728,2.2661,2.1494,4.2456,20.0193,3.7404,1.7373,0.3889,2.8896,49.2262,70.2856,16.009,8.7554,42.5027,7.3906,5.1168,27.2268,13.2094,0.4181,1.9689,39.8923,26.1054,14.8524,0.12,0.0146,0.0,0.0213,0.016,26.8318,8.7732,10.4481,66.274,0.3471,0.0263,66.4567,54.4855,0.1571
7.6878,33.5397,96.7446,55.4594,15.0373,52.5988,26.8579,2.5712,7.3591,0.4953,12.8849,13.2208,4.2555,55.5737,32.246,1.4948,8.9553,7.6544,21.9714,71.6167,54.1291,27.6127,4.534,0.1805,78.3789,31.5637,129.1345,25.7043,2.6869,0.0,1.2138,54.5935,2.7707,41.9756,0.0,107.2142,7.6768,33.8512,0.0182,30.9166,19.486,34.0067,143.9471,136.3858,53.2127,0.0706,6.0045,96.3303,27.8839,9.0721,33.9457,37.4171,365.3051,1.331,1.1533,0.7506,0.0,0.0378,0.01,0.0,0.4775,0.8005,3.1833,0.0654,0.2827,0.1708,0.0317,0.166,18.7788,7.0715,1.5313,149.6863,0.0,0.1704,45.5477,1.3379,0.5466,225.6333,7.4552,2.1442,0.989,1.5579,59.4509,81.2876,14.5022,29.5089,0.0,0.0,0.5384,12.7307,6.0092,0.899,2.3023,1.1017,161.9055,0.0536,17.0306,570.1797,106.0277,180.4546,21.3753,1.2576,73.0594,19.4062,36.6934,29.2812,29.692,23.9359,92.7164,749.403,2617.5691,0.8847,25.3292,0.0,3.014,26.541,2.7843,0.0578,0.0534,15.2294,0.3407,3.3037,0.0525,17.3593,21.9303,25.1588,42.3124,56.2314,18.3914,166.5353,1.4627,36.3523,335.0338,7.3242,2.6471,14.8039,7.6948,13.7861,30.782,8.7807,68.9465,3.8531,42.8124,15.451,38.3025,22.2213,24.039,80.1036,2.5343,4.4258,1.5478,25.163,23.1305,98.822,208.9685,29.4729,29.303,252.0835,60.9775,52.8491,77.7963,0.4198,0.4488,76.993,0.7127,76.9494,0.4216,1.499,4.9608,10.6913,23.1344,86.8306,17.3315,2.5565,13.2162,13.0098,39.7448,38.2093,22.6139,0.2549,64.6481,206.172,2.8798,19.6741,45.7065,3.6155,13.2868,20.1759,1.6095,41.5783,60.0679,2.3953,96.4498,37.9623,12.0105,16.3621,1.0696,51.1704,76.8552,6.6555,9.408,66.1808,0.1932,7.1228,33.5574,178.8136,204.0802,4.2648,38.6061,32.2938,35.5735,14.5345,3.5281,9.8266,3.091,43.7145,18.0959,3.9516,35.5208,0.2002,18.7315,74.1391,7.649,35.2346,0.0445,15.7019,3.6332,0.0229,0.8439,17.9727,70.3501,0.8503,26.9549,26.7122,16.628,73.5847,9.9703,30.2583,57.4047,21.4005,6.5345,32.043,88.2377,14.7937,310.6728,6.6036,1.5803,3.1515,82.8157,3.4909,26.4955,27.6697,86.8797,93.8344,69.7342,102.97,193.3155,24.3142,35.5223,25.8877,22.6666,10.1421,5.4768,48.4104,4.8047,64.4423,0.0247,0.7136,19.242,6.1143,10.6155,0.0132,1.3309,0.3606,1.4511,0.138,0.1009,1.8228,0.3585,0.1905,0.0436,3.7662,2.3459,16.804,43.9432,191.9713,14.0149,0.0,2.0178,26.7039,3.3194,7.4115,4.8515,16.087,6.9613,5.0328,0.1277,2.0119,46.3198,45.9609,11.1267,10.6851,27.3089,6.4707,4.5771,23.6239,17.5371,0.7117,1.9741,57.721,15.1123,10.4387,0.1198,0.0,0.0718,0.1595,0.1198,15.8509,10.7137,8.4227,80.1087,0.812,0.0,41.9504,44.6021,12.6659
0.7107,26.118,65.267,22.0753,517.3889,47.4724,0.0899,0.3453,0.1018,0.9372,43.8224,14.5748,9.6404,46.1677,17.4234,16.131,0.5133,111.4336,10.0293,103.6266,23.0062,32.7465,0.029,7.3146,9.2121,77.9621,58.8206,8.8662,1.6557,0.0,0.1657,11.5466,14.7708,92.6633,0.1313,59.5931,0.4572,46.8998,0.0044,60.6509,23.7917,69.2746,47.4941,9.0218,12.8351,0.1602,90.491,6.1303,69.0541,28.5789,27.7756,27.289,13.6229,0.5026,0.5023,0.1546,0.1086,0.0,0.0097,0.0,0.1339,0.0819,0.06,0.0,0.5039,0.1424,0.0084,0.0207,1.9826,53.9899,5.7487,186.2189,0.2929,0.0497,9.8054,0.042,0.0613,9.8507,1634.903,0.9301,0.8121,190.1158,12.575,26.1876,6.6045,13.933,0.0,0.0431,0.0209,2.1856,1.9265,5.3355,4.3848,0.2055,102.4161,0.0469,12.2275,4209.2048,19.3998,112.7916,22.7089,0.0716,150.2962,5.3408,198.672,43.518,32.8422,13.9237,98.1936,891.5961,1621.9974,0.0,18.5915,0.0,4.4014,11.7272,0.1289,8.2951,150.0314,441.85,0.0454,17.0791,0.8785,180.4874,106.2281,24.9397,28.2744,17.4258,323.8163,892.225,0.1255,26.1355,281.7006,0.3707,83.4764,1.5391,45.9449,15.8431,30.8814,658.8384,61.3054,920.7607,18.0634,6.3439,87.6849,9.5892,29.9584,8.1332,31.5453,10.7637,0.3336,11.4312,126.7167,20.8061,93.2194,10.6324,7.1181,87.1402,63.5028,58.2645,1192.9085,6.0698,0.1852,69.2193,0.123,0.2279,0.0535,48.6055,10.0704,0.7983,17.9802,4.9086,7.9995,74.6572,7.9978,12.7768,11.869,0.3222,2.3258,0.0113,11.9456,2.4968,13.1919,41.4574,180.7931,13.3997,2.2164,50.6203,0.5901,4.5085,0.4212,0.1884,43.1134,48.0774,8.0766,23.5116,0.1092,83.0864,78.1938,42.0327,0.812,14.2489,2.8177,22.7471,105.8765,542.2574,52.5517,116.9091,55.4427,5.3777,92.8834,154.3902,7.9189,12.5727,0.3305,40.9706,181.2062,0.5397,72.3416,0.9902,63.1822,22.5408,49.165,34.7844,0.0649,33.1562,0.0049,0.0667,104.4416,7.1681,723.4438,0.5637,30.2036,12.0709,14.0421,10.1241,3.5702,3.1945,105.5006,38.4636,11.4781,20.2873,14.3407,38.581,473.5414,4.6402,6.9755,50.0022,56.5561,0.3366,2.7402,24.7824,9.4699,38.8981,88.008,22.2113,726.4269,8.2276,37.4943,28.8925,3.0114,4.9311,34.2876,172.3194,19.4224,33.9194,0.0,0.3069,2.5502,6.4335,0.4061,2.7618,26.9589,0.0292,0.0271,3.6235,1.325,1.5092,3.2539,0.0084,0.2969,3.2045,2.9672,2.321,20.664,79.2158,16.5967,0.0,0.933,23.7205,0.2115,3.0465,0.9136,78.9591,12.3623,0.6208,1.2664,39.5338,27.4918,52.6192,10.5786,5.0681,20.6367,1.7696,5.2372,8.1035,7.4824,0.0344,0.2509,7.3827,1.5601,31.4053,0.0,0.0177,0.0349,306.527,2.6603,29.6682,3.2681,1.8127,33.7262,0.4963,0.607,86.8908,54.4861,158.6814
23.4054,32.4367,100.144,21.7335,324.6217,77.3343,1.3792,1.8348,3.3899,2.3426,43.3781,17.827,4.1832,65.7315,30.3587,0.1833,9.1569,60.2521,13.4807,24.3469,24.8765,39.7915,0.2396,8.9123,30.2712,70.1874,52.3214,113.3101,24.3256,0.0,10.3461,41.0523,22.5605,205.1103,0.1669,76.5056,66.417,173.9014,0.0083,90.1116,36.7757,203.7098,16.8701,2.8429,16.1393,0.3369,90.0364,20.2765,84.0266,68.4595,25.5841,42.7034,42.8975,0.5019,2.4373,23.3793,0.0,0.0,0.0547,0.0,44.4804,0.0,12.3242,0.2051,0.1399,0.342,0.4192,1.12,92.5483,1.8947,12.2046,74.3596,0.2002,0.0389,11.427,13.1726,0.1729,1327.8863,141.4765,11.5164,12.8575,0.0,13.5666,100.6642,8.4639,20.9652,0.416,0.0,0.7676,18.8104,1.0671,30.8435,3.5779,10.2786,181.6486,5.5033,19.1919,939.8967,22.0748,22.871,21.5057,39.4439,54.8665,6.7158,101.4695,48.9449,69.0825,16.7867,28.2478,537.2609,1419.5062,0.8018,75.3557,0.0118,48.3728,25.472,2.0598,1.1099,16.4344,27.2155,3.8262,7.0768,1.6417,406.6631,35.2331,72.9093,105.7161,59.8094,149.4522,151.5689,0.3243,26.535,499.3044,3.4416,35.6024,21.34,168.12,26.8789,259.9651,26.9436,162.8287,299.7619,50.3255,10.0837,84.7323,25.4941,28.312,23.3167,152.7718,2.3879,3.3412,10.7224,0.6658,183.0453,54.1605,8.7767,19.1862,64.277,58.5962,164.3278,200.761,6.7719,1.0192,60.7041,0.5882,3.6715,0.0,39.7915,20.5307,6.6719,21.9409,67.442,32.6304,1.3,7.6563,27.641,39.8691,5.6119,14.5771,0.0953,33.5034,3.1967,1.4753,56.1295,34.5463,3.1277,6.6655,55.7672,2.8935,21.3075,4.8198,0.8048,64.0195,87.5194,6.6182,14.9587,0.2899,65.1652,100.8291,53.2669,2.5468,31.845,1.1319,37.933,158.8483,451.8483,66.7894,31.5135,8.4743,29.0671,67.019,88.8738,8.7575,63.5286,3.7564,29.6151,130.1829,3.0433,117.133,2.2271,93.3664,54.6129,35.8693,69.0844,0.0203,20.8064,0.2702,0.0104,1.4498,7.844,117.9729,50.4547,24.0572,19.3679,9.2227,128.3532,3.4999,1.9345,127.0966,154.9332,57.603,36.756,16.4888,32.3576,565.5044,3.0011,23.6908,0.6116,112.0143,7.9257,18.7486,31.8098,48.5135,91.0294,93.0738,56.5835,398.1699,20.4361,43.9641,24.1588,34.8948,9.7056,70.5276,301.1312,23.731,44.0087,0.6772,0.765,12.8422,4.9455,0.8906,0.0966,11.9145,0.0275,0.459,5.2763,1.8909,24.9075,45.8973,0.0712,2.4629,9.1608,2.6876,0.8011,63.2145,136.4942,51.5297,0.0,5.0033,51.8463,5.8472,23.285,15.151,76.5994,16.3219,4.3686,0.14,36.4996,14.1098,52.9214,20.9402,8.3741,27.4155,2.2396,7.8153,11.9241,22.3736,0.3353,0.9943,16.5781,5.3655,18.0544,82.4236,0.316,1.1815,1.1902,0.0182,1.533,8.1694,1.5295,59.3503,104.4395,0.0,53.5437,37.206,79.9034
7.3112,16.863,41.329,21.8532,117.6023,39.8056,1.9708,0.3067,18.9193,1.4728,45.3338,25.4508,2.8539,20.0944,12.8534,33.7553,0.9161,7.1712,13.0325,30.3257,89.9451,38.9188,2.5802,1.4234,24.1104,55.4277,49.4298,48.2264,10.8486,0.0,15.6911,22.7846,29.0012,124.1266,4.6717,69.4666,17.7351,19.3241,0.2026,24.0403,7.642,47.019,16.9214,8.0516,11.7029,0.1163,15.8354,43.5312,67.6689,38.9914,9.6742,10.9389,60.0598,15.3921,0.675,2.1913,45.6979,0.6343,0.2257,0.0,6.9355,0.4603,3.6393,1.16,0.0643,0.8696,4.9011,0.2789,5.64,18.9708,31.3126,67.4056,0.876,0.2061,23.8405,1.7175,0.1312,156.7016,300.9508,8.49,1.2964,19.6236,22.3161,32.197,1.989,33.9769,0.0254,0.0346,0.1176,12.612,1.6279,2.3524,1.6984,0.3327,67.7219,0.0753,12.8137,634.808,19.1388,69.3928,21.1216,4.131,151.078,7.1605,18.3266,67.0616,90.4216,22.3827,11.9559,825.054,1110.5381,0.5811,17.099,0.1912,18.1788,11.8151,2.4313,5.5057,125.9198,170.8026,0.5645,40.3119,0.2869,34.6356,53.3136,86.9364,53.7512,45.8829,77.7965,306.4511,5.4129,25.5083,276.2079,5.0345,34.2376,23.8395,10.3426,17.6527,34.091,88.2174,60.4713,41.9757,21.6775,6.3673,27.9513,9.2674,19.7203,14.6049,54.5247,11.6846,4.4002,11.2292,257.3275,97.3097,20.7647,8.6481,7.8758,79.5,25.8206,37.9308,122.0206,8.8871,59.9728,83.9391,0.1973,18.4792,0.3433,9.8972,17.5656,15.4918,14.0083,54.1514,7.4439,2.9359,8.6641,17.743,5.9933,10.4073,18.7465,0.1356,15.5619,5.4243,9.4497,17.6913,94.3548,2.2991,3.3403,62.3453,7.6179,16.9238,6.1478,0.4948,76.2202,53.2132,13.1457,16.224,0.5192,37.0531,35.4093,6.56,12.0759,29.6419,11.4209,17.4111,20.0133,344.7507,59.1388,8.4941,15.8041,21.3659,62.678,116.6896,5.0116,10.9061,5.1143,51.5109,86.5464,2.5357,39.5874,0.6248,84.7282,14.6155,7.5651,19.659,0.1908,13.9212,1.9943,16.8671,10.338,4.7607,46.1209,105.5403,3.0567,29.4755,15.0176,50.5303,4.2217,7.6904,342.401,77.3345,18.0095,21.8997,24.9481,33.1928,229.1839,6.2306,29.602,24.8762,71.5589,37.4179,5.2469,19.2299,49.8139,10.8571,81.1731,39.0761,476.7999,9.0639,11.5536,10.0185,18.577,8.4366,19.3038,36.4243,10.7832,14.0343,0.212,5.1397,1.0287,20.7876,0.2987,0.3814,3.7312,0.1172,2.4606,0.3051,0.6892,2.7089,1.7252,0.1689,3.7483,12.623,22.1855,8.3341,51.0385,221.3075,10.856,0.2873,5.6705,17.319,80.0185,7.0428,8.4372,35.6143,9.521,4.1704,0.3985,4.1302,23.4867,84.1919,27.8128,11.9616,26.7851,10.275,2.4437,25.3796,17.8121,0.7623,1.8555,13.3069,11.2062,4.92,1.7758,0.3409,0.2522,2.3229,0.0156,10.0921,3.6502,1.805,29.4937,18.6694,273.0634,41.1745,44.9017,129.4545
3.8451,134.3388,212.0905,14.1254,275.4409,317.9209,252.3233,0.7454,31.1959,6.6223,43.2571,81.2168,5.6898,41.1385,50.4562,0.205,1.8419,20.5333,6.1636,87.0327,237.8291,171.3226,0.1507,119.9962,26.4769,88.1414,76.3103,29.8407,3.5566,0.0,1.7956,32.7538,5.3999,164.4774,0.0,401.3165,28.4314,68.899,0.0512,82.9164,74.5571,95.0272,95.5893,20.2287,136.0283,3.2629,58.0507,27.2568,96.0918,37.8188,45.6213,53.3642,63.9144,39.7547,1.8911,2.9042,0.0,0.0531,0.0561,0.1391,2.0131,0.2369,0.0,30.8539,0.1655,15.3424,0.6893,0.1555,30.5496,0.6938,3.4833,101.4859,3.0017,0.5509,19.1406,0.0404,0.2364,1509.1639,451.204,1.7252,1.4084,0.2085,23.2839,101.5551,49.575,34.0551,0.0,0.0,0.0605,8.52,0.4426,0.6753,33.4053,0.0106,128.1618,0.6783,15.9035,690.5166,51.5032,253.4456,65.2595,0.4828,127.0025,15.4924,78.2716,45.7909,2.6619,31.8174,210.3585,657.4455,5978.4094,0.601,40.508,0.0,9.286,10.6706,0.4659,0.4877,2.5538,73.3341,33.8103,12.0549,0.3248,17.38,29.3585,108.7154,120.6939,54.676,421.9155,394.0239,3.7788,55.6234,558.4508,20.23,4.2136,152.4819,19.9933,199.2884,132.823,3.7637,258.2716,2.4841,55.7097,10.591,32.0122,27.2833,33.1937,20.3212,17.6925,13.3074,0.9877,20.3621,46.5865,401.9552,37.8675,28.041,11.1084,82.7287,34.8034,30.9303,269.1039,2.7191,2.332,71.1408,3.3602,9.0344,0.0515,9.1966,49.3311,168.5069,51.738,82.6601,16.6706,20.9781,7.2497,5.0831,3.4521,1.9492,85.6454,0.0326,68.7993,3.3446,3.4001,34.2927,109.8303,3.6889,1.5939,200.4709,205.0329,4.7705,0.3653,0.099,65.6468,62.6578,9.283,9.296,3.2669,56.8876,126.3302,28.3569,2.1711,29.9759,42.8975,60.0388,145.6149,446.1446,15.9307,13.1295,22.7938,31.8932,95.6218,134.0095,2.3308,42.6547,42.6685,12.4156,21.2997,7.0405,71.7481,5.3334,38.7473,15.4233,26.7917,99.3843,23.3729,11.1481,0.3944,0.0321,3.1784,15.4749,13.9593,28.246,43.654,16.8364,19.5572,30.0896,3.9257,5.3067,31.2935,69.3365,28.4465,57.8598,17.6238,50.8879,437.7624,1.8828,17.8429,6.259,61.0036,1.2787,30.1699,20.4361,62.7761,122.7811,97.5678,114.7656,988.3297,10.708,31.8908,8.3985,8.239,6.1857,145.0283,161.8551,49.3262,60.9753,0.0694,0.0,0.6307,11.1911,0.8805,0.0,1.3904,0.0,0.0,0.1293,14.3276,0.3805,0.168,0.0,6.6353,0.616,11.9696,4.6965,35.2974,78.4171,0.0576,0.0,3.6094,18.6313,6.4991,236.451,37.1313,10.6323,148.6051,2.2952,0.4307,40.079,4.8463,171.5948,10.8895,8.3942,37.3432,54.428,8.6093,14.8791,18.7458,2.8702,2.3962,8.9554,14.1046,5.5138,0.1683,0.0512,0.0,9.7123,0.0,28.4273,5.716,21.1124,46.7411,6.3252,0.0,85.2827,94.3037,21.1903
3.854,31.7221,33.8605,10.2885,184.7172,20.7479,62.8031,0.5351,71.4485,1.6022,46.6283,55.3968,20.2651,82.8924,24.7738,3.2342,0.7188,61.8807,20.9693,90.2569,128.3082,97.3003,14.639,4.8171,33.2115,65.3501,46.0414,44.8834,13.7623,0.0,4.2609,23.9908,29.565,178.6032,0.0096,223.0171,84.5695,40.8274,0.0,67.9083,18.4045,80.8359,72.9729,6.5222,32.5971,0.0858,83.2871,28.6284,460.2275,69.8709,40.1356,19.8741,34.6886,1.9079,1.6789,0.558,0.0,0.0,0.0848,0.0,4.675,0.1536,0.015,0.0795,0.0429,0.1779,0.1157,0.1707,7.656,19.2704,7.769,153.4721,0.0665,0.0725,16.7569,0.2273,0.0255,1364.8979,1086.2955,3.4288,0.1709,133.9568,17.8245,61.3591,5.0598,38.0538,0.0,0.0,0.0785,7.9786,2.1046,1.6198,2.1602,1.6597,130.575,0.0586,10.9638,2403.5154,40.4095,158.989,28.6629,0.8573,217.6281,11.1099,180.4418,36.2872,8.2199,22.7822,72.2453,760.5466,1789.8761,0.1613,56.1606,0.0,10.1403,10.733,1.5709,62.0555,45.362,11.6043,0.2439,50.9084,0.983,114.7207,92.4792,90.2679,80.4768,61.3652,184.1038,821.2959,2.078,31.6939,489.8692,4.4571,3.4976,34.1581,47.5205,28.4484,137.8226,30.5392,46.9994,5.9386,52.2945,8.0614,34.5513,10.288,32.1974,9.5852,33.4529,4.5344,3.3652,14.6226,429.9084,544.3739,35.7911,16.4663,18.2405,201.106,35.2595,72.3017,402.3944,6.7646,1.818,103.9114,0.0978,4.3125,0.0445,13.2059,17.8661,10.6689,20.9971,79.5908,12.3637,8.6557,6.7716,22.3458,9.4939,2.1441,7.3373,0.0422,24.9426,5.5825,10.6623,38.0266,79.344,2.0482,3.5804,101.5586,38.3953,5.9984,1.1318,0.0642,66.6431,95.7876,11.1527,30.7373,0.1501,123.5774,56.8663,15.3663,2.2281,30.8899,4.8468,35.2192,61.4895,401.1545,64.3172,21.2235,30.1985,24.3562,56.6142,115.1316,3.3842,21.5058,1.3766,12.6105,85.3771,1.0088,88.2181,0.3702,55.1376,31.1812,68.0011,43.338,0.1621,15.0998,0.0365,7.0147,21.5339,24.9357,492.1555,2.8414,5.1428,23.207,17.3909,48.5041,5.7894,5.6502,193.3281,112.4141,18.5904,57.1526,21.5433,31.4593,337.0105,7.477,15.6431,18.5564,63.5926,3.4008,10.7321,266.8109,24.9418,17.215,123.9965,88.6266,279.1039,5.6525,37.0159,18.9343,3.3281,7.9509,26.1117,118.1326,22.6588,33.2886,0.0901,11.9893,1.0907,46.8659,0.1269,5.8592,14.8554,0.0,0.2713,0.1398,42.806,0.564,0.4901,0.242,1.4313,0.3945,10.6797,0.2268,51.1051,225.5048,1.0955,0.0,2.2977,41.9316,0.5007,20.4694,24.4081,126.5008,15.9008,2.7782,0.2482,16.621,29.1019,32.5269,25.3952,21.2354,36.6066,6.8801,6.5238,10.8095,25.3717,0.5425,0.3953,19.6058,6.2516,6.5977,0.0364,0.0221,0.0,0.7106,0.0,34.9481,2.6618,9.3255,46.3593,19.0848,0.0399,40.8188,33.2472,39.4427
4.5213,29.8326,45.3907,11.6013,162.7905,41.4125,88.3982,0.4215,63.6624,1.2181,20.0338,35.4396,1.1917,49.4851,25.2484,129.6673,4.2012,50.879,6.0677,26.6627,16.3489,29.7771,1.9589,0.0985,9.2962,62.6011,42.0008,1.1958,0.4254,0.0,0.4196,16.8289,19.884,68.952,0.0158,211.846,6.7318,31.9572,0.0061,57.5821,32.7788,66.249,91.9174,9.6402,22.1897,0.0052,0.1111,19.9886,10.6011,70.3995,17.5235,24.9177,4.1746,0.4206,0.1516,0.0528,146.9142,128.9989,0.0,0.0329,0.2439,42.4259,56.4742,0.0062,0.086,0.0864,0.0422,0.0283,59.7189,52.9939,3.5231,48.9671,0.1637,0.0226,19.3393,0.0,0.5446,53.4874,9.3299,0.2382,6.63,41.1682,18.3847,24.8923,4.0381,23.428,116.2806,0.2061,0.5293,30.4224,0.2614,2.0024,0.072,0.1629,56.0782,0.0,7.5694,772.5283,16.8352,123.4363,33.6824,0.057,25.0116,1.594,46.0173,23.456,6.1475,19.8785,42.4476,1154.6305,1113.1937,0.5534,35.0644,0.5911,5.0582,21.3552,4.8656,0.5186,11.9981,52.2,0.0279,5.7827,0.4745,29.2713,15.2672,14.1725,33.6463,22.4455,169.6157,348.0606,15.9657,10.2643,190.6328,0.1918,12.0359,4.2018,93.8132,16.4668,10.0549,94.1788,37.3915,48.7085,15.7281,4.9682,32.047,12.0432,20.2412,11.0045,3.6582,8.2681,0.8225,12.0714,1.4113,2.5502,7.6553,13.2929,11.0515,15.4657,10.4426,19.4229,44.6501,2.1943,3.1618,32.9875,0.0916,25.9592,4.2126,80.8189,13.1502,0.2997,17.9475,7.0846,5.1407,2.1705,2.2356,8.3168,4.5242,0.1177,4.7735,0.2232,110.1604,6.6079,2.7626,9.6683,23.9218,0.4359,2.378,94.6806,12.7674,13.0046,0.0791,2.9129,38.453,32.7966,9.0208,6.7142,0.0205,36.5291,51.1694,5.8864,23.514,13.3912,0.4906,17.2873,67.0514,146.7662,2.0476,43.921,18.4393,13.9544,28.3027,51.7374,6.6094,11.6629,0.3977,36.9908,91.1141,4.0836,24.787,0.3353,149.5171,12.6228,5.63,52.4861,0.0148,25.9564,0.1598,6.9244,30.0539,9.6301,448.2057,181.7149,3.7313,10.6133,9.2656,1.5974,2.5353,5.0407,18.6575,31.2865,5.2349,21.4869,18.6555,16.1808,79.9078,39.007,12.7373,45.4452,58.1236,2.2399,4.6868,21.3842,13.2909,63.4316,52.0077,47.3847,503.2967,8.8783,36.7141,9.688,20.0018,5.2699,141.7958,50.3701,0.6231,32.2222,0.8696,0.2461,3.9777,9.1834,99.7297,0.1755,0.6728,0.0,0.0556,17.1577,193.1487,2.2577,2.0143,0.023,0.0322,1.8492,5.8771,5.9929,13.9233,47.8645,144.681,0.0337,6.5982,19.6192,213.3545,10.0184,0.8392,12.1515,2.0699,8.5888,0.848,6.8698,0.8318,22.9882,16.3939,8.334,9.3899,5.093,1.8515,13.8138,20.8852,0.0117,3.5314,4.3036,3.6633,3.6761,16.031,3.4214,0.0,0.2472,0.0663,5.2318,2.7785,3.2627,69.0245,15.1417,273.9196,32.3235,22.1181,70.0175
10.8352,15.7738,34.0427,35.3405,115.5392,48.0734,43.2729,2.9372,58.3638,0.7322,37.9722,19.8284,52.6618,71.0801,20.6995,0.7341,0.8807,19.2769,14.9978,28.7376,181.264,164.3179,4.265,0.6935,55.4751,55.7812,95.4076,56.4225,4.704,0.0,4.9318,34.834,35.3327,152.7769,0.1384,136.8418,36.461,39.1826,0.1287,66.8446,16.6793,76.1948,23.02,13.1873,18.1881,6.1521,240.8215,54.7588,223.0623,104.3693,38.8535,23.152,54.3406,19.3977,1.0398,4.3312,0.2462,0.0795,0.3537,0.119,11.8323,0.2786,5.8735,2.8604,0.1274,0.3765,0.7127,0.422,16.395,13.6854,16.1727,40.3882,0.3292,0.2049,13.2143,0.6485,0.3538,243.2824,357.2455,6.5252,5.8173,132.717,26.3014,84.0085,10.9718,32.5347,0.0977,0.1065,0.2977,5.2077,13.2249,9.2836,2.8588,0.3606,90.229,1.9081,18.4984,596.0383,14.3579,126.1245,15.2397,6.1059,96.083,17.4252,24.5985,42.8716,70.6199,68.5231,26.0065,353.283,754.1679,1.2009,26.4216,0.217,15.4724,6.8451,2.8689,3.6847,14.0212,219.0747,0.9342,68.7329,0.1452,105.5371,111.683,122.02,70.0084,67.3446,297.795,507.4338,11.2801,95.7089,363.1968,18.935,72.1989,33.1546,71.5057,38.4149,141.317,159.9068,129.3529,125.4207,27.528,12.2267,41.129,19.4367,25.3625,12.4984,136.0215,33.4163,7.5431,10.8242,4.6889,58.2275,67.2565,9.662,12.4367,88.442,56.1433,64.4145,210.6515,1.2835,15.9325,78.6957,0.5942,8.6262,1.245,94.341,19.953,20.954,30.439,206.0456,13.459,7.1438,7.5879,28.8106,18.46,7.1736,46.3991,0.1184,23.5562,6.4635,12.8658,33.4859,267.3903,0.5491,15.8317,54.4046,41.8283,35.8575,10.1414,1.8525,116.0116,187.8882,10.5606,19.7973,0.3906,52.9905,91.5138,17.9381,23.7708,41.1585,13.8651,39.5403,51.376,1301.0027,52.4655,3.9549,11.1123,20.7286,113.5984,126.2193,2.8259,44.2246,6.6824,107.0206,132.4064,12.5029,71.6113,1.7891,55.0588,26.8454,29.5973,20.9746,0.3608,35.9767,6.0722,9.9966,26.5671,11.1666,91.0212,17.5969,11.6663,40.9954,30.8883,51.3494,7.1421,9.7773,131.1323,95.1438,34.582,40.3005,25.0802,33.5772,452.3054,13.0901,32.0437,47.3402,158.0651,8.9455,11.1262,46.9194,167.7594,14.7871,79.6772,38.2113,493.405,13.7945,24.1862,28.8248,9.6059,10.7452,20.892,141.3227,18.4547,35.8869,0.2673,7.0024,2.8998,5.4446,0.8786,0.0397,0.6088,0.1987,0.1677,0.9401,15.1971,8.7562,5.109,0.3071,3.1552,6.7813,142.8916,2.7076,72.6786,197.4695,20.4925,0.1526,0.8905,27.0813,7.7053,34.8911,21.0398,28.096,22.0385,34.4792,0.2302,9.5359,12.0642,48.1044,30.4197,10.8721,21.4985,16.0478,7.1156,24.0682,19.5088,5.2234,33.1761,21.7027,11.2228,21.9595,1.7098,0.0328,0.2806,0.2556,0.012,9.0157,7.4279,4.0074,40.5607,2.2496,0.5332,27.4239,56.6137,35.5657
2.4739,41.892,117.338,23.8076,400.3394,35.2883,3.111,0.3847,9.1139,34.3601,25.6147,23.2756,1.1364,42.4125,54.3069,0.3002,2.9775,3.5684,8.8114,79.7208,24.8773,45.5343,0.1701,1.8612,14.568,59.7699,39.0154,2.2826,0.8747,0.0,0.187,59.7641,20.7703,179.6643,0.0,112.0714,5.6114,174.0693,0.0,107.7499,36.2931,49.2902,56.6263,7.2035,10.3781,0.0431,8.3714,11.5,7.7569,41.6031,46.4365,29.4102,22.9334,0.9292,0.3166,0.4945,859.5929,0.0415,0.2957,0.0543,0.7359,0.185,1.016,0.0821,0.2586,0.1161,0.038,0.0327,29.1218,13.0748,1.2652,114.7958,0.1804,0.0094,6.2521,0.0316,0.4385,3041.7195,11.7104,2.0477,0.5839,4.6424,17.9996,67.5106,15.9738,9.8406,2.1419,0.0,0.9222,19.6084,3.3563,9.9039,22.1871,7.6841,114.4203,0.0177,4.157,1423.4834,14.744,120.2909,36.7133,0.229,56.1853,3.4321,205.4768,99.8037,20.2351,14.0629,169.0088,830.1217,1931.9027,0.0648,16.7877,14.57,12.0584,12.2952,1.2737,0.508,1.8482,57.6877,0.3843,5.6235,3.8293,19.0583,29.095,50.3163,98.649,22.865,192.652,53.1784,0.1771,13.4826,450.8991,33.832,0.5894,10.7219,47.4015,30.6311,304.9567,93.4184,153.2869,3.4153,18.4384,5.6712,13.8482,11.5073,35.3255,13.901,7.1832,0.6881,7.7342,21.4776,42.024,175.8545,22.1576,5.5242,8.2461,99.7892,17.9217,182.9412,105.4403,3.5468,4.8529,68.0086,1.4134,55.5895,0.0805,21.5207,5.1008,3.7497,37.9225,26.4583,15.3616,4.5043,2.7858,5.1603,71.4315,0.1269,4.0705,0.0636,64.9502,3.0105,1.3842,35.3878,83.675,1.0453,2.6855,339.5101,3.7804,16.993,0.9155,0.174,48.4748,108.8313,8.6028,14.1127,0.3159,51.9559,178.6158,51.3408,0.9053,30.8162,0.7361,15.6064,368.9508,370.1059,12.1582,164.1914,20.8515,7.0129,52.2878,104.4548,6.4844,13.9597,11.0157,12.3632,361.8427,1.0573,94.1664,2.3889,65.9515,18.5985,22.0166,61.9099,0.0488,51.3446,3.8237,3.2629,2.9276,3.9879,95.8269,320.2804,43.6152,7.3997,7.4307,4.4756,2.3911,3.145,23.7261,31.9461,4.806,19.2118,12.6163,45.9159,1041.5081,35.7681,6.2966,0.4809,145.8805,106.9968,7.0049,15.6463,27.6742,75.4527,107.6339,18.6526,746.3382,13.0901,62.7104,25.9731,4.7251,4.5169,10.3597,189.521,3.1398,31.2308,0.1356,2.1242,11.0708,182.9607,17.7301,0.3481,2.1076,0.0,0.0306,2.1971,52.1938,0.3397,2.9358,0.1046,0.0745,2.3526,0.5506,2.7254,23.4753,56.6998,13.3171,0.0418,6.2122,30.9211,326.6178,5.3928,2.4364,4.2174,41.2258,3.162,5.1584,19.8791,1.1866,62.0149,8.3342,14.5483,21.7539,12.5919,6.3475,5.392,13.5175,0.0971,1.1083,8.896,2.3985,20.8824,12.4599,0.2998,0.0,5.8945,0.1096,34.8312,4.6562,0.8515,57.8572,16.4702,67.0923,144.0747,47.5269,7.0927
29.0199,35.2104,884.6321,48.9088,1027.1612,85.3308,40.1824,1.1253,75.0253,0.9728,24.4888,33.0651,2.0281,22.1458,9.3657,0.0,1.5735,2.1941,19.737,43.5713,232.8573,184.9624,0.6689,10.1408,10.9585,50.7536,196.7838,0.6961,0.0108,0.0,0.0684,27.4545,11.1378,108.9557,0.0328,253.7552,10.1964,77.7895,0.2008,34.5763,33.6135,19.7032,11.9038,0.9205,13.6974,3.2308,49.0025,18.519,26.487,10.6572,27.4139,10.54,58.1536,4.94,1.1751,59.3565,0.1026,0.3776,10.1345,0.0341,0.4427,0.6095,0.7479,10.1756,0.146,0.5155,0.0318,0.3195,15.3019,5.4574,0.0109,45.9962,0.6979,0.0939,9.125,0.0198,0.0869,183.4953,66.2796,0.4228,0.324,0.0766,24.1888,29.8427,16.2381,9.4036,0.9631,0.0,0.1335,7.0666,155.8982,2.7866,4.2558,11.0143,90.27,0.1293,17.0647,372.2805,27.1984,27.4846,16.2421,1.8465,136.6751,25.5749,17.5148,52.5599,25.901,29.4013,22.4475,436.5557,1258.6333,0.1371,61.8037,0.0,10.4321,5.9198,0.0,36.2317,2460.7537,57.9846,0.0032,195.0545,4.8194,51.2682,180.4425,117.8377,18.6996,56.5693,139.4636,0.5587,0.037,26.1055,159.3048,58.089,0.2389,9.5746,10.5198,112.2451,57.7199,14.5087,252.5037,1.7897,37.2551,12.4983,93.8099,22.9437,7.4822,710.2614,24.7588,13.881,3.3887,14.0439,15.8489,50.0386,0.3528,6.3924,25.1259,63.1386,34.8148,63.3557,138.2518,5.7957,8.8812,82.6799,0.3009,13.6526,0.404,15.3686,5.7915,70.582,26.7596,8.7852,5.8043,3.0319,15.759,8.3831,18.032,0.4936,10.0772,0.0479,53.9062,0.0277,15.3629,5.3953,74.4879,0.8774,2.3895,8.4235,15.7757,50.8919,0.0037,0.182,207.0505,16.5452,13.1933,13.4288,0.6536,99.9004,73.903,28.0372,152.0693,18.3737,1118.3656,32.8443,105.2825,282.0186,10.2416,29.1249,2.7528,16.1792,20.4387,39.8304,1.0561,4.7702,1.7501,19.4719,684.5014,2.8657,76.4437,0.042,45.8853,34.8447,5.337,19.2045,0.0613,56.7915,16.8346,0.0787,62.7063,5.6634,39.2798,3.3411,15.8859,13.8724,26.2405,0.0,6.4931,4.397,63.1964,46.3554,10.6445,20.6121,25.5472,25.1912,189.0677,2.748,8.0111,1.7266,29.5702,54.7668,0.6628,76.5207,27.2055,49.2706,44.1997,75.3584,2224.4823,0.3407,10.9185,26.2132,7.7334,15.3408,59.7023,89.1588,9.2036,17.9425,0.0681,0.9925,1.6423,11.3327,2.1097,0.0091,0.5111,0.0,0.4613,3.4858,2.6941,1.975,0.1029,0.006,0.1502,0.1398,5.2107,10.7856,20.2793,92.4957,0.254,0.4022,42.8831,14.5281,5.4086,6.9582,6.4157,76.1979,33.5329,0.0,3.2892,2.1299,7.1078,21.0535,7.7552,5.7331,21.1571,1.2758,3.5558,19.2296,12.9292,4.0587,3.5849,31.7825,5.6599,5.3324,0.6394,0.5015,0.0,3.2222,0.0275,5.7773,5.4314,2.2307,38.2014,4.3464,16.3397,31.8282,35.6036,0.0
5.1738,40.6945,40.6893,46.0936,9.1476,51.7643,25.8015,4.4867,15.4863,0.21,21.2591,18.7479,0.7698,30.9548,30.4105,0.0763,29.6579,5.0648,31.4532,35.9382,17.8811,10.0394,9.2716,0.1888,54.2963,49.2685,81.0775,18.0024,4.0189,0.0,2.3903,38.0782,2.4675,10.5726,0.0,47.5495,6.6167,15.3386,0.0476,16.3761,27.2579,50.4182,130.5849,189.5458,48.2001,0.0164,1.9699,119.3087,14.1774,4.6924,21.0663,47.5401,374.5505,1.3514,0.578,1.3853,0.0,0.0,0.1043,0.0,1.5556,0.705,0.4387,0.1956,0.7144,0.1531,0.0362,0.8278,12.298,0.3872,0.4292,50.795,0.1145,0.0356,81.5723,0.9629,4.0893,89.466,3.6136,4.8183,1.425,0.1552,51.5774,22.1646,3.5764,34.2325,0.0,0.0,2.7929,11.2559,10.5383,0.8591,1.9407,0.1815,120.4451,0.0561,27.6599,159.4779,120.881,118.421,23.1218,0.9238,85.2986,26.5675,22.7652,43.6285,57.6438,34.2346,89.7479,497.3513,1148.1979,0.7248,14.2817,0.027,4.8235,46.1806,6.3091,0.3024,0.2236,11.5257,0.2148,1.2838,0.1978,8.0943,8.5103,23.1273,31.5067,46.4374,6.8718,4.3554,0.8323,41.519,202.8315,2.1747,0.4751,8.0518,16.1999,9.0127,8.6223,0.1346,27.1887,0.1109,35.0506,25.9106,54.8854,26.1384,27.0404,79.7677,0.6756,2.3395,1.96,40.8242,1.7778,20.6354,28.7141,32.251,46.4263,223.7758,37.7649,28.299,37.6323,0.8399,0.0284,96.5033,1.2983,115.3145,0.6518,0.8441,2.9781,5.1908,20.2001,26.8349,14.3149,2.0699,16.308,18.8806,28.7117,30.0727,25.6091,0.6544,50.9881,138.0631,3.0264,14.6256,57.5251,5.1133,7.3257,22.5182,1.5453,41.0757,94.4369,0.0737,86.7426,25.0352,14.527,23.603,1.4563,30.3693,38.4831,10.4773,10.0501,101.6488,0.2615,9.7804,49.8246,80.8578,284.6569,9.0904,43.824,49.3071,35.3852,10.1337,8.754,6.9655,5.9914,61.8318,5.1255,4.5147,40.4608,0.2185,20.5439,44.3428,2.7563,34.0712,0.0,11.9479,0.4717,0.0717,0.2118,32.6448,32.3545,0.485,10.3275,50.2954,28.5117,94.0405,16.4004,44.4638,45.4712,17.485,4.5876,29.3514,105.1757,17.602,58.7975,9.8447,4.0482,1.5016,49.382,2.358,19.5512,23.5535,81.5706,121.4379,61.8856,102.3022,155.8743,29.7757,33.3939,38.1917,83.8071,14.6248,8.1428,51.6449,1.9621,75.6993,0.155,0.3444,20.6223,12.9463,4.0768,0.1105,0.1232,0.0629,4.4944,0.7217,0.2111,3.1958,0.4374,0.326,0.7908,5.9761,3.5557,12.6086,37.4512,102.5924,17.0142,0.1859,3.9845,12.1041,4.2137,2.6502,4.0489,16.2238,2.1079,1.2421,0.3739,5.3096,32.2409,36.9943,25.7437,5.2251,29.997,11.1489,3.2752,35.602,26.3237,1.0263,3.8711,49.5527,34.5367,3.4436,0.5011,0.1523,0.0751,0.0556,0.0,13.2719,24.1149,21.6586,60.3954,0.3558,0.0,44.601,47.4952,0.082
1.7037,8.0516,15.5679,6.3574,52.4414,22.0979,306.1201,0.312,31.1982,46.2469,13.7581,1.263,21.6102,8.4117,53.4259,0.1441,0.2039,8.7045,2.638,91.7698,15.9365,30.918,0.0707,0.3992,6.9518,28.4955,21.2357,65.6713,7.1423,0.0,2.3849,28.257,1.0696,33.1224,0.3139,41.1026,1.3009,123.7696,0.018,42.1581,13.9562,16.9125,170.7953,9.4825,3.0986,0.2997,3.7732,3.2162,12.2072,9.6699,9.81,11.1146,16.2871,3.6437,1.6621,0.3258,0.0,0.0,0.184,0.0,0.2783,1.5545,0.0975,0.3203,0.0,0.1286,0.0266,0.2019,50.5958,1.496,0.728,204.8702,1.0102,0.1011,3.4275,0.0758,0.4155,15.2208,3.2167,1.7645,1.083,1.6617,8.9508,18.6468,8.6364,10.237,0.0,0.0,1.2202,3.0476,5.3074,0.8067,4.1248,1.3572,39.0655,0.0141,3.0614,604.0744,3.6196,55.0997,8.216,4.5184,5.3719,1.692,200.2697,15.2552,4.8969,7.1332,72.3033,220.0584,678.1765,0.34,8.4991,0.017,7.7165,6.3791,0.8298,1.1431,0.4577,7.9303,3.0751,1.7871,1.1351,3.6915,15.4406,1.792,111.4368,13.2492,28.9098,8.6777,0.1559,2.6604,242.3729,0.2435,5.0441,8.8616,1.8535,13.4752,155.5878,49.6715,35.5617,0.361,20.0751,3.4086,4.0135,12.1527,15.8624,2.0576,1.8006,1.0037,6.1514,10.0989,2.1198,348.0987,31.081,3.0325,8.1511,2.2701,2.0951,19.6497,45.6507,6.2528,0.1971,13.1571,1.348,4.9703,0.2898,6.609,3.9891,2.1056,22.945,54.8351,5.3625,42.8665,1.6098,11.6224,5.8132,8.0813,4.1139,0.0305,12.9999,0.7427,2.0842,29.5873,72.2036,7.1035,0.293,66.0628,1.7905,0.6843,0.9061,0.0232,12.822,83.3238,2.7869,4.296,0.0277,10.3483,260.6513,42.0936,1.93,6.8229,1.0781,4.6524,233.3302,535.4549,37.2137,53.6793,11.2984,0.5394,27.2028,45.4563,9.782,69.5919,0.6824,1.8992,3.1626,3.1441,34.6583,0.1376,35.7257,6.5018,14.687,47.1542,9.5502,12.3957,2.2318,0.0904,0.7561,1.9371,7.1396,0.4583,10.7379,2.7206,2.621,57.9269,2.0858,1.25,28.1847,15.889,23.9713,7.1511,5.6889,49.5303,2053.9895,5.241,2.0823,0.4169,780.3127,0.6906,33.8546,13.7051,4.7645,29.4027,37.336,4.3725,626.5512,9.0176,54.8068,4.3934,3.5301,1.5225,1.027,351.6678,4.4014,26.6807,1.4972,0.6871,0.4065,0.2314,499.2306,0.6788,3.5227,0.0396,0.0,4.3948,27.2641,9.8239,0.6692,0.0228,1.3604,7.8609,0.56,2.5504,11.0742,23.4625,6.3444,0.0,11.8436,11.1184,0.9803,8.176,10.7999,8.0288,10.1733,0.2543,1.8169,2.6687,31.9175,14.1677,1.1428,8.573,5.7453,11.4035,0.5441,2.4434,17.0078,0.6989,2.8524,1.4464,1.6835,0.4616,1.1442,2.9739,0.0,0.1051,0.1316,24.249,4.4418,0.502,5.2234,0.3057,0.0,93.3403,26.7233,0.1421
0.184,30.3413,44.4564,70.9348,9.8251,61.541,0.0,0.4666,0.0,0.0043,25.5808,20.3788,0.6814,23.2726,6.486,0.0,1.1604,126.4236,14.629,89.8019,0.0026,1.5015,0.2647,0.3819,12.8612,83.0115,61.3779,0.3291,0.0101,0.0,0.0137,13.0733,18.6302,266.0454,0.0,76.5433,13.0751,12.6475,0.0147,66.2395,28.044,31.0395,27.6147,6.4967,6.5328,0.1111,9.9439,23.2682,31.8123,31.3203,27.5901,11.3198,44.3656,190.0896,0.1083,0.0398,0.024,0.0365,0.0064,0.0,0.0118,0.1085,1.6607,0.006,0.4778,0.5029,0.0074,0.4549,2.226,12.8906,44.8826,61.7255,0.723,0.0274,11.6227,0.0093,0.0135,116.023,168.2523,0.0565,0.5831,39.8665,29.6878,13.2968,2.0799,24.9751,1.3401,0.1427,0.0,7.1772,0.0338,0.005,0.0,0.0,90.0722,0.0242,13.8584,1084.312,29.6343,243.5692,22.5047,0.0,101.098,23.1421,12.194,136.3813,157.6875,26.9608,67.837,525.5179,1327.7586,0.0047,12.4201,0.0,13.6764,9.4718,0.0,0.0186,3.476,402.8878,0.0541,84.6064,0.4736,26.8153,131.2043,136.1224,24.0437,62.6048,132.4057,159.0348,1.8769,274.3063,161.8372,0.651,77.9938,0.1511,17.9582,76.7842,33.7808,122.3272,318.2713,183.5669,29.3269,7.1439,21.069,10.1673,7.8265,18.9808,239.9947,43.8875,2.9957,6.3425,31.4916,0.0327,0.033,19.0841,19.8248,55.1373,38.0684,17.9976,63.3589,3.5261,0.0438,92.1718,0.0148,0.0862,0.2833,35.4473,4.9319,0.0726,13.1644,0.1188,1.848,1.8455,12.0412,22.0186,2.9811,0.2878,40.2092,0.0149,12.9987,2.8951,39.9789,2.2743,69.8057,0.6794,3.6588,7.3133,47.6534,39.8494,3.8044,2.3138,90.2644,23.7117,7.834,19.9507,0.1175,63.9986,21.8544,12.0685,0.0291,0.0035,1.3611,33.9728,34.046,178.4259,9.5291,11.1166,10.6442,10.8185,34.4596,74.906,0.6045,5.1583,10.0777,72.4347,57.3037,0.0764,31.6474,0.0448,73.4499,20.8674,4.5908,27.95,0.0,22.2805,0.0355,8.1342,50.1473,14.2502,48.0999,13.8759,6.189,19.5659,23.0408,0.0,6.7922,32.5763,37.4089,56.3907,1.7231,22.2747,37.9888,32.1256,312.9819,2.5996,15.4538,19.237,6.268,0.0701,0.5975,16.5479,86.0515,30.3357,90.793,70.1568,1302.4066,0.1894,10.9647,7.5199,8.981,6.6498,54.9379,39.1547,0.0295,21.1081,0.0159,0.0,1.0025,0.0377,0.0,0.0,0.1062,0.0,1.0064,0.1481,1.3813,0.3643,0.1539,0.0335,0.0,1.2022,49.6786,10.9304,24.4566,312.1602,0.1715,0.0,2.4989,16.1487,6.2433,4.0239,6.624,32.1216,10.8228,3.1263,0.0493,0.2522,2.3145,45.719,14.1764,8.3215,32.9568,2.9846,3.7454,15.9768,5.22,0.0114,0.3178,22.7596,3.2754,5.4139,0.27,0.1407,0.0,0.1883,0.1543,5.5108,6.7785,6.8874,27.3822,0.9113,1.608,34.99,68.319,290.8824
3.0783,27.6972,44.0431,8.0605,431.53,34.1232,0.4364,0.2348,6.5168,3.0346,38.937,47.8667,41.0248,50.5242,10.185,47.0735,0.7737,19.2125,6.8156,34.642,85.6918,70.2558,0.2427,0.548,10.0289,40.7794,55.0052,14.9555,2.7943,0.0,1.1063,73.2777,11.9708,85.6711,0.0,51.103,19.5797,58.1621,0.0242,57.4039,13.3625,69.6449,12.6447,2.6772,11.9031,0.1528,25.1892,33.5872,185.9562,163.9199,12.5501,24.1221,61.0229,35.5997,0.8724,1.0635,0.0,0.0,1.0953,0.0,4.1306,0.2985,0.2622,0.1987,0.3337,3.3712,0.2759,0.2186,8.1845,643.6294,24.3381,102.3424,0.3395,0.0453,8.0758,0.2548,0.0372,231.5742,204.8433,1.3694,0.4904,143.212,11.5608,23.6448,12.3657,11.5043,0.2304,0.0,0.4196,8.3086,4.299,2.4981,3.901,0.2539,92.7071,0.0475,10.0384,1108.8953,14.2865,129.7963,23.4623,1.4233,66.9602,3.8757,59.7455,33.6456,5.1587,30.9316,34.7195,435.6219,1595.6082,0.2873,15.1865,0.0,6.1929,14.9048,1.5851,1.2292,89.5415,44.3753,1.6368,10.1589,0.093,87.6725,64.3904,36.0732,41.6361,33.5188,206.3136,992.9976,3.9239,21.9823,174.3275,4.6445,1.7041,17.5796,54.8393,44.0965,26.4253,205.0412,58.8409,24.4797,29.5476,6.2224,123.613,11.571,26.7407,38.7357,16.4578,3.9107,5.5123,6.8205,19.7304,447.6778,15.5135,7.6563,19.0492,15.95,35.0935,70.2679,226.8098,7.5642,1.373,60.7957,0.1221,8.9934,0.1623,12.8658,45.5761,9.9782,27.8915,38.2717,20.7615,3.7975,4.007,10.7842,4.5176,1.1599,8.2354,0.0616,18.0341,1.9252,2.4225,40.1545,50.0268,19.9622,1.3194,57.6774,80.3315,2.8541,1.4961,0.0624,45.0848,39.5956,12.0817,13.9155,2.3071,43.0846,67.0759,21.4037,3.4939,29.4849,24.0104,33.6428,82.6984,693.0714,58.8408,17.265,8.7616,11.1354,47.1641,47.3786,2.0367,14.9238,15.4775,18.7421,101.3344,2.5878,79.7397,0.817,78.9994,16.5087,27.7961,40.8139,0.0,17.333,6.9406,38.1421,46.4806,4.0856,464.2604,21.7335,9.6371,29.7718,10.3402,23.7899,5.4038,1.6636,87.515,53.6531,17.5371,20.5574,16.1986,33.6962,557.9551,4.7349,11.3055,16.1844,46.8786,2.0142,9.0687,17.7228,18.5785,46.1678,74.6627,47.1045,428.5947,4.9241,19.776,4.7038,2.9715,3.4283,24.9581,106.0176,13.4937,46.1993,0.0,9.0166,7.3772,34.0127,5.0547,4.7027,100.9368,0.0,0.0,0.2852,2.0558,0.8735,2.5664,0.1227,0.3434,1.797,13.2022,3.7432,39.6799,108.6395,77.8035,0.0,7.0726,17.0678,3.872,13.7719,3.6722,70.7207,24.5757,6.0739,0.3166,10.4266,17.6226,48.5774,11.9379,10.8598,23.6905,7.1913,4.2971,6.9667,20.3913,0.8925,1.331,4.0602,4.2061,3.2261,0.8486,0.0322,0.0,2.1654,0.1061,14.6394,2.8583,1.1327,111.3628,4.2183,0.0,91.6388,66.9581,545.0806
9.0329,62.1111,99.5939,6.6929,345.6951,117.2837,209.3959,1.1663,270.9135,3.4324,36.2083,35.6934,24.8318,49.0312,31.5253,18.0481,1.2872,83.7396,12.592,124.8709,34.4006,28.1864,0.6994,8.6514,24.1579,38.5417,90.4417,10.449,1.8487,0.0,0.8127,37.2202,19.0875,139.2959,0.0,47.1081,1.8029,79.9644,0.0131,141.4648,19.5488,86.9132,106.548,45.9927,8.5182,1.2452,99.3386,21.3086,82.5453,53.4262,28.9783,30.4077,14.3167,21.2728,2.3234,0.4758,0.0,0.0,0.0192,0.0,0.3534,0.1622,0.1662,0.2069,0.6572,0.7435,0.0361,0.045,4.2654,227.3019,4.8755,134.4791,0.5533,0.164,14.0892,0.1384,0.2225,137.5719,101.9035,1.4188,1.7,97.9633,31.9556,36.0825,9.4443,15.6242,0.0,0.1279,0.4144,4.0022,0.4418,0.5145,14.8427,0.8713,95.2697,0.098,19.7068,2281.2752,26.4729,156.4666,13.4103,0.2184,71.478,10.5921,111.2406,20.8691,4.6631,18.2817,100.1609,659.2204,990.5556,0.0284,41.4898,0.3723,9.9587,14.8445,2.1367,0.6677,24.2188,68.8802,0.494,62.1284,3.5984,42.6478,34.3427,34.0027,73.9628,32.477,234.992,1669.7465,1.7177,22.1933,217.7033,2.951,30.4789,6.5477,71.7957,13.7193,65.5557,220.8935,42.1954,187.3528,28.5323,11.1333,130.8993,17.9015,33.2949,17.8969,24.4873,22.8589,2.3264,8.6166,11.8868,199.3477,63.1338,9.733,10.0568,129.6208,55.0842,53.7669,213.4334,5.3034,0.0654,39.5607,0.2875,9.8787,0.1587,19.7753,5.1191,3.268,37.1515,43.2037,13.429,49.7095,7.1901,14.1397,11.4257,1.0008,9.3715,0.1115,38.102,3.5808,21.5755,30.5994,111.8787,27.1606,4.8996,53.7804,0.4062,9.8336,0.4637,0.0847,58.7757,61.942,10.7108,14.2706,0.4173,97.9625,118.0575,23.5246,1.1549,45.1822,1.3885,13.3041,111.658,497.8782,35.0453,37.2431,15.3804,11.4446,96.6005,40.9884,5.4795,11.1537,6.9134,71.5487,31.5088,3.3821,57.0163,0.2847,61.2267,24.1099,54.4187,31.744,0.0856,14.0525,0.1157,0.066,16.222,11.8197,692.7162,7.5488,3.26,13.2383,24.4575,18.8214,2.6113,5.6967,49.7931,66.8249,20.5776,25.4561,16.6605,37.1242,426.1647,5.5951,10.0796,26.9852,81.4617,0.7326,8.4975,29.9214,12.3533,28.0115,87.1787,39.6846,433.7883,7.9865,47.4967,19.3664,3.1966,3.9727,27.7671,107.3858,8.0568,18.1758,0.0713,11.4997,1.3899,14.0914,0.3014,0.4703,47.2302,0.0,0.1074,2.8107,0.8498,2.1632,33.7626,0.025,0.2192,0.5154,2.7969,0.1921,42.7949,107.2122,4.0019,0.0122,7.7929,28.4501,1.674,26.3358,9.2343,45.5985,6.9662,4.2566,1.425,15.3688,19.4275,49.7411,6.223,10.0839,30.7106,15.969,7.1025,12.0893,22.9164,0.4551,0.8526,8.4446,3.106,7.718,0.4898,0.3152,0.0,0.1023,0.2114,23.2504,4.9899,6.5852,28.1214,3.4894,0.2529,100.2168,57.5186,208.6871
4.1559,36.5274,82.7012,41.2867,63.8546,22.6792,6.2647,1.4239,7.8213,1.6157,25.3754,17.8961,1.7869,79.2184,33.9778,1.1877,4.6981,7.4391,25.5781,86.433,111.2378,62.8571,0.214,0.3715,47.9775,79.8338,145.5967,25.1384,4.8019,0.0,2.0574,33.9328,5.4108,39.8224,0.0066,84.3588,4.3592,43.935,0.0038,48.5857,41.7109,68.0093,134.0994,137.0728,32.5663,0.0262,12.7865,99.3195,65.7414,9.0549,34.1173,37.4962,297.4796,1.754,0.4014,0.7893,0.0,0.0,0.275,0.0413,4.993,0.176,0.0515,0.0469,0.2755,0.2854,0.1253,0.0107,11.9147,12.927,2.5384,143.3536,0.0229,0.0925,71.2098,0.4807,0.3688,208.6478,70.2739,3.8151,0.2937,9.8837,37.7974,66.8175,3.7558,49.4574,0.0815,0.0,0.072,11.0236,6.2141,0.3302,3.5131,0.1891,177.8305,0.1657,16.5328,946.0889,97.1602,382.5324,35.7587,0.9224,291.1244,16.6279,38.253,47.8809,64.6737,17.1994,102.4411,2256.022,3732.3403,0.2155,8.1555,0.0,11.5219,19.8357,2.0489,5.4107,19.6199,39.7053,0.308,6.5888,0.5002,17.5186,29.9735,107.2078,66.008,96.0436,173.0132,229.6351,5.1836,37.535,564.0795,0.8733,6.9197,24.2311,8.1935,17.5099,31.7182,32.0914,86.0528,33.182,31.142,14.5376,26.3914,22.5907,26.0144,41.5848,5.6244,4.0432,2.4041,38.3505,69.9564,138.8625,383.3139,35.7734,36.0871,390.0401,74.1114,51.3649,133.677,2.6223,0.2045,114.7162,0.0864,23.5664,0.1225,3.8286,13.0198,8.8624,29.1761,73.3986,13.9468,4.0556,11.7926,25.6796,66.2165,58.6261,27.7986,0.2614,44.0761,180.4145,4.2553,17.0294,87.3006,1.0533,10.0305,41.4206,0.6722,27.517,105.4839,0.0147,149.8473,52.5777,13.163,20.2974,0.6179,114.7717,104.0332,7.2272,4.2286,54.4278,4.6891,32.2542,71.5158,333.5016,485.8157,9.9749,44.4664,36.7111,54.7656,31.5032,2.9928,13.1289,3.1902,121.5768,18.2017,2.0447,63.6717,0.1963,40.6882,74.4371,7.9576,38.0111,0.0186,33.5021,0.0419,0.0095,6.4144,10.4341,97.6778,2.1953,5.3238,64.4111,32.3895,174.5733,8.1726,25.5326,31.7606,37.4508,35.1672,77.2463,100.5979,27.9052,202.6482,4.4564,2.9812,7.8364,168.6999,1.6521,10.9655,44.0129,56.9362,131.6582,113.9333,79.7796,256.629,19.4165,36.7355,11.1406,40.0052,12.4249,10.2681,90.1599,7.1094,66.5939,1.4238,11.5541,1.0895,17.376,12.4431,0.3641,4.2696,0.0,0.5361,0.5572,0.1475,1.979,0.5116,0.0723,0.0607,1.3153,4.8492,18.3142,65.6758,289.1359,24.988,0.0106,4.3493,25.9926,1.2238,9.6487,4.0863,9.3067,6.0479,1.3765,0.256,4.5904,39.8304,64.1811,10.4741,10.7464,35.5969,7.1481,3.7802,31.2708,21.1405,0.6535,1.396,37.0406,25.0064,12.2599,0.1251,0.0,0.33,4.0851,0.0667,8.1838,6.7632,8.8882,71.0353,1.1821,0.0,57.4595,42.1809,28.456
1.096,12.5329,29.0344,31.4624,775.449,34.5405,5.5772,0.4143,100.3298,0.3945,67.9237,18.7522,8.7777,59.8783,3.9879,6.3582,0.3595,33.8958,9.3744,21.3156,36.5654,36.4848,0.2498,6.5487,17.9977,79.177,70.4772,12.7605,1.3479,0.0,0.5133,17.2515,10.6473,162.3897,0.0,81.7246,1.9712,73.4366,0.0,88.5454,16.4112,88.2792,7.7575,2.6158,11.4668,0.2383,69.7522,24.9837,98.5929,36.1821,17.7376,24.0276,27.3792,0.4201,1.4892,0.1985,0.0,0.0,0.1455,0.0601,0.1841,0.128,0.0525,0.0114,0.3006,0.0939,0.0298,0.0,0.7101,37.307,4.024,64.5738,0.0666,0.0777,14.7689,0.0787,0.0255,34.1775,572.7059,1.1721,0.8333,60.3582,17.3748,24.0361,1.6066,12.6342,0.0,0.0539,0.157,1.7115,0.3189,0.3767,6.2782,0.1559,73.8502,0.0587,22.6029,1663.4323,8.2167,110.714,16.2817,0.0485,409.7752,10.4154,95.0829,22.8941,3.6026,17.6681,24.3,684.4621,1327.1529,0.0403,20.9481,0.0,3.6759,6.601,0.8056,1.4057,71.9787,530.5073,0.0596,55.0062,0.0383,240.0143,114.787,54.1837,41.9081,46.2701,306.1557,2855.3718,0.5751,24.4843,247.7717,0.5756,85.3587,4.0017,27.652,9.1004,12.8526,762.3137,56.2581,554.1483,21.1994,5.5311,22.0856,8.2139,25.1583,6.5989,40.7984,8.0033,1.032,5.3688,919.325,37.9383,73.9699,3.9534,9.4554,84.6293,35.1484,28.1953,227.9105,0.6432,0.0248,53.2462,0.1956,3.4381,0.0,10.3783,9.9994,0.5598,19.9664,9.895,6.8746,55.8724,7.2777,14.4936,21.659,0.8287,4.6955,0.007,15.144,1.8864,32.9058,39.9924,52.8276,15.4331,1.8714,206.8228,0.0802,2.2773,0.3784,0.0214,64.7724,69.6971,4.5434,7.7622,0.0111,34.1399,76.7905,7.1517,0.2896,41.4159,55.4883,56.6616,37.8724,343.6572,23.2566,3.3813,6.5188,8.3635,82.8366,209.3344,2.4766,9.1366,0.3147,60.9,65.669,0.3488,55.8872,2.4117,58.2957,31.7427,41.3366,21.5311,0.054,8.5869,0.003,0.0,111.4125,3.5482,641.8133,0.9159,2.9466,16.8982,24.383,10.7817,2.4187,1.2551,243.4684,108.704,23.4088,19.6681,11.7958,57.9508,251.2759,0.9833,4.1971,166.0988,183.5554,2.4998,6.9535,43.0106,24.4187,2.1969,69.4447,20.7913,301.8328,3.8743,11.9231,11.6695,0.8341,6.0196,27.3032,43.6625,34.9783,8.1259,0.015,0.0417,1.3209,12.8332,0.1057,8.0351,54.1885,0.0,0.0,0.7548,0.7053,2.4562,21.4134,0.0316,0.1149,0.2713,11.3831,0.3323,26.8216,120.7039,29.756,0.0,5.7447,17.5672,0.4799,4.6722,0.6792,62.5587,3.9473,0.424,0.1086,11.1665,30.2252,29.2066,8.1563,3.5051,19.0157,2.2166,3.4399,5.9584,11.9867,0.1101,0.0682,14.4947,13.8941,4.3634,0.1092,0.0,0.0,24.5002,3.8466,5.8351,2.1831,1.7694,30.4797,0.094,0.02,39.4705,60.7318,256.7165
8.14,86.999,39.1857,130.6353,8.9836,45.1013,11.7266,2.8337,18.7046,0.221,29.4353,11.6373,4.9366,30.0788,30.8406,0.0376,20.9403,3.5716,41.0649,52.3399,26.2302,10.9746,3.3196,0.1197,39.7452,81.296,122.8621,21.1165,4.9965,0.0,2.3436,36.0322,5.1257,10.7663,0.0983,99.2407,9.8127,9.358,0.0376,15.6794,21.9268,46.2741,101.2029,132.708,61.8504,0.1619,2.6537,93.0935,25.5867,2.5001,23.3498,44.969,453.8201,2.8666,0.6198,4.6105,0.0,0.0,0.0618,0.1021,2.16,0.6086,0.2546,0.3666,0.243,0.4197,0.1429,1.3436,6.7031,0.7895,0.9284,46.8766,0.6216,0.3517,148.6861,1.3655,0.8676,58.4255,15.3844,6.7768,1.3333,0.0,42.5822,29.8542,2.1236,84.0225,0.0,0.0,1.4222,8.0833,3.5198,0.7357,1.6105,0.0701,138.045,0.4205,42.5982,68.3806,109.0035,146.0325,26.8699,2.6204,152.2015,26.4096,15.4985,89.9547,205.591,57.1064,111.4241,830.0868,914.2888,0.7607,5.3934,0.0798,31.076,34.3636,11.0125,0.2387,0.2206,27.1398,0.3082,2.5643,0.2602,1.1336,41.7101,59.2938,20.0824,107.7317,7.3928,7.9194,2.175,91.5917,336.1636,3.3732,1.3464,7.5831,8.6824,12.4379,8.7045,0.2125,35.7993,0.5653,36.8398,44.1404,35.2392,53.8992,42.6408,149.72,26.0462,6.9641,7.1996,47.3404,0.0,16.0035,27.6946,75.3563,38.9456,107.4106,49.7618,9.7168,41.9701,8.7004,0.1403,152.5164,0.2846,3.2702,1.2104,1.8143,6.0309,5.6513,14.8253,20.8338,10.3544,1.489,23.4658,31.3499,32.7129,63.7587,42.7075,0.6935,24.4162,149.8263,4.4162,10.5419,70.7391,4.5934,7.4339,18.7812,4.7643,4.0326,93.9856,0.0727,147.1605,18.5413,18.1863,31.9584,2.8184,73.8451,27.7195,10.0476,7.869,219.253,0.2345,36.9526,42.9997,221.8749,246.7302,3.5203,45.3178,43.5292,63.3011,22.2794,7.8294,3.9566,9.4509,103.9284,9.5171,7.7434,27.0945,0.1078,14.8261,26.9854,2.9136,29.4955,0.0459,17.7094,0.7652,0.0236,0.6965,55.8876,35.6911,0.2791,5.0685,76.1839,41.5453,74.683,24.5472,112.5275,68.6186,19.7179,12.6205,43.5707,155.8159,30.4028,64.343,9.3457,3.8473,4.8712,52.4642,0.653,5.8387,64.971,67.6433,111.4125,85.3716,72.8781,72.0003,21.6529,29.1056,23.7245,105.1803,17.5725,5.1418,38.355,2.3135,110.0815,0.4588,2.1238,4.1386,4.8501,2.1547,0.2726,0.0729,0.0,1.5548,1.424,0.2604,4.889,0.4624,0.1251,0.8502,6.7334,5.9109,51.7459,72.0782,206.8814,2.8329,0.2358,0.8444,13.8746,0.7795,7.6112,11.7162,19.6812,4.3831,3.9827,0.0527,2.2012,41.8447,82.9191,19.6198,8.4589,36.9991,11.5001,2.9472,42.8357,28.0713,4.0865,6.6662,80.6861,52.3779,3.1805,0.9887,0.1127,0.3705,0.0548,0.0,17.0571,30.8182,44.477,24.4334,0.3511,0.0678,71.3146,86.8291,0.3439
1.4046,37.2641,54.0618,19.8772,418.6519,63.8653,253.7224,0.8589,131.6614,3.8578,24.6396,90.1261,15.4134,49.9745,23.3047,8.5397,4.7681,15.3296,16.611,100.132,53.6125,34.3187,1.8398,0.488,33.6147,78.3553,45.9771,118.8783,15.5373,0.0,48.935,31.1773,17.291,232.3853,0.0,66.0168,8.4573,108.641,0.0137,83.9926,34.1153,193.5001,48.8447,32.0278,25.2819,0.0353,67.3248,24.7653,78.5981,70.5961,54.968,31.5136,12.1942,4.5038,0.1351,0.1655,0.0,0.0,0.0299,0.0,0.2822,0.1895,0.0185,0.028,1.6507,0.0915,0.0627,0.0032,2.8512,221.925,8.1938,178.4724,0.3284,0.0128,10.3057,0.4852,0.7406,39.5926,45.435,10.2401,3.9961,72.5619,29.1081,68.2497,13.8008,9.1883,0.0,0.0332,0.3713,7.1792,0.8949,0.3776,7.2893,0.0933,149.4508,0.008,8.8177,1974.2965,26.9595,199.2982,20.4141,0.6713,295.7375,13.8857,106.4086,22.4516,12.9795,19.2665,32.1841,2441.7654,2661.2386,0.0497,13.1337,0.0097,19.4312,20.9688,3.8509,1.6039,277.6951,494.2976,0.4758,105.6521,2.0079,260.2926,71.3355,116.0438,103.7306,51.1973,211.4613,1180.929,2.3458,24.574,211.6851,1.4807,109.9923,5.5947,55.0702,13.5409,15.71,2513.5204,207.6747,834.4788,37.6179,6.4091,81.6128,10.6309,37.8058,11.5411,62.0078,11.3103,2.4018,8.2711,25.0725,44.6246,215.7148,7.9987,16.5356,63.2254,129.9617,168.3973,360.5661,6.9085,0.8053,59.8747,0.7668,4.7429,0.1374,14.8219,17.9622,2.7525,39.3581,33.2542,17.5595,6.6369,8.6327,32.5476,14.9621,3.4997,16.4691,0.1737,31.8434,6.0216,25.6614,116.8161,36.1399,32.2393,12.6839,130.9998,1.5723,3.5113,3.393,0.0396,50.4175,60.1462,11.9132,35.9001,0.0894,114.034,101.4367,11.1059,0.5659,20.8277,5.2467,26.3607,63.2181,422.0235,120.4899,8.5852,21.7821,18.3752,42.9393,119.38,10.0031,15.6665,1.0189,54.9291,29.6416,1.7245,98.3376,0.6328,92.519,35.3062,82.4432,46.1211,0.1333,27.5353,0.0451,0.2142,19.0887,8.3768,501.0247,1.6512,52.6608,22.7031,30.6252,138.5102,3.0677,6.1891,277.6735,121.9681,36.8014,32.8005,13.3274,18.2138,119.8795,8.8106,12.5701,63.0203,205.4104,4.8772,5.9586,30.6978,23.7378,41.5492,113.435,68.4349,602.9891,19.5766,112.0055,36.2591,5.8055,9.3119,49.9183,103.4594,7.3396,11.3806,0.1296,0.8023,4.9826,5.2787,1.3304,2.7823,75.7754,0.0,0.1882,0.6724,0.3026,2.6528,23.7487,0.0325,0.1344,0.3529,5.0775,0.4814,34.5176,132.1677,16.7089,0.0,1.248,35.6989,1.2526,9.3213,1.633,60.5529,7.5534,1.0905,2.4307,12.5696,48.7013,62.0141,16.8404,17.7282,33.5839,26.8808,8.2414,16.7043,22.586,0.1657,1.1854,11.8252,4.3276,15.0967,0.1571,0.3684,0.0,0.0996,13.0071,26.5674,3.2709,4.3855,178.3946,4.1499,0.1724,17.7084,38.6068,174.2317
2.0129,53.7422,78.3255,11.9497,804.7101,96.7819,189.5327,0.7967,188.368,1.4053,45.0033,39.8824,11.3226,57.6997,32.4592,36.1209,2.164,50.6294,23.8742,98.5864,54.4534,31.6304,0.2817,0.4661,28.6032,54.7996,127.9965,28.7159,4.4963,0.0,3.6419,30.7047,22.5212,257.227,0.0,134.9867,3.2687,70.7685,0.019,114.2233,15.791,103.9045,58.2036,23.6234,8.3994,0.3163,2198.9609,27.3655,200.0562,60.4133,25.4898,31.4835,19.8526,13.0358,0.5847,0.2456,0.0518,0.0,0.0139,0.0,0.1149,0.1172,0.0,0.039,0.8516,0.0226,0.0762,0.0059,1.3351,141.1763,15.5629,137.719,0.0761,0.0118,37.8743,0.4401,0.4969,32.1442,161.8672,3.3915,1.479,58.1778,32.8378,53.4621,5.9879,36.8366,0.0,0.0,0.3594,3.9813,0.2737,0.0647,17.4415,0.1102,142.27,0.0,21.2694,3118.3888,30.8848,256.6458,35.674,0.3497,195.8757,16.5916,117.0002,55.7124,21.6667,38.9975,81.5131,1047.4356,1382.8059,0.0718,65.6599,0.0,28.9488,14.2469,4.8855,1.8898,473.6273,520.9992,0.3115,132.9538,1.0664,117.362,127.2072,72.3654,64.4358,60.1727,492.8177,1157.453,0.8225,31.2108,401.2792,0.7469,47.4991,4.3182,31.697,4.9579,32.3801,566.5022,34.6815,355.4902,38.1255,10.556,65.5551,17.8899,57.1589,26.5018,47.4118,16.5982,2.5129,19.1958,89.2702,26.5876,93.5201,12.4356,15.6893,161.8837,72.8439,54.532,573.0125,7.4614,0.0946,188.8653,0.2078,4.8416,0.0255,9.4596,7.1272,1.281,31.6767,12.8607,16.9891,13.9323,13.1934,10.6417,9.9967,2.132,16.9005,0.0483,9.8041,2.3574,37.6241,90.7683,96.0065,15.0641,2.2572,67.4012,0.7705,6.6703,1.1445,0.0,114.4281,43.6708,15.4964,23.7175,0.9525,69.1915,67.8711,35.5077,0.9918,65.3197,1.9277,16.5271,61.4214,557.4954,31.5227,15.8703,25.8155,28.3215,161.4567,168.0687,9.1155,15.558,14.1767,100.4022,32.6933,3.971,137.2009,0.0847,115.6604,47.3558,63.7392,56.4435,0.0,35.0273,0.007,0.0,66.3191,21.4575,775.547,1.9616,15.7452,22.8479,31.0115,33.7255,3.5325,8.2003,449.8001,158.3087,109.6153,65.6958,23.3397,48.9475,287.4663,5.1104,13.6041,67.305,106.3607,0.66,4.8262,38.5718,17.0392,44.2197,86.096,50.3397,577.1894,12.5457,59.449,23.5126,3.5593,11.1039,58.8647,95.9456,10.5303,37.2749,0.1374,0.9731,1.3066,4.4893,0.242,6.5393,55.8927,0.0,0.1164,1.0235,2.6666,4.1549,14.9351,0.0482,0.1752,2.9006,8.6159,0.3379,93.5268,268.1772,1.51,0.0,34.6896,24.2833,0.6526,19.2353,6.4644,205.7601,6.7692,0.3096,1.2427,2.835,42.5563,87.3533,12.7723,11.5733,46.8302,27.7345,8.0632,14.0724,33.1402,0.1291,0.3119,18.4162,5.2889,26.9352,0.0833,0.0,0.0499,0.2957,0.1111,13.995,3.5962,16.4228,69.8757,1.5161,0.0,60.5646,67.3746,228.3527
4.3927,71.3667,139.8208,66.5402,17.9658,56.1127,12.4974,3.7419,4.4097,0.6205,13.9505,16.7995,10.7666,45.817,41.5727,0.0831,13.2773,1.062,18.6111,74.447,59.8042,35.6119,2.8158,0.0294,53.4229,70.2048,180.0393,58.4963,6.5521,0.0,4.045,64.6692,4.9178,21.7883,0.0,127.6492,13.0851,47.1902,0.0,48.0841,48.716,63.0479,210.0664,250.9586,41.1513,0.0477,4.7731,115.8373,40.3542,6.4661,54.4781,71.0587,423.6528,2.0619,0.3104,1.852,0.0,0.0,0.0606,0.0,0.7395,0.3201,0.0,0.0284,0.4474,0.3338,0.0438,0.3751,21.6392,9.1334,9.3321,93.1352,0.4577,0.0518,75.8724,0.4591,0.9265,231.4079,29.708,9.9086,1.4094,0.0564,61.6635,62.6787,6.9773,46.9609,0.0988,0.0673,1.1455,11.1969,4.1274,2.6617,2.8992,0.1491,205.2873,0.4319,21.2003,332.7097,151.0687,277.6712,19.8589,1.8272,122.2881,19.0541,56.9712,41.4284,92.4577,26.0051,149.6217,1112.1636,2887.5585,1.5686,8.9676,0.0,16.1371,28.4254,9.3692,0.3076,0.0406,15.5963,0.5249,1.6121,0.1277,2.5972,35.4949,50.5343,60.1087,126.7861,35.4504,31.3866,1.5363,46.8091,381.0955,0.9392,0.7217,13.2403,20.0536,11.3359,51.6261,1.3305,55.5477,0.4701,32.6997,18.376,37.6258,25.1363,33.4654,98.014,26.3678,3.1797,3.8144,43.1907,0.0461,136.0348,249.3342,52.1035,24.5518,276.0974,81.2419,34.3898,89.0044,8.543,0.372,81.0225,0.1572,6.767,0.5571,2.8475,7.4477,7.3998,50.5746,49.5195,18.4883,2.5691,10.3675,20.8838,68.9702,62.6675,33.3998,0.2818,41.2578,243.7314,3.0684,18.9564,33.0339,2.1899,14.8016,35.1488,2.4259,7.1354,78.7923,0.1606,123.3234,58.6568,7.7914,15.7273,1.3844,86.3925,90.4697,9.6351,10.5853,96.5155,0.259,26.8954,87.126,253.3197,462.5369,15.6166,56.5165,37.4204,48.8523,22.9129,5.1001,10.6775,3.8366,60.6239,16.9583,4.5346,55.2626,0.0926,20.2987,69.2132,7.3478,50.7454,0.0338,18.2049,0.0914,0.0174,3.0264,22.3943,63.2905,1.4977,14.2221,42.0074,23.2277,175.7375,10.061,61.933,60.2671,29.999,22.3778,61.0947,115.1954,23.7347,269.0825,5.0357,2.469,3.4949,170.8125,1.4127,20.5936,38.0373,59.7296,205.2627,83.6089,88.4407,117.627,29.5353,69.1898,29.4371,54.2588,12.829,8.4867,99.0447,4.3114,87.482,0.4505,0.2085,4.4118,5.453,9.0975,0.0201,0.4832,0.0913,0.7209,2.6567,0.1917,4.3646,0.6811,0.2106,0.5156,3.6265,5.7738,18.3677,57.9265,228.5192,5.3245,0.0,3.4739,31.2321,1.6003,18.7805,6.6834,7.8061,7.5159,14.2136,0.0776,2.3187,49.5084,49.5851,17.0596,13.2008,33.5974,7.6454,7.6618,23.1937,20.3689,1.1957,6.0683,62.2517,31.3546,14.7987,1.2287,0.1383,0.1637,0.0,0.0,26.7482,9.3281,22.3944,46.7035,1.3279,0.0,47.9015,50.9571,0.2235
36.9005,22.9616,70.2815,22.9766,135.1689,94.6904,30.0911,0.9575,34.0249,2.5548,29.3682,13.0998,6.5022,44.7054,16.9098,0.8651,2.7698,6.1614,12.4287,25.6652,42.3626,63.2606,2.0468,5.107,24.4596,57.9111,30.2261,76.1025,55.3736,0.0,12.5438,40.3592,12.0421,161.2632,0.0655,64.0223,72.3107,74.5409,0.4229,78.6088,28.5358,71.1746,9.2011,2.181,5.6015,0.1214,32.4275,15.8373,150.6297,73.3012,23.4351,27.9777,23.6998,3.4928,14.3773,2.9882,0.0,0.0,0.0412,0.0,96.6391,0.2173,163.1229,0.4051,0.0486,0.1846,1.8037,0.9044,30.3705,3.9977,13.7615,95.3878,14.3503,0.1758,9.7709,2.0184,0.1735,165.7592,738.6442,3.9471,2.1992,0.4975,9.0431,55.6195,11.8579,12.499,0.5367,0.0,0.1111,16.9631,7.58,36.6182,3.0685,3.4487,99.3775,3.773,10.7759,706.4227,15.5449,38.7054,11.4969,3.4238,36.3197,6.6338,70.0952,39.3601,16.0342,16.9334,3.1387,681.3892,1155.1145,1.4071,16.3639,0.0,10.136,12.8776,2.8382,4.1169,7.6086,32.8117,1.2713,5.3703,0.2276,341.4674,15.2506,53.8812,87.0934,43.353,223.2356,230.6939,3.9721,11.9659,253.5854,6.0841,45.9601,65.267,166.5373,59.459,121.1357,186.5908,169.6401,77.195,51.6913,6.3119,28.1095,22.3413,35.1182,18.8685,143.4398,8.0573,3.2886,15.272,2.4113,185.2483,4.1748,6.6445,12.6249,112.4994,36.9136,77.8807,178.323,8.7934,0.7857,45.315,0.4032,7.7946,0.208,27.1814,17.1316,17.9732,20.2388,41.2382,17.8082,18.7488,4.9015,13.5396,28.7223,3.2829,15.3862,0.0359,29.71,5.9716,1.4111,37.3495,47.5901,14.4154,5.2421,20.2466,2.3274,4.9434,4.8098,0.3997,30.6768,77.8059,6.0103,12.3033,0.1767,29.6462,78.2488,39.0287,13.2736,34.1265,3.6459,22.943,96.5573,246.9525,67.6925,11.5652,1.6612,10.5183,38.3032,65.1918,3.6882,44.6364,5.5095,29.2116,169.4698,2.9021,62.7747,7.5605,79.2386,31.8959,23.9339,43.0336,1.1698,14.8722,2.0938,0.3066,5.8154,20.7792,14.8195,219.9188,22.0904,19.3121,15.2798,59.5145,1.9492,1.051,175.0361,94.1047,34.9552,33.3639,12.9232,24.4441,391.0062,3.5714,14.2332,1.7951,45.8386,46.8688,249.7172,16.2496,68.8236,33.1235,87.8973,62.8077,739.8764,10.894,21.1863,16.7673,31.5115,7.0615,12.5534,144.7832,7.5767,30.2683,0.3568,42.4276,5.6862,34.516,1.6876,0.6542,31.0439,0.0,0.0288,1.4713,9.7101,26.8661,23.1635,0.1787,7.166,2.0683,4.8228,1.4372,71.0739,137.5645,163.799,0.0,6.5654,40.5209,21.1609,41.8471,41.4357,47.9816,24.7437,5.4831,0.2371,16.8691,19.4152,47.9904,27.0907,6.8529,18.661,9.813,5.2723,6.6204,10.6611,1.1218,0.7059,6.205,4.1303,14.3828,93.2953,0.2441,0.1111,0.8226,1.71,2.0817,3.5059,0.6457,48.6983,16.6973,0.0678,49.9255,36.5342,298.7755
42.3733,18.7618,36.3752,21.0612,649.4711,59.5195,0.6495,0.719,14.8882,18.6314,17.6316,15.673,3.1046,44.2173,29.3589,2.1528,0.4222,115.3587,16.3769,8.3036,211.2954,225.2046,16.4845,138.6771,28.7654,68.9224,41.758,41.9837,2.5695,0.0,6.6611,22.5069,14.3906,151.9058,0.1674,101.2247,21.9964,123.2206,0.0384,64.3858,22.5264,84.448,3.424,0.1848,11.5718,1.1082,41.6572,35.6004,141.0019,16.6012,43.6886,24.9296,34.8917,4.3329,2.0775,27.3573,0.0,0.0,0.61,0.8349,85.6633,0.0,1.301,17.6076,0.0497,0.6347,1.6367,0.1256,73.1368,0.4164,22.7708,117.7836,51.6812,0.0539,28.5511,0.3034,0.0887,919.5064,7473.2598,2.0339,0.5283,0.0,23.4231,209.2669,1.9699,30.032,0.0,0.0,0.0,9.1654,2.7946,4.4291,8.2017,0.2864,112.7142,5.9371,9.4253,343.5381,20.374,59.5544,17.3627,19.1851,89.4051,17.3739,37.3145,25.8913,29.3024,19.9019,1.356,1635.3269,1769.3211,3.9803,18.1279,0.0,10.6085,11.9456,0.1398,308.5071,20.6247,19.9129,6.9395,4.7139,0.0443,25.5895,50.4225,222.1105,65.6734,59.2066,4385.7096,13.7609,13.3588,32.9391,413.5691,28.6986,9.6231,131.4465,43.7905,32.2283,227.1453,1.3033,254.4641,4.1747,45.1618,9.754,23.5304,23.1614,28.8761,9.1476,6.7766,65.5359,33.3293,17.3822,1.5363,546.1619,6.5354,3.1003,8.4288,521.503,49.7225,64.3169,325.353,7.1207,0.2295,20.0953,0.3394,1.2238,0.0773,25.0458,8.7233,15.9118,19.905,69.2838,11.205,2.2826,8.7349,17.2015,8.7063,1.9498,59.0705,0.0244,28.5089,6.7166,2.5901,11.6294,98.6756,0.1357,2.9309,39.6037,3.1439,37.9587,19.0473,0.0371,76.1235,38.5839,9.8991,24.0508,1.7909,39.4525,48.1377,13.8877,4.6518,30.9131,896.9313,19.988,32.7743,258.4886,26.0044,1.0279,0.7773,23.5533,45.5472,68.3043,1.5672,31.0175,26.0738,31.3566,59.2033,8.3934,66.0557,0.5323,28.7997,10.5813,26.4106,46.428,6.4703,8.6493,0.3276,0.0,8.4352,1.4667,15.3184,16.831,11.2625,29.6305,36.8636,34.8827,5.1151,0.3351,43.3529,122.0963,30.6888,104.1825,17.5606,25.623,233.8316,1.6626,15.2214,0.8211,56.1664,17.4137,89.6945,89.2928,126.8713,18.8724,28.6458,39.4554,270.4018,26.2152,9.295,18.6898,11.6494,7.0932,18.99,265.4723,13.8957,13.8556,0.0,1.7652,0.3549,0.4763,0.734,0.0557,0.0,0.0,0.0,1.5038,2.7139,2.2126,17.4214,0.0365,26.6797,1.2667,1.5236,4.0178,56.3001,205.1097,0.4321,0.0535,33.7747,14.8486,12.7209,15.0805,12.4002,26.631,161.8093,6.6999,0.2693,27.7059,7.3984,24.3725,3.1878,9.4587,32.3989,12.1447,6.06,18.7711,6.1247,7.1405,4.376,14.4282,19.5186,1.3297,3.6626,0.0,0.6816,0.1121,0.0,2.5121,5.4469,0.4591,7.1735,23.0262,0.0,36.7252,41.7083,0.3928
4.1605,22.8139,105.5989,13.3007,54.4963,76.0493,1.3537,1.22,6.2715,3.1986,36.4716,7.8485,4.834,32.7838,17.9392,1.6024,2.3447,13.2505,9.8514,19.3228,286.6201,175.225,0.3732,0.7359,18.0888,39.5799,44.5158,47.9385,5.7765,0.0,24.0674,34.163,9.2291,141.0095,0.0642,56.6339,23.6622,59.0857,0.0322,52.102,17.3927,61.676,27.3478,6.1422,17.3425,3.0589,44.3014,19.8168,224.9545,29.0088,19.4526,31.566,43.6388,4.6413,3.3866,2.9265,0.0752,0.0,0.0302,0.0,25.9104,0.0426,2.8672,0.2739,0.0357,0.6657,0.2186,0.172,88.8622,0.9975,6.2761,72.3908,1.4386,0.155,5.0433,1.2209,0.1062,340.5482,895.0366,2.6254,4.9737,0.0,13.7715,37.2698,13.1486,19.9939,0.3614,0.3134,0.0435,18.9496,0.5833,11.9957,4.258,8.8822,100.196,0.2655,13.3946,651.1211,16.1894,78.0219,13.3488,7.5491,53.8531,6.9778,55.4967,19.8471,4.4785,14.5812,51.7177,608.8945,1281.6453,2.9498,13.1945,0.0,16.613,19.0022,1.9759,8.2682,3.1588,30.4223,0.8064,3.1311,0.6262,230.7851,37.8206,74.4426,48.8887,46.8929,242.527,76.8385,0.891,17.3706,234.7481,3.0055,64.4078,63.0411,45.1744,45.2809,82.937,365.9937,186.8844,92.5742,35.3146,6.2347,19.981,12.9437,46.6911,12.4241,318.0312,11.135,1.6737,15.1538,6.5325,268.7418,20.7273,7.7185,15.3815,77.1823,29.8772,38.4309,179.3817,13.1666,1.3054,48.1239,0.1858,8.8288,0.7037,42.5075,45.2756,9.4658,15.418,91.4222,25.9629,13.9039,2.8415,8.38,13.7829,2.4444,38.9131,0.1171,28.0626,3.4891,1.9178,23.8797,77.661,6.6168,1.539,29.268,5.1984,7.719,0.9136,0.1068,60.3309,70.4324,5.455,11.8129,0.2411,36.6637,94.3543,30.7904,1.0581,37.5119,4.2825,35.274,73.6969,375.9492,28.4392,29.6291,8.4479,12.6578,36.5156,67.8962,2.6794,75.1429,6.1805,21.5524,35.6011,2.5067,48.146,0.3781,46.6072,61.6341,18.7396,34.2183,0.2696,22.4561,0.1165,0.0,2.3531,20.8092,97.4904,27.7836,49.1604,17.6414,17.1914,43.1138,2.9562,0.7932,46.0384,82.2912,32.1551,24.8441,10.2799,61.9307,409.046,3.282,23.0527,0.713,101.7287,2.378,112.3669,13.7608,47.2114,21.2464,57.1738,34.1447,1208.2058,4.7943,10.5888,13.9855,28.5223,5.6143,56.071,420.3763,18.4697,27.6529,0.1248,0.6932,7.7934,6.0085,0.633,0.0,44.9078,0.0304,0.0564,0.5113,2.2181,1.6219,24.8283,0.1137,0.8962,0.3854,3.9761,1.6618,65.9095,101.4683,10.3507,0.0,3.7352,26.8035,6.4993,21.2981,23.1662,29.9788,14.7714,5.5498,0.387,14.2287,4.5845,61.1989,23.9356,9.6254,20.8798,23.0859,4.1203,6.2907,18.3938,1.0093,1.5526,6.701,6.7646,5.061,23.5077,0.2391,0.0363,0.4297,0.0404,3.3651,5.5846,1.8834,38.3205,31.3453,0.0,68.8743,42.0739,117.9152
2.3879,8.0418,42.3665,47.0724,217.9301,58.5546,1.74,0.8649,3.4816,12.3442,34.0817,24.8105,187.7712,35.5679,16.6156,0.4646,0.5489,0.6006,18.2528,31.5168,98.3635,59.7623,0.7643,0.0438,15.8006,51.0767,81.4539,10.5876,2.7205,0.0,0.7236,41.3468,5.0018,129.3114,0.054,102.8721,30.9992,32.4809,0.0271,29.0662,13.0099,48.4313,15.0212,0.5583,22.8573,0.0067,11.8264,31.9862,167.4817,3.8806,26.2876,16.1826,24.9832,2.8377,0.4287,0.5251,0.0633,0.0161,0.0,0.0,0.7254,0.0358,0.0105,0.0238,0.02,0.6496,0.299,0.1518,8.4381,299.8225,82.496,181.2721,1.419,0.181,12.1243,0.1711,0.0357,720.4501,52.4219,0.8667,0.3286,28.7062,13.7106,41.4623,2.1654,24.683,0.1657,61.4061,0.0915,5.7363,1.2372,0.4938,0.2689,0.1923,79.8827,0.082,12.3092,24.2031,15.6168,45.239,7.4882,2.0741,76.7284,8.3308,19.6277,44.1537,68.6207,24.9274,13.0031,714.8533,1764.0246,0.2192,13.2162,0.0,1.303,7.9773,0.1408,0.2457,12.7804,84.1934,3.4458,8.0913,0.0178,2.5304,19.2795,136.5383,69.2881,29.5697,213.0679,134.2452,2.1471,18.3258,276.2408,7.3163,1.7611,10.799,27.7482,13.7865,185.1673,14.3938,266.6622,0.1502,69.3821,7.426,27.7776,30.6517,16.6362,11.4859,72.5109,2.613,1.2438,13.1244,0.0516,24.1065,3.3072,5.8246,9.5664,25.5907,25.8729,29.0145,165.9636,0.2016,0.7395,46.2562,0.0293,2.8442,0.0467,49.6511,29.2584,13.5758,27.9289,139.9566,13.8443,6.6642,4.8671,17.2166,1.3403,0.936,106.2712,0.0,10.7733,2.8691,17.5957,10.0033,43.5067,8.5476,10.4185,50.5757,20.4427,10.893,0.6164,0.0,100.7813,20.6548,11.0858,18.4293,0.1622,41.4346,57.7668,16.2479,4.3065,60.7173,0.8785,19.8617,55.8759,238.0325,9.1258,9.627,2.4392,24.1207,34.9921,82.5112,1.0434,44.054,2.4747,26.3297,95.0984,1.4629,49.9235,0.5102,114.8534,24.088,48.9244,54.2437,0.1322,25.3903,0.1575,10.9538,20.0582,6.7303,0.7454,12.6574,143.5023,26.3799,25.0329,9.7916,4.3641,1.322,111.3295,47.5252,3.0307,35.8897,13.7141,20.139,133.8602,3.1826,30.0857,9.51,41.8416,2.3019,8.1354,31.8654,128.595,27.1057,50.3336,64.7906,705.6834,4.9509,22.7576,6.83,1.5943,6.8402,44.2721,167.0828,8.4549,22.555,0.063,0.0699,13.1058,0.1919,0.1183,0.0,2.5213,0.0,0.0,0.0391,0.1501,0.3656,0.3553,0.0662,3.4425,0.2758,90.2373,2.4001,28.5178,414.164,0.2089,0.0,5.1546,3.1965,1.5655,4.8143,12.8597,1.6129,2.1995,6.1925,1.8222,12.1245,2.8492,42.9019,6.9612,3.5306,29.3635,6.4796,3.2013,15.3,5.2739,0.4619,0.4383,6.2763,6.0566,4.3744,0.0509,0.0464,0.0,0.1129,0.017,6.1545,3.8406,1.26,19.7727,2.5423,4.8008,35.3584,26.8808,169.9106
3.5703,42.0605,75.728,41.6392,261.4371,52.3234,0.4814,0.1838,6.6428,4.3794,28.8135,25.832,6.2236,41.6184,28.035,24.288,3.4827,35.6318,13.22,55.7284,169.5719,119.9699,0.334,4.0647,17.9283,68.7775,113.7377,16.8024,3.6204,0.0,91.9534,32.1153,12.5649,148.9105,0.0,132.227,3.4534,48.9557,0.0098,96.0747,10.7508,49.3674,46.5595,8.4188,30.047,0.2198,55.0057,46.6652,94.9215,52.914,63.707,33.2198,73.5592,6.2891,1.1137,1.0662,0.0,0.0,0.1828,0.0,1.4253,0.0,0.0399,0.0403,0.2412,0.2192,0.1244,0.0596,10.522,51.9215,2.9098,120.29,0.0,0.0919,13.9552,0.1706,0.1813,820.0622,145.5441,7.415,1.3551,177.8851,20.9497,44.8546,10.5639,22.1469,0.0,0.1433,0.1161,19.6042,0.5233,1.6959,7.3705,0.8785,153.779,0.0116,9.1663,2447.1813,18.2264,133.425,31.0792,0.2579,391.8901,7.7143,320.3373,55.7126,8.9645,27.7873,108.2939,979.4256,2199.184,0.0636,41.4131,0.0278,17.898,16.4092,4.8236,15.8037,317.2506,138.5298,0.327,36.3221,0.9739,302.7847,75.5869,123.0063,150.5684,37.7861,97.7002,1495.9153,1.5999,29.9428,327.0008,4.3958,112.4173,34.2512,103.6958,51.0996,44.0881,505.4229,110.2013,262.0295,28.5257,8.2329,22.1958,12.5074,30.7982,15.9745,60.1897,15.8608,1.5693,12.4616,154.4752,273.0188,75.7846,8.6405,10.1296,60.455,46.572,65.4779,214.6134,19.1826,0.4398,99.7954,1.4869,5.3654,0.2173,22.8856,21.4707,3.9248,18.354,63.5799,8.4084,103.3508,3.4443,11.548,39.3597,2.5747,7.4223,0.1374,46.8389,3.2355,2.1564,74.1118,78.5808,0.2358,2.3491,100.6534,0.8248,6.6484,1.8795,0.038,127.8167,47.5303,11.4732,20.9359,0.121,103.0453,53.5899,13.7821,0.7726,21.9249,4.2873,24.3995,100.1421,320.1133,279.4178,13.3539,27.353,12.8886,166.7191,121.8723,2.7912,29.6289,0.8025,51.7025,139.6871,1.2835,88.05,1.2291,89.3711,67.2077,36.5479,40.3473,0.0,34.8582,0.0594,0.0123,236.686,15.432,186.5066,2.5206,27.8745,16.6496,17.3021,63.7973,3.5531,5.6519,126.0284,140.5458,22.0143,38.0265,28.8989,40.991,213.6216,8.179,5.8856,109.4686,184.3894,9.626,48.453,71.7438,50.5492,25.2131,148.3556,41.6775,841.8959,14.423,32.308,28.8001,7.3914,10.647,57.6641,91.6977,10.1857,24.0167,0.0799,3.9199,6.667,17.816,0.075,3.7024,29.8089,0.0,0.1805,0.4463,21.951,0.8287,12.3672,0.1867,0.162,3.8148,10.5091,6.5868,28.1118,133.7922,1.9215,0.0,11.5448,21.9654,1.3696,15.0895,10.791,78.7241,11.5482,3.9048,1.4589,10.2321,17.4755,83.8251,23.044,7.3563,33.4643,5.3097,6.9,9.8372,42.6032,0.2621,0.4957,22.3782,5.0305,7.6274,0.1614,0.0392,0.0387,19.4252,1.1409,37.4483,3.1961,3.9309,107.1543,9.1609,0.0354,75.777,43.6212,211.9292
17.3217,129.7441,62.9648,6.9822,149.3421,94.0047,0.2787,0.501,0.7704,5.2644,57.5992,32.3729,34.8719,53.23,16.4633,6.4205,3.6741,55.5864,29.7056,137.4626,69.4,77.5106,9.2977,9.5385,28.163,76.403,98.1633,83.3699,38.9697,0.0,25.3948,44.7515,38.3449,292.5023,0.0,65.5178,69.9094,25.6978,0.0507,95.0036,24.309,133.3392,56.7852,16.7127,28.437,2.4786,789.5993,48.5972,192.8981,72.4835,27.0044,53.2093,27.2621,2.1857,1.0369,1.2908,0.0,0.0,0.0555,0.0,2.4031,0.0587,0.7901,0.0,0.4099,2.6725,0.0321,0.154,6.5582,7.8513,41.0622,161.1192,0.648,0.1424,12.7793,1.1014,0.2341,2249.9233,94.9224,2.1527,0.5874,111.5341,33.8484,50.6404,25.4562,30.7181,0.1358,0.1234,0.1499,8.8028,0.5297,5.772,1.7927,3.9919,221.3272,0.112,16.0324,1641.088,41.8536,131.0449,35.6992,0.4099,93.395,7.8602,45.0116,87.6998,328.2597,41.2187,125.4685,801.5003,1998.4074,0.0411,180.6658,0.0,7.0776,20.0232,2.7686,58.4513,30.057,156.1888,0.2664,23.6492,1.521,55.3165,55.1005,149.3038,65.9951,58.8172,117.0736,353.8691,0.539,41.4438,410.136,1.5117,17.1315,5.1852,137.5252,32.1742,142.9321,442.1115,219.731,151.2737,51.9524,4.6965,66.4884,9.3488,35.2884,22.5936,126.4555,2.5772,3.9833,15.3933,46.9056,127.7123,96.2674,25.7043,12.7067,46.0416,57.6436,258.7899,219.7624,6.4284,0.284,158.3956,0.112,2.144,0.0766,52.3491,41.0186,6.0022,18.5035,16.1442,17.13,23.1327,9.0029,29.8167,16.0187,2.1238,8.1496,0.0161,8.2616,7.4042,15.4337,48.421,127.2564,7.7378,6.5009,62.6771,13.1499,2.3999,1.9298,6.62,81.7525,228.8464,16.7887,21.485,0.043,188.3326,47.1637,28.9659,4.9549,29.6843,3.3221,30.3228,91.4023,647.9623,40.9678,58.8056,51.394,25.5803,128.2731,195.9983,3.2126,11.2562,1.3743,37.0102,83.3416,1.7633,86.31,1.5267,119.3275,21.4861,43.2411,40.437,0.2476,18.2595,0.0279,0.2387,0.8458,25.2403,546.1644,2.1253,8.2062,40.3713,20.8942,35.0304,4.2617,15.8342,577.3375,85.4144,17.7879,30.0141,18.4236,41.1719,299.0461,3.8455,24.1871,8.6389,428.6939,1.3491,4.7202,366.56,18.4695,8.4962,179.4541,69.1131,858.472,9.1923,58.2683,14.2064,4.9482,7.3873,20.1542,151.4424,6.1153,40.3671,2.923,1.2799,4.061,4.122,2.035,26.7025,11.1161,0.0,1.3208,5.5078,4.1451,0.8683,31.9223,0.0362,8.2324,1.5593,35.746,2.181,69.2948,290.5011,4.25,0.0,31.1156,15.3163,1.9121,20.3451,4.0703,91.2185,19.6838,9.5896,1.2442,18.6089,10.1619,65.6487,24.7579,20.2651,62.9924,6.542,14.684,33.7318,6.8293,0.3077,0.2811,29.3978,5.2476,13.0688,0.5836,0.0253,0.0,3.1451,1.7514,48.0918,1.7337,4.9629,59.794,7.0403,0.3202,83.2622,65.1915,455.9679
