AKT3,CDK2,CDK4,CDK6,CDKN1A,CDKN1B,CDKN2A,APC2,CDKN2B,LAMC3,TFG,PIAS3,CEBPA,RALBP1,RASSF1,FZD10,EGLN2,EGLN3,CHUK,CKS1B,COL4A1,COL4A2,COL4A4,COL4A6,CREBBP,CRK,CRKL,CSF1R,CSF2RA,CSF2RA,CSF3R,CTBP1,CTBP2,CTNNA1,CTNNA2,CTNNB1,DAPK1,DAPK3,DCC,DVL1,DVL2,DVL3,E2F1,E2F2,E2F3,EGF,EGFR,EP300,EPAS1,ERBB2,AKT1,AKT2,ETS1,MECOM,FGF1,FGF2,FGF3,FGF4,FGF5,FGF6,FGF7,FGF8,FGF9,FGF10,FGF11,FGF12,FGF13,FGF14,FGFR1,FGFR3,FGFR2,FH,VEGFD,LAMB4,FOXO1,FLT3,FLT3LG,FN1,FOS,PIK3R5,DAPK2,CBLC,MTOR,ABL1,FZD2,APPL1,FGF20,FGF21,FGF22,STK36,GLI1,GLI2,GLI3,LAMA1,GRB2,CTNNA3,GSK3B,GSTP1,MSH6,HDAC1,HDAC2,HGF,HIF1A,APC,HRAS,BIRC2,BIRC3,XIAP,BIRC5,HSP90AA1,HSP90AB1,IGF1,IGF1R,KLK3,FAS,IKBKB,FASLG,IL6,CXCL8,ITGA6,AR,ITGA2,ITGA2B,ITGA3,ITGAV,ITGB1,ARAF,JAK1,JUN,JUP,KIT,KRAS,RHOA,LAMA2,LAMA3,LAMA4,LAMA5,LAMB1,LAMB2,LAMB3,LAMC1,LAMC2,ARNT,SMAD2,SMAD3,SMAD4,MAX,MDM2,MET,KITLG,MITF,MLH1,MMP1,MMP2,MMP9,MSH2,MSH3,MYC,NFKB1,NFKB2,NFKBIA,NKX3-1,NOS2,NRAS,NTRK1,LEF1,WNT16,PDGFA,PDGFB,PDGFRA,PIAS4,PDGFRB,SUFU,PGF,PIK3CA,PIK3CB,PIK3CD,PIK3CG,PIK3R1,PIK3R2,PLCG1,PLCG2,PLD1,PML,CYCS,WNT4,EGLN1,PPARD,PPARG,PRKCA,PRKCB,PRKCG,MAPK1,MAPK3,MAPK8,MAPK9,MAPK10,MAP2K1,MAP2K2,BAD,PTCH1,PTEN,PTGS2,PTK2,BAX,RAC1,RAC2,RAC3,RAD51,RAF1,RALA,RALB,RALGDS,RARA,RARB,RB1,CCND1,BCL2,RELA,RET,BCL2L1,BCR,RXRA,RXRB,RXRG,BID,HHIP,SHH,BMP2,SKP2,SLC2A1,BMP4,SMO,SOS1,SOS2,SPI1,BRAF,BRCA2,STAT1,STAT3,STAT5A,STAT5B,STK4,ELOC,ELOB,TCF7,TCF7L2,TGFA,TGFB1,TGFB2,TGFB3,TGFBR1,TGFBR2,TP53,TPM3,TPR,HSP90B1,TRAF1,TRAF2,TRAF3,TRAF5,TRAF6,VEGFA,VEGFB,VEGFC,VHL,WNT1,WNT2,WNT3,WNT5A,WNT6,WNT7A,WNT7B,WNT8A,WNT8B,WNT10B,WNT11,WNT2B,WNT9A,WNT9B,ZBTB16,PAX8,FZD5,FZD3,CCDC6,NCOA4,WNT10A,FGF23,WNT5B,AXIN1,AXIN2,FZD1,FZD4,FZD6,FZD7,FZD8,FZD9,TCF7L1,RASSF5,CASP3,CASP8,CASP9,CUL2,PIK3R3,IKBKG,PIAS1,RUNX1,RUNX1T1,PTCH2,CBL,CBLB,FADD,FGF18,FGF17,FGF16,CCNA1,WNT3A,CCNE1,PIAS2,CCNE2,TRAF4,ARNT2,FGF19,RBX1,CDC42,CDH1
0.4929,20.3836,12.4142,3.28,290.9149,23.3507,142.6328,0.2894,53.3642,3.3607,22.6118,1.9529,2.9418,12.4832,29.3522,4.146,0.3784,83.1013,5.3512,130.5733,7.4554,20.1972,0.015,0.2152,6.7404,104.7787,12.5315,6.6371,8.5819,0.0,0.9928,22.1094,4.7628,40.1393,0.1301,51.5794,3.7321,116.1598,0.0,51.1121,17.2917,33.5663,65.9282,15.7067,2.7162,0.0593,5.6593,4.9293,38.1172,83.5672,7.9662,10.0598,10.2867,3.6391,2.2026,0.0946,0.0,0.0,0.0,0.0,0.0347,1.1149,0.0544,0.1001,0.1113,0.0154,0.0182,0.0134,1.0657,17.8281,7.9265,125.2912,0.0,0.0,8.1879,0.1903,0.106,5.8217,59.6632,0.9039,4.8681,538.5251,6.9201,7.2776,8.5281,4.98,0.0,0.0,0.3256,2.9908,0.0992,0.293,1.7837,0.1949,53.2869,0.0034,4.2627,4088.3927,9.462,93.0071,12.9086,0.0,7.7933,0.7211,275.1808,17.1582,21.5841,5.7487,178.092,601.576,523.6073,0.0,4.18,0.0,4.5275,9.9794,0.1044,0.5648,13.1649,34.7553,0.3588,2.4155,3.905,83.7965,17.5535,2.8993,82.1894,11.4155,50.8505,1201.3331,0.2507,7.0981,233.1882,0.1346,7.3107,16.0046,31.9724,10.066,59.8974,666.8631,32.1772,240.4573,13.6498,2.7763,20.1435,6.4167,24.6148,13.3614,14.6515,5.2789,0.3901,6.1435,102.5998,50.7649,776.0679,3.6938,5.3544,27.127,13.3548,54.6608,135.6862,12.2003,0.7198,18.5155,0.0941,0.5906,0.0,56.9712,9.0079,1.4924,22.4718,4.5485,5.5663,15.7488,2.0701,13.0179,8.2255,0.301,1.0889,0.0,6.458,1.4232,5.1293,36.5183,36.4826,16.1959,0.1191,15.4257,0.399,2.6883,0.7642,1.276,12.841,73.1161,3.8301,2.8496,0.1928,10.0735,123.6114,41.0918,0.2937,11.9867,35.252,7.0685,149.7822,358.6938,47.7776,45.5492,10.9511,0.4234,56.5978,60.9407,8.1616,13.9711,3.6194,2.3844,21.5424,1.5332,55.0243,0.2851,117.8127,39.6651,22.7839,25.7962,0.056,47.3298,0.0126,0.1296,27.1136,4.4489,82.989,0.0243,3.8884,5.4846,4.0959,8.2593,1.3045,1.1305,56.3431,37.7067,65.4156,13.2084,6.5381,27.273,2084.3586,2.2109,3.4175,14.4809,63.7459,2.8909,14.6068,6.0999,4.5727,42.8664,46.9275,4.2424,1102.5215,5.1453,50.0554,6.2655,3.4134,1.9011,7.5407,119.6617,6.7891,21.1206,0.0,1.4005,0.2827,2.6295,2.5436,8.6888,68.1372,0.0,0.0,4.1012,4.2924,1.6023,6.7198,0.0055,0.1619,0.8131,1.3548,0.2734,30.6748,31.7699,30.4902,0.024,23.4427,14.4232,0.411,6.0307,1.2808,9.8939,4.4247,3.7226,3.0084,64.9403,12.1861,28.9298,2.4095,5.7373,7.0822,15.2465,0.2819,3.6359,10.1917,0.0,0.2615,0.6433,1.8095,0.2869,0.0189,0.3211,0.0,2.1769,2.0004,24.9042,2.7171,0.0857,66.3856,1.3592,0.0,75.9716,25.9277,177.065
5.3271,44.0767,74.6281,3.5373,470.9571,88.2731,135.354,9.5086,159.7385,2.5608,43.692,42.9112,68.1925,36.9638,56.478,4.8519,0.6921,29.3898,12.1727,109.3687,21.5761,17.8065,0.5309,0.0153,18.8574,65.2472,71.3026,10.1024,2.0974,0.0,1.1723,37.8057,11.3875,112.882,0.0,77.9272,2.5298,61.7753,0.0271,235.1709,61.3233,117.554,123.0988,100.4782,12.6016,0.0093,40.3873,21.378,11.7589,52.4029,18.9538,27.1806,8.4922,10.9321,0.4996,0.4407,0.0,0.0,0.0119,0.0,0.6219,0.3004,0.0,0.2222,0.1819,0.2706,0.0891,0.1214,2.9081,56.8219,9.1347,241.0259,0.5206,0.0101,8.3179,0.376,0.1749,88.0321,24.9907,1.5248,0.9035,94.228,33.0287,28.9201,4.9663,36.1218,0.0773,0.2106,0.8189,5.1752,0.5301,0.175,6.6046,0.139,73.9387,0.0319,20.3272,2580.7481,29.286,219.4351,36.238,0.3207,42.6593,6.5489,134.541,14.7764,2.7328,18.0016,76.9408,684.6756,1102.6293,0.0964,13.1868,0.0306,4.7028,15.1085,1.4966,0.2062,2.2225,57.0624,0.2163,16.4219,3.5451,24.4774,27.9861,8.1777,45.3285,26.9149,124.7012,1559.6283,21.8393,16.7313,304.6573,0.5079,4.367,4.3189,60.2255,5.1161,9.9308,72.4818,15.2263,30.641,28.7754,11.6043,21.9746,14.7781,26.7112,18.3856,2.8833,2.7382,3.5888,14.0485,2.633,64.7904,16.9812,13.5119,9.8717,127.4775,31.7383,39.692,109.7677,10.1928,0.0323,49.8581,0.1229,1.8697,0.0436,9.3679,3.2411,2.1073,37.8039,17.6055,9.5268,12.0892,7.3203,14.878,18.7238,1.2085,5.0215,0.0138,38.4701,3.8588,25.7714,14.9001,134.556,4.3571,2.4969,48.7435,1.1914,2.1311,0.3539,0.0628,53.9587,57.3522,8.7668,9.3913,0.0834,42.6394,167.7928,20.0616,0.6242,36.8133,0.0945,13.9727,122.4215,323.7331,21.9214,28.2814,31.0038,13.3809,82.8486,36.8723,10.6058,8.1686,7.7685,36.8597,18.1121,9.3681,55.2674,0.2379,28.3037,21.7325,38.4733,44.219,0.0,6.3691,0.0119,0.0407,3.4091,8.6689,275.8244,3.031,1.2721,13.3353,16.5344,26.9723,2.7546,3.7424,74.2476,45.5283,29.5864,29.4495,15.219,38.1095,438.6955,5.0361,11.4773,20.3712,65.5358,0.2115,6.1113,20.6433,6.8288,95.187,80.0439,39.0792,298.8491,4.8283,31.3454,17.2622,4.1841,5.8068,19.9362,132.1113,2.7457,40.415,0.1761,4.6306,0.7332,9.521,0.703,0.0157,3.0787,0.0,0.0332,14.7044,257.8837,24.6464,13.8629,0.0103,0.0346,0.164,3.1813,1.7481,50.6371,118.1633,7.1333,0.0151,3.588,49.1035,0.3536,13.3332,3.1854,134.2397,54.16,4.657,16.8091,16.3806,9.2136,35.3609,6.419,6.0849,27.969,5.3243,4.4367,7.0308,25.4296,0.2101,0.7997,6.91,3.0478,6.2016,0.4625,1.1679,0.0853,0.0947,0.0237,29.2331,4.4231,9.1348,23.7846,0.3032,0.0,85.5973,55.7432,45.7429
1.2865,24.4497,52.6398,26.0717,45.0417,70.0593,26.9813,1.7232,6.3746,1.5568,51.6314,26.257,33.6387,71.176,26.2915,0.7797,3.2436,10.4502,12.8244,96.7093,60.3936,39.4594,0.5543,0.0242,87.0227,57.2305,84.9768,9.2729,1.8988,0.0,0.932,32.0855,36.5315,264.7398,0.0,90.3334,45.0632,32.6728,0.1196,108.5175,10.0481,57.9918,88.6989,28.3307,65.8414,0.0,28.1583,56.8904,81.7116,2259.5631,50.1243,42.2438,18.876,53.6569,0.4147,0.2319,0.0559,0.0142,0.0,0.0,0.6958,0.1265,2.3978,0.0421,0.0442,0.1648,0.6083,0.0032,1.0791,43.0399,16.1445,134.8437,0.4109,0.032,17.4533,0.1187,0.0946,34.8527,205.874,1.232,0.7684,215.4697,31.6122,63.0712,1.7819,17.375,0.0,0.0998,0.1293,5.9203,0.3544,0.5699,0.3644,0.051,100.0262,17.7845,17.4332,1657.2825,22.6815,273.4599,24.4002,0.3452,128.2699,11.2951,28.535,76.956,61.9696,27.7106,104.1514,836.7744,1253.7477,0.083,19.8907,0.0,2.6961,10.7272,0.572,0.1736,28.5712,293.8442,0.0841,95.3099,0.2049,119.1406,52.341,68.2611,71.1539,45.1408,85.188,580.0149,1.4041,36.1496,488.7278,0.9968,30.1489,7.0131,88.6151,18.2421,48.4688,213.0793,59.0408,101.2155,28.1966,5.2032,31.8766,7.2043,18.281,12.5349,94.1896,213.4696,0.6529,12.9381,28.6752,23.7051,20.5626,9.2154,5.1387,76.984,54.8741,27.9693,118.1653,0.0411,0.3674,69.0915,0.1552,2.0013,0.1513,7.0296,10.5932,1.6834,38.9206,18.6174,4.711,2.3359,6.14,27.0347,15.8713,0.9192,13.4998,0.0435,13.0702,2.4065,14.3368,40.995,212.9087,0.1545,19.647,31.4354,81.7952,25.8866,0.8979,0.9118,148.6683,153.2122,13.6244,31.6674,0.0263,51.6611,76.7171,14.6924,2.9552,26.6253,19.0822,27.6205,61.2729,699.9796,77.4353,8.1677,21.3251,21.0202,78.7457,110.9526,3.0523,91.3927,1.3114,95.1841,185.2719,1.05,94.6273,0.1763,61.5779,37.5677,21.0204,33.3953,0.05,24.1421,0.0489,8.5941,64.0769,6.3733,47.0027,148.0735,0.3213,35.3915,16.8054,15.184,5.7473,122.7259,236.0612,62.267,18.5809,21.2954,23.5766,44.9373,334.3654,15.683,38.2303,31.2974,18.3336,1.4618,1.7104,14.2598,83.1122,2.0247,173.1665,45.0954,333.2514,3.4401,52.6943,11.6805,9.7526,10.3269,39.3826,52.389,2.4892,34.0131,0.0556,0.7207,1.7468,5.0772,11.6212,0.0,43.4072,0.0676,0.1675,0.1899,0.6627,1.0557,0.3139,0.0845,0.6765,4.4338,792.766,0.114,82.2038,200.3129,6.5493,0.0381,6.0032,3.6095,2.7827,12.6197,5.4026,10.8779,14.4366,7.8978,0.0958,2.9685,3.2181,45.8984,20.6144,8.3922,27.494,9.7467,5.4872,27.0987,17.906,0.2753,1.5738,8.0643,5.3787,33.4323,0.337,0.0546,0.0,0.0399,0.6143,75.2454,2.7265,4.3595,70.8178,0.2901,0.1233,60.122,115.2853,506.3664
29.5996,43.2721,99.0995,10.5866,337.3984,94.2803,2.5554,0.5641,6.7617,6.507,36.5691,94.1214,3.2052,112.1937,19.3527,35.5038,1.8296,174.3316,47.1648,133.7512,98.2497,80.5373,3.4348,0.7268,22.9248,81.9292,101.4868,16.4441,3.6389,0.0,42.3179,39.1925,32.5967,190.1898,15.1602,172.2302,19.7462,45.9766,0.4361,86.6556,40.5684,78.0595,105.6317,9.2744,56.8094,0.5173,88.5915,30.497,312.2608,76.335,42.5041,25.4285,55.6988,19.4079,1.7252,1.982,0.0,0.0,0.0106,0.0,6.6999,0.0,95.111,0.2188,0.2505,1.2114,1.2767,1.1724,6.0106,4.3319,12.9209,240.256,2.9417,0.0906,12.5633,0.1836,0.1118,526.1326,261.6279,2.9844,4.016,34.0488,25.0047,128.8744,10.0705,35.2149,1.0722,0.2357,0.0229,22.8665,0.7118,1.6404,2.7441,0.7023,84.4205,1.4203,16.9327,921.2897,52.7819,155.9049,50.6067,4.5806,126.3271,10.0626,66.5165,40.9049,5.7731,44.8927,68.4601,1908.9021,3245.8782,1.2155,52.4689,0.0686,8.2943,13.3062,0.3878,26.7598,258.8772,15.2791,0.5362,35.4384,0.7152,27.3073,39.6623,90.7103,51.7935,30.2765,78.2847,713.5912,343.6839,74.3775,364.6309,7.7844,11.2625,16.0598,132.3105,28.051,73.002,22.788,352.8865,67.2301,107.9932,7.757,55.5019,31.308,23.4642,29.922,39.6776,110.5815,5.5176,18.6925,38.7453,175.1769,19.3424,32.555,29.4372,10.8564,23.7083,24.0841,185.0664,3.9605,0.3472,105.3445,0.5257,19.1713,6.2196,6.5924,11.6693,17.0313,35.5063,51.839,12.4411,20.3834,7.4195,15.3153,3.6377,2.18,17.3168,0.0616,33.7918,6.0998,12.3518,11.4653,177.4777,20.7888,3.9974,24.7446,1.2489,4.9772,43.7912,0.0187,117.6795,47.8205,30.254,35.7886,0.2792,118.689,97.7165,11.9603,6.4283,46.903,139.8371,58.8786,220.757,307.3775,27.6451,31.582,27.4656,26.4712,100.5176,72.5021,5.0342,21.3607,22.6533,44.3615,1809.474,40.1504,53.3338,121.3256,38.317,43.4925,15.4606,61.6959,0.473,20.5892,2.0575,0.3161,28.9024,19.5968,66.4969,8.0166,15.9165,34.7579,25.463,16.5961,7.3951,2.6891,60.4149,133.6038,7.2119,43.8496,28.4188,84.1601,265.5549,2.4338,22.0221,45.7265,25.249,24.246,7.006,53.807,79.4515,61.9014,187.6005,80.2782,1729.8213,5.1895,60.9478,9.9412,10.3267,10.146,127.2564,89.9348,6.2544,33.082,4.6508,3.7658,7.3694,18.025,0.1111,0.2108,9.7964,0.0,0.2968,1.7372,5.2876,0.6634,17.0181,0.1105,0.9074,1.3382,16.6715,9.1817,46.601,252.0918,0.3051,0.0675,3.212,17.0054,5.8197,32.4935,11.0703,115.8657,26.4023,6.0481,0.9235,42.182,7.8101,72.7933,11.4749,14.6144,33.577,11.2704,5.1248,14.1779,20.5497,2.0735,0.5965,10.2807,21.2407,4.732,1.5607,0.4066,0.0,0.7068,0.3823,23.3508,7.1678,16.4851,145.1887,5.0832,4.7179,54.0069,51.6057,119.0824
4.3241,28.4141,95.6163,30.7786,56.6461,208.3738,2.4621,0.679,3.0077,26.7188,28.4609,31.2088,8.6063,26.183,17.2163,12.6195,1.065,9.8572,11.7141,151.3741,133.66,109.1076,0.2848,1.8805,36.1857,62.3849,103.7995,25.5576,13.1569,0.0,4.8318,25.6434,32.9124,126.0406,0.157,79.4333,36.2324,49.6813,0.0601,65.7415,58.4891,50.6206,68.0388,13.2157,24.3396,0.5817,5.823,52.9497,21.9379,46.1675,19.984,18.2751,38.9677,3.0244,0.4356,34.9182,0.1227,247.9796,0.0,0.0,0.3632,11.1112,0.4474,0.4161,0.0776,1.0458,2.4395,0.0561,118.9099,101.6024,21.5438,131.4831,0.0451,0.2247,4.1882,0.6402,0.0693,308.6676,77.9675,4.9924,0.6085,12.594,97.9718,49.7558,14.4043,21.2812,0.0,0.0,0.213,15.3875,67.6446,28.6001,3.5374,6.9216,157.0144,0.2121,7.659,1010.3291,182.363,205.6537,44.5373,6.0565,71.7337,5.2398,40.9136,23.9785,3.5284,34.5625,84.835,1956.5559,3135.5078,0.2795,25.2809,0.0,2.5811,8.9704,1.5297,3.2887,5.3732,42.2078,0.854,6.0946,6.2682,5.3723,25.3609,44.1558,60.8133,22.4886,49.279,369.4869,13.5962,87.3753,275.9503,8.5303,1.7697,30.5227,42.1126,78.6957,42.7057,5.9842,192.0874,29.0885,29.9599,6.1399,26.2438,16.8474,24.1133,33.7018,6.4841,6.4841,2.1512,15.4291,5.5535,236.3888,541.9878,82.9269,10.7698,15.1446,15.5851,239.8576,195.9769,10.6795,2.6228,87.2147,0.4168,2.5752,0.3323,219.6506,17.687,11.4757,50.1936,63.8803,6.5359,34.4056,3.3102,29.0391,21.7218,1.4732,11.6706,0.0191,57.299,3.1851,2.8525,20.4742,209.1787,0.7422,1.741,41.6619,4.8926,2.4179,1.9992,3.8609,80.4986,58.2966,13.2414,17.8504,0.162,68.9722,76.1516,9.18,64.2448,13.7375,1.386,23.7381,175.0778,343.9661,33.8088,67.0805,77.1568,28.0076,97.8408,51.6639,1.8825,17.5893,7.842,9.4413,20.7747,1.556,27.1143,5.4083,68.5376,21.0782,11.4477,26.6458,1.8323,11.9584,1.1233,0.5841,5.0906,8.0583,318.2461,22.9968,51.7767,13.0304,11.3969,34.1276,3.2909,6.3082,58.8444,40.9653,16.6954,25.8248,13.509,117.2595,509.2159,14.7826,16.5061,1.5042,45.7713,2.0374,26.4514,40.7199,23.9549,46.7522,136.9681,67.2001,1305.8624,6.6314,43.1042,9.0999,5.1809,5.4347,8.5554,31.8863,8.3717,33.4556,0.1629,0.8595,57.5354,4.6597,11.129,0.3702,0.9318,1.783,0.368,1.9715,5.698,0.8926,22.9972,3.711,0.7031,1.4582,151.0076,5.0501,28.8598,148.5108,1.3509,0.3557,142.546,30.7338,37.4489,9.1403,15.0181,18.2184,22.3085,43.3356,3.1987,41.3945,4.411,59.8341,13.1519,11.4539,30.8807,5.5459,5.7006,10.9291,5.8886,6.8122,154.6479,14.6345,7.7241,10.046,9.8711,48.2411,0.6511,82.4909,0.9545,74.8909,8.7505,2.2203,105.254,1.8609,53.503,52.91,55.4126,251.7418
14.1698,23.6535,50.4426,12.3459,189.2566,120.3735,37.8123,0.3608,51.131,3.1974,30.4003,37.9519,10.9688,44.0863,25.4782,0.7179,3.8879,86.6153,17.9269,34.0814,173.1204,141.2734,5.7892,0.4194,41.4755,60.4086,58.4023,101.3773,20.1004,0.0,25.7714,37.5275,25.8003,274.2944,0.1428,193.8187,25.0641,48.1177,0.2964,81.8844,18.8191,99.8242,37.7014,7.6428,46.6118,9.4746,102.0893,63.8068,102.8207,166.7041,52.8864,29.1857,57.7406,6.5326,20.7454,2.1244,0.0,0.0,0.1623,0.0424,23.1499,0.0361,0.8979,0.6163,0.5848,2.4583,3.705,0.6886,34.238,53.4182,22.1911,94.3362,0.8439,0.1094,19.054,0.8498,0.198,2305.7029,251.5214,8.5231,4.3462,27.6903,33.1757,67.8539,13.0796,21.3783,0.0278,0.0,0.0738,15.1945,2.5835,3.9875,6.262,2.5034,189.2536,0.0505,16.8557,768.0775,34.1315,155.5992,31.645,5.1205,185.343,12.4469,37.4074,58.1714,48.0049,48.7837,33.2565,906.7975,2027.4441,1.1046,26.0494,0.0,17.199,30.0286,0.8797,31.7127,382.382,39.6636,2.9011,98.0951,0.5756,225.8474,145.1439,169.1326,74.9836,53.9643,291.0136,338.1579,29.1321,27.1406,394.7988,14.8302,34.6185,35.0291,68.7076,55.298,137.2326,402.3472,179.618,425.5173,41.9186,5.9213,31.2924,9.7578,36.5347,11.4378,372.0942,39.4577,13.5662,14.8006,186.2498,745.2028,73.1692,15.122,14.9654,24.236,42.8275,51.677,706.7629,5.0627,1.1644,93.206,0.8168,10.7868,0.1412,29.7008,24.3914,39.8413,17.0111,120.5031,16.8701,12.6728,11.8866,16.4029,24.0049,7.3285,24.5626,0.0198,43.3263,7.686,12.61,29.4866,121.7143,7.4573,3.779,131.5395,16.7272,16.1248,3.1477,0.1508,89.6341,42.2302,12.3789,32.6886,0.2127,64.0646,49.0852,20.4223,2.5199,28.6713,226.5772,36.427,82.2857,726.7054,61.7368,62.7653,8.3707,22.1454,108.6811,95.3795,4.6345,55.7023,9.4212,23.0071,107.8205,3.9557,69.1512,1.4083,164.2307,37.7896,34.7437,59.6194,0.7804,27.9859,1.1112,1.6832,22.4388,5.9011,137.0892,15.2372,22.99,25.1246,27.7777,71.8093,7.1739,2.2284,138.9825,159.8954,21.5744,34.0278,22.9012,32.9913,400.5446,6.1913,12.579,15.3964,72.186,25.8389,20.2215,46.5506,108.5429,40.0849,121.35,54.9367,576.246,40.7385,25.2679,18.3257,10.696,9.546,104.7484,130.3397,19.9594,30.9419,0.2538,24.8232,7.7804,30.5047,0.298,9.5339,50.4039,0.0257,0.0478,0.7483,0.8857,1.3494,5.4226,0.2076,1.0789,0.5768,14.6189,2.0138,68.8491,153.3355,3.9643,0.0652,11.2226,37.0036,6.2715,63.4649,16.7523,40.9765,26.2806,15.4425,4.6346,23.3851,27.3691,60.5319,19.8787,16.4773,22.3294,48.7209,10.8128,11.3054,45.702,1.544,1.1427,15.4606,14.1776,6.7175,4.7939,0.2493,0.6456,0.8647,0.2052,45.7885,2.4946,6.9312,83.6018,15.3986,0.0844,45.5387,69.2225,264.4372
2.195,42.1976,66.0735,41.1186,409.8067,112.0223,0.1151,0.1652,42.0866,1.2177,43.6926,21.9664,11.9243,39.313,16.2755,8.8594,1.497,15.7556,10.7573,61.6199,37.293,25.6346,1.47,7.1969,15.4226,59.3656,66.6004,26.0532,3.465,0.0,2.9543,30.1823,19.6909,159.1926,0.0,114.8228,4.2517,46.8887,0.0341,29.1923,22.2784,39.1588,22.339,7.4528,17.7267,0.0,81.329,17.2424,119.0885,50.1323,29.4562,21.3136,58.0468,55.8281,0.5689,2.399,0.0,0.0,0.1243,0.0,2.4257,0.0,0.0308,0.0,0.4109,0.5271,0.3523,0.0424,2.8004,62.7755,19.3962,169.1462,0.9554,0.892,16.9712,0.1434,0.262,109.6507,148.4559,3.0792,3.0782,167.5998,15.5694,45.6597,6.2343,22.1802,0.1621,0.0,0.0537,8.7398,0.4905,0.3863,10.4493,8.9991,98.3956,0.0,9.5202,1360.3432,31.2514,122.041,24.4774,0.2293,188.9725,5.7655,92.7186,58.8614,41.2743,16.2106,59.879,1267.5762,2130.2376,0.1102,23.5951,0.0,20.744,13.3887,3.8001,5.5493,167.2256,265.1778,0.1163,68.3426,1.0211,140.9877,65.8121,106.9819,61.4582,45.525,75.8311,524.3329,5.2,35.7257,432.686,1.0077,69.4095,40.3047,42.0904,40.7505,50.4784,578.3471,96.2884,226.7723,26.5015,7.6426,99.6152,15.5213,42.5623,24.4379,150.3289,118.9044,7.3607,19.6632,108.7883,99.8404,41.9375,9.5198,14.4662,268.979,54.6358,68.9251,183.2602,2.9567,0.2034,73.3147,0.9167,2.1695,0.3655,22.0559,9.3008,2.4834,18.0309,18.7669,8.5609,7.7844,5.8468,20.8995,10.1008,1.9011,7.3368,0.0289,14.8215,2.9209,19.6187,69.0722,96.0172,4.6176,2.4662,24.1549,10.3572,4.9103,1.525,0.0439,83.9067,37.2676,12.9012,22.0961,0.6647,67.3535,56.4335,11.1746,3.2604,23.5474,392.277,74.1541,173.377,545.1214,147.279,11.8439,28.6715,12.8783,107.7816,87.4369,12.6534,10.5632,44.5276,31.4491,156.0953,1.6316,51.5429,0.3254,61.7122,24.9006,68.7094,27.3198,0.0,40.8537,0.05,0.5128,11.6933,9.1559,105.6899,8.4766,19.7141,15.4535,20.0446,26.533,4.9952,3.5755,369.2675,77.5357,10.0708,26.7511,17.7653,54.7003,348.5523,3.7968,14.6699,30.3256,100.8693,38.0788,6.1951,11.4096,33.501,61.4991,97.3807,44.0693,501.801,11.5598,61.638,16.9796,9.9991,9.6301,22.4426,71.3765,59.5304,24.364,0.0,3.1464,3.4254,14.0293,3.4697,10.5026,21.5154,0.0,0.0,1.4905,0.7547,0.2892,3.2391,0.0,0.2779,0.2428,4.8722,3.3854,39.2852,126.4831,75.679,0.0,23.9492,17.2911,0.3138,7.5053,2.5434,163.1969,10.9737,0.814,0.0636,19.1142,26.8293,65.3743,19.4341,6.2259,29.8845,2.0158,2.2729,15.0834,14.6871,0.1983,0.3075,8.284,5.6635,4.8889,0.2239,0.0454,0.0,3.2459,3.1853,16.9651,3.4865,3.1877,52.0731,2.5054,0.0819,63.4639,63.9022,251.6785
1.1045,81.6723,149.5799,7.8804,283.2423,172.4404,75.606,0.8071,4.6938,5.1709,58.7097,215.6355,13.5574,62.213,43.3956,2.7006,0.9423,28.3468,18.8456,73.6779,124.5618,109.5825,1.3002,0.9036,38.2906,91.7871,83.6192,12.2114,1.07,0.0,0.4297,41.2258,63.729,369.271,33.0626,261.997,24.7356,50.8614,0.058,70.558,60.826,125.7473,90.4864,14.1334,35.8082,1.3619,27.6357,43.1529,93.7885,111.3721,50.1371,26.682,35.221,250.664,0.7846,2.2789,0.0,0.0,0.0,0.0,0.6874,4.2954,4.1078,1.6532,0.1313,1.529,3.2217,0.0475,112.1685,9.6327,267.0043,309.8744,0.0872,6.5835,14.7349,0.0,0.1005,149.9877,114.3299,0.6476,1.1693,39.9418,30.7784,121.7587,92.455,61.9811,0.1554,0.0,0.2401,28.1086,6.8135,2.9752,2.2861,14.5388,137.7231,0.1367,22.8569,1282.6167,47.8307,122.9879,54.0639,113.4316,121.5039,22.8532,86.332,42.8577,0.8367,25.3623,61.7295,1426.7672,2914.4079,6.8704,2.8576,0.0411,16.0607,21.9888,0.1584,0.2764,118.5883,34.2302,55.5858,6.4454,1.4559,20.8072,38.2147,85.3626,63.222,46.278,432.5796,327.1064,23.2823,25.7163,643.8677,2.8247,5.302,15.2465,54.6047,34.5757,161.4976,64.3774,126.0425,43.5418,47.5637,10.7141,28.0092,29.8921,27.6303,26.6681,46.6629,11.197,6.757,10.1284,2.6111,273.3583,38.8808,30.5486,31.0827,165.328,21.6568,38.6557,94.1793,11.9204,0.13,73.0538,1.2817,10.9153,1.4015,9.4593,9.1198,7.8564,39.9873,27.623,39.9366,6.4204,6.2709,33.1701,1.8209,0.5769,271.9975,0.0554,45.7262,2.9357,1.497,27.1204,103.8791,3.8532,7.2439,55.4466,31.1238,3.9486,0.0949,0.3086,125.1039,44.6522,21.9593,22.7433,4.349,87.3814,102.9051,29.5177,8.5905,69.6985,6.3356,64.9074,133.3972,319.5478,7.7438,63.0836,13.0411,41.9312,91.843,50.3635,2.4923,46.5171,10.1054,12.4871,12.331,31.8363,93.5241,1.8301,60.9705,40.8905,55.4689,56.5177,0.3187,24.3437,0.7983,0.5827,49.4671,15.417,65.9958,7.6035,71.2278,23.4286,22.5505,13.1745,7.5608,3.2158,43.0286,89.1739,8.4664,28.7336,15.4145,61.6951,460.0537,12.0394,34.7759,7.0165,18.5704,8.4908,22.7359,42.3297,41.8089,127.9294,127.312,90.0341,697.6433,1.8737,39.8122,35.3053,19.3948,11.0206,13.3801,153.3101,10.2412,77.3158,0.2754,0.1312,1.4521,46.6065,1.2752,27.6929,3.5833,0.0,0.2667,0.0366,14.0686,0.3158,20.9647,0.4,0.054,42.293,16.9109,29.0698,219.3677,217.3389,2.8722,0.0202,82.9421,34.8621,8.2049,17.5983,12.3598,183.2712,26.3514,70.0715,0.9356,93.7132,2.0906,61.8051,19.382,12.8604,43.4289,110.3278,5.1257,15.4768,14.6439,0.4506,6.6109,11.1506,22.9542,4.8545,15.9795,0.4929,0.0572,8.5101,0.4772,36.0927,10.1908,14.0454,94.2002,31.6081,0.0,88.1539,52.5353,194.1232
8.4172,39.4825,89.3718,4.8905,16.484,126.7321,1.6207,1.6992,7.662,21.8955,22.1037,54.2682,31.208,28.3503,32.524,48.448,3.7966,5.1619,20.5177,55.6968,112.0077,124.6242,1.6091,12.3984,42.5697,112.4674,66.4323,43.3138,7.8833,0.0,3.303,20.1355,23.2608,50.3712,0.4833,65.9589,62.1082,84.8395,0.1848,76.8584,40.989,117.5003,65.7375,32.6809,19.7036,0.4078,1.8731,71.4757,24.3057,19.4193,32.5549,28.6998,36.2914,1.0077,0.3808,1.0749,0.0944,0.1678,0.0,0.0,0.8848,1.6561,2.8004,0.0,0.0896,0.557,3.3693,0.1565,54.7243,281.493,28.3131,90.2102,0.0694,0.1297,24.9222,1.7328,0.4265,78.3426,8.8815,12.5931,1.4434,6.3963,89.0221,81.7747,1.8268,11.5064,0.2061,0.0,0.3823,33.5258,26.2855,6.5347,1.5998,21.385,107.9856,0.2584,16.9417,351.3984,89.1506,79.7065,39.3979,1.2212,107.8059,16.0383,29.0535,38.4163,13.8343,30.1305,49.5737,3761.403,3377.0214,6.5625,60.3368,0.0164,3.4272,14.2275,6.1362,4.3999,0.1016,150.2765,1.1008,3.9583,14.3598,5.5492,14.5725,74.1113,66.6339,51.4802,12.7902,415.3058,252.3636,47.9664,354.5059,11.257,8.2784,14.7381,38.2096,16.2643,43.3954,1.7794,208.4807,14.5448,25.8128,9.1427,33.0279,12.7178,34.0814,29.0913,1.5227,1.4549,5.0709,27.2227,0.9622,255.683,257.1053,46.1806,12.9687,10.2605,14.9481,111.0891,143.7887,0.6943,0.8795,54.7306,0.5393,5.9574,0.4881,19.7924,56.5923,3.7426,115.5421,44.8153,20.7628,7.9208,5.4947,20.9658,70.2917,8.8904,4.8638,0.2057,81.6175,7.3565,2.6959,17.2114,187.29,0.9462,3.0875,55.573,19.4715,3.3671,8.2872,17.3296,177.592,45.943,10.8374,13.2832,0.1922,53.9535,105.0807,6.307,19.9228,21.8217,0.4755,55.3203,125.6544,336.8019,97.7814,168.2041,76.3538,39.1159,110.2847,59.2861,3.1741,17.0661,25.7729,10.3287,5.9115,3.0556,31.8928,19.28,54.5872,34.3964,9.9813,27.779,0.9585,9.8174,0.089,2.0292,1.7976,6.6009,29.0647,8.6251,52.8797,23.2326,7.239,55.8179,8.1906,8.011,87.6876,41.525,18.3019,39.3331,23.4098,39.8836,389.5514,14.3937,3.4672,3.132,102.3577,0.6395,12.9269,58.3031,23.8771,41.5663,76.3323,67.5139,640.5354,22.8975,36.1197,25.2019,6.6259,9.5749,2.8072,34.7732,3.8874,56.3766,0.5012,1.653,52.3884,3.5741,3.3099,1.0218,1.792,3.353,0.2831,3.2083,3.9995,34.4241,18.7524,0.7357,1.4751,4.1476,48.7029,5.9651,32.0018,122.5989,3.2735,0.0322,24.7088,26.9849,24.5568,15.6918,7.8357,6.3825,4.4231,33.2813,2.396,5.958,15.64,56.6805,12.5057,12.9292,45.7129,59.3808,7.3964,23.8765,10.2925,0.9528,42.866,44.366,20.4417,4.9745,27.0338,1.5925,0.0,3.3701,0.8862,31.6579,11.6854,3.3471,59.2396,1.2452,8.0819,67.6672,33.2239,21.4919
10.7025,65.5516,56.0647,0.8258,61.2261,145.7889,53.0028,0.8217,91.4589,1.5229,27.2329,48.1673,32.5395,479.374,55.4244,2.1786,5.522,68.9773,8.1771,51.5061,29.5373,21.6631,0.4587,0.7037,10.4069,72.069,102.2288,3.3369,19.7284,0.0,7.6021,38.5442,5.8393,138.0436,0.073,59.9127,91.0277,40.6242,0.1152,33.6327,39.8487,66.113,161.4805,18.7932,18.8906,0.009,7.0868,16.365,45.9235,341.3211,46.9052,17.9298,30.0152,27.828,0.359,0.1827,0.0,0.0,0.0115,0.0,0.0844,0.0,0.0142,0.0752,0.5955,0.7759,0.0298,0.0636,1.1597,6.9491,7.1111,82.8514,1.0698,0.0392,4.986,0.2645,0.2657,34.3087,102.8924,1.3282,3.6316,100.551,22.3336,22.7185,18.4664,17.8469,0.0,0.0,1.5344,10.2246,0.1508,0.0445,0.2591,0.0607,80.5036,0.0123,11.5223,947.6556,26.9553,151.0455,15.1649,0.1551,36.4922,8.1299,65.0229,45.4056,4.8012,16.2482,36.8546,546.9229,719.578,0.0508,13.7546,0.3557,1.1709,23.9404,2.3616,0.2658,3.6849,8.9041,3.3416,3.5613,2.6318,39.9529,13.3659,56.1367,49.7901,13.9631,58.4326,191.8884,0.8775,22.8608,274.1541,0.3053,7.2274,4.7507,72.3277,20.9861,58.4277,36.6476,23.6558,11.7906,26.966,10.2716,30.3752,22.1773,30.1187,17.5359,14.4473,6.4155,1.9037,12.7241,1.2906,17.1664,20.6907,18.8249,14.0241,2.2348,8.5306,19.675,125.8203,7.6765,0.5314,39.3034,0.1981,1.7313,0.1053,6.4761,15.3971,0.3241,35.8847,6.6489,9.4735,1.078,3.6838,12.8808,3.7346,3.4797,28.7801,0.1465,25.134,2.9352,2.1866,6.8742,99.5977,1.449,3.0793,63.4312,102.4248,8.2565,1.369,0.0405,87.0458,18.7577,6.0196,20.1154,7.0248,41.4231,70.9753,22.9848,1.6872,8.5033,1.11,14.8944,95.1701,329.3055,24.9343,54.2371,10.8792,25.758,48.4096,45.7155,3.8476,7.7552,1.0042,2.0517,9.2422,5.5386,58.7784,0.1,66.3123,30.3415,57.1909,46.6294,0.0511,68.1154,0.0173,0.2759,8.4172,12.5304,95.5725,9.9932,5.0805,20.9701,19.2366,9.8411,6.6192,4.4249,21.2945,23.8808,13.2716,28.4282,20.644,21.1248,194.0065,8.2629,4.6012,19.9674,9.9212,0.4659,2.3431,24.3186,23.346,12.2704,89.7384,30.964,336.8393,10.0303,31.8159,10.0434,8.3827,12.3822,100.0068,75.454,8.4923,49.1958,0.1703,0.7727,1.9985,38.0435,0.08,0.1822,17.1748,0.0,1.5072,0.5815,0.145,0.4667,5.6651,0.01,0.2284,1.6696,8.654,7.0419,16.2769,63.0392,0.5886,0.0,0.454,9.4231,3.2489,9.7834,8.5162,24.1524,10.28,5.9029,3.1398,2.2033,12.6072,66.6661,4.917,15.032,39.7722,36.835,7.6524,9.88,7.7344,0.1473,0.7605,12.1805,3.9619,7.0846,0.8947,0.3556,0.0,0.3054,0.0688,64.814,11.5432,13.76,105.2421,6.6114,0.0,31.686,34.1738,119.3915
7.4825,48.1375,103.2661,11.6285,286.0605,84.7908,110.624,2.2386,21.2884,7.1245,30.8522,68.2722,30.7846,45.1262,51.0636,2.0589,4.1661,42.5812,7.7012,60.2333,408.979,260.5258,0.1727,0.4059,62.4568,82.6501,72.2691,21.3957,1.7799,0.0,18.6512,30.3713,28.9421,262.3091,0.0,298.5112,25.9522,101.5013,0.0046,66.0375,55.2811,123.5451,77.783,14.2217,39.4857,0.0392,85.9737,62.4124,158.2607,134.2852,52.3468,37.9957,40.8697,2.5573,17.003,5.5077,0.0372,0.0,0.1196,0.0,1.2114,0.0842,0.1603,0.1028,0.1177,0.6179,0.5277,0.0255,273.8586,12.5938,4614.3492,81.2716,1.1768,0.9369,6.6153,0.0144,0.4833,557.8146,16.4606,1.211,12.8059,0.2595,48.491,71.9751,29.4959,36.7895,0.0,0.0443,0.6243,54.4948,0.8131,24.7561,37.936,3.0056,81.6972,0.2948,16.6604,560.4956,59.9954,195.3188,35.9386,0.325,93.1404,15.3871,129.4263,28.8175,0.5091,13.6867,52.275,1072.1558,2011.6494,0.1842,60.5752,0.0,14.537,40.2538,0.1656,1.1272,11.4042,524.6703,1.0217,59.4808,87.7715,158.8739,56.8235,186.5588,95.3229,75.7247,228.2224,489.7165,23.7562,17.2102,332.2601,4.1971,47.272,59.5992,168.0611,114.1942,243.8905,227.2537,316.6663,171.4116,33.2659,12.2172,36.7638,20.2504,22.4497,21.8154,23.9642,12.0658,4.8752,25.03,7.9186,91.5535,46.4875,27.3892,20.2322,71.409,25.221,21.2353,105.0452,21.5444,10.0458,62.4391,0.046,30.0054,0.0,155.8429,45.2386,1.9856,27.6797,138.1366,19.9301,62.1789,5.6289,11.7066,12.0957,1.109,78.8179,0.3011,182.353,9.4605,14.5824,23.4344,39.8693,2.3019,12.3132,133.7256,1.8856,1.2896,0.4113,0.1056,102.7874,106.4612,9.6739,15.5858,0.8264,33.1701,63.1039,8.0875,5.3032,17.374,10.0857,56.2262,53.6271,366.1812,20.9521,53.3846,25.304,37.0404,75.9223,99.0803,5.9971,45.4133,15.3824,36.5355,60.2008,7.866,41.363,0.1044,34.6654,24.3272,32.744,84.9951,0.0,23.1619,0.1252,0.0571,0.894,9.5048,437.5515,30.5948,108.8339,42.9667,55.5644,16.0929,7.7221,8.8229,67.0947,95.2631,5.0757,62.1117,24.9555,25.3909,270.1982,33.4099,38.9904,26.2327,125.9733,6.9881,13.4413,28.9966,46.8002,70.1341,50.8424,80.6921,310.6356,6.1188,24.0338,18.762,14.5885,9.1806,423.5355,100.7474,2.9728,34.742,0.1728,1.9201,5.9575,26.6098,103.0739,0.0264,1.0123,0.03,0.8088,1.5864,3.9849,2.1553,0.3583,0.0,1.0077,9.9137,10.8656,15.0733,35.5697,89.8375,5.6932,0.0254,8.0108,30.0779,2.1851,55.4445,9.8437,103.5925,314.8776,78.0946,1.0464,346.4717,7.1073,44.9265,23.4308,15.9797,19.2596,14.1312,3.1817,19.7757,51.9698,0.4241,17.8814,16.8455,11.0006,12.3939,0.5687,5.2031,0.0359,0.3985,0.1996,9.3064,6.9672,12.6207,88.2272,30.8308,0.0,37.3453,46.8347,169.8628
10.0536,44.1491,89.5088,22.1807,520.0865,64.7166,85.0993,0.3453,63.6603,3.9743,39.1735,39.756,4.7127,36.3099,26.0049,19.9612,2.1911,14.5408,11.6675,50.0156,384.7943,274.663,0.1793,6.8715,16.1823,57.716,63.4446,15.3401,2.7665,0.0,4.0012,30.6602,19.8249,189.7108,0.0368,215.0069,8.7226,125.1578,0.0633,63.0086,26.5114,64.4063,79.8076,8.5963,28.4749,0.0726,53.8636,25.5402,69.7273,1663.8089,64.109,23.3251,59.0229,13.4317,11.4308,1.523,0.0,0.0,0.635,0.0,16.1972,0.0488,0.1428,0.0866,0.1909,0.3201,1.6464,0.2364,35.5792,38.1402,10.7533,108.8067,0.0,0.868,17.4264,0.6827,0.0487,1810.3695,84.4897,1.9744,2.5184,27.6924,28.013,55.0033,46.1988,22.8968,0.0,0.0,0.0997,12.609,0.8808,2.4938,8.5468,0.939,135.098,0.031,15.113,574.2767,15.9682,166.9147,49.0273,0.1491,411.8844,6.7749,118.3553,39.3174,4.8821,22.8481,90.128,1453.9472,2126.7227,0.0683,40.8778,0.0299,23.2041,18.4539,0.4604,34.7434,412.9782,86.5603,4.9651,194.1891,1.4835,500.2536,94.2574,131.7513,64.8837,39.8778,179.4753,575.8235,2.2906,15.4591,395.6683,2.1395,27.8099,49.6724,147.3679,121.3593,37.2641,221.6017,168.9165,441.323,23.4028,11.2588,20.3823,15.6152,42.6892,14.625,55.9848,18.0692,1.6463,19.6983,684.5834,290.3715,258.6886,8.9136,16.5561,58.2844,29.5567,51.2709,340.6833,16.8589,1.653,86.8457,0.3459,14.1579,0.3819,72.2721,84.2929,3.5036,32.2308,106.2905,14.0015,356.8933,4.1578,9.9891,20.7331,1.3467,30.2927,0.0805,82.6823,2.1281,5.6705,44.3539,54.5313,3.202,1.9176,66.0361,2.6113,5.7943,1.1282,0.0408,78.835,55.8889,9.3706,18.0497,0.2583,67.714,100.561,16.9887,1.1276,28.9673,20.9007,30.0453,106.8366,314.8527,28.5464,88.1522,19.4239,14.0096,98.4704,62.4601,3.1602,58.9003,2.7911,43.8075,207.0445,4.5356,53.8771,1.8134,189.8377,26.4352,25.7639,51.0552,0.1029,31.2889,1.5835,0.3308,75.6404,7.5163,165.6445,103.476,18.5159,7.7872,25.4563,19.1802,2.0894,3.5592,55.7422,95.4939,11.4297,45.6089,34.5124,22.4712,466.5655,12.4466,15.5584,25.8587,215.2468,38.2319,34.0362,52.2794,56.4938,78.0249,103.3074,48.8075,758.0004,11.4802,20.2183,29.7142,13.6478,7.3521,51.2471,78.9548,23.6756,49.9212,0.0286,0.953,6.2175,33.2078,1.3295,4.1744,25.9969,0.0,0.0969,0.3994,1.0223,0.6044,7.4008,0.1103,0.0505,13.3882,3.0794,4.8677,40.1151,96.4848,2.5851,0.0,12.0865,15.3813,3.2857,30.588,15.478,93.1032,30.5077,50.4872,1.7143,18.8955,13.503,49.2817,6.7216,7.242,24.4861,28.3114,6.1146,9.0346,27.9117,0.3582,0.6751,11.9617,7.129,10.623,1.9757,0.8217,0.0,131.9211,0.5085,23.5813,4.0481,6.3787,71.4785,15.3506,0.038,70.6858,65.2576,40.7027
12.8284,11.6436,35.6319,10.1232,173.21,60.0397,1.476,0.8698,8.4646,25.3839,20.5665,40.1966,7.0074,27.251,29.2663,2.0175,1.8587,20.7858,10.324,10.1811,384.3915,331.9645,2.8415,0.7869,19.488,55.4807,39.6775,131.8351,36.3952,0.0,12.6905,31.7158,13.9725,163.8859,0.1993,127.1917,22.499,65.3973,0.1455,70.2679,16.7804,62.8147,7.9175,1.9372,15.0468,0.5101,17.5417,27.6276,108.1201,46.7545,32.8779,19.5792,87.7329,11.4706,7.827,3.8489,0.085,0.0,0.387,0.0,1.4981,0.0481,0.2112,0.8001,0.1747,0.3063,0.8164,0.8886,34.6934,20.938,5.2593,53.7221,0.3437,0.1264,23.5145,2.0517,0.1679,3160.7269,82.2758,20.89,1.5095,24.0381,14.0365,56.056,20.4663,17.3474,0.2968,0.0,0.1474,10.1091,9.2365,7.0209,7.4848,0.7491,119.1277,0.0734,9.0987,760.183,9.6896,73.4957,13.65,4.4445,100.3076,7.1172,57.7333,34.7642,26.2684,20.4653,8.2131,332.2224,665.7497,0.4458,25.3055,0.0147,10.1085,15.3481,0.6807,0.5939,19.6954,92.313,3.5575,62.1942,0.2757,212.7985,123.7458,176.0189,61.4659,45.1284,67.5098,253.8668,16.0136,23.8148,396.7081,24.7205,81.8942,63.8711,25.6889,98.0293,147.1264,341.1692,118.8989,491.8683,28.0019,6.1468,40.4531,11.3451,27.1547,13.8323,30.9188,10.8473,14.2999,10.4665,169.3939,1100.5668,91.2027,4.0986,8.083,14.5193,24.6151,40.4019,169.7224,2.6864,0.7759,37.1298,0.4853,15.5474,0.251,23.4506,38.2698,37.5673,14.647,307.5146,15.5676,10.2442,5.1945,12.6236,16.2331,12.3164,26.4821,0.0264,24.1553,8.7275,5.3347,34.9935,27.2063,1.2772,1.5731,62.8261,15.8353,12.2049,6.3327,0.201,56.1771,73.1751,8.7217,13.2867,0.4949,65.8277,61.4095,13.7086,4.0451,42.6021,7.7015,15.5582,85.2037,310.3114,154.0319,10.3345,3.2759,13.6949,62.6557,95.8068,3.1418,41.5221,15.6025,21.8455,77.6546,4.9092,54.0954,0.7547,143.4715,22.972,17.087,38.9225,0.1522,19.0118,2.5386,1.9955,10.2058,1.8031,168.0881,31.3755,18.2083,15.2883,18.3922,158.0762,2.581,1.173,55.7215,59.9374,25.6376,32.2336,19.9587,18.9958,368.1053,7.2369,24.9188,17.8814,173.7952,9.1507,27.93,41.4062,132.3808,26.17,55.8681,25.4757,418.5793,10.4011,13.932,15.9089,14.7619,7.3058,21.7547,130.3585,10.4157,22.3635,0.2537,23.1093,2.2722,101.9702,0.1986,15.4342,13.7333,0.0,0.0637,0.8398,5.1248,1.0923,7.6018,0.3359,14.4402,3.2043,4.0343,1.2627,32.1338,124.7281,3.8106,0.0,14.4093,14.754,15.5803,48.717,12.6786,28.38,23.6507,9.5535,0.2039,17.7629,20.0728,40.5953,12.8647,9.4317,16.8294,7.715,4.8886,9.5275,44.4627,2.4461,2.0476,10.5092,12.4631,2.7977,2.0841,0.1246,0.2868,2.4867,0.3873,4.1607,2.5149,0.6986,23.7645,7.773,149.122,47.8196,44.1082,111.2591
3.6445,66.3661,56.4905,8.7518,249.7664,90.8318,0.7897,0.3677,3.4404,4.5205,52.0515,28.4701,36.3623,23.4913,31.6772,35.5209,1.7333,30.5116,7.5045,51.8431,66.7118,63.7651,0.096,0.9632,17.0222,37.5074,74.3137,48.1236,7.3236,0.0,4.2324,39.2576,14.4372,175.4366,0.0,74.7655,38.3756,107.7334,0.0267,82.1218,17.6098,69.002,43.7943,5.7131,13.9334,0.023,19.716,19.6119,39.3606,163.6385,27.3987,40.5306,60.4834,15.808,3.6258,0.5175,0.0,0.0,0.5115,0.0,5.3405,0.1235,0.0,0.5479,0.3969,0.286,0.2029,0.0935,12.894,142.1662,12.3386,79.1592,0.2808,0.1124,17.2159,0.274,0.5544,724.396,1175.6498,4.4493,1.5841,157.7007,16.013,43.04,27.834,14.8927,0.0,0.0,0.7257,10.0976,0.346,1.3171,4.1226,0.7849,151.7027,0.0157,9.1131,700.0872,10.3616,170.7325,28.1089,0.8897,84.3525,3.2976,81.546,51.2925,26.0816,26.795,71.134,483.4628,1010.7831,0.27,21.1511,0.0,14.8656,23.6351,7.4299,3.4316,50.6583,57.8306,0.4855,18.8385,1.2467,179.3316,67.0306,45.401,88.844,36.3326,339.8276,1018.6778,3.2774,17.9021,396.2205,2.6657,1.9179,23.1954,68.9037,33.9592,99.7069,138.1485,30.9372,24.9108,22.2941,5.4191,64.007,9.6517,38.1883,37.0677,74.0398,21.8252,2.8315,14.3853,133.2373,949.4023,50.2808,7.2308,6.2669,52.6611,42.9654,87.9513,240.2622,3.9575,1.6339,46.6028,0.7073,5.3956,0.188,12.8809,26.3708,10.7146,40.4252,108.0346,10.7274,5.5425,3.029,15.0692,13.3287,2.4383,6.3631,0.034,30.4353,3.6176,4.6962,77.7,36.9172,1.4138,1.2217,38.3104,27.5621,1.906,1.3248,0.1548,35.0955,84.3091,6.9768,10.7181,1.2339,49.4472,89.6988,21.4516,1.3304,15.8456,56.2383,33.5766,93.1088,409.0886,82.7204,16.5429,17.6785,8.2267,51.9212,77.0374,11.9882,28.5711,4.5759,22.7513,73.7352,1.3692,78.373,0.5101,110.8568,27.8494,28.2115,31.0173,0.0651,32.3843,0.5286,0.0335,4.0303,4.1817,291.627,11.6079,8.2856,19.5584,16.1859,57.1898,2.9027,4.3611,212.5581,92.307,46.1602,36.9377,20.0225,38.7638,484.0286,6.4527,13.6053,20.0728,127.6673,0.9852,35.3602,16.8061,23.5577,38.3601,93.0092,33.5781,409.0882,14.3544,60.8195,11.1655,6.0917,4.022,51.6411,115.4627,10.7263,40.9409,0.0724,25.5322,7.9928,16.5186,21.6712,36.9079,23.0868,0.0,0.1226,0.674,6.6175,3.7827,3.6331,0.1649,0.2343,3.8291,12.4401,3.5288,37.6642,100.5902,61.4477,0.0,29.4798,23.0851,3.6222,29.9426,4.1293,20.8515,36.5924,2.2403,0.4489,15.5684,36.18,65.6723,16.156,9.8151,26.9832,18.4148,6.731,10.3732,24.0493,0.9779,1.101,4.6976,4.8153,6.9281,0.5264,0.0533,1.4206,0.0779,0.0585,45.6968,2.0595,1.535,231.1429,2.617,0.0,88.9578,55.415,319.7071
8.3758,55.2968,78.9396,37.4684,206.6513,71.1607,62.3248,6.1231,69.4386,1.6277,30.0111,101.4514,26.3883,67.9614,30.9235,0.4892,21.5068,234.5422,26.3545,60.6357,22.708,15.4493,2.1884,1.9892,56.9111,84.1227,183.0325,100.598,14.8028,0.0,4.2619,41.1745,23.988,180.8706,0.0,104.0824,19.6679,42.185,0.191,56.1693,42.5065,236.643,74.4566,32.5909,33.1776,1.1313,116.6934,93.9853,144.3308,103.9129,74.2922,58.0854,54.7552,58.213,0.6649,3.0659,0.0,0.0,0.0,0.083,1.0318,0.636,0.0207,0.1568,1.4815,17.736,0.0823,0.0785,9.9022,130.0674,122.1479,89.258,3.7658,4.2448,20.7697,1.3029,2.045,295.3166,52.2511,9.3714,7.0917,70.1107,69.1433,70.9906,6.6914,44.4983,0.0,0.0,0.6863,10.9652,2.0685,1.0268,4.9667,0.2341,196.1149,0.045,45.6327,354.9612,100.4089,149.8594,14.3322,0.6893,235.8132,20.9079,38.7502,42.5115,20.6482,82.6205,76.6987,1137.1229,985.4667,0.4575,48.5421,0.0216,10.8836,47.602,21.7923,0.4365,7.3051,173.8014,1.3152,53.7816,0.74,59.6827,86.4894,55.937,124.5865,78.6617,171.1455,741.4185,2.381,29.0699,232.2653,6.8782,126.4838,7.009,199.8611,54.2257,19.1335,466.4403,212.9862,255.0863,103.9863,17.5836,79.6736,25.7304,55.5048,57.2909,86.6905,64.5732,15.0566,18.5204,3.3601,23.391,75.86,37.0881,23.7069,42.2481,59.1906,53.6421,251.1371,3.5509,112.9592,88.9093,2.8918,4.6232,1.1375,9.331,15.6349,64.8189,44.9238,33.753,21.7754,26.988,34.7287,50.8187,42.6699,18.6475,45.1743,0.6025,44.1817,13.6919,39.225,47.8998,20.2734,8.675,35.1514,66.9341,15.4887,13.9989,11.6883,0.0886,135.6011,37.6327,13.6711,20.1474,3.7644,45.6635,78.9863,13.2775,3.968,69.8579,2.4395,44.36,61.0912,285.044,77.5952,21.3224,12.9498,37.8009,44.4668,92.4993,10.1945,14.8306,49.5888,15.3153,38.2748,16.0638,46.634,0.5109,50.2561,50.804,41.1948,44.8294,0.0746,12.9404,0.3866,3.6426,1.3587,27.4466,611.4448,0.8103,33.3356,83.4456,51.0967,37.6293,23.5778,10.2359,320.6823,140.4541,41.2583,67.0212,44.7662,19.6053,115.8797,9.0373,30.5397,66.5292,102.6813,1.5093,21.2678,38.8612,75.1048,45.3107,84.4946,113.3937,279.448,34.2329,46.4078,50.1966,27.6054,43.772,65.689,56.2338,1.8419,32.689,0.4143,5.1553,6.6097,2.455,2.0431,0.0222,96.8288,0.0,2.0125,1.196,0.1693,21.7411,33.4733,0.0726,0.2683,13.5318,92.6896,12.7815,97.1386,225.9787,5.9451,0.2555,5.8219,25.3225,1.5934,52.0064,3.2602,72.895,9.257,6.5735,4.2399,41.9858,47.9209,75.5269,26.3365,17.9398,40.4122,38.7298,12.6694,19.6882,55.1336,0.986,2.9912,52.827,26.2782,5.4637,0.1507,3.9991,0.0,0.1337,12.5264,30.8251,14.9244,15.313,51.8949,1.2191,0.0551,26.3519,63.0869,314.2372
1.1036,29.5029,39.7937,13.6616,562.031,55.2625,0.6872,0.6487,0.683,0.4167,36.6064,10.5936,1.9097,36.654,29.7041,0.2649,0.765,21.621,13.1769,64.2114,49.7023,39.9866,0.2226,2.9165,11.4559,64.2734,50.9076,21.7811,3.8745,0.0,5.6203,27.5628,27.9051,126.4978,0.0082,116.3206,4.872,60.1468,0.0047,82.513,19.7316,35.2906,18.3035,6.4339,12.9202,0.0326,38.0321,7.3814,59.5595,19.0098,28.4466,16.0903,35.1045,1.341,0.2868,0.3666,0.0,0.0,1.2008,0.0,0.4193,0.0874,0.0128,0.0,1.1122,1.4604,0.0449,0.0221,0.848,45.6444,5.3652,107.5797,0.0284,0.0265,17.5729,0.0896,0.1963,255.7948,278.9898,3.9126,2.0298,149.6595,13.5888,24.8514,5.734,14.6465,0.0337,0.0,0.1788,4.307,0.1225,0.1769,5.1969,0.1997,106.733,0.0111,12.5386,3178.1374,16.7308,113.5944,31.5323,0.1719,155.4085,4.1176,201.8212,52.7315,8.6468,17.2959,50.5986,1129.3877,1855.6387,0.0153,18.2155,0.0,25.6235,9.6943,5.6413,1.0803,409.6632,433.4733,0.0581,53.7221,0.1853,450.3234,17.3576,97.3096,51.322,34.9458,160.2929,832.6691,0.5469,23.9647,457.337,1.007,139.9524,24.508,30.0907,28.5798,27.9557,1012.7521,59.8171,398.358,16.7451,6.7124,25.5475,12.2588,36.2887,15.7345,81.7191,20.6529,1.2937,13.5551,63.0022,15.0538,12.0403,7.1697,8.1441,312.624,49.2589,70.2153,327.2814,2.3108,0.1694,79.6561,0.334,1.9457,0.0571,8.0172,3.8883,1.021,16.9888,21.1371,6.0825,44.4591,3.9625,16.4466,16.0687,2.1829,12.2604,0.0481,17.0602,2.0333,4.9922,77.2385,104.7713,0.4807,1.1539,86.9687,0.8899,4.6171,2.3601,0.0366,59.7976,35.1819,7.9328,17.0423,0.0932,62.6738,73.3333,11.4144,1.484,25.2808,93.0328,19.3784,139.4655,438.8868,93.8344,7.8401,21.9646,8.4805,84.7105,102.0725,5.35,9.6347,0.6382,31.9514,84.728,1.6837,46.0064,0.1174,97.83,26.1469,21.9524,25.4919,0.0461,23.7117,0.0052,0.0593,1.804,6.4458,557.0426,0.5415,1.0065,13.6738,11.7511,36.1271,3.1001,2.192,263.4669,52.2945,21.0047,21.9692,18.1534,49.4545,446.3007,0.529,8.9093,159.1677,61.9175,15.9378,10.045,27.058,27.31,27.1392,90.8758,21.457,695.4328,7.4074,28.0373,10.1709,6.1593,4.6591,37.2291,67.4151,208.3947,35.9454,0.2564,0.8544,0.9606,2.3349,0.0361,0.0137,2.2733,0.0,0.0579,1.0742,0.2357,0.2358,6.2941,0.027,0.0654,4.1611,4.2163,3.8822,22.2411,78.9389,0.2339,0.0395,1.1861,23.1731,0.0594,3.6205,2.883,47.8992,2.703,0.2311,0.848,2.3821,9.9787,61.3605,17.5131,8.8614,26.5606,5.9596,2.9285,8.1642,13.3115,0.0596,0.2095,8.5943,6.0829,1.1996,0.1243,0.0378,0.0,7.4197,0.373,13.3462,2.8362,1.0873,73.8601,0.2648,0.0,83.394,72.1583,219.106
4.3574,15.8517,36.7509,20.9015,419.5709,54.3953,34.5549,0.4995,353.4423,5.436,38.9614,39.1658,15.109,52.7824,17.8512,20.5742,1.5796,12.6848,9.3082,22.7519,69.0577,70.2039,0.5542,17.9243,19.6249,69.2421,62.7182,46.3772,8.8077,0.0,1.8309,16.6609,8.1053,181.8818,0.0228,76.1437,20.3126,72.7269,0.0087,77.3801,19.2347,60.183,7.7844,4.1699,8.6552,1.0379,81.2669,29.3033,84.1075,50.911,31.6969,22.4545,33.4638,3.3889,5.737,0.8299,0.0,0.0,0.0956,0.1898,0.8364,0.0404,0.213,0.1524,0.6889,0.2496,0.3458,0.0653,7.2325,107.7581,10.422,78.9643,0.3938,3.2031,19.3384,0.538,0.1814,347.1126,543.4845,3.1031,4.1641,64.6613,23.6263,35.5599,5.2224,16.2584,0.0,0.0,0.1859,5.9024,1.082,3.3367,14.7551,0.6223,84.0478,0.3754,17.5246,2534.2,10.3271,125.025,18.2964,0.6353,299.2129,9.0206,155.3263,75.2697,7.8523,23.4556,21.5044,816.2705,909.8152,0.1626,44.2796,0.0,6.0476,12.7691,3.2737,0.9705,16.0657,554.8304,0.5102,33.2624,0.2821,163.0556,173.8479,69.6824,86.9395,79.8862,382.9258,2118.2676,5.6823,22.1518,258.2665,4.8298,176.1847,18.4658,48.2693,26.9971,66.2367,881.8217,95.5171,660.0941,29.9039,6.7661,50.6799,13.1501,38.1611,6.5015,29.8683,25.3612,2.2223,7.7453,2085.317,378.6104,76.3542,4.9843,5.6412,77.2192,32.3614,26.8473,158.6568,2.5552,0.1826,65.4066,0.496,6.1212,0.3515,14.5671,10.8359,7.4995,22.7318,78.1631,11.2655,10.5864,6.0244,12.9651,21.071,2.6598,12.7346,0.0444,21.93,4.6497,19.9412,41.9455,66.6427,30.3259,1.5246,79.2136,1.2904,6.1297,2.4715,0.0507,72.4298,48.9733,6.7784,13.0308,0.1198,64.9395,63.0423,18.7091,1.1343,20.2135,56.2259,35.3062,45.5944,362.2454,46.3644,6.8548,7.255,12.465,123.0915,117.5034,5.1384,23.8407,1.6915,44.2357,151.2756,1.9014,72.1776,2.8794,42.2108,23.461,50.368,35.4201,0.7462,13.6805,0.3652,0.0219,26.8158,5.1701,510.1976,6.078,16.6192,16.4339,22.4096,39.8497,2.4727,1.528,201.1063,84.7805,17.7852,27.7493,15.5487,25.5805,323.7197,3.041,7.7299,34.758,192.4286,5.7749,36.7858,58.8837,24.6482,16.2629,79.0371,33.2746,305.6557,9.6514,22.0558,15.9307,2.7153,7.9043,10.8848,112.1773,10.8817,14.4774,0.0237,1.8027,8.1227,46.1655,0.7676,14.7194,56.7828,0.0,0.0803,0.397,22.3818,3.5561,17.3184,0.382,1.1062,5.0902,5.966,0.6658,29.3685,123.6852,73.0485,0.0,7.6854,15.2616,4.8842,28.3189,4.1628,142.8958,21.8687,6.4061,0.2693,12.3389,25.0372,29.348,13.9643,5.8361,16.8223,4.0873,9.0914,9.5805,23.3473,0.7121,0.398,9.4393,12.0781,6.8186,1.2634,0.0175,0.1033,8.0537,5.5149,7.1567,3.0362,1.4744,21.992,1.9427,0.0,57.537,55.4386,222.9656
15.4595,31.0387,72.139,17.3798,131.9298,79.3459,24.3794,0.3971,5.2149,9.3973,22.1269,49.5853,17.5353,17.9067,26.2217,7.4036,2.0582,52.6638,10.9929,115.4531,64.8136,66.9677,4.6934,14.3282,18.9102,37.5248,49.5492,57.1873,21.1378,0.0,9.899,44.6017,16.5114,129.6935,0.0299,49.0371,15.6133,24.7018,0.2275,51.5994,19.7602,127.2919,37.4941,9.9295,24.9842,5.7205,28.5919,15.0876,47.9644,48.8393,27.6482,25.5474,47.1507,9.0898,9.1245,2.1386,0.0351,0.0178,0.0188,0.0,3.2792,0.2779,0.0814,0.0176,0.1443,5.5419,0.6035,0.0882,9.7947,129.7214,7.1178,297.1689,1.8319,0.0241,7.7795,1.2742,0.2179,353.914,90.4055,9.8093,13.9742,41.9422,17.9102,43.6286,13.0836,13.4493,0.0613,0.0418,0.2435,8.8762,1.8792,3.257,2.766,2.1012,133.8424,0.0253,5.1295,977.3675,24.0588,88.9585,32.2792,0.9133,110.4344,6.2269,49.6901,28.8978,38.7398,17.3908,65.1849,918.585,3073.3043,0.1806,37.593,0.0,24.631,13.4565,10.9944,5.368,42.5537,155.4537,2.529,70.6788,2.267,30.3225,129.5033,37.4791,51.4972,27.809,87.7863,335.3438,2.868,27.3527,232.2912,3.9189,6.0354,12.8958,220.3376,19.3737,47.0975,241.8755,91.3879,25.8486,30.0335,4.3816,57.8215,8.8843,36.6629,15.6413,27.7673,29.7106,3.8946,8.7148,620.1796,272.7941,199.3239,8.3696,9.4368,26.9588,27.8651,118.2083,227.3641,3.5601,0.5639,33.0497,1.1265,7.6242,0.1036,13.1742,11.9618,12.4364,13.7614,39.9501,9.5956,9.3153,6.7499,23.2886,28.5848,5.2275,6.4148,0.0764,34.7158,5.9981,10.2628,59.6741,133.5397,17.4952,2.745,47.8012,5.0472,2.2198,6.2148,1.975,40.4833,37.3237,9.3535,20.9959,0.5013,73.0382,53.2291,4.291,2.3507,20.3985,2.0881,21.2061,113.2995,274.7215,157.803,21.8926,16.3063,10.7354,75.0123,67.5741,9.0891,11.3278,14.548,10.3396,31.8773,5.2971,31.4573,1.0088,51.555,9.069,25.026,34.2286,0.021,14.426,0.0661,1.411,3.2125,4.4902,148.2484,2.4765,36.6987,22.1852,11.4897,139.7551,3.657,2.6245,363.3715,80.7029,28.3087,30.4655,19.6506,23.3211,465.4812,2.9828,7.6045,5.6526,64.6854,1.9942,19.1271,27.04,26.3533,24.1362,116.1026,31.4983,568.4328,30.3425,56.362,11.4183,15.9659,7.3723,31.4449,38.9204,6.5971,20.0145,0.5354,11.5212,10.361,80.842,1.1151,0.4855,14.96,0.0,0.3944,3.2513,6.3487,0.8748,14.0345,0.1387,0.2969,3.5872,2.8753,1.6521,24.2715,109.8522,3.0892,0.0,10.7303,25.9334,2.6641,16.2165,4.3426,79.6356,19.781,10.618,1.5881,13.2451,26.7136,75.2606,7.2466,11.5665,24.3742,7.3092,7.0533,11.1675,15.7577,0.7581,1.3952,9.0883,6.5986,1.7164,0.4797,0.1544,0.0,4.6585,25.7424,29.987,3.9032,2.5387,44.8257,25.8096,0.031,48.9929,60.6651,89.0971
1.9716,26.0474,32.6288,9.7796,429.3907,54.5626,27.3269,1.3579,124.9915,2.1814,33.2898,53.9399,34.9185,33.783,32.9596,12.5965,0.7126,47.5667,16.5332,65.2643,65.3992,41.9941,0.0408,0.0631,23.3452,47.1603,35.6476,47.8261,4.5409,0.0,5.1409,16.2777,5.2435,103.116,0.0,98.5208,4.2597,55.4393,0.0,102.3931,18.0923,95.3723,63.4339,26.8559,10.7299,0.3455,41.2267,18.0151,81.303,47.0062,35.3592,24.8231,16.9309,1.8845,0.7878,0.1988,0.0364,0.0,0.0195,0.0,2.3545,0.1237,1.6786,0.0183,1.0605,0.0796,0.1751,0.0541,2.1515,44.1719,2.4644,96.9931,0.0804,0.0,6.0946,0.0986,0.0206,126.9862,531.2101,5.0163,2.0477,68.7953,29.3342,15.2861,1.596,27.5882,0.0,0.0434,2.7403,2.775,0.1926,0.1972,1.9903,0.1588,83.2051,0.0,18.7263,1360.0729,22.1081,216.3653,24.2969,0.5284,167.5904,9.5415,51.3937,16.6034,3.9334,26.0698,26.6004,653.4293,819.6903,0.101,11.6981,8.2049,1.7322,16.4468,1.0706,0.9906,31.6981,18.2917,0.4614,89.8389,8.4829,15.4071,34.0019,26.8478,62.7321,42.3407,266.1113,739.7919,0.2,15.8007,359.2434,0.9554,0.6588,7.4425,9.9406,6.2898,23.679,11.026,13.6792,1.9289,29.297,6.4705,47.5617,10.8387,40.0835,20.3567,9.6218,1.3684,5.3554,10.389,6.1499,45.4924,151.7838,10.2992,9.4391,63.7441,21.6403,32.5459,347.7652,1.2862,0.1864,82.5981,0.045,2.119,0.0897,5.4453,10.8842,4.5205,29.0648,39.074,11.4988,28.4717,7.0723,23.1811,6.1766,2.9863,5.2823,0.034,23.5311,3.7214,34.1556,12.047,42.5406,4.2313,2.8838,60.5022,3.1119,4.2811,2.3796,0.0,51.886,134.6556,8.2383,11.0315,0.1003,73.2415,89.074,16.0451,1.0386,24.6102,0.4782,17.1514,83.2303,453.5013,32.5398,19.4397,12.7217,16.2156,61.1265,99.7832,2.32,7.5065,2.7877,61.097,12.7176,1.1608,41.8132,0.1278,114.7436,18.7821,26.886,32.3067,0.0218,6.8362,0.0,0.0224,1.5858,3.6192,206.7405,1.2294,1.5533,15.0445,27.8461,58.5577,3.1712,2.2,98.4034,50.1199,14.7151,21.9387,25.2198,33.2903,512.9994,1.3924,3.2064,45.3861,60.1544,0.2129,2.9598,19.2789,11.797,22.7174,83.5904,28.1456,139.8027,2.4072,16.5208,11.8458,1.032,4.7039,31.2164,61.8869,3.8516,28.5244,0.0725,2.8876,0.0275,7.0322,0.3066,1.6033,15.2043,0.0,0.0,0.1801,50.4323,2.139,3.9185,0.0085,0.574,6.8242,14.2921,0.3653,41.638,165.3226,0.1003,0.0,0.3176,24.2016,0.8178,13.1657,5.5966,85.222,112.1383,5.6378,3.1241,2.0088,58.3059,21.7546,8.5051,11.4137,23.3164,14.9066,6.8882,6.1544,8.6517,0.212,0.3513,10.1244,2.4198,4.457,0.1758,0.0178,0.0,0.078,0.1564,14.8476,3.0456,6.4058,10.0648,0.7644,0.0,50.5278,64.443,233.3961
1.8331,17.2686,104.7567,22.2167,38.3776,98.7793,0.16,0.3361,0.9582,10.4987,22.9437,14.6347,5.3764,21.0622,19.2095,8.206,1.2133,11.0858,9.7538,180.1227,39.9306,37.6155,0.2579,0.8705,15.9603,51.0533,86.6569,17.2943,14.7399,0.0,2.1383,24.1624,24.5846,127.3637,0.11,69.1066,6.8607,57.8488,0.0315,50.9386,55.3258,35.4543,82.4059,8.4582,27.3432,0.258,1.1339,23.1498,8.4959,30.3499,21.0195,20.5515,18.4306,0.8725,0.7072,6.8802,0.0645,196.566,0.0,0.0,0.2385,39.8291,0.1068,0.0486,0.0816,1.1126,1.9881,0.0221,124.6656,193.2603,20.84,135.4461,0.0,0.059,2.3649,0.2242,0.0728,104.8605,46.1678,5.1475,0.4794,10.3392,38.6815,25.6084,2.9604,17.0896,0.0563,0.0,0.1492,13.7898,46.6587,19.1069,1.1936,2.9527,130.821,0.1207,5.4485,1307.7894,120.0564,198.4725,48.8301,1.2426,43.9195,2.7811,99.9485,15.4509,2.1219,25.5278,175.1034,1978.1536,2620.317,0.1659,11.2197,0.0,1.3185,10.3979,1.1478,3.6047,5.8755,37.8062,0.5172,1.6267,5.0019,3.6459,8.4431,18.8019,87.9666,14.3476,34.2997,118.5505,3.4075,57.9743,328.5616,1.8001,1.4013,13.4938,50.5349,49.1349,23.946,9.585,128.592,14.9334,16.145,3.7878,10.1142,13.2056,21.6706,30.1789,7.4276,2.7712,1.7238,14.0106,1.5766,46.1356,97.643,47.467,12.2654,40.9007,10.7837,189.9204,174.0542,17.1904,0.8242,65.4889,0.2786,1.7969,0.7934,130.1612,7.9401,2.0398,42.238,17.6102,2.3337,9.8873,2.1514,16.7776,9.3395,0.8271,2.4904,0.0201,39.918,1.6341,1.474,13.1034,242.1216,0.3787,0.462,23.2177,1.9872,4.0692,1.575,2.1345,55.556,45.7648,8.459,17.5591,0.0778,44.9066,87.5391,7.5809,20.5531,10.9116,0.0787,20.9326,250.1735,376.3141,32.3934,96.834,72.5162,12.343,139.4446,38.7223,2.0722,11.837,4.0347,3.5419,15.3822,0.5256,16.8878,2.185,95.8599,20.5239,7.5478,22.6733,1.6937,11.2256,0.1648,0.3562,6.9251,7.3976,233.8727,12.3793,44.945,6.4412,6.1125,26.2517,3.5231,2.6942,26.93,35.0921,12.2903,19.211,8.5073,70.7502,548.5061,19.9924,8.5155,1.1376,31.5134,0.2568,7.4372,18.0841,7.0468,40.8244,129.2488,31.7549,1178.7946,5.0219,35.7248,10.7958,4.4892,3.912,7.1779,43.064,6.6548,36.5195,0.2994,0.095,43.9253,2.4473,4.4592,0.9377,0.5709,2.5493,0.4348,3.0267,2.6213,0.293,27.8296,0.4798,0.2182,1.9955,122.0975,5.0342,19.9152,117.1457,0.3902,0.1538,119.4892,22.5394,45.9365,3.3507,5.1884,9.0207,8.3748,31.204,6.4105,28.1463,2.792,60.7432,9.8537,8.0996,17.7524,4.4111,5.3029,5.458,4.0772,2.5255,74.9602,6.4265,3.5375,5.8221,7.4656,14.9374,0.4974,37.228,2.0053,80.4351,6.7344,0.6361,94.162,0.4418,31.0015,69.816,39.0337,138.2264
4.3959,18.3684,81.6171,24.5856,61.377,60.158,8.4182,6.5411,14.5687,1.3516,64.7556,29.0186,70.0773,46.2032,61.3815,0.1587,0.5545,13.4596,18.6869,65.5196,67.6808,46.1241,0.3267,0.0785,48.9452,92.1222,118.3489,18.4814,3.3041,0.0,18.6957,47.5446,22.2987,137.6424,0.0069,214.0759,23.7704,48.2622,0.0198,161.0751,18.9186,101.6923,48.9799,13.4722,18.9746,0.0068,937.0981,64.7182,123.0044,38.8524,34.5208,22.2857,27.4701,57.3358,1.6627,0.3536,0.0648,0.0329,0.573,0.0,2.11,0.1467,4.5537,0.2686,0.123,0.1841,0.0502,0.0963,6.9636,30.8511,2.6657,259.997,0.1907,0.1409,16.313,0.0626,0.0549,646.0068,162.0186,4.031,1.8938,2594.5403,32.8444,72.4468,5.2505,60.8286,0.0283,0.0,0.0937,8.3129,1.2905,3.8249,3.7627,0.3744,87.0718,0.0747,22.0158,948.2578,31.679,161.5897,33.6178,0.5126,146.759,10.2857,26.2326,50.4342,26.198,52.7779,27.3287,1569.8629,1891.6686,0.0321,2734.0029,0.0,3.0156,8.9184,0.6636,0.4279,84.4775,129.7744,0.3494,43.0021,0.0549,53.1453,115.8818,115.7355,72.7758,51.3264,315.0655,526.4856,1.8161,37.3101,603.0468,2.0513,32.02,20.8692,89.2688,48.3856,89.2257,289.2555,129.5215,165.2477,34.3979,5.8402,28.5672,12.8259,29.5719,17.6509,236.9941,79.5891,11.4773,5.1163,78.737,334.6854,3.6115,11.2693,16.7207,730.3904,49.7843,30.5792,123.2638,4.4166,1.2667,104.5521,0.06,30.9103,0.1436,14.3022,7.0315,12.9553,37.3007,115.5338,6.4643,2.4316,5.5171,32.3118,5.5424,2.8369,14.0397,0.0403,18.0123,2.0364,18.4215,19.677,246.1425,0.1904,51.0806,36.7475,39.7557,15.537,1.0746,0.0153,168.3519,178.6444,11.6386,17.5685,0.0538,72.5859,92.4626,12.8669,1.5748,35.827,17.6262,30.4953,55.4593,747.8653,38.1653,6.4345,18.8451,30.839,116.9159,93.2122,1.464,23.3981,13.5793,47.4395,242.9733,3.4892,89.0725,0.2349,30.9089,63.6814,27.8088,19.2033,0.0194,30.6927,0.615,4.1391,35.5067,28.213,80.6358,6.9302,4.3416,21.837,15.0656,46.4868,2.7224,6.9149,69.5663,81.2107,47.966,32.2835,40.575,27.2842,655.6786,1.1042,20.3008,2.8914,73.9838,2.2897,5.813,40.8253,68.5825,55.463,159.6924,60.2201,1002.0605,2.9087,25.8185,18.1988,6.2918,10.0452,18.6715,60.6689,10.0172,62.5781,0.129,18.4063,3.0031,13.6364,0.2121,0.0,15.5515,0.0,2.1375,0.2002,2.3282,0.585,8.8551,0.098,0.2574,5.0587,106.1302,2.2779,81.5982,183.8605,6.1708,0.011,1.9652,41.2087,0.8867,32.0593,6.8807,33.1809,18.6367,8.2187,0.3112,3.0675,7.317,75.8437,30.9387,5.3768,20.5977,10.3634,2.6061,18.8901,22.7517,1.5237,0.4393,18.8835,11.3544,33.2344,0.4692,0.0,0.0,0.0,0.0174,23.51,3.3976,2.7359,41.9762,4.5299,0.0572,29.7104,69.8749,391.498
6.7875,24.0878,46.1252,16.0506,81.3955,122.6453,36.9261,0.3498,10.8354,0.1927,21.0852,11.5863,18.7601,60.8614,24.6427,0.6822,3.3183,4.1088,14.3203,34.321,157.0816,198.76,2.8869,0.0371,35.3916,60.3442,52.8712,94.3617,26.8744,0.0,9.8549,29.0393,19.3932,173.993,0.0,277.081,26.8277,49.6581,2.0279,53.9753,59.6501,74.0212,51.9215,5.6229,58.0808,2.8146,10.0271,33.8927,82.9793,54.3191,50.0259,26.6562,83.9129,3.7072,5.5331,3.3384,0.0,0.0,0.0766,0.0,6.8894,0.0,0.3907,1.4264,0.0452,0.5698,3.6929,0.1756,22.6323,11.628,41.3657,113.2264,2.2595,0.0899,13.9829,4.7068,0.3429,759.5331,448.5275,13.7588,9.7757,9.7516,14.9946,44.3183,8.6588,19.7667,0.0312,0.0,0.2273,7.329,1.0827,2.149,4.7842,1.8572,171.22,0.1492,12.2901,610.8993,37.9336,97.819,91.1241,1.8011,82.2363,9.1877,32.7031,51.8833,36.4916,19.8777,64.5686,798.8192,2209.4586,2.5962,77.0602,0.0,9.7461,14.1177,10.6543,10.5989,2.6408,94.4676,3.6545,24.2609,0.383,10.3603,52.8387,73.0536,189.3831,34.803,652.4711,266.8998,40.792,21.8638,281.3553,6.573,2.2506,31.2924,37.4499,56.0197,65.3083,35.6394,212.5845,210.6132,37.0985,9.221,21.7688,14.6588,35.1299,9.1522,17.2917,4.8663,6.9761,15.3491,5.2717,391.3516,167.2541,18.5476,8.9411,231.415,35.1081,67.8546,196.5509,1.4535,0.3523,58.1094,0.6617,10.6117,0.4045,9.3902,28.8468,16.4395,32.1254,65.846,22.0529,5.4597,10.6069,13.0392,32.5419,10.0839,21.671,0.0334,54.6631,15.3183,22.8508,49.818,45.6493,0.642,2.9551,40.8295,15.3547,5.4041,11.3783,0.1183,68.4153,61.8652,11.1204,16.0263,0.2182,45.7548,71.14,19.4266,2.1933,19.0022,4.0342,17.094,69.8548,210.6246,159.4082,38.8943,8.4136,41.0721,53.4282,54.5808,4.6162,22.4517,6.5838,11.7061,35.8954,11.4339,54.4301,0.7349,49.1173,29.252,18.9801,47.448,0.192,24.8456,0.0096,0.011,2.4938,6.6104,18.1835,4.5242,66.6877,16.5156,20.1847,119.8773,4.6644,2.8651,191.1851,110.269,35.2522,58.1283,25.8113,16.0676,267.2921,23.0693,33.8269,5.7791,98.7018,26.3499,15.2555,20.8688,87.1901,33.2138,84.9728,46.5617,350.831,42.8365,28.7265,24.7559,17.5234,10.4869,12.7534,198.4734,11.591,48.8949,0.5451,9.1771,6.513,2.6885,9.5176,0.1014,1.6951,0.0288,0.4016,1.1477,3.0991,0.6681,3.6264,0.241,2.9254,2.2663,1.9573,4.7262,40.4949,134.5854,13.86,0.0122,10.3304,19.8488,2.9433,37.7128,19.5757,31.8593,92.3198,7.8773,5.6353,32.5443,27.3574,37.9407,13.7274,6.9946,25.0695,23.0416,6.6866,10.8698,40.8005,1.1155,1.5928,13.6926,12.9326,4.739,1.2067,0.1048,0.2757,2.9583,0.0,12.3163,6.6294,6.084,54.1924,45.0745,0.0,54.8254,31.5349,91.9174
3.4465,28.5052,95.6735,9.638,85.1304,130.231,1.1783,0.5202,3.8733,27.5607,33.5152,16.3872,7.175,19.1947,22.1488,8.583,1.7854,27.6893,7.3624,116.0183,98.1681,90.184,0.2221,1.9347,18.3274,54.6141,92.1711,33.0858,13.5147,0.0,9.0233,26.719,22.6656,111.6435,0.0467,104.4565,18.0381,75.7349,0.0179,100.1386,63.859,67.831,54.3666,12.4851,22.2759,1.0002,4.6142,27.3254,22.1673,41.645,21.7353,19.3677,34.8719,2.8519,0.2828,12.1271,0.2191,143.6655,0.0,0.0971,0.4864,46.7837,0.5567,0.2568,0.0231,1.5958,3.73,0.0,172.1272,142.6726,22.0035,82.8642,0.1612,0.2842,5.9898,1.3828,0.2474,795.3603,68.0068,9.6638,0.7933,19.1376,49.7456,31.4086,17.6416,24.0961,0.0,0.1739,0.169,19.2663,22.3935,14.3675,2.7814,26.7062,150.225,0.1683,11.9468,1320.0426,90.2553,297.4564,58.7743,4.549,70.1137,2.3022,64.1179,20.7966,9.258,23.4458,115.8958,1690.4004,2973.4655,0.4194,17.2005,0.0253,3.5561,14.8416,2.6661,6.5239,12.9482,42.471,0.2106,3.9838,4.5548,12.2617,25.6306,20.3776,89.1169,23.1955,60.9534,148.9126,8.2285,52.7105,372.0992,4.374,1.5393,19.1687,45.4263,60.1762,52.4885,18.8675,183.1046,20.8566,24.0643,4.698,20.9459,14.8739,24.7426,32.2932,8.8062,18.5375,2.8395,15.1539,20.4851,138.0238,153.0969,46.1628,10.3959,39.4315,15.283,176.4324,190.1921,19.1205,1.6543,103.2369,0.7441,4.2912,1.0428,70.2087,15.6712,11.5197,38.156,70.0946,4.9133,49.5254,5.1076,43.2307,19.4231,1.9953,4.211,0.0227,48.6741,3.3786,5.8412,19.1453,77.9511,1.0854,1.8541,36.8682,4.2963,3.7706,3.803,2.7987,67.7186,59.2141,12.4604,11.6783,0.2258,54.0048,78.3157,13.6064,7.8426,13.8697,0.9586,26.0591,213.9203,372.1469,72.5263,136.2574,54.4999,19.3954,65.2945,49.0384,3.0387,15.9862,10.4451,6.2937,54.0146,1.4611,31.5201,2.6978,81.9119,23.1886,13.8005,35.5401,2.1372,18.0042,1.2289,5.2923,20.2629,8.2877,993.621,51.4453,43.1931,9.7071,7.3316,54.0835,3.6865,2.5578,67.312,37.0402,22.514,25.0497,10.7579,67.3215,587.2856,15.583,15.3443,1.8142,70.7328,0.5626,21.3486,20.1299,22.772,59.927,113.7018,34.2614,1232.9248,19.195,33.6265,11.8647,6.5829,4.6782,20.1382,52.2517,6.6429,56.19,0.5331,2.5574,54.5593,10.7642,4.3699,1.6068,0.8087,2.1223,0.6022,3.8808,14.851,1.2995,7.8835,0.6456,0.7798,1.2261,171.6151,6.411,19.4139,112.6535,1.1255,0.1992,411.247,22.347,42.7769,4.9373,16.3657,14.4081,62.1993,25.7754,3.9074,37.164,8.6494,62.9577,14.8438,15.2814,19.9816,5.4902,4.1859,7.7389,5.1323,4.5874,45.6816,8.3537,9.3561,5.7724,8.5768,21.2106,1.1977,16.2163,1.5671,56.2301,6.1916,0.8275,99.5344,0.9254,40.2844,74.7814,72.653,105.3334
21.668,31.5756,78.8998,11.5172,118.4547,225.9813,40.2228,0.6649,30.2742,6.8492,62.8283,37.7733,13.7675,66.5523,26.4238,0.4989,4.0177,9.8042,25.3084,57.5313,117.7949,108.5883,5.6432,0.3375,20.9679,59.3497,44.2315,94.3831,15.4279,0.0,18.3786,29.1865,9.2724,104.4977,0.0,77.0945,16.679,72.2146,1.5718,57.089,52.9555,116.7737,72.5149,10.2708,26.0762,0.8773,74.7242,22.6629,92.429,31.2951,28.446,35.4794,86.7862,5.6661,13.7094,2.9527,0.3101,0.0675,0.0237,0.0,3.3542,0.4011,0.1028,0.0556,1.6396,3.8427,0.2609,0.1772,8.3186,36.2566,9.0445,166.347,3.6818,0.1115,16.0262,1.3352,0.7254,793.2554,208.0779,18.7227,3.0439,42.8562,25.0865,44.5226,18.7445,20.6111,1.3155,0.3691,0.2563,21.0967,5.3862,3.3567,3.5082,3.7937,203.2946,0.1914,17.0659,1829.6726,53.9445,110.7365,43.9649,1.7446,103.9472,6.6327,117.9963,34.0878,84.9792,19.2461,95.0217,747.0858,2444.1654,0.5615,3.7278,0.0,69.0985,25.4854,9.1898,13.2129,57.7736,33.6012,1.0053,27.2018,1.6251,34.0343,58.6248,40.727,71.6951,46.5002,162.8135,263.8209,3.3529,35.6218,312.9171,6.5157,44.9517,15.6428,54.9915,27.4129,43.1505,411.3395,92.8121,55.071,34.2819,9.6978,14.0247,18.0,32.8822,16.9668,26.5096,46.0193,5.1072,15.2209,92.3938,232.6964,215.7081,21.7834,13.6131,128.2194,33.7989,347.3347,406.762,2.9754,1.9582,62.5354,1.3404,24.3148,0.698,8.6267,15.8897,16.5321,40.3606,56.9832,19.1638,8.1323,5.7445,38.4059,36.7143,8.334,25.6412,0.2896,45.7123,9.3201,15.6777,31.4216,94.1313,4.8992,3.7177,50.6024,4.0972,5.294,9.9935,0.5239,49.0126,32.8114,11.0239,15.3672,0.2806,48.0202,133.7106,28.4266,3.8585,11.2232,35.2375,28.6953,116.708,265.7054,153.3879,33.9284,16.1128,16.3504,79.5858,50.2938,8.1543,24.1208,9.7631,25.2501,577.2187,16.3359,86.2932,1.2014,72.7352,20.3496,16.0516,65.5467,2.7514,31.4081,0.7334,5.1823,7.7919,6.7025,149.8533,3.4722,22.5715,44.7926,10.8304,164.5084,5.0402,4.0536,314.5911,102.3093,36.5596,46.9524,32.61,28.6267,306.6814,7.6037,13.9763,3.026,131.434,2.8594,15.4705,17.4901,37.082,114.6265,98.5672,53.8289,818.9385,45.4729,60.0418,31.0787,19.7509,11.5077,56.3524,134.3967,9.1474,28.6368,0.9406,17.3407,10.113,68.8229,1.0768,0.2043,6.4885,0.0,0.5313,34.2957,1.0509,1.0241,1.2976,0.2164,1.2401,3.1486,4.5816,4.0641,25.2568,114.4057,27.7452,0.0604,5.5744,22.2539,3.4731,19.445,6.3992,73.1181,18.9463,6.3595,2.5523,25.2569,72.049,47.985,15.6773,13.6735,21.1724,12.5983,14.6396,9.2007,26.2294,1.1729,2.7761,9.8543,17.9067,27.9681,0.7126,6.281,0.2137,3.0045,3.4693,17.3278,7.7789,2.4934,56.5423,14.8327,3.3231,41.8354,34.5768,101.7539
3.903,19.2778,61.6173,2.2033,80.4583,147.771,4.9217,1.3981,33.109,7.3368,23.6581,77.2928,2.8177,55.4164,22.6671,0.272,2.6727,1.9907,23.8063,40.7961,159.1262,119.7081,30.2173,0.0607,21.2849,73.8336,105.9463,38.9081,5.851,0.0,19.1286,28.2586,16.7676,264.486,0.0,257.7595,51.8634,51.7453,0.1252,155.0744,31.8025,47.427,39.6796,2.0729,23.155,1.8908,81.7106,36.2996,231.4966,318.298,51.5759,11.8616,35.9199,13.3228,2.4339,0.6588,0.0,0.0,0.0078,0.0,5.5012,0.1985,1.3564,0.0587,1.156,0.198,0.1087,0.4979,8.2679,47.7841,11.5962,95.7631,1.1826,0.0736,11.325,0.4631,0.1486,995.2091,84.0947,4.2436,9.222,39.7275,24.0287,37.3401,5.9673,19.8333,0.0255,0.0,0.2029,8.2462,0.4636,1.9169,1.3108,0.3792,169.5396,0.0211,12.5395,1398.5002,28.8011,150.3092,24.9468,2.4277,162.4546,12.7948,47.8794,63.1718,25.0709,60.3018,19.814,481.3744,1633.8711,0.5384,23.0467,0.0,7.1,23.6047,1.5877,6.2443,31.5996,8.6678,0.6487,68.2147,1.7736,387.504,153.9473,122.4907,86.6634,72.2751,209.2829,263.8263,48.1705,46.9592,424.7733,6.8125,16.4922,20.3789,115.5312,45.1377,206.8889,19.168,103.7882,19.236,39.2057,9.2035,18.2934,19.5716,24.8376,13.3973,157.9649,50.4247,4.5265,12.078,192.7815,182.668,372.8214,15.4675,16.3358,24.812,31.3543,85.608,337.1606,0.4443,2.734,79.8634,0.3159,4.11,0.2159,47.2174,25.5964,14.989,22.0102,75.9117,13.9505,7.7139,4.3593,20.575,14.6733,3.1643,23.2819,0.0819,45.6456,3.0945,5.045,12.5754,39.2323,0.485,2.0604,62.9383,21.6097,16.8623,2.9338,0.1245,168.9188,65.367,8.6345,74.8738,0.1962,51.3283,99.1975,37.1327,2.0763,28.5512,24.6097,45.1884,57.8212,408.0571,25.9571,89.6538,5.088,18.7834,79.1266,126.9028,4.4719,43.612,10.56,24.147,411.4306,1.4863,96.7909,0.6356,64.6322,81.5368,20.1736,49.198,0.0873,14.179,0.5155,0.4308,86.9888,2.9334,59.6303,18.2092,4.4903,25.9316,29.6768,36.8008,8.1698,1.1926,79.5675,74.5816,7.3678,29.7217,21.5092,41.9143,269.0236,1.3452,20.7188,1.1274,150.6116,23.0317,13.3573,18.8484,89.9405,8.1941,155.7747,87.0172,453.3372,8.8586,23.6373,9.94,3.7076,5.918,317.7735,261.942,7.9407,26.9677,0.097,3.3726,23.8643,25.6474,0.1913,0.0934,12.4385,0.0,0.1534,0.7044,0.5152,1.2301,11.9766,0.34,5.2145,0.1785,30.4811,0.2794,79.6346,156.1539,0.6436,0.0399,7.3461,24.054,2.1122,7.278,15.3462,48.0892,6.5862,24.9004,21.2341,3.8699,10.8643,52.0035,12.6871,11.1453,31.0375,13.5534,4.7426,8.8206,55.2451,0.5172,0.4756,17.6685,11.2347,7.9216,0.3997,0.0,0.0,0.0835,0.392,2.8635,4.8735,2.2544,76.8237,1.5423,0.0258,54.1969,64.227,460.5911
5.1186,27.6583,76.9032,3.7357,29.6351,140.8675,3.6102,0.9976,2.5641,13.0429,28.805,44.559,45.3241,23.6894,27.2946,3.2757,1.9737,17.3703,19.4497,63.1592,54.5717,62.2318,0.9168,0.1731,27.4104,107.0159,102.4988,60.4667,16.6968,0.0,12.476,22.1984,15.7427,61.7721,0.3444,72.6994,61.8139,51.5842,0.0235,112.6061,60.9965,99.5323,99.8914,39.8069,32.0597,0.0729,2.0143,78.6119,17.3638,14.2298,36.5004,25.267,53.2991,0.6472,0.1489,3.1463,0.0,0.2343,0.0103,0.0511,0.7965,2.3061,0.1529,0.0,0.377,1.1089,4.3173,0.0176,20.1481,178.7057,39.9817,77.9847,0.3676,0.0352,7.3849,2.8969,0.3474,51.2097,30.8543,12.8742,2.147,4.6349,100.2761,75.5203,3.5479,16.5152,0.1007,0.0,0.1557,27.1705,6.8832,14.9903,1.0119,17.6276,168.903,0.0166,15.3091,555.4096,155.9684,121.4691,37.4472,0.4751,100.9737,7.4153,52.5182,23.4493,22.3459,23.6334,86.9217,2064.4954,2757.7346,0.6929,12.6887,0.0,4.5304,15.7317,19.4772,16.3947,1.297,112.6147,0.2121,1.5259,8.7661,4.7339,21.3696,36.7042,51.4564,37.997,34.1835,279.5128,297.8018,59.4663,357.3823,2.6902,3.7273,28.1938,39.8923,9.8867,21.6814,7.0867,187.6115,9.8383,23.5435,7.5736,30.4825,8.5407,31.3819,25.7289,4.3705,0.6074,6.843,26.6448,0.4389,332.1168,705.0389,103.2299,10.145,18.8701,20.7832,245.5848,202.2447,0.4712,0.9691,79.3108,0.7597,7.111,0.2461,31.6596,9.7972,3.5724,78.1014,27.6327,15.7878,3.7578,4.1624,15.9252,44.9274,9.9224,7.2144,0.1197,65.7374,7.345,2.9308,21.9362,249.7798,0.4385,3.5595,94.7794,25.709,2.7977,11.6985,3.1102,151.6705,47.792,11.3558,12.9575,0.0594,59.5193,105.99,8.1393,3.3667,27.1225,0.3403,28.0515,172.8913,511.8881,160.0366,149.8303,85.0461,43.9187,222.9411,49.1485,5.647,14.59,16.5621,8.2202,8.098,3.3558,37.4293,7.2356,37.1718,32.6405,10.3344,23.7346,5.4645,21.737,0.0104,0.059,0.5752,9.0455,44.149,2.4547,32.558,34.5142,7.6388,122.9362,5.4395,4.6763,202.4903,47.15,29.5303,39.4057,28.5927,59.9829,372.3295,12.3229,2.8055,1.5582,99.6074,0.1736,18.8564,34.7241,24.2093,62.5046,108.9084,88.0765,446.1629,24.4605,41.9775,14.3174,7.3278,7.5247,5.9727,58.8066,2.6699,58.4631,0.5612,0.9636,124.702,1.2525,1.3658,0.5866,0.6325,1.7689,0.1153,2.5893,3.8307,15.9184,12.5732,0.3398,1.3115,2.0034,55.7734,5.7143,25.9279,184.6616,2.8777,0.0,10.39,24.462,32.3411,10.1991,4.6087,10.1837,4.1308,27.8421,12.3414,5.4103,21.1977,60.5074,31.4689,9.7446,40.2331,33.1943,8.2097,17.5545,7.6211,0.4428,7.4597,13.0448,20.7431,7.669,3.4016,1.6353,0.0,4.5015,0.1444,33.4413,6.2086,2.3326,48.6939,2.1402,0.1357,82.8877,44.0185,26.4132
17.3539,88.5791,88.1556,7.882,444.2006,164.6607,118.4095,0.6915,133.5725,4.1608,39.6247,70.6092,28.6449,66.5191,60.0795,130.8468,3.1072,23.7016,21.9285,96.7812,36.5129,28.3868,0.5644,0.3689,36.9504,71.4436,115.2459,30.258,21.087,0.0,2.4514,39.4713,21.9789,263.7234,0.0,136.1494,3.7909,36.6302,0.018,60.4063,35.0608,85.5867,144.5433,15.4349,13.1953,0.3251,26.8983,40.0114,154.8856,168.0692,42.3344,45.1896,25.5012,51.2849,0.901,11.0668,0.0,0.0,0.0,0.0977,0.3805,0.3326,0.0487,0.0923,2.2778,0.0963,0.0968,0.0168,3.8141,158.7974,18.0851,185.0728,0.2162,0.0841,16.5111,0.3691,0.9127,31.5763,178.2616,4.7192,3.9902,143.9155,20.2795,81.2124,6.1553,42.2595,0.0,0.0,0.255,12.9763,0.7768,0.2294,18.0634,0.1489,130.819,0.0741,15.7182,2001.2532,48.8683,236.7755,19.5521,1.0775,86.1667,11.238,133.7138,48.6943,17.4019,39.4546,58.8364,1306.9345,1140.9308,0.1892,14.3052,0.0255,38.5258,37.1176,6.0836,0.3424,9.2815,24.9172,1.2528,69.7744,3.9186,61.9407,46.0522,68.5616,81.7675,62.4152,247.7819,1210.1627,2.2711,38.5879,524.6665,2.4851,22.1921,4.0892,165.715,10.8346,218.2111,182.7916,39.8989,38.1084,49.5337,10.2464,77.2234,17.9771,53.2159,65.7105,27.5247,26.3172,2.1795,19.9261,1.6175,47.4709,34.3712,25.266,18.058,107.7204,64.543,87.9928,281.4182,19.7392,0.1074,61.2211,0.4083,13.3471,0.2532,16.5265,8.548,3.9453,23.3428,30.0194,19.5648,27.9727,8.1469,25.7955,11.3545,2.4634,17.4841,0.1372,53.7017,7.1595,25.0014,69.4642,41.6148,12.7216,7.3728,36.1352,1.2758,5.0189,2.2121,0.0695,106.0173,90.2057,16.0379,23.1272,0.1108,91.9643,70.6102,17.5592,2.9526,44.8129,0.4934,33.4841,123.8716,384.2394,72.118,11.7835,29.7485,30.7001,39.9852,117.086,13.7559,15.2853,30.2454,23.8756,42.9049,5.5424,78.7096,0.1374,122.7171,84.9998,119.9425,34.5408,0.0878,37.8802,0.0396,0.0677,28.4113,13.8616,491.1705,3.4706,18.0966,46.513,19.6792,41.0948,6.3691,5.5796,327.9758,184.4661,53.308,39.7435,26.5837,30.488,439.0355,13.3365,18.4147,57.1765,76.1122,0.605,52.199,27.4332,23.0807,60.2649,125.6321,69.9177,494.2306,15.564,76.9663,23.4014,10.5092,7.9598,32.1964,120.3527,1.7158,36.0503,0.6338,3.3581,53.1144,14.5427,0.3434,0.73,85.0002,0.0,0.2203,2.4514,45.4173,1.0878,11.7043,0.2393,0.8131,2.4829,7.4982,1.0107,129.6696,215.4531,15.4468,0.0,19.3265,35.844,1.1521,28.4141,15.201,142.3873,17.3793,0.586,0.4032,17.7206,50.9374,80.5632,28.7404,9.3447,44.5051,53.0756,9.5764,13.2304,19.8561,0.3228,0.5755,18.8932,4.1479,9.8166,0.8274,0.5029,0.0,0.0525,4.6111,51.481,6.5384,14.662,106.9725,3.1133,0.0,75.1526,36.7906,318.1238
1.5741,29.1612,46.1064,12.4643,175.2578,42.141,90.6332,0.1897,39.162,2.1538,27.2006,15.4445,19.2628,17.2888,35.9408,10.46,0.5763,34.2123,9.4086,107.7838,16.5111,15.4469,0.5929,1.6827,13.9712,49.3136,36.6476,71.72,20.329,0.0,7.5035,30.506,13.6581,78.4222,0.0,53.5229,8.2197,42.5265,0.0294,30.2145,14.807,24.6115,29.6054,11.1406,11.0988,0.0304,36.3705,7.3867,53.4053,25.733,9.5315,16.4002,49.5992,6.6047,0.2484,0.6619,0.0,0.0,0.6574,0.0,1.5426,0.0,0.1116,0.1692,0.1522,0.2418,0.2237,0.121,3.9602,91.8959,5.2532,128.358,0.0354,0.0,9.7736,2.361,0.2445,97.8118,373.9263,15.6677,7.0378,136.087,10.063,16.3496,5.4629,14.505,0.0,0.0,0.5567,2.5793,0.2204,0.1102,4.1912,0.0683,129.3403,0.0277,9.5702,1917.587,12.076,70.2615,10.7509,0.5312,99.4293,4.0897,90.8908,26.5805,42.8349,17.8428,54.7008,511.4696,1172.5486,0.5621,20.2989,0.0167,18.8792,11.5964,12.6366,19.993,13.9858,51.4729,0.8807,26.7228,0.3123,70.5194,56.4654,15.2078,43.9635,34.3646,115.3383,586.7755,1.9736,9.703,361.0896,1.1869,11.4313,3.7166,18.7305,8.5711,27.56,97.8341,20.3138,72.2024,17.603,5.192,17.0383,7.9304,45.2644,21.9515,56.5764,8.2739,3.6546,10.5258,60.9215,65.2922,156.4913,7.0115,9.4454,135.7128,42.9455,80.8945,357.93,1.0378,0.0176,50.0088,2.2134,5.5815,0.2606,11.9955,8.2703,3.9198,16.3509,12.6571,7.5521,35.1026,3.2837,12.6416,18.8994,7.0,8.4229,0.0449,11.3398,5.6363,5.832,52.5832,119.0024,5.9195,0.5748,38.3905,5.541,2.6084,5.0804,0.1366,42.8326,42.2946,5.6507,7.0109,0.1415,68.7048,85.2445,13.988,0.5351,34.1505,11.1316,18.8937,133.8361,696.2191,190.5544,31.8094,27.5781,3.264,109.6809,104.4412,8.3102,13.5141,1.7359,16.8602,15.9802,4.224,39.3747,0.2812,91.7989,38.7858,17.1962,26.1102,0.0575,27.3415,0.0389,0.9602,7.5029,3.4929,208.5529,0.7992,0.879,9.8562,14.6559,129.926,2.0985,1.383,195.339,47.1171,62.1821,21.7737,14.3682,106.3879,768.9435,3.5162,9.0066,33.1951,114.4859,1.7125,10.0368,26.113,24.2002,28.7017,101.3675,20.9731,440.0177,17.2741,49.8723,12.302,5.4763,3.8141,15.9128,131.7561,17.2674,21.0137,0.1596,3.1566,0.7069,4.0643,3.5084,3.2607,6.2099,0.0,0.0361,0.9513,1.0435,1.3309,1.2356,0.0224,0.6703,1.9301,4.1741,0.387,39.9213,99.2313,51.7136,0.0,3.1365,20.7326,0.8136,6.9535,2.4179,24.3274,3.1256,1.5541,0.66,7.8872,33.0226,30.5648,14.3578,10.0372,20.3239,10.7036,5.2258,6.8263,13.8463,0.1714,0.5363,4.5594,5.9554,1.4486,0.3096,0.047,0.0,4.0188,0.1807,24.0345,3.0072,1.4595,43.2161,0.7795,0.0425,77.4189,51.1184,206.4793
6.5296,21.2582,51.9174,14.4328,91.681,66.7366,127.3022,0.5765,46.6077,5.0166,32.0668,53.7583,2.0712,36.3392,38.9379,0.8323,5.067,49.1869,18.5764,40.7922,137.7458,122.8426,9.6792,0.1144,19.348,79.5929,67.4261,77.3505,34.5906,0.0,8.2818,45.3595,24.3911,169.8434,0.0403,184.3926,30.1533,82.6121,0.0809,85.1031,28.7339,48.3896,68.4307,3.3757,17.7193,1.3031,46.1085,21.1564,107.7748,126.4574,31.508,40.0573,64.8391,10.1361,7.8315,1.176,0.0,0.0,0.8729,0.0,5.3333,0.3206,0.3443,0.1304,0.5078,0.227,2.0088,0.5127,20.7843,22.4439,8.819,86.7475,0.5556,0.0973,10.4702,0.2737,0.3466,1446.4748,178.6906,5.6104,3.7515,135.4786,16.7812,69.6606,16.1232,19.2217,3.8763,0.0,0.0546,14.0518,1.3977,2.9977,3.9316,2.0337,159.1398,0.0748,8.2794,1174.8094,19.0334,87.2227,18.5722,1.5949,101.7591,6.3252,63.8097,100.4053,233.5668,31.2248,42.2845,450.3518,969.4739,0.5517,22.8922,0.0327,32.688,16.9502,3.1528,10.7087,254.1334,29.6838,0.9294,29.6264,0.3864,365.5771,121.5146,91.9012,107.4733,58.4533,212.8922,302.7573,3.2872,19.8756,429.8877,6.0655,6.1276,29.3936,77.2048,40.8772,171.0309,458.0729,135.1976,241.2386,31.7607,6.4471,39.9393,8.5458,34.2461,10.0997,144.3393,41.2832,10.5259,13.8617,527.4076,1095.0629,229.8735,8.1071,6.2365,89.5334,54.7573,84.505,200.8143,5.3008,0.5175,85.0683,1.21,8.2799,0.4184,25.0244,26.3062,22.7783,22.4901,122.5098,14.988,9.6873,4.432,11.5156,24.921,3.6644,10.2881,0.0735,19.2446,3.279,4.2836,40.2739,63.194,23.5954,1.7908,68.0292,8.9514,15.3452,2.5615,0.6701,123.1058,56.3755,9.867,14.4468,0.3293,65.5595,85.2224,29.5869,2.2636,27.9613,84.9568,29.0435,135.7405,435.5608,106.4028,79.9469,11.4653,14.6054,83.3189,127.5747,5.0598,33.5313,5.8494,12.0409,380.0723,1.6966,105.1915,0.4305,252.1835,30.2728,39.4246,39.6813,0.1128,38.797,10.7025,2.624,13.613,8.9208,199.8235,48.3057,10.1756,16.624,16.3921,86.6267,5.3039,2.8625,246.9549,89.9453,22.4493,32.7294,13.4605,50.7336,334.5162,1.263,13.1736,38.1316,159.1473,18.1228,19.9318,48.5607,77.2953,65.5439,110.9374,39.8556,423.766,14.6974,46.2925,19.8343,9.7475,6.1045,93.339,238.1472,50.4012,25.5252,0.094,20.4486,3.9842,34.0085,2.8691,0.0168,58.9992,0.0,0.3185,1.6045,1.5681,2.5816,11.0264,0.0549,3.0122,1.9044,14.3261,1.5906,67.6742,106.2358,75.8254,0.0161,22.2264,26.6683,8.1728,41.2956,8.6488,49.8383,18.1288,13.9517,0.7448,8.819,21.9854,45.1757,24.6499,9.3605,22.3499,13.3763,5.9794,6.8416,37.812,4.2045,0.8108,17.7682,10.829,6.3527,2.2406,0.2078,0.1822,0.573,0.1773,14.3677,3.7776,4.2279,71.2979,4.7074,0.0417,55.951,37.7476,217.0146
10.7937,25.265,98.7276,11.3361,219.9767,49.8298,0.063,1.3363,0.836,5.6026,63.4606,58.1787,20.3522,25.3897,9.7445,10.2889,3.4989,72.2603,13.1394,36.5651,62.9182,48.7845,2.5667,7.7506,22.6059,52.263,119.0198,30.023,2.8324,0.0,3.2708,39.2225,12.1434,138.5784,0.0108,224.3384,7.2336,46.54,0.0435,103.1862,26.2739,308.9967,39.1454,6.8544,25.3498,10.3401,30.7623,73.4732,142.5804,101.5599,25.0718,47.5073,34.7073,31.4107,1.0155,3.1904,0.0,0.0,0.4216,0.0,0.2879,0.1723,0.3532,0.0892,1.3969,11.2118,0.0669,0.0812,10.7562,165.9914,32.7231,92.5632,0.4106,0.2091,14.4181,0.0196,0.1146,312.6508,318.8637,2.9775,4.4881,111.4511,31.5117,44.0952,54.521,16.7125,0.133,0.0,0.0881,12.7021,4.3824,3.8775,5.4854,19.5928,145.7665,0.0146,20.5386,1111.632,36.9074,251.8333,36.0457,0.5018,276.6042,6.0715,79.9603,27.8964,15.2325,28.1345,69.1223,653.405,2762.4192,0.2412,64.5223,0.0176,11.2595,21.7425,0.9038,3.824,47.0669,209.8582,0.1718,52.2181,6.1156,105.0401,184.8721,93.3403,106.2083,45.9211,400.2882,1289.2714,2.6832,55.7673,205.0429,5.8587,70.5198,15.4718,133.3838,48.2146,60.892,782.7104,176.2845,511.5501,33.2562,3.1976,54.753,5.9296,35.223,15.1874,63.3646,24.1345,2.7147,20.8878,859.315,423.9297,78.0739,14.0715,11.2193,39.1102,28.8603,56.4419,285.5656,7.3653,1.9654,118.0872,0.7522,11.5327,0.4248,52.4645,42.3765,13.2169,31.906,54.0379,10.6936,21.1222,25.4344,19.2861,13.9098,1.0924,17.2009,0.0474,39.726,5.763,36.7426,51.4999,67.9737,8.788,4.0775,79.0584,2.7338,7.5763,3.2039,1.4647,127.1336,50.8423,8.9457,10.2652,0.4765,54.3588,77.6659,12.3686,2.6088,16.8967,58.8078,24.4424,99.9786,346.4697,165.5236,60.5236,7.5377,12.8677,51.232,89.0816,2.6982,30.6623,24.3351,40.3645,77.2312,2.1924,52.8182,0.9493,107.5881,57.7506,39.6988,80.0796,0.394,116.6462,0.123,0.1247,17.6476,13.7625,503.3785,8.5886,29.2949,32.5789,27.7638,29.3476,8.0302,2.2298,194.9059,156.0357,13.7101,26.6438,19.8912,22.5487,275.4583,2.5941,11.6436,52.3865,292.8515,5.2579,37.558,14.3953,40.0207,45.1657,90.4455,38.6165,888.4658,6.2322,30.4675,10.144,4.7102,5.1574,30.6062,115.3512,12.1023,21.1337,0.2021,1.4966,5.3727,91.566,17.3665,6.9697,138.4368,0.0,0.2283,12.0733,5.573,1.8984,9.2258,0.0118,0.4031,5.6657,6.7093,3.3843,30.083,115.8396,15.9779,0.0,29.4713,17.5425,9.7685,17.475,3.6327,66.2758,27.266,6.8612,1.1836,23.8567,13.565,59.3102,8.8852,16.4555,29.3197,14.39,11.5886,12.6635,18.1053,0.5002,0.8105,7.2252,7.1933,6.1604,0.2858,0.1489,0.0979,3.5148,21.9704,16.3065,2.4142,2.0405,78.3907,7.6221,0.224,97.5252,59.5783,418.4264
6.5709,16.0,44.6148,8.4872,81.9814,95.7138,1.7502,0.5469,9.8678,4.799,24.9287,48.6676,22.9118,19.4012,32.6767,0.6401,3.8093,14.0926,12.5491,22.5615,72.1995,66.5726,12.9093,0.9589,30.1462,66.8984,63.3845,74.5031,18.9083,0.0,7.1291,40.1988,16.1405,184.5393,0.0807,141.2388,39.0906,45.9668,0.5093,90.5696,22.7838,53.9132,22.0921,3.5424,14.0707,3.0221,70.4372,35.5889,158.9376,78.3402,57.5846,26.2086,66.9814,20.2918,6.1831,2.7253,0.0,0.0,0.0092,0.0,12.3612,0.0779,1.1059,0.3974,0.1306,0.1578,2.3753,1.1285,17.9213,57.0719,11.7711,116.1795,80.1268,0.1102,13.2891,2.2464,0.4856,567.0801,412.5649,8.9706,8.4433,9.3221,24.1707,42.1032,16.1793,21.8155,1.0816,0.0,0.199,12.3921,1.6972,2.9359,6.9708,0.1813,119.7066,0.0198,9.509,1019.8274,21.3355,124.3628,14.9624,6.184,87.6715,8.9411,32.1986,38.1434,36.3544,42.0758,12.2446,606.6991,1886.3844,1.1036,11.6424,0.0,10.9711,21.9265,3.9203,2.6185,14.2463,23.5791,3.4028,41.4262,0.8445,77.1022,44.6288,54.9893,114.3478,61.5808,313.6593,127.9577,35.3075,24.0994,377.1348,16.6571,4.2545,23.9755,47.5876,31.4944,97.212,189.4589,91.955,46.5035,44.5391,4.8944,30.479,11.3529,36.9487,11.9623,112.1397,23.0838,6.7643,14.7741,7.8814,342.7674,135.672,8.2635,12.4692,18.3669,55.0122,51.2123,288.7423,2.1418,0.4021,49.1861,0.5841,9.5694,0.5081,25.4767,15.9253,23.5904,16.6032,95.6407,15.548,7.1721,4.4672,18.909,23.1235,8.0947,24.9182,0.0642,43.8907,9.4113,3.8818,32.5137,59.0715,14.8131,3.5752,71.7037,5.4246,7.8112,8.6257,0.3255,86.953,71.4337,7.7602,26.0018,1.4345,75.6006,50.7779,22.1709,2.6779,25.4508,10.7098,40.0432,75.3258,354.6586,118.276,19.5156,5.6106,18.8412,61.2593,74.1913,5.0019,42.2276,6.8336,21.7295,120.0962,6.1322,58.8159,1.6004,101.8963,44.7124,25.8076,73.0563,2.5884,17.6351,8.969,6.3055,7.1266,2.9841,38.5149,68.7807,8.8218,18.8034,22.302,94.6292,7.2756,1.5544,155.2356,103.6728,24.9079,33.9349,21.9928,26.9462,357.6638,8.0734,14.0932,13.6602,99.5375,4.2581,23.2854,24.8208,123.5162,43.9935,87.6314,44.7267,594.8047,26.0476,25.0087,15.9843,6.6176,6.9434,41.3952,145.5283,12.1768,27.8443,0.6619,7.9245,6.4923,13.4243,0.3538,0.8666,27.3252,0.0,0.593,1.4453,4.0336,0.9069,5.7007,0.216,8.0081,0.33,13.9088,2.2135,43.2904,147.1828,6.1719,0.0,13.7031,27.2117,24.6531,41.4171,13.1637,31.1563,13.7953,12.0989,7.621,29.6807,35.2693,37.6236,20.9281,12.5483,17.1647,16.0905,9.158,11.9577,39.2765,1.838,1.0986,10.7138,8.2681,7.6708,3.4309,0.1682,0.0,2.8488,1.2178,7.1208,2.7491,1.7602,36.0002,3.3796,0.0304,63.9529,64.227,346.8985
4.25,59.859,60.4156,1.553,202.3613,65.0182,138.6686,0.6515,92.6024,0.6585,46.3069,18.3624,13.2916,57.9024,34.933,49.5676,1.4949,33.7209,14.9523,75.4058,7.8529,4.626,0.1192,9.7656,16.7815,39.8702,113.8002,10.9633,5.4315,0.0,1.2666,31.2121,27.6507,142.2989,0.0066,77.5814,6.8883,36.1957,0.0,114.7448,12.7319,49.7602,54.9311,6.3934,17.9362,0.0589,83.7692,21.4404,134.5459,40.8191,16.0807,20.1091,8.6948,2.7691,0.2204,0.2872,0.0,0.0158,0.0333,0.0413,0.222,0.4918,0.0617,0.0234,0.0982,0.0068,0.0217,0.0248,1.0698,215.4456,5.6731,181.9374,1.3242,0.3126,10.2169,0.06,0.2279,5.2506,403.2126,1.5286,2.5105,140.7841,23.5304,45.835,6.2837,12.9761,0.0,0.0739,0.3592,5.0003,0.2626,0.0775,5.7591,0.0661,88.9415,0.0,9.7619,3369.9896,23.3245,171.9623,35.0669,0.046,147.7234,8.0765,138.5155,59.8378,13.4836,18.8157,64.7417,974.6475,1630.177,0.0799,44.7661,0.0,8.1833,10.2591,2.7915,1.7119,14.282,81.6404,0.0506,29.4734,1.165,158.5059,21.5266,48.9618,43.4234,20.5002,293.8008,1172.4308,0.6995,24.9981,333.4162,0.4624,26.424,2.0857,46.986,18.5144,31.32,167.1267,39.1546,185.5539,27.8679,3.9141,76.6696,5.9987,42.3125,17.4426,20.8138,7.3162,1.1301,19.0972,34.2956,29.4169,27.2712,16.2751,20.4078,216.9597,19.6362,56.956,196.0124,4.7026,0.0,66.2159,0.2779,0.9026,0.1528,10.7561,5.3486,0.3867,28.9276,2.7618,9.6221,1.6675,5.5462,8.9072,10.6501,0.5461,8.1029,0.0966,17.4149,11.6148,4.946,46.6272,127.8398,3.83,1.2794,67.2694,0.209,3.8793,0.2619,0.0,55.8048,31.667,10.1331,15.9827,0.0737,96.8519,80.8264,9.2296,1.6478,25.0583,2.094,56.3922,83.3825,494.2656,139.4577,15.342,39.1459,10.1242,62.7244,81.1422,14.0633,10.9808,0.2429,27.9441,8.8751,0.8148,52.0343,0.0726,50.7426,40.8139,73.9979,39.6969,0.0556,21.2414,0.0,0.0286,8.7249,10.1341,600.8215,0.5962,12.2564,17.4079,32.2168,16.9224,2.5313,4.2628,190.4073,73.6997,7.801,21.5417,9.1394,68.9356,388.4076,3.0892,15.7159,19.3987,138.7935,1.1874,1.7479,132.7682,19.9547,25.5586,103.8881,48.9618,433.8293,8.0916,50.4585,9.1048,1.3105,14.2928,31.6101,76.3749,12.1903,25.2597,0.0206,0.206,3.8123,1.3948,0.1741,4.4941,31.1203,0.0,0.2559,3.6442,1.052,2.3383,6.6267,0.0505,0.3314,2.1116,5.3296,2.1821,56.2558,140.8303,2.2893,0.0106,4.2945,23.517,0.4867,7.0626,5.6998,199.6209,5.8173,7.514,1.384,17.7773,25.4619,29.2197,11.1235,8.5969,34.5013,8.0391,5.2799,10.5565,11.6341,0.0737,0.6079,8.1357,7.5629,4.498,0.1498,0.0455,0.1198,0.3103,0.7493,18.6898,2.1963,6.5011,39.7087,7.6536,0.0548,109.6639,30.6406,190.1061
7.8604,45.6163,86.2572,6.7272,246.0596,103.6607,176.7562,0.8319,73.8794,2.3176,26.9143,30.3485,6.2958,32.8205,28.0007,7.8439,1.5872,24.9502,7.8228,68.5805,22.041,22.607,1.7141,0.3857,27.5597,47.5277,67.9662,39.095,5.5682,0.0,3.3433,27.6191,12.0143,198.6828,0.0809,84.4745,6.7546,71.2713,0.0754,56.6229,22.7019,72.732,34.911,12.787,16.1721,0.649,36.935,20.585,92.9934,69.6482,18.1779,28.3257,41.3689,13.0039,12.4494,1.6413,0.0,0.0241,0.0,0.441,1.5079,0.0536,0.1571,0.2261,0.2399,0.1864,0.3232,0.0542,3.6878,190.9136,23.8039,177.6455,1.3246,0.0434,12.1975,1.0438,0.2409,32.9989,333.6553,4.8097,5.103,63.6513,23.3321,50.1395,2.4992,19.1728,0.0828,0.0,0.1371,4.0486,0.2672,0.7399,4.7358,0.2354,104.8471,0.3413,18.2367,2380.7401,25.2166,199.7249,23.8234,0.6326,83.247,7.9103,97.7983,29.3935,22.7743,31.9524,53.0455,397.1693,975.9515,0.2253,18.9742,0.0,22.7756,15.3115,5.7809,4.5647,9.0145,120.8981,0.2733,44.1881,0.2407,40.8484,40.9638,33.9473,74.6561,43.3509,349.633,715.1157,2.9436,25.7145,290.3914,2.7795,20.8548,5.7268,53.9349,10.0818,33.4058,474.9495,53.2231,126.8243,23.3289,7.1803,26.3432,13.2967,38.9647,21.8786,13.664,37.3027,3.3018,15.0417,74.1936,108.2744,59.2752,9.6918,9.1614,50.0618,53.2635,67.6011,291.6795,5.739,14.5957,67.6253,0.3951,3.495,0.0933,9.1192,7.6508,4.2602,38.7676,21.1253,9.1109,6.9026,6.9522,27.8683,11.9063,4.1687,14.2875,0.1033,17.2649,4.7208,13.6752,51.6958,66.6158,14.807,2.3921,46.1053,1.1756,1.8811,4.0119,0.4708,55.1356,47.1849,9.8965,12.1455,0.2823,64.0385,94.7648,26.0867,3.1979,14.2984,22.5961,18.2568,91.9743,481.6043,78.5794,5.8946,17.6334,17.6989,82.5699,104.397,8.5247,10.6787,15.7809,19.9467,27.7877,7.9534,74.9087,4.842,47.6549,24.9772,38.8421,46.0269,0.3113,13.5097,0.1467,0.0728,19.0357,6.2371,125.0712,1.8451,7.0071,16.1501,18.186,46.5573,2.922,4.7116,305.2109,86.2353,24.608,16.4798,15.3129,29.5766,352.5086,2.6412,8.5782,17.5966,61.6035,3.1221,18.8989,23.6688,19.9917,63.3898,102.4118,40.4689,456.4507,14.0383,69.4519,11.4384,4.7444,7.7017,14.3187,100.5988,4.1359,23.6281,0.4088,0.7512,1.3747,21.1041,0.9748,2.1189,19.6558,0.0,0.071,1.2299,1.2207,2.0189,19.9682,0.0661,0.7775,0.6303,4.1983,0.5028,48.6608,131.4344,6.8861,0.0323,10.6702,23.4344,1.9234,13.6773,3.3922,37.773,5.1118,4.1012,0.8452,15.7967,30.3019,76.6372,8.9803,17.1005,25.0364,32.0844,10.164,11.4958,20.8628,0.332,0.8282,6.4608,7.5426,3.8796,0.9911,0.1622,0.1829,2.3008,11.3891,15.8456,3.5878,4.2439,48.0337,13.3979,0.0,58.0593,61.9683,193.0004
2.9347,22.8552,94.0465,18.3923,174.3423,63.3393,53.6541,0.4257,48.4678,1.0094,49.5229,31.2052,14.3871,173.0663,10.286,3.9298,0.4399,27.1002,15.0144,46.1216,80.7049,80.9292,6.1685,37.4803,35.7995,64.3128,101.7947,8.6683,3.9716,0.0,0.3774,19.0095,32.068,212.3151,0.0154,129.2107,8.7068,24.38,0.0264,58.5228,19.011,81.9746,12.9005,13.734,14.3312,4.3067,108.165,48.4633,141.2658,118.0509,38.1524,26.3582,16.7307,14.9778,20.847,0.8366,0.0,0.0,0.0289,0.0,0.3906,0.0,0.0358,0.1446,0.444,0.5976,7.9545,0.0535,3.0137,222.4736,105.0077,131.7859,0.1588,0.4778,10.3208,0.2225,0.061,74.9743,91.4216,0.9786,1.262,80.4632,30.2668,41.3383,3.6732,27.1334,0.0943,0.2142,0.0625,8.3217,1.5728,8.6906,3.1226,92.9768,140.8285,0.0052,28.587,2435.2043,30.3257,243.1767,36.7552,0.3321,194.4869,22.6468,80.6955,42.9824,6.77,27.6457,70.739,1115.2737,2026.8132,0.1354,60.6171,0.0125,7.5693,12.135,0.6409,0.2236,23.8428,358.9626,0.8348,160.6717,0.6297,57.3005,85.8907,73.6582,59.0482,63.4378,102.5082,1105.1487,4.5642,41.8846,290.4389,3.5513,42.3241,12.6409,54.9882,45.3846,38.9823,348.8043,93.4739,407.2027,29.4479,8.933,68.5246,13.2837,34.0443,20.1751,99.7583,38.9529,1.1647,11.0595,45.5129,65.359,2.8721,15.2101,12.7635,80.3466,56.5823,34.1209,173.9513,7.0929,1.2885,100.9013,0.2222,4.2831,1.9315,15.0341,13.9523,5.0283,19.4364,31.6383,27.7502,7.0254,8.5937,28.4724,6.3107,1.1173,25.8762,0.0112,14.3395,11.8486,35.8763,21.4608,84.7237,52.2154,3.203,64.6113,4.9229,1.475,0.6962,0.0681,146.7698,64.4109,16.6266,10.3468,1.8265,59.1223,53.9108,17.3715,7.1641,33.6344,7.448,36.1494,40.8685,547.627,36.2429,149.7176,27.831,18.6295,114.0103,113.8579,2.8359,16.194,9.8716,44.1197,154.4032,6.4615,61.1006,0.3366,92.7025,69.368,69.2497,52.9397,0.0645,72.336,0.4215,3.503,3.8667,11.0536,241.9745,6.2956,34.9947,26.7159,22.7004,10.7736,3.8751,2.7737,88.9287,176.0769,15.8362,11.5711,18.7218,28.2154,379.0927,1.9713,13.1913,61.4721,56.8983,3.4894,8.2166,48.1131,15.6879,55.5651,85.4396,54.0112,468.1196,6.3316,26.9855,31.6676,1.1155,13.3832,10.8172,82.9982,6.0823,21.1834,0.4298,1.1408,7.1449,46.1616,0.5047,2.0177,128.2898,0.0581,2.4818,6.5376,1.1953,17.2802,41.4899,0.1005,0.0843,3.9312,16.5074,4.2331,81.0409,354.3977,2.1194,0.0,13.4772,18.8162,2.5228,28.0294,2.8422,105.9001,37.1245,2.7555,0.8887,47.617,53.0114,146.02,16.8809,18.5839,30.9769,33.6844,5.1899,13.4394,25.7732,0.2649,0.5747,14.4816,17.4893,6.4339,0.3474,0.4223,0.0,0.7708,1.7374,12.0563,3.4006,3.2622,47.087,4.6422,0.0318,49.5135,86.55,459.97
1.9826,144.2983,115.3329,5.4442,616.3817,151.628,193.649,0.6044,73.3849,3.4919,43.4999,102.9587,17.361,46.9145,45.0207,17.4287,1.8244,17.7511,16.5728,141.6751,45.2006,33.1932,0.1327,0.5522,29.2717,105.2602,109.4094,13.483,1.1108,0.0,0.4925,47.0392,28.7709,311.1137,0.0068,301.5824,3.2337,53.2051,0.039,46.5418,48.1633,139.9722,115.4103,49.2753,31.0396,0.504,56.1577,49.3703,91.3472,113.2425,42.8705,36.3706,20.6843,50.7627,9.2218,1.5433,0.0,0.0648,0.0513,0.0,1.4867,0.0361,0.0317,0.2163,0.0908,0.1045,0.2694,0.0255,8.8558,167.9438,20.2046,206.4612,0.3284,0.1241,17.5096,0.0493,0.2341,45.9589,168.985,1.0379,3.1253,48.1413,31.264,48.3924,10.2267,45.752,0.0,0.038,0.2214,9.8436,0.1798,2.1578,20.043,0.2877,144.3432,0.0551,35.3117,1153.6234,52.5233,317.9616,57.1354,0.3258,206.3648,13.2959,114.234,29.2128,2.6725,33.798,136.8243,1095.9819,1541.4449,0.24,17.8609,0.011,25.7379,18.1723,2.3569,0.6441,25.4789,56.5337,0.5478,117.5511,5.58,113.8735,45.8056,51.7798,64.9138,36.0412,210.6929,1037.3455,5.2425,43.2956,599.7784,2.4198,32.7492,7.3527,53.3391,37.2313,94.492,178.7816,38.6023,65.4736,35.9296,15.6091,46.6572,28.4926,59.1767,24.0803,54.4269,17.388,1.7847,32.5861,3.4846,104.3405,3.5106,30.3469,21.8622,27.618,45.1376,43.3616,179.6856,4.7847,0.1864,81.5868,0.1576,10.4786,0.4554,30.5236,8.5511,3.9675,50.059,32.5491,16.6952,32.7102,9.8282,41.1625,6.8794,0.9769,28.1138,0.0993,43.6637,1.6287,19.2706,38.2838,159.2271,6.2609,1.5717,96.3352,3.8088,2.6511,0.4917,0.0453,108.4749,96.3081,18.3161,17.5545,0.861,99.8367,104.4123,21.1864,1.3651,51.084,5.6074,36.9179,156.5201,594.463,29.3962,38.4502,55.4269,29.4986,157.017,130.8488,5.4218,21.6563,4.6029,124.3624,5.6843,4.698,64.2218,0.3206,63.1502,38.3431,36.5243,64.9866,0.0381,24.7464,0.0343,0.0588,2.4001,15.5621,206.1839,10.1484,7.111,22.2466,26.5055,13.9696,5.3436,12.7348,71.6001,92.6328,26.5633,32.0764,23.102,52.7409,819.3015,44.3844,22.1176,28.2806,98.2866,0.6439,6.9381,27.6262,17.352,135.7147,113.3699,76.5469,620.3919,9.0922,47.7591,15.6301,8.2831,6.7088,30.1828,114.3749,8.4674,62.345,0.1058,4.5025,6.452,29.2212,0.4473,4.2552,37.8059,0.0,0.1195,0.3941,0.3243,5.0535,9.4064,0.0964,0.0706,2.1209,5.8981,0.1413,101.6989,142.8591,2.0713,0.0,16.8514,27.746,1.4513,21.9623,3.1293,111.0218,10.4264,23.3638,1.5532,21.5849,23.3166,80.4103,12.1504,13.0935,44.6892,41.0001,7.7244,15.2558,30.8967,0.2916,0.4036,13.0129,5.3515,3.5411,0.6926,0.2027,0.0,26.6409,4.8758,27.8249,9.3157,22.9991,67.3728,4.4518,3.3213,158.275,80.6521,398.4027
2.0454,21.3851,59.8038,32.898,572.6327,60.1933,0.5396,0.5105,107.8352,1.9752,60.9774,30.2467,19.6524,57.2924,12.8281,63.9689,1.2755,51.9903,13.4199,32.2153,65.2001,73.4619,0.1285,24.1213,21.6627,106.018,90.5403,3.4278,0.5684,0.0,0.1435,56.4969,16.8527,111.3585,0.0,95.9896,5.2766,55.7942,0.0061,98.1741,29.2284,111.5335,28.8929,6.2291,15.1462,0.1585,1409.2303,27.8517,117.4257,59.7438,53.0032,16.4271,34.6677,3.9006,0.7285,0.2142,0.0,0.0,0.1479,0.0,0.9033,0.0,0.0,0.126,1.1268,2.291,0.0389,0.0172,2.1143,289.769,19.4009,107.99,0.0369,1.5043,27.0417,0.0388,0.0283,91.3488,56.9382,0.2471,0.7937,140.4555,23.3395,24.6078,8.4486,9.0858,0.0,0.0597,0.2612,6.5229,0.6188,3.8328,10.8559,4.6625,93.8225,0.0,22.2686,2443.5514,20.0181,175.6418,13.5347,0.1405,246.0838,2.9618,139.2487,37.2345,1.3084,32.1386,46.7263,1546.5752,2200.5063,0.1689,77.7906,0.0,5.4925,8.925,0.0447,3.0785,5.4014,917.7729,0.1132,87.7209,0.184,409.8094,128.9206,198.4299,100.7406,34.6902,197.7568,1622.6689,0.7971,19.0342,262.9313,1.9849,531.3044,8.195,115.3091,50.5551,38.5799,2464.398,123.6477,2224.4249,19.5809,2.9128,66.0377,4.7123,28.5285,6.5289,43.0354,23.0764,0.7441,8.9628,3338.4084,667.5759,141.1963,8.5082,8.8204,48.2797,50.3095,29.503,169.886,3.468,0.0367,56.6011,0.1394,7.2338,0.0988,58.3658,27.9924,1.1739,15.7803,24.7467,15.4335,23.5872,10.3284,30.2612,32.5018,0.1869,14.1925,0.0156,38.9585,5.4192,38.3499,38.1172,94.6721,126.5717,2.652,97.122,0.8178,3.225,0.2189,0.0,76.449,40.3672,7.9841,14.0001,0.1021,88.7385,50.6967,17.3239,0.7877,29.2081,39.5083,28.6486,67.6909,427.9077,61.1634,10.5638,18.8751,12.1155,82.5392,115.8853,4.6279,31.7704,0.2399,55.9509,213.9994,0.358,53.7742,3.6008,64.5457,39.9168,55.4498,42.5777,0.4195,33.2895,0.0135,0.0462,40.3463,6.2358,1461.8087,6.0156,16.5153,18.2322,31.2727,4.3474,2.9934,0.995,58.6157,63.6766,9.0509,20.4755,18.5581,43.2862,425.9815,4.034,11.6289,74.6559,181.0098,1.8524,8.2276,27.7257,86.6742,57.1445,80.5021,29.3447,907.4071,1.9273,17.7528,25.5197,3.1546,6.1691,109.5254,91.1834,32.5581,20.3787,0.0,0.4253,31.1839,22.2498,6.2849,52.5332,97.4159,0.0,0.0,4.6806,17.9203,2.4434,17.2925,2.3922,0.1437,0.4047,10.3086,3.4212,43.7599,155.9714,116.1876,0.0171,44.1913,26.5824,1.5733,19.624,2.2702,124.1597,11.867,11.3034,0.0688,17.4677,12.241,29.7857,11.0868,5.8758,27.3441,7.4444,10.2027,11.5859,11.3322,0.1013,0.3174,9.2748,9.6731,7.175,0.1614,0.0491,0.0,0.0,15.8235,9.8283,1.3564,2.1637,45.0637,1.1775,0.0,69.386,67.7467,254.8726
3.9704,21.1868,96.0219,11.6431,47.1432,131.5454,0.7174,0.7293,1.8992,18.501,25.3608,19.8199,5.2021,19.9802,19.9925,14.2583,1.8052,8.065,11.4547,134.0509,46.1115,42.4753,1.3698,1.1768,16.3849,70.4154,82.601,8.1859,7.23,0.0,1.072,20.7134,24.2165,145.0803,1.4378,76.1162,13.2415,64.7626,0.1848,73.3577,58.3513,62.1718,67.6461,16.3367,29.8818,0.3005,2.8951,34.7256,19.6617,29.665,21.2157,24.1583,18.2539,1.4369,1.3179,18.3592,0.2238,136.4201,0.0,0.2975,0.7244,8.389,0.1112,0.4215,0.1681,2.677,2.1309,0.0416,80.8981,117.4349,28.6795,151.7781,0.3292,0.0704,3.7806,0.5945,0.1422,68.113,73.2984,4.845,0.5812,11.1476,84.3355,37.785,8.3624,23.0744,0.1466,0.0999,0.4854,16.6426,34.3946,19.1107,1.466,1.4515,122.4186,0.2498,8.1046,1183.6749,124.1192,233.3544,54.3107,0.4886,72.1022,3.5015,59.2513,17.3184,1.6324,23.4757,107.6387,2100.7857,2557.5454,0.8032,15.384,0.0097,2.3129,7.031,0.3736,2.9548,1.5259,59.316,1.5361,2.1007,7.6408,7.7642,11.2874,33.8727,62.1452,18.1306,52.8912,89.1138,5.511,46.7389,290.185,6.7442,2.4419,11.8318,28.0391,41.2243,46.9236,14.8197,71.9582,9.4354,17.1221,4.2637,8.2534,13.3697,21.1651,32.832,11.0141,2.7529,3.162,15.7249,6.3632,54.6958,37.7171,65.1244,8.9922,29.076,7.3378,254.2863,118.6854,10.3673,1.3898,88.3984,0.2591,1.8196,0.606,122.2741,8.7608,7.3406,53.7004,27.7402,3.5871,25.4349,3.269,33.2458,18.5475,0.8973,2.903,0.1219,41.9241,1.415,3.4816,8.8969,210.5575,0.8894,0.9858,24.8616,3.955,3.6163,1.9773,4.2213,68.371,52.6468,15.0183,17.7602,0.2373,38.4162,107.1589,8.0536,14.1843,17.2517,0.222,22.7772,207.0912,388.5788,13.7904,169.6479,34.0788,20.3929,122.9005,41.1398,2.1747,14.3871,4.0977,4.0313,13.0486,0.663,20.7758,4.0545,66.2882,16.2849,7.6267,21.6746,1.3364,10.2109,0.3502,0.0773,2.5488,4.8789,345.9187,12.4433,54.0756,7.6357,11.2058,8.043,3.8213,1.8574,16.067,45.8871,14.3939,27.9784,8.4668,59.8123,539.9974,18.5903,14.2415,2.2033,27.4618,0.6093,8.3399,32.0572,12.2652,45.2694,105.1474,36.8866,974.4609,3.3745,29.118,10.5902,4.9427,3.9262,8.0834,37.3084,5.4149,29.1502,0.4454,0.1959,52.7187,1.9796,5.1255,0.9628,0.3805,1.9191,0.9645,2.1949,1.4788,1.4241,13.6149,1.0866,1.2201,1.3661,121.9767,5.5237,29.3514,183.6234,0.6312,0.372,75.603,21.197,47.1886,3.8406,6.8156,14.8626,23.7285,58.8176,9.497,46.7787,1.9399,73.1429,9.1978,11.1336,28.8195,7.4263,6.335,4.201,2.6641,3.092,39.6432,10.5649,4.3784,5.7901,8.392,3.966,1.3761,21.7873,1.1253,67.3649,7.055,1.2473,126.7775,2.3066,45.2241,57.1648,49.9786,108.8128
10.5969,38.0444,99.7612,25.8508,26.1881,75.5553,57.9417,0.8133,26.7042,4.9099,51.9707,28.126,42.7519,52.2098,20.1029,2.4634,2.0174,10.2503,10.5064,116.0607,166.999,131.6298,2.8556,0.5321,36.3897,116.4928,46.0004,20.0335,4.3779,0.0,4.3281,31.6513,23.2278,99.8794,0.3066,57.1346,43.6231,50.1853,0.0576,57.7813,31.0474,62.0982,60.8957,15.3199,27.4954,1.1487,24.3419,42.1197,121.0659,53.368,22.9929,39.141,43.8328,27.5608,0.8717,3.1862,0.0248,0.2265,0.1195,0.1318,5.9105,0.028,5.7248,1.556,0.2979,1.944,0.847,0.3031,7.836,68.26,33.4276,67.1619,0.4192,0.0851,12.9571,0.4597,0.2939,169.7031,97.5555,6.7228,1.2845,179.951,30.2789,63.8042,33.4827,21.1907,0.2165,0.0885,0.1147,11.8519,5.8081,7.8468,2.6294,9.2253,82.1374,0.1928,12.8835,651.0537,23.3292,158.7667,35.2011,1.7151,86.1957,7.7766,66.6683,40.5391,33.4543,18.3198,48.9097,1291.8189,1731.2426,0.7215,21.6892,0.0172,4.6125,5.548,1.8093,20.7702,105.1624,50.6774,0.7022,28.9676,1.1889,36.4508,63.7575,88.6861,35.7826,36.684,171.0572,521.3083,5.8205,42.271,255.2094,3.8912,16.7111,21.032,97.5992,63.2305,50.4266,75.1893,161.2094,24.9141,38.8513,3.7404,23.4097,2.7193,21.4572,13.2767,28.1614,85.7136,6.1988,9.6195,140.2946,113.1852,70.8741,11.6709,10.2688,30.7219,26.8313,85.7545,150.2047,2.916,1.9013,55.3678,0.6198,13.6695,0.0732,46.0158,26.209,31.8885,29.176,76.9752,9.7021,14.7945,46.1852,15.1771,13.5587,5.483,13.1755,0.0926,25.0365,6.1937,16.2406,29.0313,70.7895,2.5524,7.5865,33.9296,14.5697,7.8407,5.9043,21.983,55.8896,84.0508,9.1561,11.2166,0.4009,32.6688,66.0969,32.109,12.1872,21.1784,38.3749,26.6839,71.5105,369.3528,56.7337,66.2976,14.296,13.2398,59.357,57.3012,2.9318,34.6883,6.5176,16.3419,112.7393,2.1221,62.1886,0.9908,62.0705,19.689,24.3376,43.3736,0.9324,28.4197,1.2643,9.4051,42.0517,10.0731,17.0774,19.5534,31.6522,22.6399,15.8266,44.0247,5.0037,5.8483,181.7867,78.926,16.3816,29.8859,34.9164,49.3684,288.4698,4.7865,21.0454,9.2339,119.0791,5.7799,4.4075,27.0477,59.0257,101.2732,171.0422,42.9522,751.0597,16.6837,44.1523,20.5958,6.9704,8.5005,24.9434,110.4246,16.1746,25.623,1.0853,3.6356,2.5954,10.5233,2.6181,0.0352,0.7605,0.02,2.0991,3.9353,5.4592,3.7304,6.7622,0.3516,0.9422,3.9498,48.6369,4.2843,32.6637,101.2231,2.2232,1.6056,21.7359,23.2295,15.1857,19.6537,14.2768,46.5876,217.4141,58.1498,3.8926,37.706,12.7904,34.6479,32.426,12.9255,43.8561,14.2575,3.5738,13.5002,20.0747,2.7071,4.1291,12.511,9.2808,13.4079,2.4518,0.0363,0.0956,0.1769,0.2659,43.598,2.7415,3.4873,42.3703,5.6521,0.2406,27.0496,46.2621,188.4012
9.4843,35.5047,70.5523,21.7792,349.1485,100.2335,250.7525,0.7762,16.1125,4.9294,47.3992,38.6712,3.0704,41.7659,41.2755,19.4453,1.4173,12.4353,16.004,87.5677,241.9358,293.6742,0.286,4.5208,14.4915,48.3519,58.8681,140.3939,24.9122,0.0,10.4055,28.4271,11.2596,125.5898,0.0,129.4087,12.0322,111.8419,0.0,62.5471,29.6753,52.813,176.724,8.0161,24.5122,0.0276,30.6917,18.5561,62.3867,17.2403,27.5648,18.1721,77.8053,1.1424,6.3724,1.6854,0.0,0.0,70.0659,0.0,8.9987,0.1973,0.13,0.3832,0.0138,0.181,0.179,0.0847,10.5873,0.6503,2.7079,92.6184,0.0321,0.0698,10.9368,0.9601,0.2954,1736.7502,51.3423,8.3811,2.0998,73.6589,21.4258,40.4873,28.9189,35.4558,0.0,0.0,0.2017,11.5756,1.6131,1.5245,6.3815,8.8932,181.4486,0.0251,11.9325,1155.0996,30.9505,117.4988,24.9002,1.2354,158.6453,4.2686,198.4247,59.0792,34.3003,25.2385,92.8241,779.241,2466.9647,0.1295,37.5723,0.0,21.9406,18.8959,6.0934,72.9999,71.7437,165.4573,0.4536,53.8448,1.3039,214.1076,94.0703,106.272,99.0271,54.8721,269.4882,191.678,1.1711,16.3443,780.3933,4.714,138.0098,24.1153,4.1618,68.5432,110.5254,468.1735,86.3941,678.4907,30.5292,6.1734,24.8005,14.0664,52.6778,9.9601,108.5432,2.258,3.801,21.7546,106.8762,333.2858,389.7963,14.5754,15.3675,116.2679,49.3431,107.6373,565.6926,4.9581,1.0351,127.623,0.5384,7.5921,0.0429,13.5855,80.5834,7.4259,26.8318,106.9517,11.4449,16.8135,4.2956,21.1118,26.7363,4.3846,6.8677,0.0136,23.6491,4.0383,3.6389,71.1211,61.066,1.1751,1.367,67.1621,1.2049,8.9331,3.8422,0.1031,77.0154,57.0897,12.1223,26.6527,0.3057,46.3805,100.2649,27.9725,0.6722,24.5876,21.6483,45.9211,150.9401,392.4841,157.7399,26.3952,18.7175,12.7519,120.5738,113.945,4.8547,21.4017,2.6718,19.4897,33.7249,2.2496,99.8904,3.3937,137.4377,21.164,20.8649,58.1358,0.0781,27.0232,0.135,0.9369,2.9642,5.3578,94.4577,2.7153,5.7076,14.3245,15.5777,162.5325,4.0209,5.8274,472.6613,63.1788,39.9929,27.1707,20.6895,67.9954,425.6847,10.4252,7.942,60.1238,125.0415,2.5011,52.5641,27.1201,78.0721,107.488,150.0137,38.7822,1020.8362,63.512,49.3915,23.9486,8.2851,5.0069,48.8743,186.9771,338.4032,34.4827,0.0578,10.7009,2.6603,7.9329,0.652,5.7231,4.275,0.0,0.0,0.3232,0.3841,0.5888,1.3119,0.2231,0.4484,3.3359,8.768,0.4268,27.1205,131.0403,0.5758,0.0149,18.8353,16.8885,1.4609,8.048,5.5099,60.0932,14.6861,1.9643,0.0598,43.5724,18.2492,65.6803,26.2401,10.5434,26.8703,5.6634,8.2808,6.7968,33.7946,0.6884,0.5516,10.0735,7.143,4.8398,0.2104,0.0639,0.0,0.4046,0.0234,87.7883,3.5796,7.7271,43.1692,6.2566,0.0,109.1821,54.7548,37.8795
11.3855,29.3016,93.0723,4.1883,51.0725,77.3617,1.9584,1.2834,6.1866,7.1703,22.6826,77.8278,27.1244,29.2366,23.0369,13.2771,2.2329,5.532,16.6998,66.5725,50.2565,55.5526,3.2985,0.1573,55.7712,72.484,103.7838,67.3186,24.5807,0.0,12.6826,24.0003,28.5903,58.1571,0.459,61.4479,28.5824,75.0983,0.1112,39.5744,31.6595,428.8709,58.6821,19.2483,22.5671,0.3023,3.095,84.957,27.5429,8.7567,29.4341,20.3754,65.6078,0.7469,0.0463,2.1893,0.0,0.1214,0.0,0.0,2.7009,0.9201,1.3313,0.2282,0.4387,0.5956,3.2687,0.0328,30.9341,125.0753,31.2479,99.5195,0.1407,0.0547,9.276,2.2174,0.7561,87.941,20.9619,14.4777,2.1455,15.1037,44.0213,116.1437,2.3184,11.7487,0.1671,0.0569,0.5533,32.6338,5.646,5.4553,0.6238,6.8967,182.4022,0.1653,14.9482,1101.3764,100.8376,96.5208,34.8951,0.9219,103.7828,9.8969,44.1084,27.7428,33.4887,33.2064,54.7535,1834.1738,3809.3245,10.6542,41.483,0.0,5.9658,18.6914,16.6052,4.7174,3.2265,82.8883,1.331,2.5987,2.0917,9.9888,14.7067,37.2255,74.0261,52.4508,30.6646,289.0439,61.6974,36.8824,356.6078,7.8277,1.8513,25.673,37.5738,11.4005,27.1922,3.1588,154.9604,10.2054,38.5215,7.2599,31.2681,8.3101,32.5367,18.413,0.9149,0.7803,7.8346,17.2508,2.2225,855.0112,987.7635,49.7118,11.3353,17.9725,33.465,147.3792,197.074,0.8909,0.3669,54.3438,0.4282,10.6369,0.1177,8.7942,14.7852,5.8523,86.8371,20.9069,17.4817,5.2303,7.3369,15.3391,58.6859,15.7169,10.098,0.0298,75.9045,11.7965,5.492,38.7779,87.5355,0.4628,2.685,74.3176,10.5407,3.0603,14.5789,5.0451,182.6099,69.982,7.2292,15.4735,0.1641,72.3514,75.5884,8.0092,5.22,24.5297,0.6277,57.245,110.3323,295.7577,263.5156,146.0873,116.8236,28.5443,66.1802,78.3009,5.8684,15.2797,10.7473,10.9533,8.5069,3.9913,43.6421,8.2621,65.6459,43.6024,14.6298,34.7877,2.7131,23.2122,0.0708,0.558,0.9756,7.5583,25.633,4.3689,36.695,20.0076,8.5502,193.7885,5.582,5.7086,339.527,55.9456,44.096,62.3008,33.8985,41.8997,441.1921,22.0057,4.9608,2.9541,109.8866,0.4065,11.0062,56.0678,34.5555,35.2714,133.0921,88.931,508.437,37.0354,42.4628,21.7578,8.1691,10.6453,4.9847,65.383,4.4671,45.7028,0.7615,4.3714,19.4203,2.0844,0.5365,0.3563,0.4539,3.2038,0.2868,1.8615,2.5931,44.5997,10.5924,0.267,1.1768,3.399,49.8847,4.5824,36.865,191.4998,3.5005,0.0163,4.7489,30.5594,28.4061,11.2146,5.8677,9.8121,4.4809,10.4313,0.9184,9.4873,32.8675,66.7521,24.2239,10.8956,39.0898,23.8339,9.3717,24.6213,10.6589,1.0334,7.5066,19.8657,23.709,8.7741,3.3464,1.5197,0.0461,3.1752,0.2052,22.5779,6.5786,2.2198,38.8883,3.7348,1.1817,95.9412,48.015,23.1199
2.4264,15.8644,21.5913,4.2835,28.7945,24.1218,93.044,0.4601,14.8582,0.72,31.8692,11.5456,23.0495,34.1997,7.0468,1.1862,0.4422,7.0919,9.6925,30.5671,60.941,48.887,0.4704,0.0839,12.3135,62.2263,21.7167,9.563,4.0387,0.0,5.4868,17.1159,19.3287,52.6235,0.0,35.0398,11.9103,26.1506,0.0237,19.6019,11.1012,43.8264,20.6854,5.7874,20.3125,0.1361,3.5876,28.79,40.7292,26.1921,10.6631,7.4618,23.5753,22.063,0.6254,1.0343,0.0,0.0,0.0606,0.0,2.9793,0.1462,0.0856,1.0464,0.092,2.2089,0.0826,0.0665,3.6795,13.5226,8.4776,66.827,0.2851,0.1774,8.8878,0.0998,0.4012,137.3246,63.5715,1.6113,0.9571,178.7922,7.5066,19.341,24.5728,12.4448,0.0,0.0,0.0187,4.4503,2.0262,2.8038,1.388,0.0884,48.4063,0.107,8.3446,1040.4522,5.5768,121.3766,16.6995,0.5162,60.9353,2.9208,22.9989,26.6862,72.6399,23.9106,25.1981,722.9824,844.9941,0.5821,2.6361,0.0336,3.6757,5.0083,1.5529,2.6844,69.5253,17.6605,0.5386,7.9345,0.4922,44.3074,11.2906,21.5204,29.9104,20.6021,107.6083,230.2282,2.0341,9.4334,165.8412,1.2278,3.9052,12.2283,32.4928,10.6147,44.9956,57.8264,34.7538,36.2885,10.9963,2.6348,25.6861,3.2434,15.289,5.9518,8.4499,20.6622,4.6092,5.7507,6.1361,95.1985,64.1497,3.3974,6.2241,30.4825,18.6272,114.5486,178.5965,8.4874,0.8968,26.1332,0.2194,4.9767,0.1113,3.7889,22.9886,3.8059,17.9541,28.0447,7.6124,5.2139,1.9296,10.1747,4.6964,3.2621,4.7451,0.1709,9.3343,3.2793,3.9636,37.8689,85.5187,3.5162,3.6077,28.032,5.8144,8.6627,3.4811,0.1986,26.6126,34.7316,4.0886,4.8284,0.2216,23.0617,46.0397,21.9113,0.8935,6.6354,11.6826,17.1787,44.8638,442.8284,102.887,12.5449,7.4056,5.6088,32.8204,50.312,4.7712,21.7672,2.4289,9.3906,35.4001,0.7943,35.7136,0.521,70.235,14.12,6.4641,12.92,0.1736,32.2595,0.2696,0.9719,4.1584,5.9592,18.1916,14.804,6.6331,8.8116,8.9424,43.0263,1.6813,4.6299,61.4748,66.7679,7.8641,11.6342,23.9411,34.6113,437.7236,4.3611,26.1265,5.2783,60.5097,3.1058,7.5927,9.5945,23.7708,54.0371,47.3137,14.5884,394.787,4.6386,10.4238,9.1791,5.0572,4.9678,14.6824,81.0741,13.9542,29.5728,0.4072,1.3572,1.3628,3.1566,2.2647,0.149,16.7367,0.0,0.6537,1.6963,0.7443,0.969,0.9202,0.0301,0.4163,0.9295,4.83,6.4346,74.203,72.8649,28.3352,0.0771,12.8787,7.0177,2.9791,11.0905,5.0452,14.6717,22.4896,6.2854,0.9748,5.0489,7.3078,27.9675,10.7496,2.8963,7.3491,4.898,1.0301,24.6783,12.755,1.6989,1.2359,5.9136,3.1773,7.1721,7.534,0.1579,0.3739,0.0,0.0347,37.9438,2.0751,1.3458,18.1269,5.9642,0.114,44.2178,26.4443,85.8246
7.2199,171.627,140.5856,26.2534,105.1864,39.5379,276.5079,0.64,78.5319,0.2638,63.5642,18.2508,6.7359,28.4089,34.7325,2.3269,2.9555,167.8759,13.2272,78.8081,76.0087,86.1941,9.73,16.6491,48.6195,65.3016,103.9203,98.2674,5.8354,0.0,9.6733,37.4228,26.5331,144.3352,0.0,74.0766,97.1166,68.1954,0.0342,39.7218,20.579,105.3763,48.4723,12.0492,20.168,0.0,263.349,27.2223,201.6813,51.7528,30.6077,22.5013,63.8129,20.2423,1.5335,21.2185,0.0,0.0,0.2809,0.0,0.0,0.1582,0.0,0.0,0.2653,0.2596,0.0379,0.0639,15.0405,20.1776,24.7287,82.181,0.1542,0.176,6.9568,0.5941,0.5919,73.4808,53.2638,7.6309,6.4603,48.8783,22.9733,86.2239,16.1375,26.0749,0.2441,0.0832,0.0404,14.9862,0.2463,0.3782,12.1677,0.0071,164.6528,0.0,25.3262,1092.8457,37.4704,97.7534,24.1274,0.3224,130.8634,8.9378,120.6124,55.634,53.3758,22.8213,161.8247,1235.0217,3536.4445,0.0692,53.7255,0.0,24.5436,28.8396,16.613,74.8001,123.0932,126.4185,0.1227,23.0563,0.6902,261.5802,5.6018,75.8032,66.0827,45.6087,131.3368,143.5561,2.8668,13.1423,447.1548,0.1518,74.9836,10.9469,111.9787,71.6729,42.8622,242.8402,90.94,221.084,25.3078,9.9711,71.2131,16.9366,38.0705,18.0973,137.914,98.3539,11.6376,19.108,7.1226,4.6775,77.693,13.0838,13.8884,86.5101,64.9586,97.2517,157.0712,37.8245,0.0255,91.4618,0.561,1.5502,0.2409,82.6015,15.5015,0.0823,26.0559,9.6175,11.541,24.1684,8.0561,25.123,32.258,5.1056,7.3575,0.087,21.1859,4.0389,10.3139,102.994,102.961,14.2016,2.7968,75.2925,0.3467,20.2608,8.0402,0.5951,71.8492,33.3345,12.0041,15.7772,0.1054,74.2425,77.2351,16.8989,4.6175,36.912,27.0693,34.0882,68.4619,558.6817,184.5549,28.8206,45.63,17.5147,101.8592,172.0892,9.222,19.8192,2.8556,39.9208,104.0289,3.6332,51.1242,0.1634,56.5959,31.2305,82.6344,66.2844,0.1252,35.0901,0.1975,0.0,18.0581,21.089,149.0884,72.2244,1.8915,31.3217,16.5845,101.4082,3.4029,8.3071,337.9149,90.0133,26.3603,22.6432,26.749,39.4014,547.2904,5.6861,16.3988,51.5291,122.9065,62.6887,17.2667,34.3248,60.4336,101.7427,123.4463,42.7683,680.1437,23.1844,83.3812,27.095,13.967,9.9474,76.9297,62.4824,28.3456,36.3338,0.371,0.0515,8.872,0.8479,2.4827,19.2678,106.6491,0.0,0.2619,4.3179,0.1895,1.8425,8.0481,0.0813,0.1365,0.0609,23.6456,1.7026,60.0908,158.2069,27.731,0.0,4.7148,37.4164,1.1173,14.5314,6.5831,68.9048,3.6961,3.2884,0.5752,73.8333,29.9812,71.3988,11.6449,11.1904,27.4537,20.8463,11.9189,17.0462,19.6652,0.0581,0.5685,21.0854,8.8884,7.1672,1.0118,0.9225,0.0,2.5944,12.8203,7.758,4.2016,5.5682,73.4563,3.6144,0.0617,68.1408,55.906,281.7932
3.2227,36.3292,84.2694,3.8101,634.1856,101.7279,130.7532,1.1553,104.9963,1.4856,38.9089,23.8982,22.722,42.7501,35.0936,7.5674,3.0686,14.0982,9.8097,54.9749,15.9505,15.7653,0.2019,1.5072,16.3725,55.4005,64.0076,2.7355,1.2175,0.0,2.694,23.4766,21.4829,83.1298,0.0,85.303,25.1268,51.9286,0.054,64.1084,24.0238,57.5226,66.7022,31.6069,10.0396,0.1728,42.3471,16.7769,17.1016,62.1041,20.5614,25.8881,6.0406,3.9301,1.6081,12.5986,0.0,0.0,0.0,0.0,0.2022,0.2856,3.6585,0.0475,1.0576,6.4917,0.0049,0.0216,45.352,132.5074,12.0898,65.256,0.232,0.0722,8.3725,0.4631,0.3206,4.5398,84.2223,1.3911,4.6918,151.2728,13.7936,39.0004,5.7138,20.1773,0.0,1.1264,0.2189,8.6913,3.0012,0.2364,5.0543,1.2019,96.6003,0.0091,15.9055,1699.8815,17.2485,162.6659,12.3368,0.1975,108.6932,10.2187,89.5635,16.3735,3.6407,18.6044,48.6002,1319.8877,1299.2656,0.1124,22.8253,0.0,4.6888,29.0775,1.0109,3.8707,74.071,138.5068,0.0316,27.5256,1.8156,48.5557,15.8225,13.9517,52.1343,15.2781,131.2748,1734.9997,0.3645,17.8753,273.4624,0.46,28.9815,1.3958,44.9085,15.3105,44.2996,70.0029,20.188,150.2316,14.7468,12.2061,30.9115,15.1019,48.9283,27.499,11.1841,10.1781,2.0413,14.4872,67.5815,34.0995,12.4546,8.8591,6.2775,175.9198,31.357,32.9019,188.0795,13.8853,3.5258,47.2883,0.1558,5.0866,0.3106,8.4009,4.3677,1.4866,20.1262,7.5869,11.7433,45.4463,3.9041,15.8503,7.0111,0.7833,6.4615,0.0589,31.3111,2.4405,12.3759,32.7188,65.8893,38.6087,1.4506,73.1008,0.0894,1.4514,1.0368,0.2089,60.5051,60.9228,5.47,9.3844,0.2878,41.593,83.7693,9.9117,1.745,20.5052,3.5427,22.6321,123.3552,370.2376,54.0411,19.2697,17.5857,14.3565,61.0103,46.7409,10.8821,9.4255,0.4387,36.6478,27.8502,2.1782,33.4441,0.1475,95.7686,23.6154,46.8376,30.7993,0.0,12.0638,0.0085,0.0387,9.2079,6.2946,172.4891,8.9388,2.2835,6.9234,12.5913,5.9134,3.0888,2.89,56.9739,76.1196,7.818,16.2655,15.7853,59.8495,442.6253,1.4564,5.9268,25.8121,66.1839,0.1843,3.8429,48.264,6.7631,59.0624,58.2777,22.2034,322.9014,11.6184,39.4149,16.7894,1.2809,3.9157,16.0442,43.8937,0.7365,35.0968,0.4185,0.3023,1.0931,55.1716,0.8256,10.4976,24.5648,0.0,0.8984,7.1713,0.5558,9.4786,23.6409,0.0147,0.0575,0.3026,3.7156,0.5515,46.9655,75.8242,7.1169,0.0215,0.5499,18.8703,1.5321,17.9688,1.9487,147.5322,5.9893,9.1562,1.8172,5.3077,14.4319,56.8929,5.7663,8.4076,16.6036,12.663,3.9068,9.4069,19.5598,0.1947,0.5511,8.9624,1.6608,3.5017,0.2537,5.4279,0.0,0.045,4.6355,24.5501,6.3593,7.5851,34.2489,1.2447,0.167,61.3086,50.5865,246.1138
26.4782,16.4216,50.3191,15.9843,413.9226,65.5961,1.0782,1.038,61.0631,103.6462,19.9134,22.7757,26.784,47.6352,31.4263,4.7406,2.5943,4.6326,13.7908,13.1063,875.7576,653.7,45.7858,1.7944,43.2054,97.7723,69.0513,109.1844,10.234,0.0,40.603,31.1584,18.6373,269.2014,0.0,140.6256,79.2802,77.2817,1.5984,46.2838,22.9236,52.487,19.7617,2.0451,9.4835,0.6603,44.7077,55.2589,796.9134,54.2018,54.9832,22.6792,222.867,57.1002,4.7064,6.676,0.0,0.0,0.0249,0.0,9.6276,0.0351,1.8923,2.4158,0.0098,1.5526,2.0489,1.4188,39.5319,23.3807,30.8943,68.1246,109.7548,0.5256,37.1853,1.5587,0.1227,1534.9408,2191.8819,12.5832,14.5222,3.2462,30.7333,64.6547,17.2208,26.3073,0.1084,0.0,0.1795,8.893,4.0682,4.4054,9.3093,1.1007,157.0159,0.0223,18.1685,890.8355,14.9353,107.5314,14.6972,20.7028,129.2826,19.8269,53.5283,40.2067,18.115,30.3553,9.5945,565.8629,1259.0446,1.5732,31.0453,0.0,14.2773,17.7706,2.0721,140.2035,38.1748,214.1194,6.8044,66.4209,0.8756,159.3968,49.0427,191.1113,110.9788,103.1773,369.9078,404.805,141.697,17.0767,517.8882,62.6645,71.8003,150.4024,67.2837,113.6992,356.7527,159.637,322.4225,94.0269,63.1777,10.2539,39.1727,18.1261,26.9065,18.604,42.6541,61.5773,16.9527,15.367,38.0776,570.0993,6.2335,6.2654,12.9419,86.6268,46.9662,40.8442,697.3498,3.2556,8.6722,63.5163,0.6994,4.7347,0.0306,69.726,193.6624,53.2055,21.428,301.1707,20.556,72.5764,9.5709,18.3292,20.1345,17.5131,34.4302,0.0193,44.0323,14.1494,9.2058,35.4175,38.2426,3.0242,3.5123,49.9014,35.8476,17.0331,16.2029,0.044,116.2721,131.6488,10.4901,20.1253,0.8915,72.8295,59.1566,12.7297,12.9396,37.5011,165.7524,37.6059,77.163,325.6206,155.3155,5.3152,2.9591,23.9425,99.4569,193.6576,4.1926,64.2614,11.2496,41.6676,260.9025,9.5054,84.0691,1.4437,108.4449,35.9355,50.161,43.7511,4.2437,20.9512,36.389,5.3736,103.2805,2.1695,4.5314,27.3983,9.9526,28.6472,31.8672,177.8129,5.4799,1.632,72.6273,131.9129,33.1946,65.5919,25.1469,18.2128,287.2223,5.2225,25.9884,8.6206,137.9309,16.6748,15.897,46.5418,399.5684,40.8361,96.4552,46.8798,477.6686,9.0912,13.2935,17.3966,3.8415,10.987,37.6177,182.0807,8.3908,18.6622,0.1441,24.465,2.8756,11.1057,0.116,17.9916,12.5749,0.0,0.1163,0.1534,5.195,2.2649,19.9596,0.0361,48.68,1.5019,34.9053,1.559,46.1248,278.4234,1.2467,0.0106,2.5169,16.1705,15.2265,51.5098,64.5574,66.7235,24.4751,15.1583,0.3618,61.2459,34.8467,24.7877,14.9748,12.8148,20.8122,8.4675,7.2285,17.0722,21.1972,4.5649,0.6451,28.4448,7.9258,2.1022,4.9169,0.0759,0.0,0.2437,17.9264,2.0871,4.2232,1.6785,28.8869,11.9046,0.0,47.5454,56.2368,104.0989
2.3583,27.0372,89.9183,10.8495,17.3579,49.7287,33.0953,0.3535,18.3291,8.8729,70.8582,65.296,1.521,110.8266,20.6171,2.2942,1.6889,35.7133,14.2907,78.0433,123.0919,125.9127,12.3018,0.9281,43.0739,54.8751,97.1588,19.9318,3.0155,0.0,10.3484,37.8551,68.2126,151.7108,46.7876,174.7028,25.2858,31.6977,0.0632,40.3039,23.2283,82.9051,39.7324,5.3272,39.3796,0.5605,13.6337,53.7945,32.8191,303.6816,40.9139,124.5042,31.5162,70.0383,2.9342,1.2526,0.0794,0.0,0.0745,0.0,0.803,0.0,77.9157,0.1097,0.0754,3.8086,1.2462,0.6944,11.3996,17.071,188.8931,190.1723,0.146,0.1727,35.4018,0.4142,0.1794,28.7355,34.8686,3.3069,1.261,62.5827,27.8623,44.4517,22.4404,31.9554,0.0,0.0,0.0459,33.9287,0.6997,0.2314,0.5457,13.3879,143.6785,0.1258,16.7101,1196.3101,28.3311,132.2355,39.7594,0.4645,106.4474,14.5519,57.9372,50.5319,34.8412,29.2943,79.3807,1377.3954,3124.5851,0.3932,31.2248,0.0,6.7378,19.2501,4.5603,1.4803,14.0499,41.5091,59.7618,36.8987,2.7339,35.7192,68.2337,70.4086,92.2387,36.8747,136.1752,490.6139,4.8978,28.4134,343.3468,2.5134,1.6208,5.5646,87.0671,26.2313,102.3453,43.679,267.9132,30.83,37.7134,7.6218,16.4412,19.1043,34.3775,9.9073,144.4977,53.4432,24.6099,22.5053,5.8273,47.8364,56.9255,17.6672,15.0871,67.4699,29.1099,51.7348,168.5785,0.7397,4.3661,99.224,0.5517,5.0823,3.6166,3.966,21.3549,4.0971,22.1968,25.1301,23.8913,4.2547,8.0295,24.91,9.1386,3.7883,29.2376,0.0742,32.5262,5.9157,1.9301,26.859,55.0271,0.9194,3.2017,28.1034,7.992,7.2574,3.5575,0.5823,82.3662,60.3829,15.0783,16.7378,0.6228,30.8628,54.6324,18.0443,4.5938,27.9471,1.0786,51.063,93.8266,300.458,54.2743,32.1861,14.6488,21.5086,74.5597,66.7043,3.8045,42.7411,3.8489,42.6947,34.2432,4.7912,70.0274,0.2413,131.0844,29.7243,32.1502,46.7147,0.9722,18.2909,0.1603,5.9981,2.754,7.9904,118.1055,6.7189,54.9295,33.5743,21.9309,29.9965,4.0355,6.2598,268.3113,90.6807,23.7415,47.5743,24.1764,49.0142,386.4149,3.4266,21.0203,5.684,28.7962,3.0059,4.0194,36.2445,35.2766,12.2874,99.7679,59.5413,1322.2256,10.5778,31.0949,23.9534,4.972,4.7097,57.7336,104.4913,11.8346,51.3473,0.1581,5.2101,1.75,26.396,1.559,257.4761,1.9344,0.032,0.4762,0.5888,3.7677,0.7941,6.2614,0.3417,0.3257,173.1439,61.4883,3.6704,193.2197,169.5107,6.512,0.0135,3.5215,27.1254,7.2757,17.3082,6.3144,54.1709,1.9346,15.8177,0.3813,24.9994,8.5902,56.2153,22.1037,11.5169,38.2442,14.8891,4.7715,11.9024,3.9537,0.462,0.9929,10.7274,17.0535,6.4631,96.1606,0.1747,0.0383,1.0205,0.1491,76.3323,6.4046,1.4947,63.4183,20.0821,0.035,87.7683,52.496,362.4138
2.645,36.0867,94.3391,28.4666,656.5988,41.8225,36.0379,1.354,85.5951,1.3231,32.3898,29.268,19.3634,75.617,15.8077,2.4734,0.3651,0.6757,15.0725,43.2515,42.5626,31.4092,0.3911,11.9617,19.5758,32.5927,71.9515,6.7867,2.336,0.0,2.0763,12.0431,17.5425,84.5629,0.0058,28.7527,1.3718,21.3604,0.01,77.2917,14.8949,92.0508,44.065,19.3765,18.7943,0.1659,38.5831,20.1232,79.0078,36.3404,26.2242,10.5197,10.2316,0.9945,0.7274,0.3672,0.0,0.0,0.0146,0.0,0.3215,0.0922,0.009,0.0409,0.3265,0.4094,0.7808,0.0155,1.6005,78.482,20.1288,119.9982,0.2197,0.0559,7.3044,0.1784,0.0613,15.9099,159.696,1.4478,1.8564,51.5438,12.8206,17.6612,2.3213,8.5416,0.0,2.1983,0.1728,2.5512,4.8907,8.4064,4.235,1.7064,115.2249,0.0,10.4279,1931.6287,22.9311,126.5827,15.9908,0.2595,216.3601,7.3499,66.9968,37.6533,16.0106,15.0636,55.472,790.8849,1929.89,0.0215,13.0638,0.0188,2.0578,7.0711,0.1451,1.5188,86.2337,114.09,0.143,18.765,0.843,60.5002,29.1485,21.4874,50.9643,16.5892,149.2224,1361.2291,1.3651,16.8515,164.4723,0.6236,35.585,4.0354,12.3988,12.5563,20.032,213.0408,16.0083,97.1817,12.1426,4.3588,37.4639,6.5217,41.718,12.0823,38.3327,11.2115,0.6286,5.8373,306.5647,43.3278,14.6287,12.3837,4.9057,130.3772,40.8429,26.9691,281.8304,2.1968,0.1885,63.8001,0.0922,10.0458,0.4011,8.0116,12.0696,2.5737,15.6973,9.5055,10.9552,4.429,5.6874,10.1635,8.566,0.5283,4.4493,0.0254,19.2024,8.3468,19.7921,7.3772,158.0226,26.4299,0.9814,169.1967,0.3176,2.5932,0.2488,0.0,62.0638,42.3228,11.1521,10.5611,1.1622,36.0779,41.857,7.078,1.4949,15.1602,40.7004,8.3621,79.8128,424.3378,38.0558,193.8015,7.0191,10.2318,122.2593,86.0828,2.8418,9.8917,0.5903,9.1438,20.5336,1.2561,37.5272,0.1587,69.6189,30.2049,38.985,39.6786,0.0324,31.5968,0.0402,0.2001,2.8808,8.5166,409.212,11.9116,1.1209,12.7596,10.7914,10.2262,3.0135,1.9294,24.1846,68.0814,11.2062,11.165,12.8224,26.5804,273.4079,1.0897,4.1642,40.5543,57.6025,0.844,12.2832,17.5161,12.8253,13.4482,65.4013,25.3307,363.2465,2.2914,22.7802,14.6407,0.5224,5.6265,49.3922,31.0597,5.9582,14.0033,0.1442,0.4304,6.4861,21.971,0.5586,8.4318,43.0761,0.0,0.0,4.5808,0.6074,7.8617,8.794,0.2274,0.8274,4.8374,5.8902,0.3419,26.9697,185.625,22.4792,0.0093,1.2661,20.7243,1.194,13.7437,2.4105,24.9512,28.8391,4.4618,1.4902,10.47,16.112,38.1783,9.6168,3.8267,20.02,5.6169,4.9204,4.1237,5.4085,0.0774,0.4009,9.069,4.0516,2.4786,0.0874,0.0797,0.0,59.0375,2.7386,213.2146,2.1977,8.685,19.6599,1.1677,0.024,68.3723,36.8492,222.7923
3.5782,24.8039,115.2141,20.5925,73.7652,67.0803,0.5563,0.8736,2.0263,14.188,24.3499,26.9835,6.0246,22.9051,25.1089,12.7477,2.8298,3.6903,15.9796,202.6784,67.6101,62.1509,1.4067,1.2142,27.7071,74.8557,112.6089,53.3495,9.1099,0.0,5.8153,29.3577,27.1317,164.7257,0.502,65.2577,18.0588,64.1853,0.0529,100.1984,55.1558,55.7933,101.3826,13.3694,38.4175,0.3947,3.2382,51.688,21.3652,29.176,20.5186,20.1645,35.8048,1.6839,0.9765,34.5797,0.2402,195.7237,0.0386,0.3192,1.0899,28.8654,0.0637,0.1206,0.1064,1.3539,3.4135,0.0384,109.354,251.0012,33.1681,127.3884,0.1413,0.077,4.2762,1.1693,0.1899,187.7653,60.765,10.1812,0.6068,8.9491,92.5885,28.4108,4.8002,28.531,0.1259,0.5146,0.4168,18.8919,41.7954,24.0775,1.9523,3.5682,144.4976,0.0899,9.101,1261.4584,158.055,288.8762,68.0848,1.4959,64.0044,5.3364,56.1695,23.982,9.9493,34.237,109.2625,1518.8809,3742.9292,0.2473,10.8471,0.0499,3.944,9.7678,4.747,6.9021,3.1718,75.4088,0.9997,3.5292,5.9504,6.4891,12.5085,40.6555,68.9159,20.8822,70.8871,57.9955,6.605,60.5244,283.0318,6.0588,1.2681,10.0427,76.6896,39.115,28.7179,14.7839,279.9054,26.5326,27.2351,5.0181,13.097,13.3349,22.4532,42.4303,6.422,3.5206,3.9616,11.9517,0.9008,28.5246,85.8827,67.9,15.1661,40.2126,12.4789,205.7852,105.6465,19.7807,0.7896,86.9703,0.8008,2.5198,0.6385,184.4908,10.7899,5.9266,44.6741,33.073,4.3196,8.6316,4.2168,28.9039,27.2786,2.1274,3.9132,0.1047,58.43,4.3805,1.9808,16.7395,188.8011,0.9462,1.2911,38.1543,1.9915,5.9819,4.2966,3.5903,81.7393,55.2483,13.0223,25.4721,0.3133,54.0162,67.5374,9.8524,19.7828,15.6072,0.5718,23.1655,183.6852,346.3678,52.2874,118.8536,51.3862,19.0837,110.7087,55.3411,2.6848,9.0163,4.3638,9.2621,36.1072,1.3588,25.0991,4.0314,87.9514,19.9826,7.4271,26.4239,0.7745,12.9235,0.181,0.3245,1.938,12.4159,309.6081,11.9179,33.5419,16.408,6.9437,64.0996,3.808,3.2256,80.1864,48.9199,15.5112,21.8459,15.0039,53.6777,542.4976,29.0168,13.5851,1.3187,51.887,0.7655,7.8626,24.1692,18.0753,68.8825,173.3203,41.7212,1424.6232,12.8826,38.0168,9.3859,11.1228,4.1117,10.6927,49.9201,6.7598,33.1026,0.4143,0.177,46.8653,2.8813,3.9517,0.7329,0.8509,2.4425,0.7921,5.8465,1.6604,0.7112,9.9453,0.8715,0.8005,1.0682,108.1938,5.7337,27.0241,145.3192,0.9252,0.3276,67.9617,29.1787,43.7278,4.8371,6.0608,8.7541,19.0429,23.7897,7.0175,18.8842,7.4038,96.8428,16.0288,17.0089,23.9677,11.0513,6.305,6.6484,5.0259,2.8402,61.9099,13.1618,6.6817,7.1407,14.9516,17.66,2.78,43.4483,4.8181,67.8135,10.3583,1.0007,105.8035,0.858,54.9373,60.9397,60.3053,181.5269
2.045,79.7884,73.5702,1.7813,1385.0644,186.9596,214.2557,0.4553,77.5155,0.8892,42.1409,36.5735,10.3318,60.2784,44.8684,38.6797,0.6333,89.7631,15.3086,116.2008,33.6932,18.9689,1.5604,0.0652,16.5247,75.6615,135.9941,22.8669,6.384,0.0,1.3471,14.4809,21.8004,228.6565,0.0,112.5986,2.031,71.5608,0.0,75.3867,29.406,75.2303,57.7449,31.1277,17.9693,0.0099,32.584,18.9506,37.4704,53.16,15.8152,22.564,30.5273,9.5972,1.4441,0.514,0.0,0.0,0.0,0.0,0.244,0.0533,0.0,0.0828,0.1788,0.4014,0.011,0.0162,1.5819,88.1122,6.9407,209.5182,0.1039,0.0,12.6059,0.6006,0.3458,18.5861,698.1343,2.612,8.7032,105.875,15.914,32.7151,5.2883,56.8546,0.0,0.0,0.0817,2.7967,0.996,0.0392,3.9443,0.0573,115.6348,0.0068,15.5413,4701.8181,45.6265,207.1885,50.2585,0.1087,227.493,15.0059,191.9849,32.0033,11.4787,91.1818,76.6512,781.0766,1245.0663,0.0746,8.8942,0.0163,25.2827,18.2875,3.6486,0.9147,25.3569,102.6727,0.124,40.2173,2.8046,84.7962,41.2936,54.5815,58.9315,41.0165,418.9332,1561.137,0.8845,30.5228,432.877,0.4166,17.0071,3.2597,18.0202,5.9893,33.6096,398.1066,31.0108,60.7155,28.6453,11.301,26.2146,16.6995,51.1393,14.1963,18.1702,14.3956,3.3874,21.4559,11.5219,20.7987,101.2665,20.627,24.2906,120.2361,61.6399,55.0157,574.4292,7.3436,0.1721,106.1287,0.0436,3.2335,0.0,1.623,4.2287,1.0228,33.4215,9.1348,12.5101,58.6913,9.7282,49.9316,16.8419,2.5932,136.6542,0.0147,24.4483,2.0092,18.5597,49.0023,108.5743,12.1769,2.279,87.8255,0.5842,2.1812,2.2814,0.0223,103.3492,107.4926,17.5358,23.8888,0.1101,114.0704,105.2747,14.0938,0.5371,26.473,2.9474,33.8667,112.2752,852.6852,66.1576,18.141,29.6511,16.6721,142.8314,208.3631,4.1472,12.2254,2.969,135.1024,5.9942,2.755,72.2043,0.2202,75.4282,20.9387,17.2934,37.9756,0.0281,22.0417,0.0254,0.0145,89.1729,9.9279,2974.5343,0.269,2.3267,16.8516,22.1496,38.5915,3.4501,4.801,259.7931,113.6562,37.5385,30.1125,20.193,79.4883,433.5473,9.3302,9.6603,36.102,177.7204,0.2628,2.7972,27.2302,22.4886,49.6923,97.8499,42.8204,360.6291,6.1391,39.9458,13.2861,4.1029,6.6396,151.7437,55.4868,3.2711,25.5116,0.0625,0.5209,1.7745,8.4662,0.7046,0.3844,10.5203,0.0,0.0,0.7858,0.2873,3.9887,12.4558,0.0438,0.2944,3.9333,4.7641,1.6638,60.2275,115.0049,4.8219,0.0,5.2311,26.3042,0.84,8.9929,1.8548,150.336,2.4324,6.9124,4.0386,7.7048,22.5305,83.8196,10.629,15.9041,39.5806,22.1764,15.8059,12.9755,18.1591,0.0503,0.2129,6.9962,3.7637,1.5955,0.1515,0.1612,0.0,0.269,1.3139,25.0381,5.4783,19.5229,55.4208,0.587,0.0,101.9681,60.8547,108.1091
2.9544,76.3662,64.8225,6.9812,311.4837,53.8318,49.2511,0.3649,62.9634,5.7581,55.9572,24.6048,9.2751,22.8048,25.5812,9.478,1.668,112.7674,8.1956,70.5035,50.8847,39.9039,0.8558,1.2634,18.9424,33.5245,61.7413,146.4216,31.0385,0.0,7.0304,26.9222,12.3392,145.6486,0.0,68.8137,19.6206,90.1466,0.1056,54.6043,16.983,84.3031,56.8211,6.0475,22.0772,0.1936,38.8249,23.6576,46.6549,38.4483,18.5015,30.4232,75.3856,2.1896,7.5675,15.9477,0.0,0.0,0.0522,0.0,4.1694,0.0315,0.12,0.3148,0.141,0.073,0.054,0.0414,8.2529,3.1482,4.9187,99.616,0.2663,0.0765,13.3064,0.495,0.2202,1116.9335,80.0896,7.3285,3.2585,38.7367,19.9264,44.4073,25.796,25.5888,0.0,0.0995,0.2256,12.0773,1.276,2.2669,6.4677,0.5984,146.6215,0.0321,26.8408,700.6764,31.9659,161.7654,42.6943,0.9729,166.8673,4.8464,113.8473,287.125,283.2235,16.931,60.7372,356.9139,1406.2584,0.8273,14.7845,0.0193,17.7492,17.1489,12.6959,13.9747,5.2374,178.0583,1.1663,100.4335,2.5542,253.0642,142.5505,61.1938,41.3395,39.9879,188.3814,330.1788,0.7724,12.8487,363.0664,2.4674,109.022,10.3575,78.473,60.654,51.6755,500.3134,128.0103,1093.2002,25.1903,5.3229,14.8042,8.7893,39.014,13.3895,125.0301,5.8788,7.4983,18.0268,172.2424,433.1619,592.3159,11.4759,12.7412,18.5711,45.9124,67.2605,184.431,8.998,0.1526,71.048,0.9373,13.2663,0.1508,39.5178,51.3282,9.9999,28.6346,64.3487,5.9265,6.6165,5.0229,26.3947,18.4743,9.9488,12.7672,0.0694,35.3453,6.2343,8.8333,26.8047,64.6368,8.5377,1.2477,73.8503,1.0955,8.9636,7.1498,7.8,56.9997,55.9201,18.4232,26.8298,0.5124,40.8411,75.8207,23.2962,1.9183,20.0317,3.1454,19.1578,124.7758,357.79,135.9949,42.5399,10.3478,13.6481,102.2094,123.4166,5.8581,23.903,8.1235,27.9442,68.016,4.106,61.8938,4.3039,216.7304,21.0364,12.9897,65.6382,0.0832,38.2975,0.1687,0.3506,14.4059,7.4592,195.0906,4.1635,7.2178,20.4331,17.6249,169.7076,3.1363,2.6639,452.1432,84.3885,20.4999,25.5562,33.0686,41.574,460.1497,11.2638,8.5345,24.9414,88.09,24.0362,16.3847,29.2482,40.2234,39.9637,128.8196,43.1344,947.9743,19.5091,36.7956,8.2011,8.5726,6.2383,50.1175,127.7535,13.2135,26.0768,0.1663,12.1237,4.2702,7.4899,1.9528,6.1766,31.4275,0.0225,0.0209,5.0592,0.8495,0.4811,9.5663,0.0907,0.2466,3.0786,6.7655,0.5195,56.1001,100.4669,29.2,0.0095,2.9874,20.3867,4.4784,20.5417,5.7015,65.535,8.8727,4.8867,1.0125,30.9801,21.7405,57.8041,14.3426,9.8877,22.0775,10.5043,8.8306,6.8564,27.552,0.582,0.537,6.6576,9.941,4.6645,1.3665,0.0272,0.0269,0.2983,3.7049,40.5932,3.2697,5.6902,45.404,1.3537,0.1966,90.0227,53.3423,336.2096
2.6959,12.2417,32.6636,2.5547,57.6995,64.7326,11.9335,0.4267,20.1978,4.6718,24.1838,41.2486,18.9023,27.2818,25.0199,0.2847,3.8596,8.8054,14.1924,19.9662,49.357,37.2353,6.2631,0.4491,16.4059,73.7001,40.8369,69.4504,14.8824,0.0,31.4409,34.1259,15.8242,227.9921,0.0382,182.1991,39.0377,47.2101,0.1806,68.2678,20.033,39.3381,17.9028,3.6716,17.7965,1.3004,62.0515,16.5311,103.8594,90.7586,28.6174,18.8804,34.6171,18.6372,1.2846,0.8169,0.0,0.0,0.0,0.0,1.5664,0.2025,2.431,0.0674,0.099,0.215,0.3778,0.8436,4.6584,15.0785,5.443,93.9534,5.2963,0.0717,7.3001,1.59,0.4041,224.8163,214.1688,8.5036,3.6013,28.6979,18.2311,31.5864,6.1246,21.2881,0.4688,0.0,0.4399,22.9809,0.599,0.6424,3.1879,0.1541,142.4765,0.0644,8.1688,1226.9449,18.2665,112.9285,23.636,2.1152,206.565,7.3901,39.2273,39.8567,27.3536,29.9227,15.3366,593.9241,1313.5176,0.31,9.1414,0.0,22.9629,30.8645,4.3804,7.1218,69.7596,14.3543,0.9421,26.481,0.5553,238.0377,46.7909,36.6278,76.0061,49.2441,137.4496,211.6355,5.1554,36.3435,355.7869,3.4558,4.5098,6.5742,27.1851,8.7992,77.2915,135.992,46.9516,50.5909,25.3492,7.1452,17.7963,15.6431,31.6371,10.3691,240.3608,61.7193,6.3325,15.6744,2.881,56.345,18.3696,8.7417,16.8197,29.9807,35.5831,40.3763,184.3192,4.6706,0.817,51.0426,0.4005,4.2368,0.1321,9.8874,15.1967,3.6515,17.1004,27.4921,12.0877,2.0063,4.1607,18.5632,23.2444,7.3128,13.162,0.1253,27.9378,5.0624,3.2027,37.5331,72.6355,1.5921,1.3091,48.3812,35.8837,20.6984,8.0732,0.0846,49.2296,49.7997,7.8387,22.4585,0.8179,64.3543,69.3629,22.0938,1.6385,23.8837,31.4135,30.9963,60.848,492.1352,92.761,25.8626,5.8733,14.2996,74.0273,94.2824,6.7668,39.7051,4.1996,25.773,254.4354,2.4393,56.2624,0.3032,130.5012,14.3886,23.5151,44.3038,0.6945,23.0922,12.7453,5.4932,9.8136,5.1457,45.5462,29.3689,2.0126,15.5318,19.6972,102.3563,5.4784,2.6443,105.7429,69.0951,19.1778,26.4269,18.4261,29.8789,330.796,3.7317,16.7137,22.7315,103.105,3.291,5.9451,32.5044,64.8899,48.97,70.9773,38.1043,532.1299,18.355,16.886,11.7919,6.2222,7.4982,87.7822,149.8866,2.7212,33.3081,0.3858,0.8573,9.1828,11.9781,0.5854,0.4603,18.1394,0.0,0.1341,0.608,0.9701,0.9468,3.6433,0.1873,0.7512,2.0771,14.5309,4.0772,51.1098,161.4665,5.1201,0.0,3.204,18.9209,6.2294,25.7528,9.7596,32.0403,6.5192,7.6516,0.2454,8.7922,21.4244,41.0344,26.844,11.3227,20.7491,16.6748,5.7263,8.7291,41.5837,0.6744,1.4958,11.9245,9.8951,5.9338,1.2232,0.1749,0.0431,2.1394,0.5038,6.9221,4.9805,1.929,63.2178,2.4433,2.4473,44.1452,49.5262,299.2794
8.0217,45.5906,119.9187,6.2614,16.9856,92.178,2.7983,1.5255,2.2343,10.7516,24.9276,39.9675,10.898,15.8756,23.3064,7.6613,1.8668,5.3715,13.2754,74.0779,32.8111,39.5378,1.4944,5.6622,33.0183,49.7921,106.5609,45.3055,5.4854,0.0,5.6813,17.4155,19.2559,39.2319,1.6906,50.9166,28.5112,55.2321,0.4621,72.9839,32.2135,88.0528,77.6795,13.9326,20.9982,0.2098,3.5973,61.9383,15.7523,16.9502,21.2301,20.8534,30.4231,1.0516,0.2277,3.603,0.0,4.1724,0.0,0.2207,0.2559,0.2348,1.3479,0.1355,0.0394,1.9406,4.9209,0.0427,23.0973,101.5019,42.5252,93.1742,0.0,0.0285,7.6022,1.3952,0.5859,73.2584,25.393,10.494,2.0677,14.5548,44.0709,64.4054,4.5182,14.633,0.0362,0.0494,0.5282,25.1812,5.9675,6.1599,0.638,16.9926,93.8776,0.2451,11.7187,976.5032,78.2267,60.7426,25.4464,0.8206,105.0611,5.8975,26.1107,17.0419,10.3264,24.377,35.8741,1372.046,2497.2195,5.671,33.5321,0.0144,2.6066,9.3753,9.9028,3.1591,1.5788,111.7825,0.2914,4.5021,6.3709,5.736,19.9276,51.2551,36.2251,20.6693,20.4099,257.2281,68.1465,75.8841,274.6672,3.6638,2.5964,14.6549,35.9637,24.3508,28.7185,3.1145,224.2829,10.9452,20.1804,5.8848,23.5115,8.8128,19.8904,17.7998,2.4189,0.6342,3.7027,14.4354,0.4399,148.1309,341.2448,41.7373,8.4731,11.9453,11.9463,138.3435,126.1059,0.1831,1.9862,50.8312,0.1922,2.8739,0.0409,13.6894,11.3944,3.8982,56.5489,15.7509,15.5203,1.6777,4.2138,10.1562,31.9841,6.7941,7.278,0.0775,54.6742,7.6295,3.7393,17.2845,67.214,0.4016,3.4209,82.6178,16.1776,1.8442,6.2295,5.8116,133.0785,39.0104,8.2732,8.1331,0.0798,49.5448,72.0784,7.5365,2.4784,14.9311,0.3547,25.034,86.5215,285.8452,89.1127,69.6389,94.5073,36.3787,73.6467,29.0528,3.4534,8.634,14.0716,10.6979,3.9365,2.2105,25.2415,6.8306,37.2492,26.1353,6.732,23.8236,1.9084,11.5737,0.1229,0.8028,1.1853,6.8204,71.5764,8.6601,36.2685,13.5756,10.5304,73.9538,3.6005,3.7872,154.8612,20.655,17.2776,34.9744,18.0397,37.2545,323.3334,6.5156,3.0087,1.6684,48.5302,0.463,9.1047,44.7571,20.9045,40.3042,118.4646,62.8776,634.7818,13.9918,20.9277,10.3463,4.9013,5.2592,3.9192,45.7729,3.7237,32.8569,0.6058,2.9983,27.5007,1.1748,0.388,0.2503,0.0263,1.8424,0.0622,2.795,0.3376,8.5701,12.4898,0.2413,0.4323,0.5339,53.7527,21.5191,25.1407,109.5191,2.1699,0.1274,6.2763,26.9898,24.2182,2.9797,4.4602,11.1242,4.6492,28.1016,1.9357,7.0143,14.1902,42.539,19.9912,5.9493,24.4809,19.2054,5.1983,17.3082,10.1367,0.7047,10.2407,13.1251,14.085,5.3497,1.5689,1.0754,2.6022,1.3037,0.2894,30.7326,4.9332,1.1983,53.5696,2.1465,0.9523,56.5577,36.6872,33.4954
1.6468,19.6287,40.344,37.9316,554.4829,46.1798,0.0937,0.1657,129.9914,0.6009,48.7218,28.2459,25.0981,72.5449,11.9401,41.7781,1.1218,28.4033,13.9148,33.9284,77.6086,67.6127,0.0635,21.5207,20.6691,77.7388,105.7207,3.8533,1.1411,0.0,0.4969,36.0419,11.2655,91.7578,0.0121,59.1696,12.0298,87.5573,0.0139,115.7897,23.7155,52.53,14.7231,7.001,9.7537,0.5371,94.9893,32.8147,96.8904,65.1818,37.4724,22.2091,32.8831,1.2192,2.0842,0.2956,0.0,0.0,0.1214,0.0753,0.2375,0.0,0.0,0.0,3.2977,0.359,0.0307,0.0,1.8591,213.155,8.9605,92.5382,0.0417,1.0244,7.3974,0.1095,0.096,77.3227,633.1233,0.6307,1.3444,156.3535,28.1755,27.4125,6.1677,9.4002,0.0,0.0,0.5899,5.8332,0.579,2.8305,5.7799,0.7349,80.486,0.049,14.2752,2347.797,12.616,122.5429,14.3282,0.056,314.6762,3.7619,98.9886,132.3707,49.5317,23.9052,53.0049,983.5572,1667.1249,0.0898,27.547,0.0196,5.7128,15.3694,0.2018,1.3201,42.453,534.9614,0.1136,24.987,0.3357,161.6021,39.099,57.3377,65.9603,45.047,268.5665,3125.4562,0.3764,20.9892,189.634,0.7999,107.4796,6.9217,63.1992,24.3727,19.1907,651.1368,54.686,558.1394,18.5538,3.5568,67.4016,5.4671,19.8914,8.3071,46.6196,11.1222,0.2674,6.9227,193.3175,130.0109,457.0243,5.0404,5.3135,73.7467,49.2243,54.4269,202.0222,3.083,0.2277,82.8382,0.1399,1.4605,1.311,16.4063,8.758,0.9441,22.4031,14.3939,11.6719,13.3809,4.1262,13.1211,31.9158,0.3283,3.4277,0.0176,35.8032,4.5608,11.2498,38.5467,78.1385,56.6249,3.5532,185.8513,0.2008,3.153,0.2472,0.0536,100.285,79.4577,9.0632,7.0255,0.1901,130.9154,66.3738,19.0835,0.5136,18.178,88.0892,23.1293,36.7071,314.3447,53.6607,15.5143,14.5249,12.8471,94.9385,168.2053,4.4523,16.1438,0.197,31.0044,471.276,0.592,71.7997,2.3841,58.897,41.1249,58.2524,32.8253,0.3045,17.9209,0.0153,0.0696,27.6349,8.5141,858.6902,3.3525,18.5543,14.6067,15.8689,4.1953,2.541,1.2587,136.411,91.4037,5.886,15.5138,16.1415,32.1633,248.8817,1.4974,5.3501,77.8439,115.4815,1.6253,12.0977,29.548,24.0974,5.0688,86.0182,27.3139,262.5702,3.1122,29.7112,17.759,1.4229,5.2641,67.4693,84.6222,29.5944,14.2248,0.0,0.2715,5.613,11.5701,0.9004,16.9066,80.3645,0.0,0.0,0.245,1.2288,2.1264,11.2529,0.0395,0.1844,1.2352,11.5247,1.6643,81.9931,222.7163,45.5231,0.0,4.4664,26.7812,1.6025,14.1839,2.7608,41.0772,9.0362,6.0547,0.4663,17.5476,15.4289,26.5382,10.7099,3.8361,20.8047,1.3662,8.7197,12.8954,6.495,0.0404,0.2048,8.9586,5.0759,62.2079,0.1367,0.0831,0.0,17.5136,12.7027,22.8263,0.9346,1.6979,28.3512,0.4825,0.55,72.0832,56.2509,269.4242
19.1392,44.7223,101.0118,16.1916,266.7063,243.2945,0.4803,0.1723,3.4207,1.1915,45.5917,30.3632,9.3556,42.4445,21.0244,48.0392,2.5899,7.8029,18.1662,118.2771,83.5448,67.9367,0.3406,19.7417,28.7139,45.6439,168.7751,12.4064,2.314,0.0,1.7248,27.7737,26.4467,110.7961,0.0,65.9161,29.2892,38.9048,0.0355,39.0522,36.7169,150.3929,57.282,11.7427,13.2869,0.744,27.6561,35.3944,41.3618,54.8976,24.5657,15.7668,16.8886,6.4143,1.8733,4.7622,0.0968,0.0246,0.0389,0.0,0.9664,0.7665,0.1283,0.1215,0.4438,14.7137,0.926,0.1106,19.3683,89.3542,51.7951,209.7193,0.8895,0.0221,15.6871,0.1495,0.0273,157.3574,203.2177,1.7504,6.591,65.4052,11.2816,34.5959,13.6191,19.9118,0.0,0.1728,0.056,21.4023,1.5003,11.6817,1.9381,0.6668,118.6765,0.0139,16.0525,2707.1546,31.9634,157.2717,41.2119,0.3507,232.4017,4.0497,92.7965,52.9386,10.4858,26.0558,72.9142,733.4042,2425.0627,0.1245,34.7759,0.0,12.4045,37.5701,0.3876,1.6158,12.0835,134.6789,0.3457,85.0989,1.761,13.8641,62.5356,57.8127,42.7976,21.4319,270.5163,970.4619,1.5093,85.9556,189.0609,2.8597,15.9427,15.3178,82.6182,26.8039,47.926,72.6246,42.2685,47.7488,34.0733,8.0036,63.3701,10.5037,28.2299,20.5517,58.0712,25.284,2.2396,10.8471,123.1833,179.2934,128.6635,11.8373,7.9801,104.6931,25.6131,68.7392,888.7925,8.1112,0.4595,38.6743,0.3137,13.0371,0.3573,8.8401,16.9237,3.3713,28.5746,51.931,11.074,8.0637,8.1502,17.163,7.5988,0.831,4.586,0.1355,50.0968,5.336,19.4723,30.1601,127.9801,5.7848,1.7337,43.7996,11.5202,4.1742,0.7107,0.0,94.7044,47.1464,16.1531,14.6199,1.3662,63.6919,59.6795,25.6719,3.3998,27.1531,1.6243,49.1175,62.087,192.2783,58.8241,23.0118,39.603,14.1115,47.8107,180.8869,10.0331,14.0146,3.0071,34.7153,66.3461,5.8376,79.339,15.4379,57.6087,37.1244,36.6672,29.6452,0.5778,34.1933,0.1367,1.5002,12.1934,7.3328,115.3229,15.6442,74.405,19.579,7.6424,33.4223,9.618,5.0461,52.1131,56.0675,8.3728,35.9255,20.3214,42.9057,524.5441,6.0467,17.0278,41.6152,46.089,1.5934,22.3869,32.1939,11.4516,17.5047,119.0627,19.7728,829.401,28.9716,47.8555,11.5069,7.7468,14.0587,138.4371,73.9554,4.2217,27.0116,0.0321,2.5855,7.1621,10.7492,0.1809,0.7725,43.4937,0.0,0.5077,4.1547,4.8201,11.8934,30.3987,0.0788,0.0882,4.1451,4.3848,11.5268,38.524,156.2121,3.1151,0.0165,6.3992,42.6318,3.0045,25.3733,5.9358,247.6713,88.6833,3.0866,0.3318,33.3013,13.9437,78.8971,14.7803,9.7973,43.66,6.8842,8.9885,10.4929,29.9464,0.6089,1.6324,21.9803,4.4863,3.4138,2.7627,5.0615,0.1867,0.7253,16.1664,17.2799,3.5203,2.5814,72.9157,8.943,0.8539,76.0342,31.7175,253.499
8.0525,12.3536,34.1844,8.3694,123.3033,86.9998,8.7772,1.0232,31.4304,29.192,27.5681,80.1368,13.7509,37.5163,20.6086,1.4686,7.6811,3.3954,13.8731,15.0536,236.7137,176.7265,23.0968,0.5629,35.9513,72.3673,57.8034,33.1609,10.2322,0.0,58.5765,58.3478,27.8885,237.7556,0.006,153.1901,84.0175,34.8279,0.1509,97.4705,31.475,54.4947,14.0829,1.0226,13.2011,1.1988,28.4849,46.0085,351.9107,153.1087,51.5184,20.6842,80.2108,37.0821,6.7568,2.0678,0.028,0.0,0.0075,0.0,3.2491,0.0952,0.8268,0.8518,0.2217,0.8635,1.4206,0.942,10.5546,96.3531,9.2171,118.8977,29.8928,0.1989,34.7387,1.0073,0.4115,448.2553,344.6405,5.4971,13.7929,39.6276,20.0987,69.4743,9.524,19.0705,0.1469,0.0334,0.5189,21.1288,3.5068,3.8627,2.5593,0.0881,102.2976,0.109,13.4397,1894.2524,12.5658,83.1737,12.2565,9.2141,76.9382,11.1382,55.8754,31.5476,15.3267,35.0608,2.9873,460.4838,1927.0928,0.4441,34.7541,0.0097,7.9786,15.7993,1.8218,0.7402,1.8911,35.4791,4.6282,13.3721,0.2768,335.2112,34.9183,65.8897,89.7593,49.6676,112.9613,431.0477,142.9093,32.2523,321.9357,18.3086,12.7879,31.2118,80.5306,38.0603,119.0404,171.1954,122.9919,15.157,63.8794,8.6848,33.2698,18.8138,30.3158,16.1517,55.8203,26.5698,4.3464,14.0618,4.068,221.2064,19.4374,7.7316,9.4165,14.8481,36.4386,37.5155,535.0152,1.6902,2.5702,26.3337,0.3721,8.0159,0.2346,24.5031,31.3918,18.7881,17.1897,151.2285,16.7676,3.6632,5.3617,14.2759,19.3112,6.0563,31.4364,0.096,36.3799,10.3158,2.6551,21.7477,37.3835,18.6187,4.6879,59.9021,6.6947,13.6648,5.5038,0.1061,103.0888,119.642,10.8353,24.9698,0.3731,54.8549,57.3382,29.7225,13.0269,29.9312,3.696,55.3544,60.4551,268.4555,95.9824,28.0119,1.5775,19.6615,54.7114,75.7988,6.8852,53.8777,5.2027,24.63,200.6461,3.8824,64.6758,1.1206,72.0918,43.1933,43.9972,86.1259,0.9039,13.9824,3.2523,13.0127,25.693,2.2864,7.9412,18.3324,7.4728,20.9237,28.3575,52.1996,4.6039,0.7389,52.1087,97.0435,13.4643,53.1826,17.1806,29.5798,400.3802,6.9623,20.0595,10.2513,107.9211,5.666,9.4265,27.6796,152.5688,44.8707,81.0703,52.9492,522.4776,17.7625,45.328,14.3993,9.1618,9.5754,100.6254,186.012,7.3898,28.6392,0.6695,5.4964,26.2395,21.5686,0.3145,0.5172,29.7494,0.0,0.6513,1.5413,7.2764,1.518,3.3292,0.6715,10.7221,0.495,31.0306,2.8721,54.3323,183.8476,3.8566,0.0,6.8099,22.6332,28.9559,54.2256,26.7394,32.0581,21.1861,11.2557,9.209,18.624,20.272,32.102,19.2607,11.8918,21.2959,17.5322,7.8897,11.732,45.9535,2.3596,0.9121,13.2007,7.9708,7.7273,2.6829,0.1233,0.027,0.1801,1.699,1.2446,2.9619,1.1986,57.7423,3.7843,0.0742,66.3442,47.9066,182.0634
7.5454,43.8648,79.8191,16.5814,262.6863,81.7874,134.0206,2.5339,70.4548,1.3666,39.1704,27.3035,21.8644,47.621,32.3404,57.7909,8.907,75.8635,32.8161,65.8885,45.1436,20.7173,1.5626,0.2269,57.1982,113.3209,234.7968,32.0786,16.5532,0.0,2.174,51.6998,35.2347,300.0661,0.028,189.7328,10.7111,41.069,0.1122,44.8166,33.5475,275.9008,62.9924,36.2871,39.6498,3.2168,101.9812,89.4697,155.1031,27.2748,55.4401,36.9346,41.9103,26.8061,0.719,0.9327,0.0,0.0998,0.0,0.0,0.6303,0.1483,0.1303,0.1152,0.7049,0.1145,0.0914,0.015,2.3734,365.8821,46.7937,246.3726,2.5545,0.165,28.0742,0.5571,1.8502,51.9288,214.6598,5.2755,8.5647,48.7067,64.7484,80.8684,3.595,58.4717,0.0,0.0,0.3033,17.4346,1.455,13.2324,2.5338,0.186,111.5439,0.0094,59.4072,1549.8525,74.1473,250.6707,38.1884,0.907,203.8393,38.3751,71.0306,77.5909,27.7642,130.6118,75.1412,652.1506,976.0941,0.2596,11.9206,0.0,27.2818,40.2838,21.9379,1.3234,5.4562,316.286,1.0517,37.0251,0.5733,51.0667,72.528,71.1758,60.2685,68.1951,131.4676,725.517,3.8998,53.1722,289.3109,5.2464,74.3839,6.1344,86.6031,14.62,38.5511,851.3016,211.5124,119.5628,57.6873,23.43,144.459,29.9337,47.4475,61.6,43.8515,51.9015,7.2016,36.9721,1.6564,16.9182,31.9637,24.5608,42.7855,59.8477,104.7836,42.2461,126.7227,19.5977,6.0569,92.7275,0.6475,12.6903,0.4194,2.74,4.8805,3.1769,45.164,22.7306,17.2818,6.6955,43.4513,49.8967,28.6357,11.4468,106.4029,0.6935,39.2415,7.4802,40.2091,95.1911,83.0542,4.9373,28.8678,62.8999,0.5573,4.2597,5.1661,0.0,130.2316,35.0471,22.8393,29.3067,12.406,81.2804,115.142,10.6053,3.8461,62.1282,5.1407,58.9869,52.8807,367.8501,41.324,5.7912,27.6602,50.767,63.7943,176.8459,12.035,5.2401,43.0997,39.5458,11.7679,12.7509,40.3969,0.1685,26.2217,40.3728,111.9845,42.1308,0.0,18.9421,0.4234,0.1207,2.5251,22.6118,929.447,1.3266,16.0963,53.9829,43.0621,15.1259,17.1725,44.1308,728.3128,173.4272,33.5292,37.64,43.1887,23.3295,106.7354,10.7369,15.3618,6.6182,85.9867,1.3578,5.8877,60.0976,24.1683,132.9036,80.6528,99.0971,261.1193,25.3167,50.4873,39.2036,14.6029,18.3706,101.2779,38.7041,1.5304,45.0975,0.087,2.971,3.6783,506.0145,1.5929,0.3953,40.2596,0.0,1.1298,0.6883,0.4886,16.4941,100.2911,0.1677,0.4778,1.0287,18.1632,1.0542,132.1895,249.1225,3.9673,0.2011,6.756,30.1255,1.632,14.2068,2.9511,105.9871,10.2066,0.601,0.0,4.6347,28.4158,113.1966,42.7187,15.0905,50.4082,38.5689,18.9607,19.5454,39.119,0.6225,0.7898,38.4208,51.1418,12.0852,0.1054,0.2884,0.0632,0.4211,5.0266,35.2614,20.7564,21.1729,48.9606,5.0635,0.2892,28.3039,59.5211,313.1797
1.9394,20.0314,47.8078,21.6335,210.8834,38.8806,172.2745,1.0966,191.7429,8.0062,36.2382,88.523,22.7384,44.5322,28.0658,32.8898,2.6921,22.1099,8.4374,51.9989,82.9492,56.8622,0.6594,0.3082,28.5017,33.1988,48.2329,44.4432,15.015,0.0,11.9286,14.1421,11.7043,153.5518,0.0054,37.7199,2.7438,47.483,0.2209,50.0114,14.5024,79.2155,32.1966,13.8137,6.5994,0.0482,42.0188,39.8832,128.5989,40.0448,35.6728,35.4132,24.2639,15.8502,0.8946,0.4766,0.0,0.0,0.0136,0.0,1.2859,0.0,0.0674,0.1597,0.7402,0.0611,0.134,0.0087,6.0989,108.2682,13.901,121.4119,0.3367,0.0815,7.0191,0.7174,0.4452,50.2881,78.4864,4.3236,5.8192,111.6708,26.4967,43.1613,4.7373,12.339,0.0,0.0,0.5002,5.7789,0.3854,3.9761,11.3829,1.3687,52.7026,0.0183,13.4389,1616.9184,15.9423,163.3662,8.4048,0.5616,104.6687,8.8546,99.5723,18.5784,8.0244,20.9905,18.4489,506.9485,640.2438,1.2642,23.9412,0.0088,9.577,19.7444,3.6004,0.5531,44.2313,117.2266,1.5242,48.3678,0.7966,36.0146,36.1587,38.7588,68.9109,59.631,106.7489,886.4164,3.2401,13.7874,211.9839,7.4697,45.7756,9.223,95.6103,16.71,23.94,342.9259,67.3142,193.8272,33.0694,5.0639,51.4432,6.9299,23.771,9.1696,35.4918,14.4717,1.5604,8.5181,79.298,84.9411,81.36,5.9961,10.2085,34.6934,47.4092,60.3116,228.7031,2.0947,0.6876,38.4726,0.7224,4.1932,1.0268,12.0422,7.7097,7.2695,18.4593,49.0298,18.1253,4.7605,4.3776,14.1263,12.7271,3.2424,48.0445,0.19,30.3663,8.532,14.7376,52.0163,49.5819,25.8947,15.0243,60.5521,0.4236,4.6377,3.185,0.2647,53.4339,106.5313,8.1711,10.7487,0.4373,44.8345,75.2651,6.2218,1.1979,21.8523,5.1236,11.7305,53.022,604.9257,101.4117,3.9679,14.4591,19.6922,37.5606,97.9513,11.4152,7.3507,7.6283,32.36,23.5826,2.0546,52.3278,0.4757,48.9554,33.5192,53.3978,24.878,0.3645,21.2592,0.0,0.1796,18.7702,4.8641,187.5721,3.9473,13.8364,15.3807,25.1423,54.7571,3.6001,2.9466,87.9197,83.8126,19.5907,24.093,13.8927,16.0541,272.201,6.0663,9.7769,35.0454,94.0918,2.0673,4.5231,16.446,17.0829,27.594,92.0224,45.6051,258.267,13.4872,36.7908,19.3318,4.3627,7.7531,32.5201,63.1137,3.3136,12.897,0.6075,2.3811,2.721,37.844,2.3539,8.7358,75.6623,0.0,0.0953,1.43,2.5858,7.6797,12.1138,0.0592,0.1755,1.6081,3.6407,0.4833,29.8902,133.2889,27.127,0.0,8.7529,14.2406,2.2286,24.7286,2.0583,87.9789,8.1448,8.2151,0.3489,6.6968,56.7292,31.2571,11.9858,6.7953,20.1919,8.7525,8.2051,10.8026,15.0011,0.604,0.7279,9.7594,4.7005,14.3341,0.2046,0.2363,0.0,0.1634,1.8144,17.0731,3.2423,5.2334,35.9031,1.7539,0.0224,30.1653,36.963,184.8001
3.5507,19.6057,71.7208,23.3215,360.5942,65.7887,53.7787,2.1733,49.052,2.2358,50.6467,48.5137,11.2193,50.8279,16.5419,24.1921,1.6223,12.6938,18.2597,58.5493,88.4626,60.2132,1.6307,11.0239,25.7584,81.5162,137.501,22.2287,5.4156,0.0,2.8493,22.1484,22.9306,101.7402,0.0111,91.3986,7.3247,42.5673,0.227,78.8267,32.2502,136.4962,19.2924,13.6986,11.4151,2.3229,82.301,36.9241,98.7983,54.8308,45.4257,19.9561,40.1258,24.1905,1.2731,2.386,0.0,0.0,0.196,0.0,3.8856,0.207,0.1385,0.7087,0.9257,1.5128,0.3584,0.2479,12.1578,210.3189,46.5464,105.5586,0.4035,0.0777,9.9313,1.1307,0.2213,196.5021,65.3535,3.5969,1.4467,85.5109,31.1273,48.4371,7.8775,18.1112,0.0456,0.0,0.136,8.7968,1.6206,4.9276,5.7144,3.4581,112.1894,0.0188,20.2126,2161.836,22.0075,280.9864,29.7853,1.3044,280.3736,6.585,41.7196,43.0159,18.2013,28.1348,47.3805,884.5809,2064.1679,0.8537,34.5093,0.0,6.8574,15.4869,1.8842,3.8558,380.0822,304.6695,0.665,50.7243,0.3981,46.6267,54.3233,55.2404,62.9279,42.5631,110.0899,1043.2491,6.725,41.9876,228.1922,7.9411,73.1797,19.8498,70.1957,31.0119,47.7245,411.2649,103.6316,301.7895,33.4702,6.0781,57.2885,10.4721,35.1898,18.3899,56.6693,22.5061,2.5013,10.1624,353.7522,295.519,57.3554,9.6294,10.7155,106.5077,63.3742,56.5594,230.3207,40.4761,10.232,62.5349,0.3953,8.4743,0.4631,26.7543,12.1377,14.9092,26.4134,68.2394,15.5256,9.9399,15.3548,22.2923,17.1318,4.0501,12.8533,0.0569,18.461,9.8604,28.1604,24.8572,121.4674,19.0434,2.4423,86.2926,3.4349,3.9977,3.2415,0.1112,133.5122,49.2773,12.7647,8.8898,2.249,72.2593,71.794,19.6909,1.9363,20.9008,15.3436,26.2858,70.3418,496.6316,88.2687,19.7253,15.3845,14.3645,84.245,83.8432,6.6594,15.6159,9.3924,32.3293,167.8092,3.9684,69.023,1.466,62.7663,66.8493,56.586,68.7941,0.2809,73.1173,0.3482,0.2567,10.3044,9.5757,553.0119,6.9166,18.0856,21.8793,20.5829,23.3196,3.5783,6.7591,72.3845,91.6848,13.6935,30.4831,20.0006,29.9546,303.5123,3.7815,12.4175,44.8568,95.231,4.9622,26.4,20.5076,38.8308,35.5296,98.6386,47.6482,831.318,9.6151,26.7162,29.133,5.9477,9.1888,32.5752,70.3345,7.113,25.2441,0.2254,5.2099,1.683,34.0925,0.3664,4.4407,37.4086,0.0,0.3525,2.6797,3.9314,8.8732,20.9256,0.1823,0.2653,1.8798,5.1716,2.3513,37.4887,195.4753,26.4004,0.0,5.4168,14.8129,4.4662,25.1597,6.3604,129.3093,41.857,5.4594,1.2007,9.5611,36.7624,83.2799,11.2172,10.5666,32.951,11.3072,5.7481,9.6579,25.9895,0.9896,0.7006,9.0618,12.6213,8.4073,2.0384,0.0894,0.1512,2.4808,13.4399,15.1333,4.3508,1.6806,34.7433,3.9128,0.2306,54.8473,66.6467,539.9492
0.9427,37.3525,90.8616,5.1415,200.7527,75.865,89.5211,2.3705,39.5,1.5857,39.9704,12.5134,13.043,33.4348,29.9847,14.6737,1.1999,21.7647,8.1021,77.2541,18.4295,21.839,0.567,0.5879,14.311,60.4913,53.3472,6.9085,2.137,0.0,0.7881,24.0031,16.7424,159.8663,0.0079,83.3729,2.9761,57.8386,0.1264,71.5622,23.6301,83.8536,83.6723,27.6458,12.6046,0.0544,13.2836,10.0895,80.8415,105.1028,31.2115,27.4355,10.561,10.1069,1.5482,0.5165,0.0,0.0,0.0,0.0,1.4654,0.2924,0.1712,0.2224,0.0584,0.6532,1.5673,0.0464,2.6732,146.4748,23.2386,158.7689,0.4072,0.3717,6.3322,0.3565,0.2084,8.926,178.5421,1.5645,0.8758,67.3985,14.7554,26.2573,4.5828,18.8044,0.0645,0.0,0.7686,4.9648,0.8844,4.4098,1.7493,0.0823,156.5231,0.0372,15.5682,3252.3593,29.1647,173.8601,29.3742,0.3588,38.9983,5.5686,115.5899,25.4276,7.2184,16.9964,149.4313,457.9973,1321.9992,0.1389,14.2051,0.0128,4.3807,18.3382,0.7229,2.8092,13.1121,89.176,0.2776,14.6395,2.9681,50.8443,30.6936,17.7305,69.6443,15.1469,146.5056,1476.5027,8.8596,15.9342,337.3036,1.546,4.2861,4.6624,37.6789,5.4167,41.5985,370.4946,15.4347,15.6114,16.2438,6.3875,32.2355,10.1688,20.9862,13.0676,6.1165,5.6585,2.9692,14.5259,52.1175,76.8525,9.7241,13.9013,14.4795,76.9442,24.7347,31.6551,105.1357,43.2607,31.5624,43.1726,0.1139,2.8543,0.6723,5.4866,6.5668,3.1807,40.5625,15.112,9.5084,5.7225,5.0756,18.0174,18.8707,1.2985,7.0579,0.023,19.364,6.248,15.0072,18.8852,83.0186,22.8309,1.2124,41.4114,7.2845,0.7483,1.0628,0.0698,50.4498,82.1988,7.0381,8.5437,0.192,47.3715,146.6115,25.0363,1.0657,12.6291,3.7512,13.4786,87.1871,526.2261,25.388,63.6175,31.9239,11.3243,102.9419,78.2509,4.2186,13.2799,9.4491,15.9565,61.0284,4.1007,47.6842,0.233,93.8039,35.3364,42.1701,64.7121,0.0882,18.2893,0.0894,17.1899,4.7849,6.7101,163.6699,2.203,9.3646,11.1931,7.6313,13.6062,1.5287,2.1819,45.948,45.5032,16.1129,15.0162,9.677,35.16,710.6433,3.7784,4.4269,22.6646,111.114,0.9117,6.2455,26.1597,10.8142,59.2257,63.6921,21.6395,416.8196,4.6377,39.3076,7.8554,3.8391,3.7356,16.0942,135.1769,4.9216,34.9185,0.2449,0.8298,2.8779,19.5514,0.5175,0.9036,23.8638,0.0,0.0553,0.7981,0.7254,3.2353,16.6747,0.1631,0.2739,0.9334,6.9429,0.8002,30.6634,101.0104,3.8185,0.0252,7.1199,23.8512,5.6166,6.177,4.5684,61.9501,5.0718,2.9728,6.2271,6.1705,34.4631,39.9146,10.0391,12.4044,20.0361,22.0094,14.5501,6.4841,19.3077,0.2191,0.3892,4.8741,7.4203,2.8474,0.564,0.3789,0.0712,0.3689,10.3732,24.9431,3.5751,3.1968,69.8664,1.1498,0.0,80.6583,49.9964,151.5918
1.5457,49.7024,88.0736,0.4512,188.5671,164.9268,64.7938,1.5842,5.5563,1.7528,53.8698,93.6669,3.9805,33.2622,60.6264,2.7129,5.2706,24.6354,14.7883,142.8819,17.8464,27.4391,0.1993,0.0595,19.6155,47.7755,42.3798,5.9897,6.3796,0.0,1.5231,46.9226,26.183,147.1588,0.0092,45.0913,20.9825,67.0774,0.0,67.0842,28.5636,76.1304,166.4231,10.7666,9.1631,0.5701,3.7834,21.2758,18.6211,69.9184,46.3096,28.5647,13.9995,38.5064,0.1247,0.1019,0.0,0.0,0.0,0.2284,0.0953,0.1458,0.0427,0.0216,0.1495,0.0282,0.0599,0.8002,28.1123,4.798,7.7126,273.6654,0.2527,0.1475,11.019,0.0498,0.097,8.744,51.0626,0.8276,5.1822,72.9162,37.7826,35.7503,43.4882,19.4687,1.2379,0.7158,0.3975,19.7329,0.6055,2.3872,0.115,0.0087,75.5644,0.167,7.4194,1504.4028,32.769,207.3973,21.4859,0.1203,194.6451,5.0324,59.036,42.6896,12.4218,58.0428,71.5371,668.8263,920.4971,3.0705,10.2981,27.1685,6.7067,15.0564,1.3001,0.3336,25.34,46.8857,6.731,0.3147,14.3014,22.315,17.583,31.3423,207.0276,21.3083,157.5665,169.8042,0.3474,15.2262,291.1862,0.6997,57.4502,4.2336,61.2125,19.4756,103.3272,249.9921,57.9326,41.1483,28.1741,5.8002,7.9749,16.389,31.2183,17.815,3.4205,7.9534,7.8665,23.9976,0.3852,18.8469,13.0008,15.5267,8.7168,4.487,32.1503,79.9305,157.7526,3.1795,0.0628,47.02,0.053,2.8968,0.3172,7.6987,6.7086,1.2001,38.2378,7.9131,6.9925,1.4271,2.3972,17.8343,5.0571,0.6044,18.8587,0.0802,23.916,1.7804,2.4743,27.4847,109.5107,0.8461,5.7209,100.769,0.2283,4.5582,0.5622,0.0406,53.3277,46.899,11.3372,17.6737,0.034,79.9645,176.2845,51.2413,2.1956,26.3144,0.2622,21.4571,104.107,242.268,14.089,38.6112,37.0849,17.2957,40.5378,49.8213,2.2923,35.7262,10.3057,39.4459,1.9861,1.2423,81.451,0.0201,47.6429,27.6281,17.4599,53.3297,0.7438,11.8056,0.0578,17.3808,0.4478,6.6413,37.1827,2.0065,17.2628,12.6542,11.6428,11.0977,2.8984,5.4989,86.2107,56.7549,8.4099,25.2803,10.7479,31.8532,504.6513,5.1768,7.0569,18.1083,47.3048,0.6503,5.1142,15.1966,26.6013,50.9762,117.9335,46.1639,1564.7978,4.9346,43.1836,6.6691,12.3402,6.3766,18.6964,361.7535,1.6365,35.8238,0.0285,0.5382,3.3006,2.7887,0.4818,0.3353,8.3153,0.0,0.5151,0.9288,0.262,0.4797,9.6338,0.01,0.2796,89.7448,15.9244,4.7413,67.2256,85.3513,0.52,0.0,0.4558,35.5505,4.8726,8.3299,5.9613,45.862,0.7333,27.078,1.6202,4.346,2.3156,62.1414,17.9917,16.4532,22.1647,38.1269,9.7072,8.7777,12.9766,0.1326,1.7598,3.8051,6.0927,21.0946,38.6911,2.6248,0.0829,76.2893,0.1613,34.8056,4.5306,6.3575,59.3926,0.4907,0.0379,84.5366,39.9768,249.4549
3.0694,91.0161,98.7968,15.4145,489.0927,94.2002,125.1306,0.212,106.241,11.7352,51.1657,80.4475,15.0707,37.0921,20.2344,49.8466,3.4547,3.7395,11.4168,92.2311,13.8117,18.2918,1.0179,0.9592,49.62,54.9717,76.874,30.0717,14.2812,0.0,3.1883,31.3279,16.8886,121.4012,0.0,64.4797,13.2753,43.1233,0.0408,55.3085,29.3589,135.2523,43.9921,14.9344,29.0754,3.4367,42.6777,23.6729,86.7281,91.9342,29.8523,41.2601,59.513,32.4363,2.243,1.4176,0.0256,0.0,0.0069,0.0,2.6378,0.029,0.187,1.0693,0.7384,0.9751,0.7513,0.0088,6.0802,46.3709,22.9693,134.4429,1.113,4.726,9.9846,0.8127,0.5069,6.62,124.5744,3.9483,6.5044,162.9068,17.4458,28.409,10.8855,15.4762,0.0448,0.0,0.1632,8.8541,0.3887,0.1976,8.4863,2.8021,95.0231,0.0296,17.7758,1120.7538,57.2508,230.9635,24.0892,0.6086,90.9354,4.1086,49.7474,41.2641,24.1127,30.5978,52.7901,501.9662,2657.0931,0.1778,34.7495,0.0,27.9027,31.1117,5.4806,2.7692,20.0294,94.4158,1.0387,39.6212,5.0519,80.772,49.8384,38.6115,67.6755,39.6247,188.0429,939.9629,7.7354,32.2222,212.4496,3.8322,51.0965,3.5601,101.0607,54.4298,14.7282,411.0597,103.3052,180.6191,30.8628,9.3932,57.4145,17.3883,38.2015,35.2571,75.693,9.5524,1.833,14.667,7.1312,86.7203,16.498,18.7645,13.6906,74.2187,62.0191,82.752,244.1477,7.1045,2.1926,65.8297,0.7761,9.6031,1.0355,45.8062,8.4151,4.3606,24.0635,28.1511,10.76,3.7639,10.4743,28.3868,14.6833,2.3781,12.3875,0.0559,23.335,5.5379,23.2119,91.0212,91.9251,15.6985,1.6469,109.1826,1.5724,3.4819,2.6076,0.1092,64.7864,65.114,15.2919,9.5463,0.3675,87.6676,49.5743,12.911,1.7354,24.1525,33.8674,36.0115,113.2038,414.4465,83.2541,150.5753,8.8077,12.6061,68.2831,58.857,6.5751,19.1102,22.7778,35.6194,47.7378,6.6181,61.4315,0.5756,79.3927,28.1024,17.8533,95.9123,0.0919,32.005,0.0207,0.0236,12.6621,17.3964,97.1199,0.5858,18.2664,28.51,21.3093,36.5108,6.4731,4.0984,205.4392,97.3646,26.9984,24.9757,21.7422,41.9538,824.0384,3.651,11.5234,59.0741,42.4057,1.2263,11.9008,16.8935,16.68,74.2313,105.2712,50.9642,840.1926,11.732,34.9993,10.8093,11.6958,4.4469,24.401,96.6022,6.6675,24.9672,0.3063,3.2427,3.7103,8.5687,1.9902,9.5743,35.2062,0.0207,0.3461,10.6652,0.8171,6.8387,7.8321,0.0656,0.2271,2.8128,4.8076,1.1631,64.3512,146.5641,25.0417,0.0,15.8556,15.5096,1.2696,12.0535,1.8414,99.8677,12.5931,2.5161,2.375,30.614,40.8404,70.2664,21.4089,14.793,23.406,20.4003,6.852,17.6845,8.8794,0.3228,0.8346,7.3306,7.4818,4.2956,0.5983,0.1881,0.0,0.0732,14.5146,26.5802,6.0083,4.3403,75.1724,7.7142,0.0,78.7713,62.9218,397.0238
5.3021,14.336,26.5582,5.0659,43.0725,37.4918,133.2623,0.4683,11.8857,0.5238,35.587,12.7831,4.6092,35.6354,8.6617,1.1758,0.6731,6.1216,8.9669,41.7564,60.0266,56.2353,0.6712,3.3205,18.4985,58.5434,54.786,4.2553,1.9883,0.0,21.066,20.5038,16.9774,123.5755,0.041,41.8838,13.8106,31.8521,0.0157,23.1023,14.969,56.6787,30.0495,4.7666,15.4955,0.1754,6.2533,32.2222,36.9016,37.34,15.4148,11.328,15.503,42.1518,1.1985,2.6733,0.0,0.0,0.326,0.0,7.8728,0.1087,0.0955,2.3318,0.0912,0.1259,0.1811,0.1171,8.8584,18.3823,9.0485,85.4184,0.5652,0.0586,8.0242,0.0124,0.3616,208.6887,321.7532,1.4807,1.2172,78.0892,11.4472,47.1351,15.1678,13.055,1.0067,0.0,0.1297,8.4218,1.1396,2.8793,3.6766,0.3699,38.8082,0.7748,12.5589,943.1371,5.5751,74.1572,19.4532,0.8599,73.2494,7.2093,34.8679,33.0837,67.3657,21.9403,33.3402,1716.4555,1559.4865,0.7038,4.7316,0.0333,3.7728,7.2374,0.6841,2.1387,85.0739,26.1561,0.851,10.3806,0.2078,74.356,24.2682,58.9023,62.8939,22.1062,136.7405,393.6465,5.8548,17.6648,225.6453,3.2239,4.2191,19.7389,39.7125,16.2397,49.8345,48.5413,49.7354,20.6574,14.8822,5.064,10.0425,7.7241,12.1376,7.0592,20.7124,38.0117,7.1377,6.3849,50.0437,304.3032,1.3656,4.7713,7.8112,97.0812,19.7026,26.6436,112.6289,3.4219,9.369,33.8384,0.2867,3.484,0.0631,9.3709,9.2286,12.0239,19.1576,46.0809,5.6688,3.3865,5.6216,18.4132,3.4205,1.1861,8.2088,0.0797,11.0714,1.0079,3.929,21.6866,89.9524,0.9405,4.2934,32.7976,14.829,7.1828,5.0666,0.2575,43.1929,32.0164,9.9992,10.7618,0.3839,19.7431,51.2467,13.9478,1.3764,19.9371,67.7445,13.3857,65.8134,412.54,28.2249,3.8773,6.9572,7.1806,32.3471,40.8754,3.1149,22.9224,2.1155,11.5318,53.8742,1.5217,37.4189,0.5315,105.3709,11.3009,12.9091,16.2401,0.325,52.7339,0.2198,1.0126,20.5959,2.1556,33.0472,48.4287,7.6368,11.3689,10.0344,18.1852,2.7623,1.3302,96.5027,66.0199,9.0086,21.7946,23.5462,33.0995,412.7849,9.059,35.5035,3.2021,70.5119,2.5514,7.0141,27.2276,30.7068,34.1935,61.0508,23.0769,541.7455,2.2761,15.2886,9.5707,6.2791,6.8676,14.0123,65.1656,10.3891,19.1714,0.0425,4.6969,1.1217,12.5594,1.2272,0.0,13.5825,0.0,0.192,0.2572,26.5188,0.6736,6.5778,0.1043,1.384,3.6857,13.3111,8.6029,53.969,115.6976,18.7664,0.0109,4.757,11.2437,17.9058,13.0387,5.5166,19.4295,28.5734,7.5073,0.2416,7.8382,3.9023,23.3217,39.8528,5.3514,18.1928,3.9232,1.3762,16.6727,13.605,2.433,0.6849,7.1309,5.7958,6.4467,15.297,0.0626,0.0,0.1143,0.0687,125.4033,3.7618,0.983,21.6593,2.5537,0.0283,47.1767,35.614,1.2393
1.4754,39.3658,35.1485,6.4466,100.6686,63.6661,80.358,0.8096,27.4117,1.7466,31.1211,26.3867,0.184,36.5336,22.6896,37.0173,1.3103,33.9183,6.0225,25.0776,84.6805,56.0126,24.1072,0.1031,13.3865,45.1433,52.954,1.4168,0.7028,0.0,3.2077,20.3113,12.1573,140.5896,0.0476,97.5333,23.0865,42.6093,0.0137,22.2662,15.8398,63.2447,79.6093,10.5465,13.946,0.3294,0.4636,19.0424,50.0796,70.6041,17.2402,13.3652,13.2455,19.7413,0.9129,0.2119,0.0,0.0,0.0399,0.0,0.5325,0.0,0.0,0.0935,0.1295,0.4229,0.0404,0.0255,8.6563,0.9007,7.2524,100.9291,0.5475,0.0511,7.4208,0.1007,0.1471,161.2443,140.8524,0.7412,0.6108,16.0578,11.4345,30.1904,7.313,16.0608,4.5189,0.0,0.0861,17.0549,0.0394,0.6509,0.6763,0.2226,105.8487,0.0,6.7346,1119.4202,16.3101,135.7296,21.0942,0.3435,79.9666,5.2173,74.7409,17.0268,3.8908,14.9213,78.6965,475.4118,1161.8172,0.0221,22.2478,0.0129,2.3807,15.0303,1.1599,13.5017,52.5246,40.9188,0.7233,4.9015,0.5987,30.7634,22.3336,26.0701,45.9931,20.1258,160.654,348.9352,5.7635,22.6776,251.9832,0.3754,36.99,10.5679,72.0991,42.724,59.5306,152.2293,144.531,61.3909,14.4165,13.277,13.0215,13.7523,14.7896,13.4199,8.9512,43.902,7.5871,11.4758,13.9606,119.8905,15.8764,7.9705,11.1464,2.0879,12.3324,19.7575,73.896,22.8652,0.3264,48.5763,0.046,2.9792,0.0733,11.8166,12.1524,4.9373,25.0644,27.5994,3.6778,2.5457,4.0612,8.0332,4.0616,0.7704,6.2098,0.1506,14.7499,2.9965,49.3663,17.9049,56.7916,0.6303,1.6786,24.0105,0.2242,18.3978,2.1764,0.2641,40.9695,43.1721,5.9299,12.9055,0.0814,76.3079,85.6032,21.6788,3.8195,10.5975,169.6154,16.9112,37.2505,231.9208,19.7971,20.914,22.9652,9.3751,71.033,55.3501,2.98,16.0423,11.0672,33.0236,10.177,2.8932,46.8552,1.1487,48.5016,11.1725,15.7408,43.7623,0.2445,12.7215,0.0551,0.0229,9.6856,16.489,65.8778,1.6423,8.4879,10.2724,5.8286,6.363,1.8227,4.5601,29.8234,45.424,7.061,15.6003,16.7231,29.5575,494.4824,10.6681,13.4566,12.3846,14.1115,3.243,3.3671,15.0028,11.6318,33.8822,46.3555,24.4455,1075.1597,11.2259,24.8902,7.9806,11.0261,5.9531,53.0202,103.7557,10.2709,26.4105,0.1976,5.6663,1.5705,8.3459,0.1044,0.0264,12.6584,0.0,0.0,1.3799,6.2568,0.4399,1.628,0.0433,0.063,0.1055,2.303,5.7796,52.8815,48.8928,0.3892,0.0,10.7362,15.6748,8.2512,12.6769,26.9898,23.4417,9.1146,40.522,0.434,12.5009,13.696,43.5791,10.6455,14.9631,9.7067,15.1951,2.8731,8.5286,33.5579,0.274,0.9532,3.6295,5.8799,6.269,0.2695,3.9855,0.0718,10.5499,0.3394,11.9345,5.2057,3.8092,75.672,0.7036,0.0,76.746,31.978,118.5288
3.6219,25.5131,83.5548,13.7618,31.5648,98.3794,0.6234,0.9488,0.6508,12.8346,20.9607,42.0878,4.12,34.8681,13.8412,4.5564,1.5472,11.8816,20.1722,166.4414,67.4636,47.6087,1.7424,2.4916,34.4507,61.6305,215.7877,12.0592,3.8096,0.0,1.5874,32.4141,30.0798,177.0282,0.5946,66.5875,62.0382,55.7835,0.1291,104.7727,46.4569,35.392,81.9243,18.9321,39.7087,0.1191,3.0767,46.1373,17.986,34.2809,20.3998,25.3677,21.7392,1.1899,0.4498,38.8815,0.113,188.6109,0.0101,0.0501,2.6202,17.9923,0.0999,0.1041,0.0596,1.992,3.5414,0.0129,122.963,241.7597,34.2331,124.0621,0.0554,0.069,3.2929,0.7279,0.0638,158.7354,47.9631,5.9204,0.2179,7.6945,180.6184,41.3397,2.5633,18.0598,0.0,0.0,0.1308,19.319,36.7108,19.1824,1.3908,8.6632,197.7275,0.2767,9.1165,859.1335,177.5503,188.3304,59.6032,0.838,90.3267,5.5774,27.9528,19.3572,2.1019,49.2433,101.4551,2231.4899,5521.3761,0.5222,18.37,0.2219,1.78,7.1021,0.9727,32.6271,12.0329,44.0854,1.1572,7.9819,7.4948,5.4354,12.6094,61.5908,42.5942,17.7551,32.3765,186.6517,23.0396,73.5891,288.754,7.8265,0.7856,11.2921,74.5317,83.4257,15.2394,3.8694,323.0511,24.4318,31.3419,7.2616,12.433,14.0389,22.5645,35.7549,11.4649,1.5514,1.3038,16.241,6.0512,34.6199,24.466,85.4615,16.4849,24.2225,5.9124,237.3043,169.602,4.1002,1.0047,83.2011,0.3141,1.231,0.8161,192.8886,6.9461,5.5108,41.6446,16.7586,2.9128,8.6475,3.4447,32.6303,25.611,1.0682,2.7307,0.0235,55.8868,3.0781,0.8992,13.454,276.2541,0.7682,1.2376,39.7598,2.6166,2.0154,1.3808,6.4874,203.5474,52.7709,22.2295,24.2983,0.1293,67.5734,77.0073,7.1957,23.0856,18.3778,4.5882,28.9982,173.3677,375.464,13.102,120.2228,49.9224,22.3148,112.6448,57.5422,0.9974,10.4543,7.3529,7.7537,20.9058,0.4512,16.4916,5.5752,82.0511,33.1071,6.5872,21.1753,0.6075,10.7662,0.0456,0.4511,2.169,7.3096,220.2211,7.5483,40.8506,14.011,8.6789,11.515,4.2734,10.2993,35.8982,72.3944,12.1104,30.7041,14.9435,69.9545,587.0106,15.5961,9.8824,0.7757,28.8618,0.4903,6.2015,37.2825,10.7386,57.8657,183.3186,68.7935,998.9911,3.9226,37.7134,9.0559,3.2748,4.7442,6.8258,21.3283,4.0979,25.1334,0.25,0.0972,75.3026,1.5574,5.7408,0.4812,0.7747,1.8245,0.4801,3.5381,2.5024,0.5969,26.0614,0.8412,0.2207,0.8624,197.0592,8.2782,37.1546,293.2749,0.7879,0.0642,83.1895,31.6973,28.9916,5.2955,8.3762,16.7554,18.5284,31.0827,5.2972,22.2852,2.578,52.7323,11.2761,25.8075,37.16,6.1386,7.557,10.3947,4.144,2.0174,30.8958,15.252,3.849,6.7703,9.3026,14.4773,1.1992,81.8984,2.5462,80.0269,8.5627,0.8675,94.0647,1.0251,17.3882,50.087,82.3009,418.6125
5.5636,63.8687,99.808,11.5062,410.7519,124.1545,175.438,1.4194,63.0251,0.7738,34.5927,31.9672,14.1512,46.8791,66.8266,0.7286,2.0915,68.6168,27.3903,120.8372,13.3383,13.8574,0.6974,14.1597,34.5373,51.3576,209.663,55.1261,15.3854,0.0,5.309,26.1489,35.1919,155.0932,0.0453,101.8858,6.7875,80.5151,0.0585,47.6717,32.9338,153.4407,63.2086,33.2719,17.6723,0.112,67.4533,25.097,188.5685,54.0483,34.9342,22.9745,61.4846,23.3974,5.196,1.3992,0.0,0.0,0.0,0.0,2.2936,0.6014,0.0881,0.4271,0.622,0.0581,0.0577,0.0061,4.8465,84.2725,19.0854,129.2593,0.8599,1.4839,12.3147,1.9918,0.5701,29.5298,337.2036,6.6559,10.3205,147.2923,24.5113,48.9182,5.514,34.1895,0.0,0.253,0.1537,6.0838,0.7866,0.1106,5.081,0.0431,133.2789,0.0077,14.7996,1356.5222,30.8625,167.5914,35.6905,0.4115,131.4074,10.3798,88.398,53.6105,32.5219,46.8769,57.5302,789.4925,1537.8286,14.9437,40.657,0.0,37.2955,20.2832,14.1466,5.985,27.4241,292.8669,0.3598,231.0859,2.4593,90.2179,56.3411,62.8432,72.8134,46.8075,444.5555,977.917,2.2413,28.0965,572.3837,0.8575,45.6649,3.0004,99.3235,10.0135,198.4537,507.5294,55.6525,170.6989,32.1044,10.5126,99.6698,18.0132,56.2326,26.4239,56.0348,72.4488,3.6185,29.1453,3.4229,24.2989,111.1734,14.733,21.8748,150.1764,72.9236,102.9364,279.6477,8.5452,8.1342,89.8811,0.7055,6.9932,0.2093,24.8937,4.5139,1.2523,31.8689,12.5078,17.8123,7.7543,11.0495,24.2444,28.9521,6.0159,12.2239,0.1654,23.4655,6.2701,17.4917,116.7038,129.8769,14.6557,1.841,50.5655,0.452,9.3462,6.392,0.0503,70.5976,47.972,20.5864,12.1687,0.2585,88.993,90.5935,27.25,2.9897,52.587,12.2301,23.5779,114.7798,515.4573,137.0866,52.527,31.7619,28.6982,82.0116,61.1064,7.7606,17.8614,25.4791,37.9216,44.2336,11.1321,66.768,0.2485,54.5933,27.2381,30.5338,43.8943,0.0317,21.8137,0.0072,0.0489,13.2737,10.7186,292.6632,0.8275,11.6503,19.9228,21.7679,98.796,3.065,8.2512,423.3982,113.6151,44.1159,34.9532,31.1412,30.4283,383.4924,5.5252,16.2968,18.7751,89.2722,8.7235,10.2192,33.0233,26.9914,130.9736,124.0203,42.3058,754.102,29.2107,71.7918,18.1616,6.9479,10.9573,18.1795,82.322,4.2455,59.8847,0.2821,0.8031,2.7826,22.8394,0.6955,14.3307,15.8696,0.0,0.3585,4.137,2.5213,6.7635,13.6256,0.0742,0.7265,2.0739,5.7265,0.223,91.5982,310.2367,9.6806,0.0,2.3163,28.7688,1.1927,13.0689,2.7515,79.7066,7.5685,5.4249,5.9047,19.4853,26.6423,57.5323,17.3087,10.4055,41.3466,29.1286,13.2386,25.8758,21.5721,0.1893,0.7685,10.3707,7.253,4.95,0.8976,0.7275,0.0,0.1518,6.6986,16.2055,5.2696,6.759,53.578,1.446,0.0,46.3734,68.1867,307.4564
8.9314,28.6481,111.8219,44.1648,59.8482,136.4317,0.3949,0.8428,2.0755,12.2149,32.5128,24.1088,6.0368,29.571,21.4633,10.0907,2.5532,13.8613,18.3407,133.6619,243.7294,165.2316,0.3594,14.9815,37.9169,98.5658,124.2097,27.4694,4.3352,0.0,3.2974,31.0939,35.5945,232.2917,2.503,165.0535,35.0908,76.8139,0.2611,71.3405,75.1286,69.4191,64.0732,5.2372,33.0008,2.2122,13.4115,68.0112,26.0655,48.7699,25.1751,25.9334,34.3083,4.2001,1.5583,55.7418,0.5615,115.814,0.4062,0.1493,0.9833,8.9604,0.335,3.6383,0.8171,3.4722,6.6362,0.2632,174.7717,46.5156,40.06,124.3746,1.239,0.1414,8.4831,1.0415,0.0634,897.7999,76.134,11.7698,0.8287,21.8745,47.1487,56.0105,32.2129,57.402,0.2452,0.3342,0.8121,16.7115,35.8384,28.2757,9.515,21.608,144.7156,0.3478,13.7447,1189.8369,164.811,162.253,91.0395,26.462,140.8684,11.1203,39.5516,33.2722,1.5244,38.0176,76.1652,3285.2928,3565.2034,0.5671,27.8142,0.0195,5.4842,15.2658,0.5499,9.2464,10.5998,47.2848,3.0272,10.2399,5.5776,11.4157,53.8141,132.0463,72.6253,35.924,105.3537,148.1222,19.0438,85.0845,420.3022,26.1622,1.2955,42.8265,51.936,104.7904,88.3594,4.2527,488.5265,33.1765,74.131,8.4626,21.3943,17.9474,22.7869,239.3337,7.4325,20.0257,10.0448,22.1578,15.4748,230.4492,574.8496,77.7598,21.1331,116.0864,10.6147,45.177,71.1713,6.6344,1.4565,145.2462,1.9071,9.847,0.9123,256.4348,29.1152,33.8196,45.4241,112.7136,12.9194,33.6142,5.5228,35.6652,21.5873,1.534,15.3972,0.1923,80.6709,6.2071,5.5926,12.4834,166.7656,0.6404,4.0248,25.7739,8.7155,5.8948,3.226,15.673,89.5674,65.8655,22.8816,24.1645,0.3324,77.0571,84.4406,9.827,31.801,21.6691,1.5768,55.4358,134.539,491.4832,15.2723,145.4363,29.2019,33.5047,112.0993,65.9549,2.8318,21.8035,25.1898,13.3101,148.3705,1.7816,27.5561,5.5005,64.7176,22.8438,12.2242,33.6689,11.8039,12.4538,2.464,4.0861,23.1389,16.1451,711.2711,65.8722,56.6322,20.3316,11.5721,21.6751,4.0781,7.2386,24.1253,40.168,11.1735,25.1599,18.7257,73.3399,477.837,18.3822,26.4062,5.2855,86.1198,4.594,20.128,33.3602,43.2621,126.5669,154.1675,81.281,1123.0978,3.9515,30.7281,10.0362,10.1822,5.8502,33.2167,48.4635,10.1109,46.7435,0.0745,1.5937,21.9781,26.4675,1.6273,0.4383,0.8527,2.0849,0.6313,0.5204,9.8194,1.2762,1.1942,0.8882,2.4199,0.4897,66.8044,10.0673,51.812,188.7744,0.1545,0.1149,56.8677,31.6082,47.8905,19.7128,23.2225,34.5861,67.4163,32.3786,2.6575,81.7875,2.5875,87.282,4.996,12.9305,39.8703,9.7839,6.099,11.2894,10.8468,9.794,23.3295,24.3733,13.548,7.3438,12.3751,87.8233,4.8207,25.7368,2.1686,59.8783,9.7058,3.0374,89.292,5.3185,36.6209,63.6519,55.6192,214.915
2.6528,48.632,76.6924,37.6892,442.0932,33.0465,0.1216,1.8855,0.4049,3.1709,58.0832,37.6616,2.8282,36.5932,26.8631,9.7468,0.8623,44.0599,15.0168,93.3001,109.3647,119.7728,0.1815,35.845,13.4461,84.3595,61.5246,18.5522,3.4713,0.0,0.7766,23.9079,24.1358,160.4416,0.0,124.4437,3.5153,75.6074,0.0,93.9645,25.4299,91.0579,35.3494,6.5239,22.1318,0.2123,82.8509,19.4001,133.309,29.9938,54.3794,23.1296,86.9437,1.3046,2.1818,1.7034,0.378,0.0426,0.1238,0.0,0.1657,0.1901,0.0278,0.0,1.3816,0.1285,0.0358,0.0048,2.8068,55.2791,18.7683,127.7714,0.0618,0.2307,9.5958,0.2434,0.0474,212.11,1186.3706,2.4366,1.4279,45.187,18.8097,44.2448,10.2687,13.9716,0.11,0.0,0.0729,3.8504,2.146,0.7605,10.2266,0.7193,93.9331,0.006,20.4,2679.0348,22.2946,137.6127,14.8021,0.1246,334.2148,7.0254,240.7655,72.8336,9.0576,15.5666,106.4411,798.9406,2476.7714,0.1164,20.3949,0.0,15.9947,11.0015,2.1686,17.8749,116.4078,497.7184,0.1369,81.5475,0.4148,501.6195,90.2708,185.7774,36.9607,36.5085,427.533,1156.1651,1.2617,12.2552,344.4465,2.4238,205.1412,13.3139,66.4203,78.5334,50.7164,819.7264,119.9291,1393.8726,21.4981,4.5244,29.5267,5.4204,28.7553,7.0458,69.1505,13.8021,1.4439,13.4806,4041.5504,113.6935,165.6855,13.6564,10.1694,188.1673,48.0341,40.3007,421.0644,4.5294,0.0767,103.2594,0.4927,7.0119,0.2068,35.963,29.6695,2.2904,23.5523,43.5855,11.2708,51.5575,6.6078,20.9064,34.2393,1.4341,22.4141,0.0523,27.4623,2.9871,10.8736,46.4563,112.0403,11.5963,1.5552,173.7233,0.1191,9.0104,0.7391,0.0,57.2317,44.6974,14.5244,12.7439,0.0491,61.2408,86.589,16.0421,0.9184,28.1986,59.7839,28.7542,92.2965,389.5122,110.3929,20.5258,24.6404,15.7175,103.975,118.3447,3.8827,15.1395,0.7302,50.7678,57.0689,1.0488,62.7774,3.0828,81.6058,31.6862,36.7697,36.8697,0.4013,30.5221,0.0396,0.0645,31.8305,9.9152,872.6141,4.752,0.7814,16.5834,21.6702,21.1064,2.281,3.4368,258.8774,66.211,10.9639,22.6007,16.2216,51.0876,337.3771,4.5669,8.2119,115.6087,218.4455,10.218,10.8797,55.0229,45.6945,7.562,123.2997,32.4651,1226.7358,6.2421,26.7004,26.4903,2.5807,4.6326,36.5848,78.8954,69.5522,16.4924,0.0,0.4334,3.9866,25.1722,0.1178,15.7655,40.0674,0.0,0.0315,2.5168,1.1386,0.9708,12.0652,0.0586,0.6343,0.5402,5.5608,1.2043,27.4653,130.8223,33.0504,0.0,2.9287,26.2089,1.3944,13.1862,2.3297,72.02,3.1129,3.1651,0.7489,25.6182,10.1981,29.4487,14.5821,4.1499,28.5372,2.9469,7.3175,7.4542,17.6497,0.1446,0.1898,14.3349,14.3457,5.8084,0.0,0.0821,0.0405,17.1192,4.37,14.0131,2.0167,6.2929,51.8443,0.3838,0.0741,85.3853,69.0423,221.4827
4.7301,23.8001,42.8481,7.1154,226.1983,73.191,0.6518,1.4601,6.3754,7.7492,59.0516,31.1033,6.1539,53.2959,29.3661,83.4875,2.6686,109.6152,16.6373,31.2258,146.9458,140.4541,28.7539,0.1559,19.0163,98.4639,56.7098,24.7715,7.6264,0.0,6.2762,34.4144,21.7407,142.539,0.0,174.3637,87.1622,63.396,0.3305,114.9839,37.9841,72.4367,25.5157,3.6424,25.7528,9.164,20.5863,31.3167,145.8729,95.4253,39.0906,24.2939,37.5436,32.8228,6.3919,1.1879,0.0,0.0,0.0905,0.0748,6.384,0.0,0.4849,0.1837,1.1749,12.6149,0.4928,0.2444,18.2925,16.6947,3.937,102.6663,0.3311,0.1417,9.9281,0.1957,0.0635,1114.2777,106.8085,3.2047,1.0962,96.8784,28.3717,53.2175,10.6967,20.6586,0.0,0.067,0.0977,10.488,1.5865,13.2835,2.8442,0.5931,141.3416,0.0162,13.4298,2977.7132,13.5708,172.5395,22.3232,2.7631,143.3975,5.0958,89.7576,64.4112,48.9925,32.449,42.2644,538.949,1374.673,0.4792,47.6967,0.0,4.8798,15.4702,0.501,7.0806,180.9832,75.0672,0.7337,38.9165,0.1747,140.7576,93.3464,171.2109,85.6473,69.6577,131.5542,605.1486,7.819,39.4884,472.4621,6.3384,85.5375,30.0581,123.5699,61.3493,184.0367,578.4316,138.3768,471.163,33.3086,5.3276,64.2225,7.7248,17.3144,46.4461,89.3169,38.067,12.1022,17.8706,96.3955,452.2896,125.3105,7.9559,8.5357,23.4166,42.0514,116.9426,136.5047,2.8139,1.2129,53.2218,0.2085,4.3183,0.1108,46.5335,44.5586,26.4843,20.4462,126.971,9.6872,13.1658,3.972,26.4454,10.2097,2.4457,8.2585,0.0525,23.7044,4.3272,7.0601,31.8421,135.873,1.128,11.3774,95.9295,18.2856,22.2456,1.0722,2.6887,58.175,75.3469,8.7402,11.2496,0.3883,87.5394,80.3485,18.4251,1.4935,19.5911,87.4424,25.3223,104.4833,396.3796,24.1221,30.0209,15.2478,24.1313,106.324,110.6951,1.9628,23.604,15.4836,18.8058,180.8431,1.4699,89.3543,1.1182,148.9946,33.2113,24.051,35.7129,0.2016,37.8705,0.0985,1.3477,32.8307,3.7782,470.5312,40.0163,22.9409,19.1565,15.9569,28.0602,2.794,1.674,65.1807,107.0601,20.8401,26.4214,14.6064,26.1909,519.7139,6.6034,15.0293,48.2593,95.3072,2.4663,15.0286,40.8411,73.9026,32.8362,78.9392,41.5909,719.7115,9.7179,31.4596,29.2783,12.6194,9.6561,40.7945,145.6995,28.8065,36.4128,0.448,23.2092,6.8258,28.4454,0.4209,2.2962,49.2742,0.0,0.1687,0.6606,3.2038,0.9428,3.7708,0.0393,0.6374,1.2391,47.5473,2.0794,37.3381,127.2552,12.9453,0.2494,11.8584,25.3284,12.8372,26.7856,8.9733,29.3206,13.0058,10.367,1.1193,39.7358,7.9216,62.9804,19.3023,15.2578,27.1001,14.9272,8.9469,13.4793,26.4604,1.0089,0.7968,8.6742,6.5304,13.5011,0.7694,0.2201,0.0,1.2856,2.8675,21.9371,2.9138,1.4602,72.6335,4.7337,0.3476,44.1919,36.2602,267.2331
21.0647,26.361,80.1777,54.0083,245.1253,42.6316,0.1508,0.7884,2.0508,0.8194,44.6055,25.8617,2.5343,26.1871,54.4093,3.3028,0.635,30.4785,8.3714,30.7365,209.6298,222.249,0.1678,2.454,13.6935,56.4272,42.8455,70.5402,10.7855,0.0,2.7458,31.5507,15.8395,110.8332,1.1081,90.4077,9.332,153.8924,0.0056,56.0162,26.1116,92.0578,18.9775,1.2873,12.461,1.6323,13.2672,16.9511,86.542,46.7368,34.403,20.3255,87.2877,7.2688,11.9569,3.8053,0.3646,0.0,2.2346,0.0,1.6748,0.1032,0.0453,0.7898,0.4181,0.3386,0.392,0.5939,82.3701,2.3115,11.7206,88.6377,0.1341,0.4799,14.4836,0.1233,0.0257,4435.0891,693.6821,3.8933,0.791,0.5903,13.0309,71.7494,33.6459,14.4028,0.0,0.0,0.0791,8.1063,2.3611,5.977,10.2227,7.0438,115.9662,0.0525,9.7295,1040.8306,14.2873,88.9206,24.1751,1.1114,197.5296,4.4275,71.5276,1027.0173,10.7651,29.2039,44.8474,570.2715,1356.7427,0.2708,19.4965,0.0,8.7712,4.5743,0.2029,24.1779,14.2951,34.0885,0.4971,5.3058,0.2315,52.6934,167.2622,160.3211,105.4599,51.6929,930.5992,119.5996,22.9218,16.4353,453.7485,3.8254,30.7365,103.6375,14.4167,129.6938,234.011,216.8884,237.754,244.0888,32.5317,6.8042,17.8512,14.1315,27.1803,6.4157,40.8284,9.1124,6.2785,12.6818,150.311,2884.7243,1629.1282,4.0011,7.4355,42.7563,34.4268,45.9121,228.7146,26.6557,3.7961,55.6848,0.2955,14.5227,0.4712,24.7374,55.0598,22.3477,18.1251,239.0546,14.3077,32.0654,4.9683,7.3419,28.4733,2.4147,9.023,0.0142,38.4656,1.8345,6.7319,21.865,50.7166,1.0711,1.3475,46.1109,2.0026,16.2279,0.6695,0.0431,55.6988,50.325,13.4688,12.4237,0.1426,57.489,66.4205,70.3258,0.9796,25.7329,5.5505,23.0086,89.1528,447.0348,59.3947,22.8228,10.0933,8.2546,131.7493,99.3685,3.2369,40.1957,12.6989,14.0701,14.8453,2.3984,76.3813,3.058,38.2875,10.2553,14.5974,44.9374,0.1633,16.0734,0.6625,0.028,5.0825,2.5921,273.123,4.826,49.8815,12.8889,14.4207,65.9535,2.9224,0.8066,51.4942,61.6752,11.4308,18.885,10.5147,48.4518,466.2819,2.5108,12.1617,3.7984,316.304,20.4351,92.1307,67.6912,50.2428,12.5554,82.3704,26.5746,734.5083,8.018,19.1448,12.634,7.5823,4.6852,54.8539,979.8413,68.6204,18.0334,0.0302,58.2743,7.5027,34.2198,13.5917,2.4581,5.868,0.0,0.0683,2.0556,8.2478,15.2178,3.0906,0.159,0.0593,0.6657,1.5816,1.7798,26.2565,81.5553,3.1604,0.0155,69.7352,16.8115,3.2508,101.8203,10.4305,29.0084,23.3448,6.6517,1.0941,36.7614,6.3004,39.1094,4.7426,8.6461,13.4696,2.9012,8.6576,5.1937,53.9696,2.8139,1.0848,5.2878,10.8767,3.7307,1.6129,0.0891,0.7474,0.423,1.2712,10.4759,2.7943,0.7329,26.9231,18.6299,0.362,115.5477,86.6276,14.2691
6.3587,48.5653,89.8471,43.5332,402.1991,71.9659,205.8338,3.8136,61.6312,0.7531,41.3657,20.5092,9.3991,44.6967,18.5666,34.8691,1.3258,46.0215,16.7015,112.2266,61.4124,76.3397,0.9032,0.6794,26.6432,75.7953,111.7033,21.0065,2.4607,0.0,1.219,43.5128,33.7191,224.0342,0.0,145.8495,5.8547,71.7993,0.0054,90.6296,29.6707,118.9859,66.3826,27.2053,23.7841,0.3623,90.4346,31.9577,96.1981,47.2703,40.5536,29.3345,19.9628,10.5373,3.4719,0.4184,0.0,0.0,0.0709,0.0,0.0326,0.0998,0.0146,0.0,1.4507,0.1156,0.0171,0.0,2.8842,94.8904,6.0391,175.0289,0.0,0.1009,51.4951,0.1193,0.0249,81.159,183.4909,1.9448,4.9194,104.512,23.1115,55.16,8.0068,23.7586,0.0,0.3674,0.1786,6.0864,2.6107,0.2111,24.7928,0.4916,110.7989,0.0,38.1723,3059.2678,31.8437,160.3213,42.7855,0.1889,224.936,10.1051,212.4694,23.2502,4.9861,23.5993,82.1911,1099.9625,2001.8898,0.0262,35.9819,0.0153,14.6473,11.9299,9.0294,5.0688,32.1865,378.7517,0.0276,48.82,0.647,318.1942,66.6885,126.2414,63.4039,25.1943,171.6772,1481.7542,0.3312,21.6568,508.3988,0.9236,184.7038,6.215,46.9364,24.7281,40.6172,1411.1934,74.5775,1362.2969,31.9687,17.3135,35.4,12.5976,33.4315,17.4728,48.6433,15.6111,1.8927,20.5381,193.2764,87.9361,179.7608,15.2718,11.3957,132.5858,64.3865,75.0999,202.8395,6.0528,0.0483,88.1256,0.4084,3.3177,0.0434,20.9117,5.4495,1.7665,34.2946,24.4313,9.8876,58.6763,9.2714,19.918,17.6453,1.4692,8.5184,0.0274,32.9406,1.8331,10.8991,93.8269,99.2003,5.867,3.279,115.8862,0.2656,2.1813,1.5649,0.0,72.581,21.3027,13.5803,19.8853,0.138,80.425,79.317,17.4248,0.8365,54.7861,2.2476,27.9844,102.5798,561.4235,82.6288,19.9642,31.5243,17.9119,129.5056,119.1897,3.4837,17.7638,0.8242,34.7366,36.6285,1.6912,68.1609,1.1546,59.6838,60.3481,66.8182,40.9491,0.0263,45.6427,0.0356,0.0271,47.3538,11.3324,661.6178,2.1286,3.64,16.4429,18.062,32.5821,1.9202,7.9534,372.7193,84.5234,47.5891,21.0887,17.9946,40.2129,342.6322,19.2861,12.25,41.2598,71.2082,24.0458,17.1081,76.7295,32.927,63.0207,150.4881,49.746,681.2601,13.5041,36.6582,22.378,4.5555,7.6536,54.7992,99.9246,12.7089,26.1417,0.2341,2.1453,2.4251,30.8289,0.5359,1.0796,35.8349,0.0,0.2314,4.5225,0.3586,1.0251,27.442,0.1436,0.132,6.5948,7.9126,0.3547,44.6772,130.3082,18.152,0.015,4.5625,37.9172,0.7998,9.6105,3.6836,67.4267,4.1132,0.8088,1.8449,18.103,28.9031,64.8478,16.2795,15.8559,38.8396,28.8348,6.0324,10.3692,28.0004,0.2199,0.1328,10.383,6.6246,3.402,0.2128,0.2803,0.0,0.724,4.754,31.2698,5.896,9.2827,90.8965,1.5936,0.0,106.2225,60.5395,168.4614
1.4808,46.4299,42.9615,8.2542,297.907,91.2708,0.3217,0.5763,1.1955,4.0671,60.1626,25.9955,54.3012,78.7402,15.4928,0.9769,2.0831,77.2153,17.9884,52.5083,21.838,18.3437,0.1732,0.3923,25.7549,46.574,42.5019,24.6342,71.0006,0.0,1.5215,27.8797,26.793,135.6298,0.0,72.1585,18.1001,40.7764,0.0372,85.0562,17.4539,121.7414,38.9694,14.4563,17.9259,2.6502,27.2388,17.1646,132.0376,118.748,43.9729,32.1472,25.8526,34.4251,1.0803,0.2807,0.0,0.0,0.0181,0.0,1.0342,0.1148,0.0,0.051,0.6205,11.2085,0.0603,0.0502,2.2156,252.065,23.508,103.674,1.6415,0.031,8.8215,0.196,0.0573,120.3968,365.1863,1.6724,1.038,167.3751,23.4833,31.7788,23.1666,17.5624,0.0295,0.0,0.7825,12.9186,0.0834,0.5913,0.6813,0.1782,130.8219,0.0,17.2933,1784.8779,14.9214,173.936,13.84,0.1672,52.1381,7.2122,61.3671,56.969,8.6018,31.6598,39.0728,778.8737,1388.1901,0.0268,8.1353,0.0,13.9121,14.6876,0.6624,2.5477,74.1725,45.3452,0.1102,30.9843,4.2272,148.437,89.699,65.6699,55.0194,58.6706,552.997,1114.9551,5.3435,17.6406,237.8764,1.2854,17.5092,19.8996,69.5344,6.9536,76.5472,246.6777,71.6767,207.9001,24.719,5.4886,57.9659,9.6404,22.7204,32.6632,73.2547,16.1672,1.4135,10.3709,334.3018,171.8745,9.5845,11.5569,5.6699,28.1555,34.4739,92.5814,292.9159,8.1896,0.8277,64.0911,0.2401,1.3685,13.5025,55.7962,9.5291,3.8479,22.862,19.8103,18.0564,2.116,6.2282,50.8915,22.4734,2.4075,8.4621,0.0632,23.2625,8.0448,10.4503,23.2733,29.2594,55.9791,1.8481,61.6586,26.0511,8.8505,0.9148,0.096,54.2726,60.3712,17.6612,17.4893,1.6626,34.3508,56.5151,38.0528,1.4126,46.5713,28.1056,12.8047,84.1508,472.0654,65.8879,43.0907,11.3126,27.4381,30.2462,84.6157,4.6399,33.7424,1.3082,39.258,151.5121,2.4345,77.8561,0.4111,135.8899,30.1343,24.8879,41.5277,0.0202,74.863,0.0319,0.0934,0.9658,16.4558,308.401,3.3877,40.0193,22.7645,14.9154,33.4316,4.5408,5.8702,157.9952,109.5636,43.7538,46.0708,22.8333,18.5806,459.5921,4.4797,22.95,44.8714,63.883,2.1827,3.8185,17.2381,21.7134,7.1902,82.9846,29.9701,933.4495,6.7261,35.8975,18.1121,10.9324,8.5168,36.8588,114.2582,3.4705,184.055,0.4263,2.9789,14.9042,19.5857,0.7587,28.5214,54.2788,0.0,0.0507,2.6952,2.8191,2.8283,12.4019,0.0944,0.1409,4.0918,2.8333,3.3664,48.5278,223.5803,20.9183,0.0,7.2543,44.3209,6.9761,7.6304,14.7646,47.3379,5.6469,2.589,2.1802,16.52,29.0531,79.7805,19.1022,17.8427,34.2416,22.0252,10.9249,11.7036,20.8069,0.0803,2.1802,15.7909,4.3407,4.4225,0.2448,0.1819,0.0652,0.0724,1.8501,29.5011,2.8047,1.2359,675.158,4.3477,0.2984,49.3164,58.4993,464.6358
10.3765,38.7295,93.0288,3.8763,22.89,91.3683,1.0233,2.0557,4.3234,9.3544,30.1554,75.2071,27.3088,23.4846,33.9303,37.5309,3.8502,11.8786,15.5594,59.7468,54.7854,62.2538,2.2434,1.9488,33.4272,69.2594,87.9407,54.2579,9.2729,0.0,8.2304,24.5185,21.1915,47.5372,1.8994,67.7583,37.0125,79.2163,0.8777,44.9922,35.8132,133.3915,95.99,20.9017,20.4523,0.2953,3.1978,65.2394,25.1188,12.9874,36.7033,24.1254,33.8944,1.4955,0.1996,0.6553,0.0412,0.0419,0.0,0.0548,0.4881,0.7466,1.6124,0.0414,0.1826,1.4774,5.3264,0.132,16.7108,254.8829,29.7905,91.0137,0.2123,0.0566,13.2474,1.8321,0.3958,53.066,6.4471,10.5754,1.1293,7.887,49.0286,67.2508,2.7352,12.3862,0.0,0.0491,0.644,36.4504,9.7936,7.1495,0.605,3.907,116.3755,0.9146,22.5203,492.9266,85.4992,87.2934,51.368,0.9036,104.9783,11.4196,51.492,24.1382,14.2337,31.7082,73.5367,3877.0671,4993.6263,6.532,27.0294,0.0,3.1716,17.5304,7.7456,6.1167,1.598,104.761,0.8529,2.4251,7.2484,6.3136,17.3387,45.6412,51.6205,41.9398,16.766,538.0797,356.1072,32.6796,469.2491,6.6912,3.0916,18.3357,61.9614,7.5554,32.2562,1.5684,126.3369,4.8251,30.16,8.3002,19.2742,9.871,28.5709,27.2911,2.5774,1.559,5.2166,22.6213,0.2353,273.0632,410.4908,58.8795,9.6735,9.1352,14.8378,76.1548,133.4411,0.3032,0.6477,38.3067,0.3437,4.5977,0.1624,11.0778,58.5413,2.8039,99.296,38.1212,14.109,11.0851,4.6643,19.8246,38.4395,9.5827,7.7985,0.0898,87.7072,8.8428,4.4104,19.0015,106.0883,0.5557,4.8023,96.4382,15.9987,2.3954,9.3791,8.3873,172.4525,42.2587,8.0273,9.7447,0.0777,55.5098,95.5307,13.5778,11.8601,15.7732,0.5789,66.7223,125.7059,281.7094,110.5374,183.934,109.1003,36.1578,80.811,67.5777,4.9729,14.892,33.4971,11.9152,6.3323,3.1207,45.9896,13.6394,57.0554,35.8702,8.065,38.9701,5.5401,14.0314,0.0555,2.0761,1.4205,5.7653,27.8302,4.2589,39.8812,23.9108,6.6469,86.7219,5.5619,5.2581,150.2739,37.6818,28.1507,55.8234,24.0891,62.7276,308.7534,9.9392,2.3991,1.927,97.6433,0.2738,12.0645,79.2063,27.297,31.1452,115.3594,72.4991,555.6901,19.037,32.6868,14.4508,5.5522,10.1969,4.7063,52.4694,4.8903,57.0861,0.9028,9.6502,39.2183,4.187,1.8502,0.4096,0.6391,1.2979,0.2781,2.5475,2.7666,25.5903,17.603,2.225,0.9824,2.7597,43.1312,4.2584,27.8324,123.7796,2.5415,0.0141,7.5479,23.5253,30.6895,7.4006,6.0815,12.0294,4.8248,15.7181,1.6119,5.6824,16.2062,50.3517,22.6689,10.3621,29.4766,43.1757,8.423,19.3856,8.1303,1.2434,10.2731,23.2174,27.7589,3.9569,7.9923,3.1043,0.1989,7.3,0.4644,32.2008,6.2235,4.9728,89.1959,1.3617,7.7503,110.2324,38.1079,13.1802
23.2884,35.608,99.7883,42.3352,98.5833,90.9326,78.2271,2.5959,20.48,5.1583,84.1822,43.6025,13.7679,40.9679,18.4783,71.2602,2.3621,19.6263,6.4272,54.9506,145.0735,155.5213,0.7022,21.535,38.9299,86.8487,91.5507,38.698,4.5095,0.0,2.9608,30.1693,13.4934,127.4978,0.1577,118.8428,27.0906,60.0727,6.472,82.1651,79.9559,229.5828,93.4517,14.5485,16.9749,2.1084,87.0571,50.0416,30.7299,35.5486,94.5293,20.4119,19.5268,5.7324,1.0818,3.7187,0.0493,0.0,0.0,0.0,1.4955,1.0601,0.1307,0.0495,0.9357,9.8454,1.0774,1.7357,11.2268,41.9337,60.3395,148.6606,1.0515,0.1016,12.249,0.4191,0.2505,253.3024,53.7127,9.7212,1.1117,84.7275,36.6136,54.6163,13.8578,21.704,0.0,0.0587,0.5133,15.8082,2.5019,42.9177,0.9359,12.126,125.7272,0.0071,21.2662,3827.1606,70.3165,153.059,36.655,0.658,243.7851,16.8006,145.6837,40.1026,5.3956,21.3566,98.5604,1274.227,1378.777,0.3124,52.4595,0.0,4.3178,24.7618,2.853,95.1941,46.4601,265.1307,0.2411,92.9324,1.8224,51.4543,41.1264,38.0761,66.317,30.2341,72.5148,700.1156,3.6743,25.2783,222.2788,2.8301,29.0919,11.233,69.436,17.8677,72.6597,188.8508,133.5572,113.5499,36.9715,10.2116,48.801,10.4564,47.8118,9.2965,56.8754,5.5924,2.7254,12.9625,118.8998,321.7706,93.2334,17.4861,10.2434,198.1867,36.3801,25.5124,302.704,4.0362,103.9721,45.8949,0.6697,18.1773,0.3155,20.7657,20.2829,7.867,45.5841,41.6729,6.2299,23.7788,11.4168,29.5848,20.0537,2.7752,11.9013,0.2609,23.1898,12.3978,37.8327,26.7651,73.8907,1.2608,6.8464,62.4994,20.0905,4.4381,2.2945,0.3265,94.3305,38.3068,6.9366,14.9959,1.3755,41.5465,137.165,16.3277,7.6619,12.2536,0.7975,33.7095,67.3133,308.6248,98.2243,73.4712,14.3604,19.3207,108.6014,170.4541,5.7182,21.548,2.4001,27.2871,210.0055,10.2268,134.2305,6.2122,47.4187,41.7049,37.1958,41.9613,0.3533,34.3792,0.1659,9.4454,9.3194,10.3814,384.8717,3.0964,91.1353,28.9268,13.0447,48.8562,6.8938,5.0309,159.7744,60.1902,15.6669,56.0417,14.4537,23.6202,308.0627,4.3958,11.5448,21.8166,85.2217,0.7333,17.1558,34.12,18.8871,82.8833,74.4746,50.275,852.7248,13.4699,35.1709,61.7086,8.9746,11.3445,43.7773,91.0499,4.3627,29.9569,0.458,4.7427,5.2743,39.519,0.4609,1.1021,74.4228,0.0,1.6259,6.7926,12.2298,7.2862,7.9325,0.3211,0.2953,2.0207,10.8164,3.5573,43.4812,110.9634,1.9264,0.0,14.5373,30.0633,5.8203,21.3293,5.8881,137.2866,124.9883,3.4403,7.1009,28.4828,17.0038,50.7223,14.2745,7.9692,21.3516,2.7098,16.2463,6.6822,33.5493,0.5385,1.7824,29.0185,12.9536,15.4927,0.2379,0.8195,0.2378,16.3662,10.3925,16.8368,7.0348,4.2343,52.7887,11.5916,5.0903,50.7592,26.8711,185.7009
10.4663,55.0111,131.4099,29.4577,390.8805,106.4688,85.5337,1.9029,91.6178,0.534,61.9907,19.3691,6.4013,56.9565,19.7426,32.6735,0.8324,14.3979,19.709,79.3632,48.4328,43.8246,0.2899,4.0956,30.8513,92.6532,123.0584,2.882,1.14,0.0,0.2003,23.5468,25.28,185.1316,0.0,64.3602,1.7122,46.012,0.0709,83.2153,36.5862,104.7652,63.8214,16.7017,21.1665,1.2211,61.4771,33.6441,59.6694,31.1246,23.1728,25.8938,12.7035,1.7037,2.8641,0.6874,0.0362,0.0,0.0097,0.0,0.3931,0.0,0.048,0.2911,1.4898,9.9098,2.5772,0.0787,3.6219,91.3351,40.6669,112.1262,1.2256,1.194,7.1732,0.112,0.0818,82.8202,146.4908,0.7291,4.4864,45.2232,28.2107,41.7584,2.7883,14.1823,0.0,0.2587,0.2096,5.3815,8.2984,13.0232,6.4844,0.1138,97.5085,0.0052,26.1323,2757.5158,56.8611,190.634,35.5342,0.191,121.6879,30.5214,122.9354,29.7632,5.2811,22.145,92.0778,1597.4344,2576.8891,0.0502,48.3152,0.0,6.2725,19.4862,0.4193,1.5757,32.1372,721.6211,0.386,60.0963,0.7769,64.1436,76.7647,58.1443,61.0818,22.3685,144.4643,1853.59,1.5069,26.1697,212.2439,1.3826,111.6347,11.0379,83.4646,19.4075,28.1626,863.234,71.0643,698.4573,25.1085,11.6637,58.9088,17.9489,25.8191,16.4112,44.5245,13.5478,1.5142,9.2985,37.8066,52.0309,53.3566,19.5118,16.0917,188.3646,40.7303,35.7893,224.2958,4.9194,0.4235,77.1641,0.0559,8.6874,0.0892,16.7594,14.2624,2.0733,32.9717,26.8195,10.0186,34.0832,13.2561,12.1095,9.4131,0.8472,14.6965,0.0226,43.3424,4.1829,16.4237,13.8282,111.7076,4.8576,2.8778,164.97,1.1553,1.9379,0.1897,0.0343,95.8368,44.047,10.7177,7.4306,1.1459,77.2036,67.4235,11.7932,4.5704,17.4717,10.1284,45.2911,93.8391,403.5324,4.9379,100.8212,18.0652,13.4305,84.3395,229.1871,5.4349,6.9963,0.6456,2.1082,49.6935,4.916,52.1803,0.144,174.8568,33.8381,81.3639,48.8945,0.1082,15.5419,0.1755,20.0209,8.6709,9.2968,1266.5949,21.4362,1.8384,18.9388,16.3052,3.3389,5.1551,4.156,55.1952,114.6405,7.3767,6.8272,32.659,47.5853,318.5911,1.1767,10.8502,38.8819,106.3552,2.1554,13.4868,88.0668,6.391,58.9137,81.5857,47.4403,381.8465,1.8599,17.7587,26.1938,0.8582,10.1193,62.8756,71.4553,2.8496,29.7391,0.0721,0.5341,0.9416,14.0393,0.0677,1.234,58.3767,0.0,0.0272,0.5148,2.2589,8.412,26.0483,0.0421,0.6462,0.387,9.5276,0.8319,60.9583,189.7059,1.2959,0.0124,2.3204,22.9018,1.5481,11.4169,3.2154,96.8839,64.7484,4.5648,0.0497,3.4817,24.9975,38.2753,14.2828,7.7231,28.9811,8.3503,5.1737,11.3403,11.5804,0.2581,0.7967,19.9519,18.4865,4.2946,0.6702,0.3719,0.0,0.1293,7.7531,21.4082,5.7768,13.4651,37.4275,1.2566,0.0,54.1306,50.2052,247.8411
1.8871,34.4729,110.4377,4.5469,311.2028,66.2483,0.5188,0.1873,2.4538,1.4216,36.6916,13.6396,7.4462,89.2385,26.6502,0.721,0.5866,5.0347,8.8741,73.7794,74.7139,82.8251,0.0785,5.089,8.8095,27.6883,49.56,93.455,9.1297,0.0,4.6579,28.0701,14.2599,107.0693,0.0,91.5714,15.1406,99.5632,0.0067,81.0671,17.9851,57.1681,22.2186,3.947,8.1051,0.046,25.3281,12.4049,47.8148,20.939,25.7445,19.3492,21.5015,9.6154,4.1355,0.3493,0.0,0.0,0.0877,0.0,2.1116,0.3086,0.4338,0.2191,0.1553,1.5013,0.0845,0.106,57.4427,0.5604,9.9545,81.0308,0.4813,0.1248,12.6666,0.2107,0.0616,653.6537,83.868,3.2808,0.5794,63.622,13.1134,29.5202,29.1967,13.5839,0.0,0.2597,1.9243,2.6776,6.0923,1.0103,6.4398,18.1109,99.5665,0.0079,8.822,1971.2725,11.4075,84.7859,19.7929,0.5301,220.2394,4.0719,185.295,37.5723,2.2964,12.6642,83.3637,842.1141,4841.5288,0.0432,11.5164,0.0,7.4471,11.248,1.6022,16.0533,119.8885,70.8536,0.0957,23.8958,0.3385,350.2059,54.8314,60.3783,75.2905,23.7354,457.5761,719.0547,4.4425,15.7093,452.0251,3.0205,80.777,20.8944,16.919,59.3261,109.8359,297.2132,72.0204,538.0771,16.7988,4.7324,7.8807,5.8099,25.7573,6.3929,38.1529,3.7992,2.0956,14.1956,142.059,593.5476,36.5402,5.9027,5.6571,66.7788,27.5492,41.922,286.0842,0.8555,0.7371,45.1552,0.6398,3.2531,0.1611,11.3794,23.4678,7.4078,27.9963,43.591,12.8143,34.2603,3.7524,10.6067,49.5817,1.7832,8.0033,0.017,14.379,10.4181,4.7771,43.1335,84.413,3.0531,1.0097,64.3165,30.2621,3.725,0.8963,0.0258,51.0586,43.5913,6.0514,17.9579,0.8492,30.6182,96.7034,29.0411,0.6421,30.4974,4.8937,16.1664,161.8919,441.9702,139.0789,20.8828,20.5451,8.8474,129.1406,56.6501,5.3512,26.5699,5.4995,15.0783,89.6244,1.216,50.9058,3.0343,82.9382,15.6662,15.2531,23.815,0.4234,35.4908,1.2038,4.1189,2.5216,5.0785,405.5734,6.9917,8.6529,12.225,10.4563,79.8608,2.5057,1.5949,109.3078,55.0777,13.3974,17.4919,9.4719,71.6508,472.9684,3.6468,7.9717,12.3336,118.0299,3.998,10.7217,16.6358,32.7901,26.2631,93.1527,16.0371,818.537,33.265,35.8676,10.0111,6.7121,3.3205,137.913,200.7185,74.5663,26.4343,0.0,13.648,3.0198,5.4153,0.5608,0.7547,3.8643,0.0,0.0,0.2359,4.1028,0.2904,1.8818,0.1142,0.284,5.2313,3.1374,0.5086,35.0497,117.5647,0.3301,0.0,2.2736,10.4647,1.2407,8.1102,5.2793,36.1756,4.6101,4.0665,2.0946,12.9348,7.2873,45.6169,8.9415,5.1893,27.3105,5.13,8.8972,9.4246,16.0541,0.3885,0.6079,3.9937,20.5716,37.7124,0.7457,0.2133,0.1052,1.3626,0.0,16.4162,1.9341,0.9965,31.6396,1.178,0.4331,75.3356,69.4663,125.1436
3.6142,19.5334,8.5248,0.7898,132.5035,16.6599,4.8859,0.0887,7.0741,13.3745,19.6202,7.3996,7.347,109.0811,12.9932,4.8277,0.8862,0.3434,3.0465,8.2896,195.1608,122.7373,1.5715,0.2552,4.2103,33.1436,17.311,2.0445,1.1701,0.0,1.2608,20.2336,2.7765,29.9576,0.0,25.6696,43.8889,22.1062,0.0195,31.2261,8.3016,30.1047,18.9914,0.3399,11.5394,0.0168,4.3148,7.2495,120.0254,32.9615,4.6285,8.8105,35.1615,5.396,0.1928,1.7528,0.0,0.0,0.0107,0.0,1.1348,0.0225,0.0264,0.035,0.0441,0.9662,0.1899,0.1639,4.4616,2.2911,0.5912,19.1367,0.6592,0.0775,6.706,0.0847,0.0337,39.5358,234.9164,0.87,1.2016,82.772,4.5476,14.5588,3.1679,6.384,0.0,0.0237,0.1152,10.5683,0.5616,0.2654,0.2807,0.1958,35.9868,0.1148,5.2498,63.0208,2.8255,46.9568,7.0916,1.0371,53.2868,2.3081,31.9753,16.4285,6.2971,7.4152,5.7139,137.9224,372.0609,0.0434,2.1124,3.45,0.8091,4.8472,0.0532,75.9159,250.3995,20.8276,4.078,2.1445,0.2698,15.8479,11.0203,13.5547,12.5774,11.8323,123.4358,165.4747,1.4155,10.1383,76.8092,6.3629,0.1767,15.0364,11.1476,33.6932,31.2494,2.0045,41.6168,3.2529,32.9526,4.0598,7.9217,6.2077,11.1473,6.8884,6.5711,2.3781,0.3447,3.7632,8.2338,62.468,0.3152,2.4533,3.2796,16.8776,15.0055,56.6378,737.5796,2.949,0.3274,24.5509,0.1168,5.2543,0.1079,16.8028,34.6875,3.0108,10.6398,36.7155,6.3181,5.868,2.2514,3.2944,1.2232,0.5977,5.5183,0.0434,17.0597,1.4742,0.692,7.2067,56.4628,0.4061,0.2498,57.0596,160.6893,0.4268,0.1622,0.0471,12.0754,32.0617,3.8151,4.3895,0.1577,11.2588,27.657,19.7716,0.3313,9.1323,13.6184,7.6122,34.583,186.5631,8.8302,3.629,2.6259,6.5663,24.13,28.1437,6.1566,17.0676,3.8269,8.4576,6.098,0.8299,29.1831,0.1257,35.4643,14.7488,6.8063,14.6535,0.0476,14.5418,0.0992,0.0061,16.2711,5.5962,8.1645,5.0557,2.6686,7.5305,5.7864,3.4991,2.553,0.7875,7.1915,16.1275,10.2592,14.2049,7.6448,26.508,130.2849,0.4091,6.6166,21.8929,16.8579,0.6296,2.7456,6.705,30.6309,9.7393,29.7981,7.4905,154.8041,6.9511,11.1618,2.2472,2.4339,6.2018,47.3875,44.5044,11.1513,70.0999,0.1454,2.5696,2.2135,3.7634,0.7076,0.0071,3.8436,0.0,0.0448,0.4553,6.5477,1.2727,0.2478,0.051,2.7593,0.3344,3.0968,3.1903,6.3834,17.9234,0.0658,0.0,0.1359,6.6932,1.1758,0.8729,10.0054,9.4414,5.8893,1.0246,0.2459,5.8948,5.7365,9.0651,2.9124,3.5782,6.5307,13.947,0.5432,2.3089,5.2698,0.1845,2.5984,7.1897,4.5474,0.3186,0.8171,0.9349,0.0,0.2986,0.203,10.8736,1.9167,0.4077,57.9221,1.2867,0.0,22.4645,21.7073,28.5793
8.5835,57.724,123.0533,8.5196,129.6752,69.8873,149.4672,4.0451,30.3901,0.2599,93.7148,24.8775,8.7241,40.804,38.0814,3.5886,2.6381,55.0541,9.5328,92.9769,10.3949,7.4125,0.1775,1.3213,24.1496,73.1037,95.6139,11.7892,2.1441,0.0,0.7884,43.569,19.6492,173.3141,0.0717,98.8968,2.0136,86.7413,0.0288,77.7558,45.376,152.7445,92.8498,42.9485,8.6714,0.0354,45.0605,28.2564,43.3489,44.7248,47.4586,25.6816,6.7789,18.5068,3.9381,0.303,0.1345,0.0341,0.0,0.0,0.0415,0.038,3.4763,0.0,0.6168,0.786,0.2397,0.0038,1.9629,405.3571,29.3014,253.1622,0.272,0.0154,9.6136,0.1429,0.2088,6.3799,1710.7474,1.202,1.3177,60.6922,31.1466,37.4831,7.4199,15.9651,0.0,0.0,0.1167,11.5212,0.0355,4.262,2.0164,0.3169,115.271,0.0436,32.9494,4467.6869,39.2613,249.8366,21.8355,0.0554,119.4652,11.1224,118.6578,23.3774,12.382,19.9688,80.7357,1525.5447,1004.8807,0.02,29.3522,0.0,11.187,18.7245,3.2326,3.4207,16.9151,228.0077,0.215,57.9954,5.4833,30.1662,49.0053,33.9945,93.2593,25.6306,514.1791,793.8619,11.5085,25.7782,313.7153,0.2139,29.9818,1.6456,79.2729,22.8463,45.3857,344.4137,49.4276,94.0083,24.0892,8.8473,33.7711,16.1714,30.3939,13.6393,29.3468,11.2668,9.4817,22.6411,17.7622,8.7136,17.3228,18.2223,22.9632,203.0249,25.5988,29.3858,202.1391,21.9371,412.0481,50.3676,0.0519,3.0636,0.1655,3.6964,2.0301,0.8602,63.9024,2.8244,7.7978,15.1543,9.1873,32.6324,5.7584,0.828,12.2845,0.0837,24.2751,1.4299,20.1109,55.826,184.3965,15.2786,5.492,30.5469,0.4765,1.4939,0.8508,0.0159,74.723,39.1691,12.5545,14.4614,0.1534,78.2489,150.3741,16.8913,1.75,13.4762,11.4826,27.7486,89.8846,382.3879,69.3162,26.1148,35.4047,24.4258,60.1254,156.1592,7.1136,14.1247,24.8579,35.1586,21.0955,7.8564,62.2412,0.3065,37.923,31.9241,32.867,38.2222,0.1606,25.6077,0.0181,0.2271,10.3177,9.8279,434.902,3.4203,6.9041,17.7775,15.0074,18.6975,3.6313,4.7558,97.6354,62.7469,15.0148,19.4272,14.3291,35.8281,496.0158,2.5855,11.6407,10.1087,72.6482,0.7055,2.8653,17.2566,4.89,91.9293,87.9807,45.7325,467.7031,9.5597,32.593,15.0741,2.7966,7.7893,17.7831,93.5733,0.8058,40.2494,0.1115,0.062,1.4184,15.0456,0.1886,7.73,19.8772,0.0271,0.5544,0.457,5.332,7.7499,41.7915,0.0156,0.1401,3.2104,21.5677,2.1162,57.3156,199.074,0.4441,0.0,0.892,21.7699,12.455,14.7959,1.9308,88.3435,9.2821,19.8009,5.0038,17.6188,23.7795,37.8691,12.33,15.4729,29.7665,14.71,7.0699,10.7171,31.374,0.0319,0.8002,7.5014,7.8867,40.1722,0.1082,2.6134,0.0,0.0,8.1148,22.4142,10.0597,5.3449,44.5163,1.5712,0.0,83.2069,62.56,199.677
1.9511,46.9785,70.5874,6.3664,424.5738,71.6105,147.6985,1.0215,102.0732,1.4706,40.4858,69.4881,15.5298,43.1521,23.0868,39.9082,3.5176,21.9032,14.6202,52.6287,27.1786,20.9512,0.1428,2.5686,33.426,56.0479,60.9947,20.1729,6.0845,0.0,3.2964,30.0194,17.0947,164.2634,0.0079,82.8433,4.6753,42.3272,0.0045,66.0639,36.867,162.4578,45.3146,20.6762,15.9917,0.0627,37.351,33.0042,140.6586,102.4967,35.1709,24.9842,18.6472,30.3798,0.8039,1.0848,0.0,0.0,0.0,0.0,1.2196,1.0941,0.037,0.2054,2.4701,1.8036,0.0778,0.051,3.8521,141.4328,42.2134,108.736,0.4922,0.0,19.2991,1.135,0.2729,40.983,66.0547,4.1316,1.4706,86.4993,19.2283,35.811,2.0872,21.0996,0.0,0.0885,0.4302,10.4323,0.2359,0.2709,6.7465,0.0716,116.9467,0.0054,27.745,1443.9306,32.7374,259.849,18.3004,0.386,119.0537,8.0119,101.4531,30.8126,8.3851,39.5874,43.4169,566.64,936.9199,1.7893,9.5838,0.0258,25.4202,36.0152,1.258,0.0866,16.5729,165.0823,2.149,49.7412,1.7837,9.9304,35.4738,42.7065,98.5292,39.4929,176.6046,1265.164,6.6058,27.1224,240.7905,1.6787,44.9303,3.9044,70.3147,15.4943,14.1005,213.0639,37.5172,77.9349,32.7029,11.2826,64.8702,20.6083,51.4829,27.566,21.299,25.6635,4.4119,17.4686,1.2126,85.0713,29.6207,12.9915,12.648,41.2692,64.4702,56.2546,208.6191,7.0727,45.0695,55.5817,0.6199,5.3612,0.476,5.2829,6.8554,4.3436,35.6065,23.2564,15.7894,11.1908,9.0869,29.8041,9.4258,1.7545,18.7539,0.243,24.1106,1.5413,14.0647,52.4914,43.2542,18.8254,2.4763,61.7372,0.672,1.6255,1.6224,0.0704,57.1131,79.6707,14.0828,11.9306,0.5986,55.2681,74.0485,14.6934,1.7617,26.5377,6.2307,32.6159,115.0252,526.0582,28.7516,11.2367,16.217,18.1897,87.3173,98.2119,8.8286,17.1587,16.2596,41.634,20.4197,4.9936,46.8042,0.2869,66.7292,26.7507,25.1292,48.8359,0.1998,23.9823,0.0,0.1142,0.9439,18.0322,241.1624,0.579,2.6166,20.3801,25.5851,31.8097,6.1709,5.1478,163.4188,102.2701,20.3237,28.9298,14.9252,32.3592,474.7437,1.0775,22.2112,45.3647,63.1215,1.6,11.2116,17.8068,13.4859,65.8378,79.7062,48.0492,337.3534,10.7465,29.9499,15.4104,5.5369,6.5567,36.6816,75.3434,3.6789,33.5057,0.1234,3.5358,2.101,50.1966,0.3476,0.0792,49.8256,0.0,0.3623,1.0797,0.504,20.0159,24.7367,0.1903,2.7497,0.3729,3.0899,0.195,87.2061,193.8935,1.7189,0.0,1.3811,25.4567,1.3718,17.6815,3.818,114.3466,5.8685,9.7859,4.82,6.1762,32.8363,72.3674,15.0558,17.3169,32.74,30.8742,10.0362,10.0627,36.2416,0.5563,0.5601,8.3016,7.4612,7.5916,0.1196,0.6908,0.0,0.2655,10.5705,19.3512,8.9553,9.2001,80.0584,1.2975,0.0,52.2356,72.4907,441.7105
1.1296,37.1885,72.1165,4.1978,466.5327,95.2373,332.6378,0.3295,81.6133,0.4465,41.893,24.0025,13.6582,33.188,27.4661,22.8298,0.7113,4.4763,6.1293,132.4917,22.2769,27.1367,0.9767,0.2212,8.2555,51.2275,63.0,38.8894,4.2878,0.0,3.1728,35.6628,8.8298,210.2207,0.0,49.3654,3.7511,62.9672,0.0217,52.0281,22.0545,68.6313,73.1752,29.3464,12.6021,0.6354,35.0427,13.4167,37.7047,35.514,18.9734,25.8325,21.7034,8.8181,6.4923,1.3719,0.0,0.0,0.0285,0.0,0.175,0.0402,0.0353,0.0535,0.0898,0.8838,0.6764,0.0122,1.1877,196.3319,10.9982,110.6543,0.4437,0.0893,24.352,0.7267,0.3606,20.1711,320.4599,3.8896,4.5745,90.2883,18.0636,28.8524,4.9342,12.2072,0.0,0.0,0.2258,2.4978,0.4627,0.3102,6.7977,0.169,140.9961,0.0153,12.393,3621.4694,25.5833,200.8291,31.7745,0.1345,84.3988,6.3027,286.9013,20.0056,40.4951,16.1699,102.5655,809.5788,1035.8552,0.0492,15.1013,0.0,7.4115,15.0659,8.9719,1.0749,14.7458,148.8275,0.3114,45.2944,0.8511,299.1551,35.254,26.9898,62.152,28.2672,225.4303,1421.8898,1.4658,18.0689,220.1858,0.9854,131.4568,3.3881,43.8591,12.4399,18.4565,1220.33,70.3766,607.5703,15.6175,7.8632,36.597,12.9531,56.8492,26.1155,20.1362,38.3672,1.4034,11.3115,26.5584,35.4057,77.527,10.8757,13.643,78.8162,43.6433,53.466,361.4222,4.9229,7.4924,48.4281,0.3834,14.7209,0.1398,5.9207,4.7995,5.6443,37.9882,10.9969,6.7631,9.1861,4.1633,11.0539,13.1098,2.4013,14.1188,0.011,10.4198,2.4685,12.6238,99.2536,113.4638,52.0314,0.6252,50.0753,3.923,1.194,2.6475,0.0168,57.29,29.8245,9.4016,13.1619,0.3799,49.3644,127.9486,24.5049,0.7163,13.2343,4.3214,28.8597,128.4381,492.6548,87.6693,36.8148,35.9441,9.8276,124.7354,91.1164,6.2629,12.888,20.9149,8.7297,35.6315,4.2681,66.9457,1.012,76.1113,24.9316,33.5609,49.3696,0.1483,33.0136,0.0096,0.0109,9.1847,9.7821,326.2879,1.0867,14.0935,17.6344,12.2038,75.359,2.1098,6.6585,220.2686,81.8755,48.8255,25.3492,9.0541,49.152,374.9823,10.1694,6.6,22.3126,141.2107,0.7917,9.9022,20.6207,10.597,60.207,98.1939,29.8225,689.7823,15.1983,66.0464,19.4867,6.0676,6.5587,19.7213,100.9325,3.0528,26.0507,0.259,0.7586,3.0476,5.0621,1.2937,4.7592,29.3306,0.0,0.0,2.7185,0.7936,4.4101,23.7059,0.2063,0.3742,2.081,4.3421,0.1241,41.2059,119.301,22.1645,0.0,15.6946,12.7027,0.8946,14.8718,2.0302,64.7235,6.1913,5.207,4.8918,19.7281,26.5369,46.2237,12.3287,14.3719,31.0382,25.578,8.8395,8.1193,20.4854,0.1517,0.62,3.9416,5.6795,7.9457,0.4852,0.2776,0.1369,0.0253,4.663,20.0656,3.7885,3.9684,66.0128,3.6187,0.0,108.4753,52.1076,144.3732
2.8646,22.5726,114.9259,12.904,224.1396,74.4297,0.9881,0.5146,1.8997,1.6651,53.1835,29.6013,19.276,20.7709,14.2512,14.9422,0.4052,154.6778,7.1836,160.8963,79.2153,42.9318,0.6241,0.2194,10.4155,58.2145,135.7661,22.6911,4.8681,0.0,3.7919,16.9716,12.4212,88.0538,0.0,189.3887,4.1773,33.0662,0.2266,22.7026,24.2629,99.0363,23.9094,3.8868,13.9169,2.4545,31.5484,18.104,70.6244,22.7632,42.3909,18.1192,23.6365,10.1688,3.6181,0.8788,0.0,0.0,0.0914,0.0,4.9413,0.1103,0.0323,0.0,0.4009,2.8758,0.102,0.0613,7.3348,97.6168,39.4176,138.7804,0.6812,0.0558,18.7267,0.4521,0.0,178.0966,825.7317,1.816,1.0532,35.8427,10.3632,21.8117,6.8824,15.3635,0.0,0.0,0.0,3.8589,1.2713,11.4261,2.8499,1.0523,127.1099,0.007,9.3151,2611.967,29.4978,143.8783,20.5951,1.0683,536.7691,4.2444,95.8403,41.3302,13.8589,25.367,90.208,980.2292,1175.3483,0.8012,39.1386,0.0,16.7127,17.649,2.6909,212.7535,639.1331,188.9827,0.2017,21.8667,0.4127,35.0695,94.3118,84.8812,40.2443,22.8685,160.2016,387.1457,2.9573,22.0997,342.132,2.0345,22.31,10.6496,18.1444,10.7573,22.9825,393.5158,134.7884,305.8693,39.1452,9.6757,47.4904,20.0758,41.179,13.9109,29.8977,60.3229,1.9609,12.5224,1180.2921,275.1687,18.0757,9.6993,11.2018,82.7311,22.4583,16.6184,740.3054,3.6804,6.1795,46.5579,0.3161,31.7974,1.176,17.1738,10.4792,14.9999,17.0954,34.8271,5.363,53.7737,12.6699,16.9646,6.4942,3.9144,42.9912,0.0303,9.0372,3.4498,14.8332,38.5328,134.9931,4.5824,4.2365,34.2041,3.9213,3.9397,3.1409,0.0231,79.8477,54.169,11.7662,13.2621,0.5587,59.3541,69.8444,23.8962,1.7403,7.3817,12.3646,28.9596,43.3635,389.5724,67.782,22.4434,14.1996,13.6937,67.5042,272.9698,1.4648,8.2088,24.7498,46.9011,21.621,1.5467,57.7462,1.322,86.4212,18.0319,13.7711,37.2899,0.3202,76.1413,0.0459,0.2245,7.9554,9.8098,880.5619,1.67,48.6692,23.7477,27.7366,27.6491,3.1191,2.0498,134.7078,82.344,8.3296,23.1318,7.9952,57.5238,329.5034,1.4514,8.8697,26.0971,65.3785,0.9452,13.679,33.6575,18.321,57.3603,144.4331,17.7738,496.6644,5.2156,13.2524,14.7228,5.8611,8.0276,26.5726,97.029,4.0143,15.3154,0.0,13.6734,8.1534,136.6689,0.638,1.0378,51.7068,0.0,0.0365,0.3614,2.445,1.1206,36.2648,0.0794,0.0444,1.3498,3.3277,3.4266,53.1575,240.7595,0.9658,0.0332,1.0162,9.4481,2.1132,15.9883,2.7573,128.8499,24.8882,7.8533,2.073,8.4686,24.3721,82.5276,10.4589,7.8949,32.2188,4.5222,11.7385,8.9913,12.4395,0.463,0.2203,7.4876,8.173,5.1829,0.2745,0.0477,0.047,15.9045,1.3074,13.3695,7.5234,4.0265,65.2682,8.2622,0.1291,109.7557,78.0936,214.3765
4.5735,57.143,85.4116,6.2945,412.2766,115.5159,174.5813,0.9154,33.1599,4.91,29.5433,74.0163,14.9954,39.5626,41.5719,84.7359,0.7803,14.4522,15.4013,144.8422,26.9019,23.7724,0.0386,0.5474,22.9622,80.4929,54.1795,14.0354,4.2579,0.0,1.2515,49.1142,36.1488,159.8,0.0128,86.8067,1.5645,72.8933,0.0037,150.3338,31.2118,134.6993,53.9317,18.9684,14.7504,0.1078,62.3844,19.7918,374.4248,112.9436,27.8979,22.1414,14.6412,27.0593,0.8648,1.0214,0.0,0.0,0.0,0.0,0.9951,0.2045,0.1497,0.2042,0.1143,0.0132,0.049,0.0069,2.4719,155.9033,9.4292,195.3765,0.0664,0.0758,28.4968,0.1862,0.153,9.6945,742.5576,1.5021,1.0061,77.3716,30.5194,42.2818,2.9452,25.9532,0.0,0.0,0.0174,7.204,0.2971,0.1755,3.6717,0.061,149.9137,0.0,22.1985,4229.386,51.6819,268.3225,19.9901,0.5309,141.0865,7.955,223.7312,25.8826,5.3167,21.0003,116.9376,1185.7746,1520.566,2.2421,11.6838,0.0,25.2539,23.5954,2.7882,5.1689,22.326,56.6629,1.2043,21.3335,1.589,378.0443,39.2544,47.7396,73.1409,44.963,306.2361,825.4674,3.0533,19.9361,387.6216,2.9059,20.2642,2.6572,44.8119,33.3443,54.6152,174.3618,63.7001,188.6678,33.2013,21.5399,33.0594,16.1992,49.466,24.0624,20.6921,9.3585,1.9354,18.6339,0.2701,91.4144,39.5456,27.6813,15.6279,108.9115,64.3184,71.8885,335.0634,2.5539,0.011,89.5335,0.4091,2.8975,0.0148,17.6148,4.7033,6.1179,50.2962,25.2637,9.1015,10.8138,8.8567,39.0597,11.8895,1.1591,7.6886,0.0,19.3755,4.0703,13.8927,19.2961,73.0336,14.5173,0.6565,50.0413,0.2668,10.8647,0.3504,0.0,53.5755,55.3945,14.0911,19.4213,0.4314,51.9092,112.1905,19.5207,1.5449,52.5748,10.8271,20.9629,88.0466,539.794,52.1695,67.051,37.2975,17.1486,77.1904,118.0808,3.9419,22.507,4.9216,75.0384,16.4759,2.5285,58.5054,0.1338,80.9976,84.9078,42.6612,38.5439,0.0539,28.115,0.0081,0.2034,11.2344,9.6827,296.6602,0.719,1.3346,23.4407,18.1849,19.1429,4.4833,6.1382,102.062,108.8193,46.8084,29.8028,21.7261,40.5449,659.834,12.3842,9.931,77.4729,25.1295,2.1996,7.1155,12.5411,27.1837,63.9587,126.4022,32.6434,535.888,6.584,33.2862,16.0875,3.8082,4.3754,45.6078,59.9606,2.2391,37.5847,0.02,3.141,1.4633,19.01,0.5912,11.3151,33.807,0.0486,0.1354,0.7628,0.5919,3.1872,4.7002,0.049,1.3408,0.3611,4.3173,0.1334,67.2049,91.835,15.9425,0.0,7.3043,37.5982,1.5831,11.1186,5.0376,82.6635,1.4421,0.2281,1.6729,68.1035,33.1765,58.5566,19.5822,21.3898,37.0854,29.7464,4.6902,9.8764,20.3799,0.261,0.5443,5.5461,4.595,5.8647,0.6055,0.1325,0.0,1.2469,2.6005,15.8485,5.4835,7.3076,66.1898,1.2509,0.4783,85.9676,87.0164,134.6433
2.026,18.1848,46.1944,38.4882,445.3224,24.9785,35.4203,0.1848,139.9423,0.8053,48.566,22.0208,9.6487,51.1704,12.378,8.6741,0.8681,15.1486,8.8212,29.3202,57.7804,49.6145,0.0517,15.6846,9.7404,41.9981,53.5343,7.5411,3.1662,0.0,0.7693,16.6772,8.3348,113.554,0.0086,52.9032,0.9609,53.8117,0.0197,49.0287,10.9076,39.3184,18.2973,2.1846,9.8584,0.1105,677.2966,11.8914,63.0871,22.6884,17.1852,18.5548,40.3929,0.5252,1.7189,0.4882,0.0,0.0,0.1622,0.0,0.0498,0.0,0.0134,0.0507,0.5361,0.3791,0.8881,0.0,3.0292,54.9363,9.0257,88.6501,0.1484,0.1847,10.4288,0.3274,0.0911,128.7282,880.4164,1.2614,0.9338,106.6597,9.4902,18.2772,3.9468,6.4624,0.0,0.0,0.2334,2.3452,0.5688,2.9316,4.7136,2.9649,77.4163,0.0174,14.2135,4257.4796,6.5825,115.3728,15.7035,0.0798,159.9865,5.6925,338.9351,38.348,5.4083,13.3575,47.8499,410.5014,878.91,0.04,16.1271,0.0,3.4761,8.6402,1.5808,12.067,106.2652,217.5651,0.0708,38.7315,0.2164,142.5905,22.9493,50.2227,44.504,18.771,373.9147,1508.6577,0.8626,14.9497,162.9369,1.2584,128.9667,9.6977,42.9901,30.6696,14.7455,653.3936,50.3598,931.5719,10.1677,4.5522,21.2268,6.2857,25.589,5.5648,23.2678,7.6605,0.6439,4.0927,2729.0181,152.0059,75.8968,4.2255,7.5934,130.5027,26.9529,28.641,227.0096,2.097,0.0295,49.9478,0.2741,1.7902,0.1192,14.1069,9.2269,2.4657,11.3977,27.5934,9.4162,16.0109,4.2518,7.9148,12.9532,0.9103,5.1185,0.0377,19.1157,2.2303,13.3831,25.0447,68.2188,16.0935,0.5664,92.4926,0.1287,3.7487,0.7454,0.1527,39.4399,40.086,5.0945,10.2178,0.3651,40.8384,54.716,15.8324,0.3092,16.0817,77.9902,26.1384,78.9358,445.4022,56.7004,13.4715,9.231,5.1989,89.5082,103.576,4.9348,9.1742,0.7367,39.2475,58.2149,0.5964,54.834,1.6132,90.4815,17.2907,28.3083,28.2556,0.1446,16.7842,0.0163,0.0619,111.623,6.9151,363.381,0.775,8.4098,8.2463,14.0,10.5219,1.7628,1.5195,80.9706,33.1126,4.9026,11.6844,13.7763,50.0096,390.1395,4.0863,4.0416,80.2392,156.9746,4.0838,11.0998,35.6465,16.0653,15.8464,60.0132,14.0618,476.2713,4.0566,12.6158,11.8354,1.4304,7.3711,20.6349,95.7251,27.6008,9.3758,0.0268,1.9633,2.3258,17.3883,0.1886,7.1019,36.9047,0.0,0.0,1.5209,1.9419,3.6632,7.3997,0.0282,0.042,0.6774,2.3584,0.5739,15.1649,71.1915,21.1423,0.0,4.9401,19.4278,0.8684,9.3312,2.1069,53.3781,5.1758,0.6115,0.4152,10.7275,14.1876,17.8506,6.7149,3.4584,17.5012,1.9813,4.1591,4.9944,10.6887,0.0767,0.0851,8.1295,10.8829,5.847,0.1947,0.0986,0.0389,71.3013,2.3809,11.7786,2.0488,0.9439,25.0005,0.4442,0.0,67.8892,41.7979,173.9839
3.6408,41.7755,23.2874,10.1355,146.9405,72.5315,0.5025,0.1873,0.9613,2.6338,31.8654,24.3219,5.4356,20.9372,23.3537,25.7024,2.7355,11.77,7.1213,34.2797,44.9938,37.0292,2.3092,9.2538,16.2038,28.2239,35.6571,24.4614,7.1666,0.0,59.2886,27.668,17.341,75.763,0.0236,32.2464,32.3003,22.252,0.4188,72.6869,9.1496,50.2942,13.2824,4.0939,11.0902,0.0931,31.9623,18.0825,73.2646,61.2244,18.8722,18.2726,28.1585,27.7123,2.6252,0.7509,0.0,0.0,0.1874,0.0,1.4344,0.1666,0.0488,0.0555,0.0699,0.563,0.2282,0.1346,3.3329,74.5054,4.979,65.1373,0.2166,0.0758,10.4269,0.5263,0.3534,204.2259,37.9515,8.5273,2.312,101.6605,11.9935,27.2175,9.6114,7.8391,0.643,0.0,0.1065,16.5247,0.7784,1.8467,3.7896,0.332,88.758,0.0053,7.8814,1379.6192,7.7812,75.3536,17.3959,0.7642,95.6177,4.0372,78.8527,32.645,44.6773,18.9315,28.1899,289.5789,1127.4838,0.1822,22.1116,0.0383,14.0412,14.0178,12.4537,17.4407,137.2276,114.3874,0.2492,18.9692,1.7243,171.0748,32.3555,34.7392,27.0424,23.3902,48.382,296.9495,3.8813,19.9374,179.9404,2.2387,42.7577,20.8966,117.8801,48.3468,61.1458,266.918,44.9303,166.1678,15.6145,11.1974,27.8911,12.2656,24.5338,27.9765,38.487,12.4221,3.9293,8.4762,635.0714,345.7177,24.2344,5.2216,5.6169,41.1532,19.0517,76.6107,76.8195,2.3099,1.8154,24.5865,1.3411,5.2634,0.1812,23.5709,7.3648,13.2041,8.1513,37.5908,7.2224,3.5265,3.8923,12.0106,17.3178,4.9899,4.399,0.1031,14.9973,6.935,5.1841,35.9824,52.0558,2.8624,0.7915,19.3645,2.6741,4.7854,2.5752,1.0797,26.2125,27.9895,9.8327,13.4363,0.5149,36.0188,43.6905,7.3425,1.2247,19.2553,14.5725,19.1559,55.3595,285.014,105.2509,10.4014,9.207,7.7514,41.9988,68.9009,10.7668,15.191,6.0963,27.2331,42.1952,2.0309,28.5536,0.2324,52.418,19.4863,33.6407,28.2646,0.0879,15.3777,0.2923,2.769,2.503,2.7642,102.4172,4.6239,6.1023,16.3813,8.2586,49.557,2.9284,1.6865,159.356,55.1335,20.3003,27.2897,15.767,19.6625,430.0605,2.2858,9.4627,23.3878,31.8975,5.192,10.669,36.4106,27.5655,21.8237,69.8263,31.0386,474.4266,23.5907,50.7622,9.198,13.9856,4.2425,44.7426,36.9645,4.6148,13.8392,0.8304,11.9939,5.3387,14.2161,0.2065,2.547,10.0261,0.0,0.7174,3.0476,0.5738,1.0804,6.7501,0.0514,0.1677,1.3081,4.5381,1.3045,20.4326,71.3953,14.2824,0.0,4.5204,15.1871,1.6863,16.9812,4.3964,67.3046,5.6258,2.9357,0.0505,5.3935,28.7507,29.343,22.3864,8.4876,13.9552,5.4781,4.4235,8.7341,14.8515,0.6993,1.231,5.4723,5.2024,1.6624,0.5329,0.27,0.1065,2.0498,2.3299,10.6244,3.7244,2.1929,66.3476,7.7681,0.0325,41.4393,30.3844,67.8594
21.2099,82.9257,199.376,22.5175,61.6161,93.2077,104.4487,1.2919,19.2895,20.556,34.936,71.2426,18.3987,50.6029,12.9935,6.152,0.9573,8.8053,12.0511,89.8995,103.2591,90.5744,3.2444,3.164,17.3257,67.2806,111.8798,8.2723,0.9072,0.0,0.5755,77.421,23.4624,113.2915,1.1136,194.7574,9.3387,35.2617,0.005,99.227,39.5225,148.3978,53.516,9.1215,47.9597,1.8477,17.9614,19.1809,18.387,85.4986,38.2451,294.6951,28.2429,77.3488,0.0921,5.4379,0.0,0.2278,2.0001,0.0542,0.0302,0.554,0.2433,0.0307,1.3679,12.389,1.3751,0.3963,38.3577,72.6943,22.676,254.1164,1.1401,0.1681,14.218,2.7426,0.0691,298.4382,12.3044,2.5502,2.1335,20.5646,21.7905,50.3663,79.0681,25.2938,0.2138,1.9424,0.3068,13.5606,0.9776,10.1474,12.1617,9.5291,128.4265,0.4524,10.4874,1167.0886,49.6013,185.639,92.7932,39.3745,93.2732,7.1667,127.9013,57.7292,1.9707,26.0586,134.4601,721.6672,3171.8779,1.0421,27.5931,0.0565,5.4178,9.1259,0.109,0.1267,0.8198,24.4145,9.8961,4.7821,2.7626,8.7478,62.9548,96.5649,76.4588,43.317,77.1316,502.6433,27.0208,62.7869,242.2589,15.3792,4.9637,97.3938,16.4449,57.2334,80.2889,31.811,193.1325,18.243,42.9135,12.146,36.8315,18.7627,21.2264,18.1338,19.3833,21.8903,3.4652,17.24,17.5611,219.5789,23.5166,25.0492,13.0273,6.9359,10.8553,25.6851,72.7986,15.9787,3.5616,126.3511,5.4786,30.3134,35.6092,5.8748,7.0941,24.4517,27.5602,14.5534,11.9675,8.4598,14.3779,14.263,12.4112,0.4474,22.5235,0.0381,58.2233,5.0238,15.5578,21.4015,158.3002,10.1081,2.3878,67.6285,22.9694,11.8556,3.4056,2.9526,112.9038,38.3072,10.5847,11.8152,1.0674,59.4427,97.1347,29.3998,3.6978,24.0803,12.8744,18.1704,137.9005,374.9515,39.0522,154.6966,26.1453,20.8106,137.978,106.9239,2.5629,161.3643,31.4208,21.1723,29.1905,3.81,82.6428,7.7056,75.1137,59.3121,29.5883,74.5543,4.3118,47.7125,0.5271,0.3256,17.8449,28.0334,86.7851,18.4214,59.6064,29.737,9.4162,11.5363,3.8074,5.576,257.1729,41.229,16.7726,21.0471,35.218,63.4289,415.986,9.4503,11.1771,8.4126,43.1608,32.3006,122.6875,37.0631,21.7814,69.2043,167.1609,58.4737,2296.9545,4.4963,20.7664,25.6762,13.682,8.2982,9.9302,270.9704,13.1109,42.3223,3.275,0.2556,6.5616,19.8689,8.466,0.275,8.8008,0.0,0.4586,14.9458,30.4134,1.335,9.8046,0.1233,1.9385,0.6314,8.6239,8.3073,38.3433,57.7119,18.05,0.3477,44.8988,42.2361,23.3524,45.0344,20.8724,16.2072,40.1754,17.3403,19.5573,130.3104,6.3252,67.7933,19.2238,16.1989,58.0773,22.8116,8.9744,10.27,14.2988,6.4707,1.7575,14.1705,4.563,4.337,19.6861,1.4559,0.0393,14.6486,5.9734,118.1902,9.3201,2.132,62.2576,12.667,1.368,56.0776,74.7608,94.6101
3.5055,59.5221,63.2021,3.23,460.3543,88.5532,203.3361,3.3761,288.9709,6.3974,38.2437,93.7146,18.5112,61.4535,29.1275,12.8172,3.7391,26.0304,17.4128,66.3123,77.5275,59.3405,0.9842,0.3549,28.142,65.6802,91.0951,41.6199,9.9246,0.0,3.6979,18.1079,19.5283,162.3387,0.0224,49.544,4.6464,50.6247,0.0064,90.6058,30.3367,110.781,59.1602,52.55,19.791,2.0708,73.5423,35.7978,116.77,76.4819,38.9127,32.7213,24.7773,50.3534,0.6276,0.3616,0.0,0.0,0.0,0.0,0.2333,0.0,0.0871,0.0528,1.0642,0.1608,0.1141,0.0481,6.3051,137.3504,13.9966,158.8552,0.5026,0.012,10.1954,0.7515,0.742,70.3636,35.1029,4.7153,4.1701,76.7192,35.5227,46.616,4.7164,13.1605,0.0459,0.0,0.4865,9.0329,0.3149,1.3349,4.7686,0.3889,130.1614,0.1514,21.1801,1380.1507,30.6497,263.8454,20.1134,1.1346,185.8957,9.7643,75.9778,33.3629,8.1459,46.5823,56.6822,656.7822,951.503,0.5829,37.1422,0.0182,6.9357,23.1282,6.7857,0.4083,92.9582,85.7286,27.9479,86.0316,3.4411,33.8844,79.9379,33.8378,64.565,67.9238,195.7208,1256.6706,3.3861,21.6203,196.3108,6.3854,18.9194,10.6794,50.6073,15.8335,31.9053,242.5936,30.1735,46.3648,52.3351,9.5819,63.8638,13.7618,42.5926,22.0596,9.8688,7.038,2.9531,10.715,25.9709,163.7879,36.7024,15.1408,14.25,33.8505,74.7595,70.1167,305.3521,1.5719,1.0369,71.934,0.4869,7.2479,0.3623,15.1398,12.6324,7.2021,34.7285,70.6775,22.2101,15.1941,6.757,26.5335,14.9653,3.1112,8.7847,0.1309,61.3211,4.8061,46.4058,32.736,66.6889,36.3674,5.196,89.6436,0.8754,2.6607,1.9113,0.0497,87.1628,72.7743,15.1232,19.903,2.5981,79.5511,73.8726,17.705,0.8252,31.7687,0.5455,21.016,86.5268,529.9793,54.8065,13.4188,16.2695,17.5788,69.1759,85.8849,9.8408,10.2938,17.0447,21.0846,33.1421,10.2741,71.2554,7.5942,63.78,48.1589,68.271,59.7162,0.1883,24.6911,0.0071,0.0484,11.3421,10.9567,403.5491,7.121,7.0955,20.4587,21.5186,42.9802,3.0857,3.378,103.8018,122.7253,29.9383,17.2534,28.8411,21.6225,237.3667,10.1015,14.6402,27.3835,87.2905,1.4381,14.1187,34.3104,15.9321,53.0986,102.5497,66.0232,369.5617,14.7577,43.4218,31.373,5.318,8.8533,43.3733,72.8069,1.8735,21.6443,0.4534,8.6601,79.3215,34.5413,0.7371,8.3929,81.0942,0.0,0.0394,1.2666,1.7813,20.2129,34.737,4.9638,0.5201,1.8679,4.5841,0.3799,56.9917,160.0762,9.6041,0.0,8.7458,22.9302,4.5895,20.1433,4.3567,128.0449,10.5286,5.9317,1.1897,5.1662,43.2218,58.3916,13.1434,12.0556,244.2071,14.2058,22.7876,10.1075,16.2876,0.9361,0.7285,18.3457,5.8796,10.2373,0.3382,0.1028,0.0507,0.1876,0.0564,39.6434,6.8597,14.581,31.8632,2.3473,0.0464,46.1688,62.1873,249.6998
2.4709,26.8701,131.5231,6.8778,62.0085,113.8053,0.8237,0.5558,0.8222,8.4026,31.8724,30.7023,4.2377,24.4192,15.9049,8.9105,1.1628,18.6035,13.0829,188.3757,71.1619,68.7687,0.6373,0.3926,27.1507,77.7339,118.79,32.5977,11.465,0.0,3.9546,23.5825,31.1384,151.9362,0.1652,64.5027,31.0033,66.6227,0.1015,69.3112,82.808,63.5423,86.84,15.444,31.0511,0.1981,2.1663,44.1022,17.6412,31.4784,29.5526,22.3983,42.9337,1.5743,1.0352,15.2193,0.0553,196.173,0.0296,0.0,0.8867,16.2128,0.0183,0.0278,0.0525,1.9216,1.4145,0.0063,138.4352,136.505,28.0973,164.211,0.0,0.0253,4.6108,0.4916,0.0625,204.5276,39.7851,8.6804,0.5877,9.9194,81.9241,33.6277,3.199,16.9239,0.0483,0.1975,0.48,14.4661,41.7933,15.521,1.3721,4.1986,163.8485,0.0956,8.8536,1047.9191,178.8971,238.6726,64.1868,0.5468,77.8617,3.8299,76.9265,20.0451,3.3579,29.6823,175.9833,2783.8014,5202.2854,0.0986,11.9105,0.0192,1.8007,9.7996,2.0191,5.0695,15.4037,64.3151,0.6588,5.0096,8.7562,4.8969,15.0851,40.4733,81.5966,21.8489,19.892,144.7364,6.3914,89.6159,307.9008,3.3898,1.6934,22.2685,45.0694,42.9527,31.5545,7.8426,215.5809,60.0294,23.2561,4.8585,15.2911,12.1178,22.6448,52.6207,5.8693,2.7218,1.6284,17.2424,3.653,41.5166,98.7821,68.0349,16.6802,14.33,11.4483,229.802,221.6406,7.2673,1.5761,76.1287,0.4782,1.8239,0.463,132.4015,12.5362,2.5697,53.6182,24.3805,4.8966,16.5097,2.9735,26.1871,16.9552,1.3966,3.6198,0.0344,47.8993,3.5157,3.5597,18.0204,200.5253,0.4779,1.272,49.0214,2.7441,2.3385,2.9123,3.2185,84.5586,71.8087,11.8439,20.5273,0.1126,70.9673,83.8059,10.8249,15.1353,3.2844,0.6753,25.576,303.9808,359.5978,49.5705,94.8629,117.5959,23.605,127.8318,49.1758,1.8712,11.507,4.0153,5.0979,7.0947,0.7048,21.5261,4.5518,75.6306,31.2571,7.1541,26.7099,1.1561,17.0739,0.2904,0.1698,5.6167,9.5503,185.8142,7.7232,42.2549,9.4241,7.6888,43.965,3.9147,3.6936,49.9851,58.2123,17.4424,22.5881,11.2328,105.4089,703.0288,17.6404,8.0196,0.8677,44.6077,0.3526,11.9812,20.5348,14.0016,67.9977,170.6046,43.1704,1565.3309,6.9109,30.8988,12.2771,2.7587,3.3242,5.9501,37.2701,6.6284,30.9565,0.4771,0.1427,104.0369,0.9196,2.4821,0.6673,0.4549,1.7412,0.1244,5.0579,2.7368,0.2299,25.0353,1.1064,0.2665,3.1475,122.4919,5.9126,18.4608,163.9614,0.3044,0.3018,178.4063,28.0453,21.9203,4.4225,8.9045,13.2732,7.394,41.7093,5.1975,18.7166,4.626,65.1871,14.9477,16.4652,24.8666,11.1276,5.7265,7.5639,5.3993,1.4908,79.4399,11.1054,6.9697,6.7135,7.5631,4.462,0.747,30.5641,2.6406,74.2605,5.3277,1.1321,113.2636,0.5744,22.0635,92.8559,59.352,254.1841
8.1658,15.5833,35.4961,33.9223,174.3897,78.9199,9.051,1.1183,28.4196,0.1841,41.3409,34.6282,16.6211,45.7517,16.8933,1.4921,1.3922,5.6643,8.9143,33.6393,247.2368,171.4421,1.6829,0.4498,46.4838,60.9025,55.9956,96.2488,12.7235,0.0,9.8816,35.1303,19.8053,126.841,0.1811,99.7356,31.4754,43.8166,0.1742,39.634,14.8085,76.9247,27.5165,7.136,15.9016,0.0526,10.0648,38.4344,129.0162,70.3561,35.7821,22.7915,69.9725,35.6108,1.5073,2.6069,0.0749,0.1141,0.5421,0.0,6.4191,0.0283,0.4056,0.3199,0.0474,0.4857,0.4065,0.157,14.5562,39.9834,17.2531,63.4434,0.349,0.1944,24.73,1.4574,0.0987,508.9914,313.5032,11.7224,1.619,59.1285,20.2073,56.0071,21.5734,21.9663,0.1745,0.0,0.1011,7.9468,4.9384,7.0714,3.9795,0.2455,108.2846,0.1979,15.6264,483.2358,10.1057,70.231,11.7728,3.1568,135.6726,9.5834,29.038,33.3915,26.1358,38.7664,20.7806,629.6822,958.2179,0.8211,9.9596,0.026,11.5356,9.4284,1.868,2.5415,33.9018,79.2345,1.547,32.9778,0.1339,93.8773,66.8572,80.6922,100.7435,61.8523,229.6128,514.2916,7.4826,24.9641,390.8811,6.4524,35.7216,34.2852,58.4991,48.5544,85.5146,80.5319,94.2114,25.5193,27.6341,4.6647,21.417,7.5767,21.1,20.8733,22.5152,15.3835,12.4335,8.6426,133.7412,469.6957,68.4248,4.7908,9.4307,47.5138,38.4616,52.1982,175.732,8.6698,7.884,57.2232,0.563,14.1515,0.1353,25.268,26.2845,15.4685,23.0053,110.3518,11.8088,8.1609,5.4925,17.4262,24.2505,16.232,21.1308,0.0544,27.2056,11.5725,7.844,31.2554,73.3637,2.8401,14.1958,45.4814,17.0476,22.1376,13.4057,0.5436,83.8934,152.3027,7.6182,12.2193,0.4172,43.3698,56.5916,14.2185,5.6303,26.1899,3.5452,16.3782,57.9379,407.7519,124.495,3.7879,7.393,22.9309,43.6512,59.0131,2.8867,34.3688,3.583,37.0961,59.9876,5.0574,53.369,2.5694,54.7451,30.9931,22.2989,26.0909,0.3282,28.5798,1.2474,5.9436,19.5325,5.1536,44.5044,25.4121,9.2112,16.4032,16.8235,100.1156,3.3541,1.8937,135.8991,115.4439,31.5862,34.5666,29.5165,21.73,507.4854,15.2044,26.9828,9.6576,183.3756,4.8567,8.6768,31.2912,114.0348,32.5737,83.7245,21.6337,619.4065,16.4563,18.5534,20.3076,7.9062,8.0736,36.8418,104.8345,23.3937,37.1527,0.2817,8.3043,2.23,14.7476,0.7005,0.0798,2.0465,0.0,0.0749,0.7253,2.5395,2.8579,4.2195,0.5926,3.2358,3.7794,28.8039,2.7195,41.5449,192.5061,3.9866,0.0767,5.9359,28.5624,7.8408,21.2814,13.4328,18.1003,18.1304,25.4789,8.5661,7.9539,24.9879,50.1378,15.9332,7.5497,21.3159,9.6757,4.537,17.1692,28.331,2.3429,1.8814,15.439,13.0738,19.9763,3.777,0.0611,0.0,0.0535,0.1742,33.3228,3.2506,3.7338,42.1157,7.3775,0.1323,24.0039,38.454,234.9313
65.5314,320.2453,102.6111,19.3076,149.0536,105.4716,8.7314,4.5999,14.1779,1.2846,30.6442,29.4134,6.0387,51.974,46.0034,0.5764,2.1751,13.331,26.8644,45.7451,109.7932,99.5612,2.6594,0.019,35.5121,110.4784,1468.6121,34.5327,7.4323,0.0,2.8291,50.0773,29.5791,321.1347,17.7738,298.5619,67.3283,71.1333,0.0301,55.194,48.3375,85.5286,69.7075,5.703,44.8188,0.1557,6.0467,49.6221,64.9719,40.0321,41.5369,28.4586,286.7312,2.5372,44.9683,0.7598,0.0,0.0,0.0,0.0,3.6664,0.0,0.0998,0.1375,0.0606,1.8544,1.3515,0.0094,8.7945,5.5994,0.7662,235.8427,1.6511,0.0877,18.4642,1.5551,0.1237,342.3351,81.3922,5.2167,0.8048,0.0273,39.9922,141.995,6.5197,43.8443,0.0478,0.0,0.2376,10.2464,3.2033,0.6098,19.7202,3.3572,213.2655,0.0237,23.5677,2151.3895,20.9239,86.3512,28.76,1.5293,92.5541,20.1698,60.4718,76.6638,37.6937,30.8602,34.7244,1292.3252,2791.4458,0.3741,29.4478,0.0,9.2205,20.5009,2.8031,0.9569,1.9454,116.358,5.866,26.2274,0.085,237.5372,90.0216,139.7065,85.8523,61.5742,140.0507,19.7993,1088.1129,30.7172,849.8606,3.02,1.7826,85.2944,14.6635,67.3152,278.5271,7.3659,179.5699,2.7685,77.8127,13.018,21.0457,20.6421,46.0568,14.6993,36.749,4.3677,173.3036,23.7703,0.1786,18.7261,44.1284,12.2877,25.7424,49.8032,62.096,67.1987,88.9208,0.7382,0.6701,133.2913,0.186,54.8048,0.1887,19.9367,6.5466,5.4702,28.1597,44.4343,17.1574,4.3587,10.6939,52.3626,107.2367,6.4139,86.3161,0.017,50.9873,8.6283,12.3813,28.3971,120.0616,9.5468,9.7134,58.3494,1.494,25.2129,19.0496,0.013,205.2933,86.626,12.8297,23.0079,0.0258,56.9541,90.8033,16.4858,4.393,72.6982,2.2144,32.0257,80.6121,520.5355,86.1097,45.1017,10.9563,26.0253,89.5419,114.867,2.3701,24.962,39.7956,106.6064,521.7389,19.4517,82.706,0.3392,79.8793,8.8072,19.5156,55.7944,0.6867,9.9141,0.0811,0.1177,0.7198,17.5637,11.6544,2.7427,1.9914,31.129,46.2508,42.875,8.6987,4.9862,290.7192,102.3563,60.5404,50.4135,44.5265,27.4465,357.0014,13.9797,10.5699,1.9506,167.1167,0.5963,10.0831,105.3865,196.552,46.849,201.2385,96.4076,351.438,124.0277,32.5082,23.9778,19.9794,13.0057,4.6463,301.5883,5.6194,21.0535,0.327,0.1009,0.7219,1.2425,0.4351,0.0777,0.0,0.0221,0.0821,1.793,0.5567,0.8178,0.8678,0.3948,0.3707,0.4238,3.8502,6.8966,38.4644,258.7802,2.6217,0.0934,0.9235,34.3006,5.1092,9.3047,7.5104,8.4746,29.1068,5.7971,3.6617,14.0896,19.2575,73.7423,10.624,13.1764,45.249,10.8311,10.8441,14.4919,42.5021,0.5819,0.5609,34.7489,17.7686,6.955,0.2863,0.1472,0.0,0.7232,0.0147,9.3321,6.777,2.6116,62.6804,87.9703,0.0,65.6817,67.2354,416.334
1.1567,15.493,31.5946,53.3799,855.3362,52.3848,72.72,0.6321,96.7641,0.8777,54.6538,23.0313,13.6962,69.1528,14.9886,84.401,1.1289,65.8057,12.318,28.1823,34.3818,22.4763,0.1267,26.4621,13.2606,112.2151,146.0221,3.2796,1.5318,0.0,0.2683,32.2482,16.2321,115.8614,0.0094,108.497,6.1415,148.9128,0.0054,166.819,26.1954,59.96,7.042,1.7858,19.8292,0.7784,93.3921,17.3744,180.1425,30.4069,34.9675,21.3798,68.2106,1.0686,1.1071,0.3026,0.0,0.0,0.4949,0.0585,0.0542,0.0,0.0583,0.011,0.8766,0.2595,0.017,0.0101,2.7418,32.4398,8.812,79.3521,0.0323,0.3926,10.5958,0.068,0.0745,273.4629,363.3506,0.6403,0.8101,134.1781,22.1874,19.9014,4.9004,10.2788,0.0384,0.0,0.687,4.1098,0.558,0.1556,12.2371,0.156,79.675,0.0127,23.7269,3056.4489,9.1168,160.755,21.1913,0.0507,379.7853,3.6307,151.7038,21.1797,3.6479,25.5041,36.3324,727.9293,2024.4315,0.0087,34.497,0.0,4.2197,5.3293,0.1566,1.0249,371.3741,895.6955,0.1379,99.3903,0.1365,300.4611,95.4211,139.6608,63.4841,58.4893,686.773,1970.2944,0.1652,21.1066,238.5693,0.9622,393.7973,6.4707,56.5567,26.8518,22.7851,2998.6974,122.0161,2397.7799,22.6144,6.7139,50.5382,8.5155,24.3327,4.4098,97.3643,5.2172,0.4151,6.3765,7805.7871,112.4519,174.2246,3.7062,7.6134,92.8862,58.5444,62.1507,891.0264,2.9972,0.0803,126.9373,0.2444,0.8438,0.1516,20.1268,54.924,2.5987,24.3095,19.8029,7.7668,68.1005,6.1229,11.7278,76.6757,0.2913,5.355,0.0548,23.8318,1.0992,10.6573,21.4077,78.0667,27.4521,2.6665,301.9976,0.0312,5.7495,0.1663,0.0208,93.3661,56.0604,13.7142,8.5876,0.1791,79.247,69.7902,18.2499,0.5631,24.6101,155.2057,57.4429,68.196,434.4454,140.272,36.2769,8.9384,8.3676,89.3453,124.7117,2.9944,13.1291,1.1089,46.0742,294.5467,0.3643,81.1053,6.3546,77.0483,48.5833,24.3294,48.4093,0.0,17.0949,0.0296,0.0,210.6712,3.9903,1463.4679,0.7077,3.3779,9.5156,27.7622,4.5736,2.9862,0.6349,76.7739,65.8705,4.6018,14.7776,20.6815,58.4626,248.9468,1.5967,7.8245,135.1402,426.9307,5.8532,5.7785,29.9638,28.0459,19.8747,92.9373,25.7432,498.2237,8.6221,13.77,20.4288,1.23,6.0344,166.7213,117.9713,60.5192,18.0392,0.0292,1.4428,2.038,20.7314,3.0016,17.8071,115.9301,0.0,0.0,0.7609,43.5839,2.382,23.8961,0.0307,0.1546,4.2097,5.0107,0.2769,27.3443,94.3875,59.0633,0.015,10.419,36.1055,0.9871,6.3977,1.9233,83.3408,9.5428,6.4719,0.0905,13.0805,18.9094,42.7654,7.5532,6.8818,19.1697,1.4429,7.7452,6.0412,12.9347,0.0627,0.1193,9.9829,11.7525,68.0752,0.0,0.0,0.0,20.8185,5.0016,25.734,1.9268,1.3985,68.8894,0.4933,0.0,65.9732,74.8638,353.3305
0.3592,6.3051,15.5172,15.6704,368.4446,18.7665,140.9347,0.0746,67.9937,1.6169,13.8498,5.4263,18.6034,18.5607,9.1966,23.7232,0.1721,185.168,4.0601,35.1264,15.528,19.3991,0.0125,2.2274,3.3736,29.5184,25.221,2.3057,2.4119,0.0,2.6466,13.892,4.9109,33.3419,0.025,19.4524,0.7689,58.8567,0.0239,62.6465,10.0975,12.3149,10.3021,3.0604,1.8767,0.033,15.5457,3.1012,23.3832,12.9444,5.4779,10.5749,7.8848,0.1493,2.1578,0.0649,0.0,0.0199,0.021,0.0,0.0,0.2655,0.0,0.0295,0.2598,0.0684,0.0273,0.0045,2.1028,48.2064,4.7835,33.2444,0.1438,0.0179,3.6816,0.0755,0.0221,10.7095,429.1749,0.9879,2.6499,328.9301,3.6321,4.6472,2.0952,2.0568,0.0,0.0,0.0452,0.382,0.3307,0.6186,1.1931,0.0159,36.4039,0.0,3.4988,3026.2581,2.5125,50.9412,5.8525,0.0709,97.7197,1.076,147.9431,11.176,3.9704,4.6383,46.5828,441.87,618.2852,0.0387,3.8991,17.3527,0.8224,3.9702,0.4526,1.7312,136.4028,65.7439,0.0833,1.8703,0.6069,26.0031,15.9548,3.6381,34.789,6.0301,179.2105,2048.605,0.7568,5.3431,109.3468,0.1759,10.7655,3.8649,10.8216,5.9826,14.1334,282.5736,11.3688,58.7565,7.0657,2.1927,17.8823,2.5954,24.3851,2.5747,17.0846,6.2486,0.1582,1.4744,118.4441,41.7158,20.5524,0.8456,1.6627,51.6407,5.7514,39.4321,502.8583,1.9362,0.1,34.4128,0.4226,0.3751,0.0,7.5845,11.6016,0.7767,10.7798,7.8122,3.6353,409.8506,1.1882,3.7026,7.6207,0.3723,0.8316,0.0,13.2221,0.9397,4.2513,12.7893,51.3165,47.5427,1.3196,98.3428,0.0554,1.001,0.1592,0.0,21.2249,67.3966,1.8773,2.1894,0.0206,22.6743,65.052,16.8139,0.1462,10.4347,1.301,6.1094,78.2655,347.7322,29.0666,18.8138,8.3951,0.5273,70.9175,69.9473,7.2964,6.1079,0.136,6.8369,69.6382,0.274,37.7804,0.0914,50.9074,23.9364,31.3969,11.0459,0.0,7.6347,0.0105,0.012,13.3304,0.9222,404.6452,1.8065,2.3416,2.3706,3.4369,8.1939,1.1075,0.1865,32.5781,32.0035,4.0052,4.4998,2.9934,27.7141,728.2962,0.8468,2.0795,18.4803,72.7558,1.2049,8.2777,11.7999,5.752,3.5539,31.6028,4.0859,199.1897,1.6988,15.7573,6.6858,0.4597,1.7471,50.9963,123.289,18.5999,5.8471,0.0,0.5477,0.2357,3.1803,3.6557,2.1507,29.8122,0.0,0.0,1.208,0.6626,1.5845,2.2124,0.0,0.112,0.6479,1.9105,0.784,13.2761,30.3959,3.3142,0.0267,2.979,8.5544,0.2404,2.9442,0.5444,3.1845,4.9341,0.0936,1.2874,5.6586,11.7843,10.5349,1.9868,2.4449,5.5339,0.5097,1.1205,3.4351,2.4331,0.0279,0.1532,1.5284,1.2395,10.5961,0.0315,0.0765,0.0,1.5633,3.1253,14.6569,0.6988,0.1572,8.5198,0.3411,0.069,68.9581,27.6757,100.0015
10.8957,13.3394,41.0213,29.9998,85.0434,88.1871,1.9036,2.8023,4.8958,3.9101,46.2499,22.2479,12.088,29.3845,15.6488,1.6868,1.7785,13.4949,12.7482,21.4521,182.6632,170.3156,5.7311,2.8042,47.5021,60.5392,67.8659,149.4353,23.2357,0.0,13.7831,27.5434,11.1584,94.8937,0.0932,142.117,29.2517,42.1532,0.585,30.8639,18.3864,68.2138,29.5349,12.337,16.0723,0.0054,9.4184,64.6829,112.0284,58.492,31.969,24.4845,124.8757,36.0235,1.3523,3.5369,0.18,0.2089,0.0482,0.0,6.7464,0.0582,0.2215,3.1314,0.1383,0.2809,0.3128,0.6377,17.5186,6.9455,25.3995,47.7754,0.6807,0.1118,21.736,2.4537,0.2468,402.618,37.1913,21.9951,2.5708,46.5915,30.3129,89.1647,30.2948,32.4925,0.0898,0.0,0.1041,10.8585,2.8902,5.0306,3.6737,0.357,106.1086,0.9554,15.6975,90.6402,15.9528,112.6737,14.7471,3.8634,142.8983,12.7765,16.3942,32.1532,150.9061,44.1395,15.0424,413.5479,877.6264,2.1128,23.7204,0.0089,30.2123,12.0901,18.2427,0.3395,6.7167,123.779,1.3956,42.5656,0.1016,73.0622,97.5981,128.8766,88.9764,101.9094,128.7106,371.3424,8.6002,16.7554,277.8729,16.1224,49.3283,35.1021,68.2012,38.0084,106.9317,124.7809,122.4581,95.2505,27.2764,5.8798,26.2946,10.3957,22.8861,72.6055,77.0483,68.7142,10.0298,14.5303,198.6938,194.6268,205.6203,6.2151,11.0013,58.5928,63.9965,87.3278,146.0578,3.8189,4.6114,55.4115,0.4524,10.4887,0.0759,12.3219,18.836,15.0772,32.3573,132.5209,15.355,4.449,7.7107,34.2123,48.7391,34.7706,39.8867,0.048,36.5661,16.872,6.1073,64.2059,37.0202,0.2399,17.4673,41.9825,6.3043,21.7463,20.3528,14.4244,93.5423,76.2904,8.4817,14.2192,0.5215,35.5579,53.6962,10.8126,4.279,39.74,1.7107,19.1363,77.6794,328.9613,134.4091,3.1414,5.7471,25.1432,40.3569,73.026,3.7598,30.3047,7.7892,67.1546,125.5246,7.6557,60.5838,0.5409,103.2532,25.8143,24.3573,26.5786,0.1382,28.1915,0.1107,1.6577,33.4017,4.7147,19.1708,5.3112,8.0108,35.1193,21.5198,101.3839,5.3616,6.6831,461.2234,136.1023,65.712,49.2277,50.0875,15.2315,279.7227,10.2827,21.3043,14.1582,196.3605,3.4145,10.1567,38.499,159.5606,93.8615,77.9169,45.4533,392.1984,35.6569,29.1742,28.9355,8.1788,10.9323,41.2406,81.225,17.4898,42.9626,0.6653,5.7329,0.2131,4.6381,1.2258,0.0182,0.0244,0.0,0.5588,0.8101,0.2788,2.798,10.223,0.6578,5.7707,5.0726,39.026,4.4893,77.0881,223.5714,6.3812,0.0263,2.4555,18.9665,14.9389,19.2013,19.0104,7.3889,34.7736,12.374,0.0882,8.056,36.6238,36.6406,22.6454,6.9786,22.6374,18.5323,6.2501,19.7631,31.367,2.6953,2.5483,19.9242,18.7903,15.6746,1.2614,0.0754,0.0248,0.0734,0.0827,4.7174,3.2421,2.894,22.2431,3.0384,0.0454,22.9959,45.4344,196.5495
1.0585,28.4398,44.6464,5.0854,72.5173,87.6165,1.1757,0.2666,8.2586,6.1214,22.5842,77.1744,3.1752,76.5938,44.2836,34.2307,1.158,21.2986,11.4625,51.8949,23.4055,18.9473,0.4411,0.0298,19.5412,56.2529,39.0468,9.9692,2.1322,0.0,1.4067,35.9492,31.7363,220.0183,0.0184,52.4821,27.6007,23.1143,0.007,109.3896,43.597,68.3937,72.671,7.9233,15.237,0.0181,15.4247,65.0433,30.5707,112.6149,13.7892,17.8115,23.072,61.1996,0.5373,0.6197,7.0915,30.7876,0.0,0.0763,1.2108,0.2274,0.2569,0.0793,0.0272,1.6749,0.336,0.0886,76.5557,1.0278,5.8189,215.1576,1.0558,1.1237,19.4712,0.1553,0.1459,24.0282,139.441,1.6289,1.0168,90.8736,25.1494,36.0725,1.9168,47.3899,0.4012,0.9911,0.0166,4.2218,1.8212,1.8826,0.3344,1.6963,79.3614,0.0124,11.4498,909.8313,23.7026,172.3471,40.8567,0.4683,173.2018,6.3161,45.3032,31.4676,4.1486,51.4817,95.6614,386.408,943.4364,0.3013,146.2232,0.0,10.637,9.747,1.457,0.446,18.2778,40.1074,0.8639,1.0576,7.7855,7.357,29.5067,39.6642,33.3731,20.6669,88.4177,226.8136,0.3069,28.6532,342.8393,5.4387,16.8016,4.2815,31.7549,11.5294,42.4748,68.8639,101.9659,66.1124,20.6503,4.9613,21.6496,9.6719,21.1922,10.7831,15.4047,1.7845,6.0067,13.795,0.2341,60.7553,14.5168,22.9237,11.9045,1.0568,16.2305,24.7914,95.0189,4.4618,0.2937,45.839,0.1507,4.7506,0.4241,1.2449,41.6764,4.9535,18.4369,23.8545,6.8536,4.8093,6.713,26.0903,2.732,0.9804,16.7765,0.0447,20.8595,1.3005,0.8646,16.3513,172.1137,1.0914,1.1832,186.5172,17.2342,0.4459,0.6389,0.1358,70.4123,50.4885,17.1788,19.1351,0.1018,56.9926,53.4522,19.6652,5.7498,16.3434,3.4176,31.5396,57.5694,199.2698,14.4283,39.466,12.821,21.812,65.4228,83.6757,3.1671,16.0407,6.0028,25.679,809.3121,6.8921,97.4222,2.3626,53.9756,43.5128,12.0263,38.5605,0.4115,15.2713,2.0559,53.6568,0.9891,4.7579,28.489,6.4676,20.8542,24.7113,17.4244,21.5535,6.2848,4.1874,44.8389,64.3695,12.8573,28.1355,13.7524,39.807,287.4152,6.2443,7.6953,68.9765,13.3013,3.9427,10.6003,17.9153,51.6202,50.21,44.031,44.5461,548.4527,4.7313,34.1028,5.4764,7.272,6.0219,11.0364,98.9031,3.6169,43.7033,0.2095,5.4392,6.5864,30.3993,0.161,0.0713,26.2022,0.0,0.8823,0.7095,3.7556,1.8494,4.2739,2.2705,0.0897,98.6284,21.6497,8.1425,40.6667,143.5367,0.5846,0.0,3.0142,36.3432,17.0445,7.4018,4.8592,141.4319,16.3436,2.4729,0.2757,66.6918,2.5202,24.907,10.7334,7.3116,27.6703,28.5483,5.9978,7.7004,20.4885,0.4465,2.3873,4.1263,7.5774,18.2335,40.3877,0.0281,0.0,532.4168,0.1078,4.5744,3.1179,4.4385,45.4213,28.6474,4176.605,103.6902,37.9095,186.7805
3.4888,37.02,133.3122,25.0515,82.7229,163.9913,1.237,0.6955,2.2141,11.4588,40.4821,22.5844,11.2706,28.5763,23.1329,10.6055,1.3054,16.3731,12.0936,142.5872,112.4147,83.6442,0.4239,11.42,32.7676,82.6405,169.9364,31.401,25.3102,0.0,4.0806,28.1458,35.5126,143.4562,0.2278,149.4266,37.5326,67.1829,0.3972,96.6131,72.24,85.9308,64.34,15.4099,29.128,1.251,9.3311,65.0067,32.175,54.6444,33.9637,21.7245,49.2451,2.8395,0.4687,17.9866,0.3418,177.7172,0.0343,0.0568,0.0527,11.7967,0.354,0.6652,0.1757,1.8855,1.5792,0.0098,136.1951,176.2635,35.8844,156.7194,0.1257,0.0978,9.0354,1.6177,0.0965,1012.1669,55.7887,17.0307,0.6052,17.3229,89.0916,70.4335,10.7367,34.7102,0.2985,0.1017,0.4448,13.9447,40.3187,21.2896,2.811,18.513,179.2027,0.1723,13.5378,1265.2567,164.968,274.0239,53.0491,2.1118,115.9813,4.7847,72.9622,30.3879,13.8621,24.8024,92.6772,1990.671,2655.4473,0.1184,24.8739,0.0148,4.037,8.563,6.4659,4.5791,4.5687,89.6378,0.1982,6.4775,5.1716,22.2517,32.0465,55.5694,77.781,34.5061,54.142,234.9515,23.4109,74.4703,440.3515,4.1624,2.6205,22.0861,46.065,94.0915,52.9824,24.5538,169.9827,29.9762,22.1568,6.2253,28.4767,17.3529,26.2455,44.2917,14.8919,29.2094,3.629,24.0501,12.4001,53.2332,198.2888,70.4907,12.87,20.4881,20.6424,178.0408,210.3316,4.3982,4.3698,118.0719,0.5935,3.1119,1.3041,185.7157,14.3257,7.8383,44.9064,32.5802,7.0848,60.9764,4.8887,29.5591,39.3186,3.1387,7.9331,0.0798,65.1237,5.7643,9.3103,22.9494,163.5417,0.4282,1.48,29.6362,5.5256,4.067,4.5421,3.7793,140.0728,74.2853,12.7598,18.2155,0.3479,86.8851,78.6445,8.7625,39.6045,14.3025,0.8867,26.9027,186.8787,436.4567,85.6055,132.5056,47.9281,37.597,125.9504,66.3048,3.2046,20.1631,14.5588,9.1125,26.0423,1.3881,29.1641,2.5767,97.3608,41.7115,22.0449,21.3165,1.6328,18.002,0.4945,4.6958,45.6461,10.8924,483.9349,28.8272,71.616,14.4578,13.8235,50.8168,5.3878,4.8368,175.4976,65.8048,18.5574,33.5161,18.2759,50.0915,542.1186,16.3453,20.5786,2.96,64.8881,1.4525,9.0433,40.3043,22.0592,58.868,156.8612,53.1603,1161.9997,21.4733,42.2596,16.7948,4.9995,5.3375,18.9485,43.4571,4.7256,56.3124,0.3685,0.6928,60.9445,4.7701,5.8709,1.1824,1.0676,2.1034,0.2562,5.1998,13.2615,1.2317,16.6447,1.2123,1.8299,0.6892,138.7009,5.1492,25.9257,179.9893,1.105,0.5098,112.5328,35.5881,34.911,5.8257,25.6229,12.1093,106.2976,35.6213,5.5673,69.6912,11.4668,86.8643,21.3552,15.1013,29.1473,7.0537,6.97,10.5169,4.633,4.1491,79.426,16.0472,14.9236,7.5165,6.8035,23.4761,0.206,9.5157,2.8873,87.7343,5.5948,0.9056,124.3353,4.135,51.8763,90.9454,72.0018,265.512
11.4845,27.6533,71.305,2.9456,42.1935,53.9417,4.8973,0.4911,38.7312,8.112,39.6493,65.261,6.9994,119.9379,52.1459,0.1719,2.5743,131.9362,29.8721,52.4003,125.4574,69.4714,9.4221,2.2431,49.964,69.5546,78.5271,24.1031,4.1776,0.0,96.7002,32.5329,41.8155,235.3831,0.0068,190.8608,71.6333,27.6282,0.164,142.9757,31.3613,56.4011,58.1266,6.4315,29.3072,2.0236,88.2192,78.9459,507.1006,276.4322,60.9308,24.7641,28.3062,56.937,3.2541,0.5223,0.0,0.0,0.0598,0.0,2.2588,0.2528,8.5665,0.0882,0.3634,2.5519,0.0915,0.0875,2.9208,50.2565,2.0973,155.3364,5.2808,0.0511,12.9648,0.6658,0.0721,232.9343,418.7918,2.5894,7.3013,137.6332,55.6549,98.1735,4.7089,43.8181,0.0836,0.0,0.0369,23.5828,1.0346,1.1226,11.8442,0.1811,139.0481,0.0965,20.8362,1059.6079,36.4104,232.0518,22.4991,2.7447,141.4129,14.989,73.7597,38.0546,18.6426,44.8352,76.1106,967.2762,2668.7261,0.2654,40.5928,0.0111,2.7581,27.2242,0.7671,6.1965,37.7233,12.1137,0.4321,11.6256,0.1171,229.8404,153.2364,125.8768,66.341,37.0559,105.6359,586.5642,256.5513,100.2427,488.3214,6.6542,118.0229,8.6063,173.8678,14.4784,127.4483,416.4077,279.7167,187.4201,53.8833,7.235,28.3511,21.4189,22.6129,23.2694,129.4275,147.8559,1.7355,20.1784,23.885,57.505,31.898,20.5408,18.8232,56.3281,30.8147,29.7317,270.991,0.3911,0.9676,120.4537,0.1084,2.688,0.11,22.1142,15.1715,4.7001,21.834,43.6279,8.9745,7.5369,5.4627,12.7929,8.2596,3.0248,18.2364,0.0497,39.8227,2.6226,3.0825,14.9938,70.7294,14.7451,6.0994,39.3623,1.6849,28.2364,2.9241,0.0604,117.994,67.2726,18.4795,22.9183,0.3044,71.3745,45.9082,9.8182,2.3649,34.7891,46.6657,117.7761,61.3528,316.5295,41.1602,79.065,12.222,27.2302,119.6881,68.9317,4.8144,63.7708,3.4817,21.5444,224.3789,1.2361,53.7439,9.3553,31.6347,61.2675,29.3165,53.625,0.7813,18.9815,0.4467,12.9431,31.7822,5.1114,172.0766,1.4908,6.5102,39.0001,22.438,20.0605,14.4264,3.9655,142.8617,174.0808,10.968,40.3618,23.8499,114.3413,195.5755,3.6939,41.7932,2.0859,19.5295,2.1445,8.5618,34.6545,84.2906,10.3902,150.8397,119.0462,1177.927,10.0022,138.554,16.82,11.8401,9.015,80.6748,107.277,2.0591,39.432,3.9806,1.9878,32.241,16.9197,0.0597,0.1132,37.7856,0.0,0.6219,1.4196,0.3893,0.5761,2.9323,0.1559,3.6895,5.4476,42.3506,6.3871,83.7218,298.2412,0.562,0.0,9.5308,28.0534,2.3841,3.9723,54.5316,61.6527,3.5881,32.5129,2.7797,131.2909,16.234,38.2983,20.3559,19.2419,32.0212,22.2823,5.4719,12.6677,30.8473,0.6403,0.6057,10.2014,17.0872,4.3536,1.9507,0.0312,0.0,0.0,0.0685,13.8157,3.4949,3.2307,84.2524,23.6296,0.704,59.7081,64.5742,276.3446
2.3074,27.0936,17.6593,2.3347,238.8679,37.0324,0.5315,0.5035,2.0092,12.568,22.1236,22.1799,55.7668,85.0299,9.7739,6.0027,3.3958,14.5531,9.6452,11.4959,78.4503,64.8975,0.189,1.3168,22.4263,52.9808,53.2606,6.425,2.0838,0.0,1.4765,35.912,7.1731,87.8103,0.0074,71.6238,67.4441,79.9326,0.017,81.4287,18.0404,105.2078,37.1788,3.1573,22.4637,0.0512,1.213,26.6256,205.3042,380.3238,22.5649,50.598,28.7363,49.9937,0.8965,0.9308,0.0,0.0176,0.0093,0.0,1.4132,0.393,0.3223,0.1395,0.5603,0.4173,0.0915,0.0715,4.0096,37.6785,7.8266,69.2657,1.9668,0.0795,7.2046,0.1342,0.3922,37.9899,161.7536,1.1971,0.615,202.2714,16.2708,26.6404,4.0022,5.9552,0.0,0.0413,2.23,14.5636,1.3708,0.2964,5.6825,0.0598,178.9438,0.07,13.4504,843.5686,5.2677,91.1587,15.5494,0.2976,26.8051,6.716,137.3276,28.4713,1.9895,40.052,49.1682,381.4487,478.8026,0.3645,6.3452,0.012,2.5514,22.9897,0.7421,9.8456,3.1407,33.8185,0.701,2.6647,0.2548,231.4834,24.707,28.2862,97.1421,19.5997,34.6501,734.1657,1.0133,16.16,97.6351,1.4602,0.47,21.8712,89.3948,28.04,22.9336,101.5192,41.7218,17.353,21.8375,5.3977,58.2742,10.7809,29.4167,17.6916,12.0133,3.2829,1.7872,14.075,2.3785,136.3698,4.0137,4.1059,7.9698,32.4339,16.8158,35.6358,124.495,1.345,1.3956,22.022,0.1287,6.5585,0.3762,10.487,19.0693,4.0979,47.9782,25.8281,26.6313,5.029,3.7988,10.2993,3.6836,1.6747,9.4863,0.3567,33.5564,3.5384,1.1457,20.2724,32.7862,19.4914,0.7156,110.9183,79.2535,18.9778,4.5965,0.0164,39.1906,29.753,9.4958,13.3058,4.9062,28.0645,169.9908,19.7687,2.2946,14.3092,8.6285,20.0667,84.7825,360.3509,21.2798,23.3393,6.6595,9.5898,23.5153,35.4338,4.59,38.5597,2.3701,24.6867,103.5897,3.2702,41.7525,0.2923,153.1743,18.3706,51.1701,49.1217,0.083,36.2006,2.1503,181.3123,3.6997,4.0789,148.4603,7.9136,7.4961,17.1611,11.9443,7.6602,5.1754,3.4742,24.5746,59.3252,35.6218,63.6117,12.0029,14.9195,504.6989,1.88,11.0725,9.5684,37.4801,1.19,3.8574,21.5729,32.3126,48.0027,23.9427,22.1883,191.9047,7.2069,31.1255,8.5903,3.8167,6.6595,79.5746,26.3751,16.3908,50.7309,0.023,1.28,2.2371,4.6736,0.7143,2.0456,67.8066,0.0561,1.5358,0.515,0.3531,1.6282,1.5468,0.1777,0.7189,1.5976,2.5768,2.6192,20.6606,73.9934,4.7209,0.071,1.4479,23.3102,2.7761,1.951,12.1713,31.55,4.2085,2.3266,0.4288,6.537,31.2695,61.2964,8.106,23.5144,11.6831,19.3904,6.6933,7.7055,13.1264,0.3629,3.526,5.6819,4.0121,2.1239,3.0726,0.1528,0.0335,0.124,0.2422,33.3815,4.3063,1.8151,206.0433,7.4514,0.0,49.366,36.0545,211.6893
4.0812,19.6582,74.0806,5.1739,105.3888,61.7976,100.8739,0.5398,92.7283,1.0908,67.9219,41.7618,17.5173,35.2067,12.4419,11.0795,2.9444,38.3224,10.8297,19.0371,52.0262,41.2759,2.0894,1.3694,21.5832,40.2962,50.2945,38.328,10.8884,0.0,4.8993,38.028,24.4009,238.1108,0.0039,156.4461,11.8226,41.777,0.0464,105.6092,16.6074,105.3899,4.5851,1.9553,13.7778,5.5051,32.0862,25.6103,41.2602,110.9287,27.6869,34.7821,27.6648,46.5334,2.1503,0.7068,0.0,0.0,0.0339,0.0,7.1572,0.1022,0.3471,1.0068,0.537,0.1144,0.1218,0.2105,6.7542,73.8686,18.427,60.2559,2.1516,0.0537,8.0724,0.3419,0.2141,569.6437,110.3715,2.285,5.6071,168.3127,15.3323,44.1389,17.6474,21.9624,0.0158,0.0,0.1358,11.9928,0.7128,1.3082,4.3114,3.3968,161.066,0.026,22.0184,1721.7617,14.1117,188.7002,21.8606,1.0414,145.0189,6.8166,79.0813,54.3145,12.036,39.2534,25.5139,626.5152,1532.5935,0.7117,28.7188,0.0,11.3679,23.4598,0.2733,0.4909,32.9221,193.7292,1.7071,118.6959,0.4026,194.5173,64.5198,70.6533,97.1762,62.6313,214.0515,740.1446,39.522,28.7875,308.9781,4.2082,32.1335,16.3352,78.6671,19.3695,118.2555,707.9683,74.2216,199.7668,24.556,8.8609,75.3231,11.1058,27.1283,24.5903,72.0455,28.712,2.6135,9.54,15.6367,449.7834,14.9203,6.0847,13.5818,69.152,55.5267,58.343,72.4844,5.3916,4.994,67.6747,0.1951,4.807,0.2845,15.213,7.5023,10.2045,23.1366,44.7533,16.3115,9.8352,8.0499,29.9793,11.3874,1.5846,82.9649,0.045,16.9618,1.6273,13.9281,34.6132,38.1513,11.2588,4.6381,44.9081,31.9963,6.2846,7.9873,0.0256,59.8965,51.5158,10.3975,13.0828,2.6036,65.299,90.6972,19.2848,4.1837,40.7689,13.08,46.2658,80.2864,464.5742,77.7105,15.0718,3.7546,13.4351,55.0655,106.7231,6.2686,29.6631,53.5905,26.2738,102.0813,2.3379,69.6996,0.0971,54.9229,30.3159,41.3167,37.1378,0.0324,63.1298,0.4084,0.1941,8.0636,3.6341,456.7356,4.415,14.2293,21.1016,17.4842,31.6667,3.5184,0.7956,69.5664,111.1113,23.6306,37.2112,18.3715,27.9502,459.5506,2.8983,19.3959,26.1936,107.974,1.8468,21.3863,31.0626,43.997,32.4463,58.3592,33.6311,606.4734,8.5195,30.8419,9.7039,4.8057,7.2793,72.2068,126.7187,10.4097,31.9702,0.024,12.387,5.0068,42.6526,0.3376,18.1467,44.8335,0.0,0.1489,0.2455,1.836,1.2172,7.7606,0.0252,0.2069,2.5237,5.6607,2.5514,63.2012,135.7263,23.1967,0.0,80.2723,22.4749,11.4262,32.5988,3.8225,44.4912,30.7579,2.1675,0.1486,4.7091,43.1461,123.2703,12.5891,12.4201,24.3666,17.8589,8.0376,11.0446,36.2861,0.8276,0.4679,9.785,7.4036,7.561,1.0313,0.7769,2.5432,0.1805,0.4746,5.448,5.2315,0.9768,80.4367,4.0997,5.291,42.7051,65.5506,159.112
2.1679,24.375,67.574,29.5221,199.7306,55.3055,99.4755,1.2128,100.7191,1.3133,55.0215,29.3981,10.6244,62.5122,14.5268,6.3782,1.2247,32.7691,15.313,55.8507,84.0412,77.4158,0.2638,23.5152,29.1347,90.2882,85.7141,15.5196,3.906,0.0,1.6392,24.7112,18.9011,164.3672,0.0414,64.1844,4.5716,35.2732,0.083,154.6005,33.5521,123.2821,39.1799,9.3103,18.0652,0.5992,92.6937,36.8565,104.9492,49.7193,35.1721,23.2019,41.9896,3.9491,7.1136,0.3833,0.0,0.0164,0.0346,0.0,0.4942,0.0366,0.0107,0.1461,1.3599,0.2331,0.0827,0.048,2.9585,146.0599,9.3129,140.4624,0.309,0.0518,21.3635,0.6495,0.0913,33.886,401.2523,3.6332,3.9229,102.2453,25.6751,36.2452,3.2577,11.9838,0.0282,0.6541,0.5983,5.6519,0.5012,3.1086,9.057,0.1081,85.3174,0.014,20.2299,1852.5163,21.4414,158.0188,18.8696,0.2343,269.1378,11.1571,170.9726,71.5431,45.0069,20.0881,62.2509,648.8954,1591.5382,0.0896,29.2936,0.0,8.679,13.4796,2.5612,4.0671,144.7421,613.0611,0.3931,76.0343,0.4013,228.0823,115.9763,69.5557,53.2075,36.1261,547.6893,1256.2694,3.072,26.2261,277.3509,0.8676,175.8124,4.5299,78.6736,18.2832,38.3091,780.5213,79.6931,974.3191,19.9462,10.0548,75.6387,14.4792,32.2107,11.5491,63.5061,23.4061,1.2639,7.8926,379.2612,68.5226,303.5913,9.7969,19.7287,189.9168,70.8867,47.1616,369.1277,28.4915,5.7742,47.9934,0.499,1.5406,0.0637,32.7981,13.8448,3.1775,17.003,14.1016,13.5371,26.9385,11.1177,19.8541,17.167,2.4952,17.0048,0.0201,28.0447,3.103,18.657,83.2446,90.0473,20.4648,3.5331,79.3551,1.4317,2.51,1.2035,0.1988,71.3545,48.5744,8.7468,17.1928,0.4192,88.8168,45.616,17.2437,1.4801,33.9566,4.0351,39.8934,51.2411,332.0217,54.1262,143.8065,18.0557,12.0304,95.615,163.7727,7.7155,16.8984,2.9365,60.8245,151.5765,1.7257,54.9507,2.5163,72.2659,53.4469,69.0233,32.8698,0.1158,34.3041,0.0174,0.0397,20.6164,8.9527,360.5361,1.8791,2.4168,21.4688,18.7724,21.8215,2.4672,4.3046,276.4773,105.7971,42.2962,24.1001,16.8141,26.9194,251.584,7.1176,11.9781,70.1564,244.9986,3.005,3.4908,60.9971,66.6929,26.1183,90.487,38.8044,468.7005,6.6613,44.1204,20.7525,4.3123,7.3229,54.9602,110.3213,43.0846,18.5681,0.1716,0.0477,2.4352,20.6163,0.4835,5.6658,73.202,0.0,0.0485,4.1739,4.053,4.7351,26.2248,0.0902,2.6765,3.1923,10.6338,0.584,50.2985,159.6391,23.4815,0.011,6.8115,40.2139,0.8149,10.4807,3.0588,51.6499,5.0477,2.9388,0.3991,12.2504,23.1532,66.0989,13.2818,5.7376,29.8315,9.6627,6.9169,12.6018,19.9984,0.1113,0.2727,17.3146,8.4167,10.9788,0.104,0.0474,0.0312,106.5876,3.7103,20.4736,3.6851,1.7248,46.3667,0.6311,0.0,58.7476,50.9514,203.2219
5.2207,57.7106,116.8339,10.764,305.0352,45.3584,33.3415,0.9696,19.2959,3.1303,42.2802,22.2721,2.8053,40.3764,20.575,5.038,0.9368,10.819,21.5574,105.4186,94.7874,59.4661,0.1267,0.2164,13.2854,77.0717,58.1321,5.3023,3.1286,0.0,1.2389,27.0599,17.0744,85.5456,0.0,125.0307,0.6012,64.546,0.0,84.1511,36.9745,127.7965,55.121,4.216,22.8943,0.1755,812.402,117.6057,100.1231,18.232,33.6087,20.8082,63.917,7.4026,0.6855,22.0734,0.0417,0.0,0.1228,0.0,0.3904,0.1414,0.0,0.0209,0.4349,0.6462,2.0079,0.0095,5.1567,40.4162,7.1445,194.4626,0.1838,0.1144,5.6187,0.0483,0.1646,266.4051,204.7956,1.3556,0.3836,103.9606,16.3295,39.213,15.7478,15.7022,0.0,0.4463,0.0723,5.4576,22.0936,0.5896,4.5504,0.1942,112.3499,0.006,15.71,1385.0897,27.1799,169.6662,39.249,0.151,229.4284,5.322,314.6963,41.4175,14.9679,36.7077,145.5693,1240.7492,3963.6339,0.132,11.5531,0.0,16.8734,6.1258,0.2596,813.9104,2069.9847,135.9082,0.0836,61.0324,0.7758,135.5494,43.6016,56.6113,95.3277,19.9976,236.9922,455.6953,0.3369,8.7234,294.7098,1.6609,60.0385,18.2619,50.5048,38.2559,62.7485,789.6851,104.8824,484.1345,18.6975,8.5694,23.06,5.0858,35.1023,15.7647,25.1309,8.9759,2.0782,9.6591,558.6271,127.4535,79.1778,12.6109,8.9691,272.4537,40.5186,78.5434,601.7113,11.2318,0.2891,51.8541,0.3215,6.1934,0.0615,42.0904,103.8499,3.0782,20.7263,55.2514,9.6326,53.055,10.7331,35.4301,11.9127,0.3017,3.038,0.0389,26.3312,5.2853,28.0884,24.4639,137.5359,7.8458,1.8039,66.566,1.2547,3.103,0.1818,0.2168,53.8219,30.4329,9.9783,23.5248,0.0455,53.7154,66.5703,31.6679,2.3435,26.2226,31.4555,34.2356,79.5173,422.4009,182.0395,20.496,27.6535,14.7088,91.2941,66.1237,3.186,17.6845,2.7342,24.0028,69.7255,0.5626,59.7924,0.9544,86.6396,18.3687,26.0239,55.8104,2.1891,28.0791,0.0112,0.2814,37.6345,8.2324,315.204,2.7676,4.9043,14.0002,17.4002,5.6113,3.688,2.9646,70.4428,30.9503,6.8021,18.3938,18.2235,66.9551,499.5608,4.1453,8.8706,40.1894,186.9399,24.6522,6.78,45.3146,53.2698,7.7131,107.0949,34.2513,901.9496,4.4269,62.6492,25.5088,2.1592,7.642,158.0044,125.5918,126.8689,25.5309,0.0553,1.8885,3.4836,52.7821,16.161,23.1317,36.7519,0.0,0.562,9.8572,0.8188,0.4544,3.1256,0.0194,0.1139,0.6266,6.2291,3.9914,31.401,116.602,14.099,0.0,1.9261,28.9633,1.3063,6.4572,3.7426,211.6439,8.0142,2.392,7.657,20.4858,4.6451,36.692,13.5676,6.543,14.7248,6.172,9.7418,6.935,14.2875,0.1682,0.4267,10.6942,6.4383,3.6449,0.4021,0.1629,0.0,0.4163,7.7086,21.7608,6.0127,5.1154,92.2953,1.4276,12.0943,331.3951,42.0615,64.9343
4.4332,36.0267,85.3297,3.6007,167.5972,169.1071,132.2951,1.5651,51.7731,5.3679,46.2704,59.5704,3.4735,94.7164,28.101,0.2753,3.2983,5.8215,28.8515,61.9035,125.5657,77.3339,17.5237,0.0541,27.5101,95.3698,109.7423,65.2857,11.2179,0.0,11.2544,45.1152,32.5231,242.2861,0.0,553.6791,32.6913,52.1579,0.1911,108.6589,17.828,110.3078,34.0709,6.7266,52.1843,1.4608,65.6287,50.5183,172.2129,194.9325,38.6446,30.4523,42.2374,61.3904,1.7134,0.9335,0.0625,0.0,0.7197,0.0,5.7001,0.1414,0.0621,0.0471,0.0198,0.6142,0.3389,0.1999,5.7997,0.9318,1.8938,73.9722,0.781,0.0,11.2231,1.0861,0.0705,697.132,203.0998,5.3094,2.5959,52.3391,36.9415,87.8683,23.6151,75.2347,1.2548,0.0,0.1084,13.1446,0.7265,1.6514,1.6441,0.5761,200.3638,0.009,23.064,607.5401,29.2035,138.8571,47.3016,37.5167,273.8882,10.4419,46.401,47.4454,16.6372,57.7577,62.546,883.8804,2197.4688,0.433,38.4874,0.0,12.8135,40.4971,4.0599,13.1484,83.3919,13.6139,0.5325,41.9538,1.1281,642.1224,487.9865,178.011,61.338,61.8213,234.9221,338.2429,14.3097,79.3687,781.6799,8.3831,4.961,20.0886,28.7083,29.0699,113.4128,431.8871,99.564,144.4671,81.7956,7.7825,66.2987,23.308,33.3865,23.0209,980.1347,30.4954,9.9528,17.2051,118.9228,211.6257,19.0369,18.9037,13.4687,66.3753,56.1987,50.0856,402.9336,1.2249,1.0497,141.8047,0.1736,3.5016,0.2768,4.5222,11.1901,16.3609,25.4912,56.3755,17.8007,9.5818,17.6369,54.0264,29.7681,8.3126,12.7035,0.0583,33.4718,4.4282,4.5821,32.5979,48.9353,0.4318,2.6491,83.9425,13.7682,9.8183,4.5245,0.0296,83.8944,44.0224,19.9129,17.6443,0.2049,83.3212,56.4409,21.217,7.0402,27.4245,12.1643,51.1271,67.2073,393.5057,94.2966,7.8372,20.1484,37.0511,97.8317,109.3889,10.2642,50.2661,4.3445,62.3617,59.5642,3.0962,80.4139,0.4673,94.883,41.2893,47.5696,47.3199,0.2238,7.949,1.5891,0.2877,5.267,6.6954,257.8812,9.1759,2.9798,40.9797,45.3231,72.8769,10.7568,4.8063,337.0111,139.1925,18.9957,57.5985,28.2619,31.2098,218.9295,3.9684,38.819,28.0308,109.2415,1.9911,9.5137,56.0338,139.6878,56.665,210.5245,63.181,565.5934,17.2465,39.5785,12.8114,7.6217,10.1261,175.5313,141.7607,7.9847,50.9106,0.0829,5.6639,20.8486,16.995,0.1168,0.0443,5.2761,0.0,0.8428,0.2702,0.2117,1.006,3.7848,0.3487,0.3172,2.928,24.7003,8.1772,119.5595,157.8976,0.997,0.1065,7.9313,30.5667,3.284,10.615,7.8818,60.4527,27.1576,3.7613,0.0857,26.1665,12.924,56.0267,23.27,14.6318,59.175,6.2698,5.4855,19.8939,69.7674,0.7491,0.9598,21.9221,13.1156,4.7018,0.1507,0.0916,0.0,0.1338,0.0335,222.4685,3.4578,2.5113,65.7666,58.8396,0.1654,31.297,113.3407,539.7352
5.0142,33.1423,85.5131,5.1011,382.2144,68.043,146.3704,1.1995,108.3006,4.1737,36.38,40.9246,23.3864,57.4104,41.7994,3.3386,1.5006,152.9684,10.3299,88.1228,65.9807,45.6746,0.6832,1.5482,33.6914,46.2968,83.8094,22.9088,5.1425,0.0,0.98,18.4304,18.6141,197.5711,0.0,46.7301,1.755,69.5869,0.0208,49.4785,18.6166,106.4446,39.1723,18.5609,7.9121,0.0179,37.8877,57.4964,101.6314,45.7598,26.2264,25.0869,24.7093,16.3448,2.7692,0.5492,0.0,0.0,0.0057,0.0,1.6816,0.0721,0.0774,0.1547,1.0953,0.1392,0.1498,0.0267,5.5644,111.4445,17.1709,162.0916,0.5624,0.0681,14.4458,0.8372,0.3358,67.0122,68.8478,2.6285,7.024,109.98,23.0969,34.7232,5.3383,27.3404,0.0,0.0253,0.2703,6.7897,0.2171,0.5925,6.7928,0.2605,64.3607,0.0184,14.2662,2650.5618,20.2003,218.5098,21.0244,0.4025,105.8498,11.3352,104.3648,26.068,7.7277,29.107,40.1205,682.706,907.8208,0.0967,25.6457,0.0,13.6282,12.4977,4.0848,0.2145,123.8695,110.0549,0.5779,58.1534,0.6773,26.7693,46.9953,54.1545,85.3511,51.467,209.3854,1163.7271,3.2582,26.6943,340.6359,3.4899,25.1792,9.2693,34.1084,9.9657,43.3781,201.4435,44.0363,85.7702,28.899,9.6305,39.9115,10.2563,22.8037,14.8768,31.3515,37.8039,1.4511,14.5832,4.3123,83.5595,40.5203,7.7461,14.6429,50.0477,55.1017,43.4757,225.6686,4.4256,0.2328,65.6417,0.164,8.4684,0.5438,6.5292,11.629,4.7196,25.5626,51.2905,15.3259,16.9791,7.3278,18.0272,9.896,3.042,32.6205,0.0859,25.3392,4.4101,26.1318,31.8638,52.7139,52.3251,12.9155,79.3207,0.2258,3.6166,3.3026,0.0301,105.5196,104.5344,10.4126,13.3032,0.8465,79.5402,119.5398,11.0918,1.9414,17.8275,2.509,15.0081,68.5595,636.8861,69.0404,6.7435,22.845,22.8534,47.2773,71.1525,4.4632,8.3124,15.6316,105.6136,9.3922,3.6403,57.3955,0.2135,41.5032,25.8088,27.1562,24.1842,0.0634,26.3964,0.0457,0.0,24.3131,11.1025,1116.637,13.2415,5.8209,18.2365,23.2379,31.4909,3.5922,6.4441,35.2806,58.6057,24.9597,22.4065,18.4317,25.5837,312.8035,6.2432,10.09,26.0054,94.8324,7.7748,5.0127,21.7907,17.76,48.9107,105.8002,47.982,470.1418,10.4631,26.8234,16.4867,4.1429,8.3772,61.4097,85.3712,2.7804,19.2033,0.7329,3.069,1.0722,22.7342,1.3503,4.4845,36.6544,0.0,0.0637,0.6431,0.7198,17.2301,9.7929,0.0494,0.3429,1.9681,5.184,0.7552,42.2957,161.9115,18.5052,0.0,2.5279,19.2978,2.1224,20.6174,2.1857,93.9899,9.0578,8.7412,0.947,13.8125,27.1022,64.4425,11.1551,11.1169,24.7798,14.6792,8.7079,18.0307,23.533,0.6608,0.2752,11.9026,5.0079,13.0303,0.7859,0.2181,0.0205,0.1213,4.5118,21.693,4.6837,8.2134,33.209,3.578,0.0187,68.2582,68.2189,279.0952
0.9201,67.1334,100.8581,5.7151,534.1092,100.4613,222.1006,2.2291,254.3024,0.4069,44.1984,38.1315,35.7487,47.2516,39.8067,3.8646,2.0854,38.3663,16.8339,63.49,15.1196,9.8339,0.0279,0.3818,14.3758,93.2391,101.3453,20.1335,7.6947,0.0,1.4052,22.9253,24.6652,118.8854,0.0,93.9362,2.3975,59.2841,0.0071,75.9406,41.3992,215.1155,75.2337,23.3411,8.1762,0.1345,26.9018,34.746,98.5833,95.3404,53.967,24.6028,26.4171,17.4741,0.2809,0.0688,0.0,0.0,0.0155,0.0,0.0859,0.9195,0.1731,0.0,1.5788,0.0507,0.027,0.0133,1.363,86.5291,39.8271,132.9072,0.3415,0.0133,20.8223,0.4036,0.2622,15.3144,994.7957,2.7211,3.2407,98.9862,27.297,34.7241,7.2803,30.984,0.0,0.0691,0.5036,12.023,0.3068,0.1329,6.86,0.0235,162.8725,0.0,15.5045,2207.1501,35.2021,293.825,34.8463,0.2199,79.2302,5.4578,140.9349,51.7757,11.2515,33.0502,76.9565,937.6894,1147.2177,0.0115,11.7138,0.0,20.8327,20.7577,17.154,1.0367,14.8286,363.1801,0.0946,15.8626,2.7676,67.5156,52.9847,30.7244,45.4043,43.6233,363.3722,808.2967,2.85,37.4002,444.2032,0.1351,36.4989,3.1754,74.3956,11.4019,75.4655,321.4903,35.4233,95.8657,29.5928,8.6948,58.1364,16.9781,56.6697,24.6332,39.0658,53.4923,1.0303,27.1595,13.8639,11.5537,16.7281,19.2676,10.378,41.1989,66.2764,80.0661,296.6215,12.4615,7.0598,78.9257,0.0896,3.1835,0.2572,26.6912,11.3073,0.4396,45.5033,5.3853,19.9673,8.2593,16.5646,16.3307,25.3735,3.2789,24.4128,0.0542,22.1169,2.6567,41.5473,74.9659,90.5404,23.4058,2.8424,77.129,0.329,3.839,1.9414,0.0549,94.4545,71.2493,12.8026,10.3625,1.5076,85.8225,91.9779,32.9803,2.2236,28.2508,24.799,34.8834,102.0944,536.6782,94.7407,128.9714,40.9458,26.1028,97.1187,207.5204,7.1946,11.9355,24.621,93.7984,56.396,10.1603,79.5436,0.1357,91.5733,34.0223,66.6897,45.9729,0.0,42.7697,0.0,0.1425,15.0219,21.6987,452.3508,0.2711,28.3909,20.9837,26.7384,36.5734,4.2068,8.1512,367.2446,53.0133,22.3012,20.5124,19.5062,38.2575,225.8101,4.2043,12.0262,45.9767,163.2658,0.2158,2.8034,31.935,26.3176,87.0841,92.1914,51.0034,754.8171,11.6265,34.1749,20.1937,6.8536,9.8551,47.7394,111.5358,1.2126,54.4124,12.7456,0.492,3.4542,36.9111,0.3798,4.0978,92.7481,0.0,0.348,22.446,0.354,14.0639,15.043,0.0,0.0529,3.606,12.9446,0.5953,58.6982,245.216,46.4714,0.0,8.6883,15.5664,0.9813,14.2991,0.909,209.4669,10.5853,4.9987,8.9162,31.5294,38.682,138.4616,19.8679,16.2487,36.48,35.7944,18.3735,11.6764,27.3906,0.0482,0.2623,15.0662,5.4426,10.047,0.2801,0.7377,0.0,0.3315,24.2183,30.6579,6.1324,13.914,52.7187,2.6639,0.0,69.0417,85.8942,478.5356
4.8575,11.7835,49.9285,10.0937,69.5968,101.5844,2.3932,0.6876,3.3342,30.4109,19.5668,10.5452,5.9773,15.117,28.3488,3.8314,1.4259,4.9682,6.2819,89.01,45.8085,62.2308,1.7683,0.3613,13.2934,33.1171,42.0285,36.5,7.6609,0.0,5.6509,25.2851,13.3175,76.1243,4.8346,41.1611,17.9576,80.2691,0.7195,53.6929,27.3562,31.1397,54.5373,10.8553,12.4962,0.1599,2.7038,14.2422,31.6403,17.1014,16.1748,16.2706,17.4296,1.2674,1.5456,6.8168,0.0948,92.0065,0.0254,0.0,2.3743,1.8248,0.613,0.3811,0.015,1.3781,1.731,0.0759,29.9211,89.9813,12.0952,114.4229,1.9183,0.2279,7.2795,1.5392,0.241,109.628,109.3404,4.7213,0.9854,7.9376,30.508,30.5689,9.1558,11.6405,0.2899,0.0565,0.6584,16.145,18.5345,8.6082,1.2371,3.619,111.0031,0.5601,5.9106,988.2748,41.3993,127.4019,39.9418,1.2737,49.8749,2.4628,65.5897,19.8766,4.9368,14.2492,95.2882,900.6514,1651.6212,2.2445,10.4632,0.115,2.6642,7.7052,2.1533,2.7258,2.3826,34.1074,2.5269,1.0907,5.955,13.7384,14.4726,14.5554,48.1841,18.793,70.4485,116.8449,3.6441,32.0318,252.9461,8.8586,2.2461,18.9398,22.4616,24.32,75.1892,9.4956,71.2297,10.4016,17.3625,4.5108,8.2745,10.5346,25.9679,18.2819,4.895,3.6601,2.7922,13.7982,2.1266,119.5952,49.9153,18.7545,6.364,18.6869,11.9727,124.4525,148.2426,20.808,0.9702,32.2741,2.1084,4.9613,0.1167,84.6927,10.8627,13.4109,66.2878,32.6312,6.6463,10.2551,1.9065,10.5359,17.1001,2.8953,4.5878,0.0,29.4084,3.2023,2.7616,15.787,127.1799,1.1964,0.5524,24.674,6.7892,3.3758,3.5453,1.8396,38.6171,67.5489,6.9562,11.4805,0.6777,25.0872,124.744,16.5539,10.8625,12.2278,0.5645,15.2177,177.2551,289.3789,53.4048,118.2221,44.0855,5.5589,81.1933,44.3165,2.8599,22.5756,2.8654,6.7043,5.8587,1.1602,29.345,3.3593,69.6009,16.5204,11.3335,28.6694,3.7383,12.8972,0.5107,0.233,1.4404,3.627,89.4501,6.2524,24.9971,6.1291,9.6634,64.0318,3.2132,1.8512,39.5796,35.8682,18.8034,26.9661,8.4706,57.9997,653.9292,10.02,5.1682,1.3019,60.31,0.7684,14.4892,17.0586,17.0778,38.1456,88.3743,22.7459,705.1304,8.1216,34.1648,12.236,4.4939,4.2282,2.8254,81.0076,7.7813,26.7438,1.0384,0.4195,31.7633,1.7367,17.0687,1.262,0.4651,0.4593,0.1422,1.3771,3.9214,1.7368,14.3097,0.4081,1.5683,2.316,52.2506,2.858,19.8897,84.3566,1.0701,0.1132,85.0539,18.7367,19.3333,4.7093,9.2645,8.3241,14.3179,27.9691,5.0091,19.0741,5.9657,38.8019,7.4495,9.228,25.095,11.4259,3.8357,5.211,5.6373,2.5507,21.7459,9.3719,5.1308,5.8898,4.2721,1.2288,0.6862,46.2477,1.221,59.2714,8.901,0.4506,73.1941,5.3388,29.6305,58.7354,39.3132,37.5121
3.7766,11.6186,38.1225,3.69,328.6505,61.0599,2.6136,0.2243,7.3646,20.955,14.725,8.8564,11.2122,26.3713,34.8148,9.3894,1.0507,24.3418,5.6016,18.77,36.7526,53.4806,1.9224,6.6272,9.138,36.6787,24.4669,56.6621,11.0054,0.0,5.0777,39.4763,9.1574,84.6875,0.0235,50.9919,9.3376,78.5297,0.0225,55.9322,14.068,25.9014,9.4806,1.6645,5.9262,0.031,8.9672,7.3465,64.1275,73.2369,15.5123,19.3973,38.4728,16.7222,0.3793,2.3091,0.0367,0.0,0.0689,0.0,22.9216,0.0416,1.2783,3.3489,0.0116,0.3772,0.4555,0.126,16.1344,61.2995,7.5546,74.6776,11.8609,0.0925,12.8039,0.9226,0.5186,65.5943,1008.6825,5.9695,1.0929,115.0313,7.8968,31.0987,7.639,9.5511,0.2888,0.0,0.1913,5.9633,2.9258,1.0476,2.2332,1.0126,101.8458,0.1164,5.0674,1953.5609,5.5936,102.7076,16.0667,3.6197,56.0547,2.3775,153.6468,20.7637,13.9066,12.954,10.0893,376.028,949.7229,4.8523,9.0366,0.0,6.7099,15.4212,1.1447,46.0235,14.1061,38.0777,3.9931,8.2915,0.1762,115.5516,23.779,13.6589,96.5928,25.6159,367.1739,264.6161,6.2717,9.668,277.8493,8.4807,6.324,19.9771,40.3712,25.5609,92.4774,184.5607,39.0162,20.8408,14.896,4.1732,30.2386,8.8801,31.1825,13.2573,13.5492,5.9272,4.3093,12.0439,41.9022,1030.5828,38.1349,2.6638,6.6025,63.7609,23.339,70.9066,207.206,2.7194,0.3087,18.4773,0.3629,8.0166,0.9224,14.5631,11.7714,23.5903,25.1677,42.2715,11.3178,13.1312,1.779,6.1436,22.3722,3.9838,9.3797,0.0229,15.6091,11.2905,2.6533,25.9487,45.7821,13.5081,0.5266,30.7292,46.4986,4.3107,11.3538,0.0348,21.6877,77.0876,4.4242,8.6228,1.7701,21.6188,135.6699,33.2847,2.204,20.032,45.1645,14.7393,135.7315,317.263,199.4258,12.2638,3.8284,2.2559,29.2121,55.5522,5.6811,31.4154,4.2955,9.7443,34.5205,4.9195,64.42,0.6613,72.2705,22.4673,45.1619,42.0377,0.6362,30.9464,2.8086,65.2154,16.4864,1.8345,68.5493,23.6443,11.3471,8.9448,8.1058,72.0279,2.7964,0.5994,35.463,46.6883,36.4947,35.826,11.7526,27.9858,761.8164,15.4181,7.9016,8.5004,135.9386,0.6147,22.0744,11.0765,46.4089,44.8791,45.016,9.6224,413.9207,19.454,32.6663,9.6065,8.9252,3.5367,11.5811,203.3844,13.7484,38.5837,0.3412,3.3715,0.5674,28.5475,3.3656,1.2644,40.348,0.0,0.1101,1.5434,0.8715,1.7938,4.5547,0.1538,2.5875,0.9851,4.1179,1.5716,21.6186,61.0462,8.1274,0.0125,17.7521,17.7096,3.0946,6.8848,12.8346,16.6429,24.5225,3.003,0.7811,12.4038,19.1704,29.8329,10.1311,12.7279,12.5486,12.115,3.1241,3.2991,15.4656,1.182,1.0182,3.6122,5.1485,2.8342,0.7978,0.3053,0.1063,1.862,0.0788,5.949,2.3567,0.3357,77.0431,2.2356,0.0,69.65,39.9402,71.5418
5.0127,20.8757,42.056,32.0138,310.9822,38.5091,15.7137,0.7102,68.2204,4.263,57.264,61.5,13.9707,103.0427,18.4801,9.9936,2.038,90.9364,14.0253,37.8638,147.2841,101.7056,0.0818,9.5046,24.6596,76.0408,135.9749,26.6232,6.3856,0.0,2.9915,34.152,12.1237,205.6992,0.0,163.3623,2.4192,83.87,0.0048,113.9552,26.4139,78.4187,20.8383,3.3669,28.8097,0.6959,895.8066,25.7336,180.8691,39.0101,44.6371,24.3056,77.3843,0.5187,1.9543,0.9701,0.0,0.0,14.8771,0.0,0.8729,0.0445,0.0,0.0,1.779,0.0773,0.0549,0.1304,19.3175,26.2405,6.0028,94.0548,0.7231,0.18,13.3034,0.6382,0.1332,1183.9501,479.8434,3.3509,1.2071,4.584,25.6152,45.6908,5.1005,11.3007,0.0,0.0,0.364,9.014,0.6791,0.4175,12.7363,3.3477,112.0943,0.0227,26.0904,2758.6035,14.8371,152.1746,30.6481,0.1944,684.9515,6.9089,106.3916,32.142,9.2718,42.4236,56.2389,1251.2045,1828.7688,0.0312,34.5968,0.0,13.2443,15.5245,0.3151,9.0717,325.2393,240.3719,0.3007,59.2825,0.5548,322.8349,183.446,111.6319,53.8822,56.5011,333.9428,780.9766,2.6923,25.3247,294.2408,2.0195,186.1996,33.1671,65.5267,71.293,84.7926,661.7998,141.9859,992.835,41.7715,9.9966,38.3039,11.7166,32.7344,9.7652,63.2488,15.6336,1.0163,8.8649,575.3394,349.9162,117.465,7.7505,10.9932,129.2877,83.2712,94.6201,515.2722,8.3285,0.4741,115.0856,0.7649,6.4128,0.1936,12.8798,32.4688,10.5581,16.9187,96.898,9.6907,41.2235,8.32,9.6475,45.9128,1.5138,21.1184,0.0734,37.6309,3.3547,10.8898,41.9812,89.4308,14.2294,5.1088,169.2135,0.1254,8.3413,1.5329,0.0372,152.4422,55.807,13.3004,9.2307,0.1423,112.5451,58.8333,13.9861,0.5807,32.7714,3.0128,63.5228,91.9729,338.5282,119.1036,22.4383,15.7376,14.6283,63.3199,134.9731,2.7516,14.1102,4.6154,28.3666,93.8453,0.8418,108.2637,2.0134,51.5568,37.487,28.4402,29.1575,0.0235,22.3475,0.0053,0.0121,29.5926,3.5131,777.2263,4.5519,5.4149,17.9326,45.569,26.2388,5.8226,1.7671,65.1239,81.0196,8.2865,17.0899,25.9096,53.7181,305.06,5.1531,9.0776,113.8741,315.2844,11.2604,37.9323,27.6241,53.62,45.4599,155.8058,51.3092,649.5285,9.7562,15.743,33.2752,3.8736,5.1854,55.432,134.8936,52.8287,18.4549,0.0522,24.5393,1.1851,110.26,0.5147,6.4047,577.9225,0.0,0.059,2.1381,5.9438,1.098,5.2072,0.0091,0.1382,1.9805,9.2204,3.1584,37.7472,137.3307,8.5705,0.0,4.8142,31.7868,3.5304,24.2922,2.9087,206.9853,36.4373,5.1592,0.7283,17.1433,5.2097,82.1835,19.6403,9.1034,21.4812,8.159,9.9965,8.9627,25.5358,0.4062,0.2607,12.6306,12.7227,64.1953,0.0,0.0385,0.0,53.2017,0.5484,24.729,3.9212,5.3035,27.9291,1.168,0.0,44.0453,70.6076,180.0209
4.6153,23.9119,18.4965,25.9011,87.5733,46.1717,138.7491,1.6102,25.5148,5.3266,44.556,14.6804,5.6447,26.9205,7.9275,62.4832,0.9954,6.4668,8.9039,52.2688,130.4697,72.0164,0.5024,3.6301,27.4927,46.5489,52.8918,21.4719,3.6656,0.0,1.3353,19.9349,10.6624,73.3404,0.0189,43.1918,5.9863,30.4602,0.0362,36.9622,32.8737,81.404,18.3199,9.9983,20.1964,0.8329,46.1498,33.6703,58.6941,20.4156,13.4476,10.4403,27.0808,6.3806,2.1502,2.2022,0.0444,0.0075,0.6943,0.0,2.874,0.2178,0.1325,0.4909,0.356,2.5979,0.3982,0.0406,4.308,57.7857,18.4651,68.4345,0.5227,0.0678,13.1021,0.1087,0.3428,447.8015,188.878,2.8849,0.7045,77.9072,11.1455,41.7185,14.766,11.9674,0.0776,0.0353,0.5825,12.0072,11.9239,37.9835,5.3837,0.6108,65.6547,0.0427,9.9757,1532.9372,11.1582,63.0708,14.9,1.0101,130.4204,8.5637,52.097,26.3946,5.5232,27.1443,17.2214,763.7728,1278.571,0.2874,17.5279,0.0154,11.9831,11.3033,2.6366,7.1651,198.9834,117.5734,0.4418,20.6252,1.2284,61.6956,85.4613,58.6546,19.4403,24.4555,138.0062,650.3039,3.2423,18.0631,136.1818,6.4968,29.3979,23.172,70.9121,20.6547,44.6933,208.7474,64.8109,125.8317,13.5363,6.059,59.9377,6.7164,27.1308,12.8497,16.5851,21.1955,4.8649,7.5119,487.887,291.6293,39.2484,7.7195,7.8098,83.7568,22.0181,29.2876,200.0692,8.6529,0.7898,43.7407,0.2194,15.6063,0.8311,15.214,15.0451,9.439,22.6513,91.8371,5.0635,8.13,5.6412,10.13,10.7724,1.8234,10.1316,0.2581,17.6419,2.2808,7.2201,43.2458,110.1966,12.5272,3.2503,58.5892,1.805,6.601,1.6605,0.0911,50.4909,30.4951,5.8074,8.6174,0.3232,50.146,52.6241,11.9814,2.7427,22.295,22.5843,23.0735,35.8267,525.6051,32.944,23.5371,10.6324,7.5417,63.6875,132.0175,15.6905,14.6947,10.0215,47.8204,134.3166,2.1169,28.7953,0.5262,28.0251,11.1703,30.3882,14.6608,0.2034,24.3231,0.6537,0.3092,27.8297,7.6356,246.259,12.7509,10.7957,15.9015,12.9595,42.1204,2.8636,4.6576,129.1925,44.8205,7.2357,14.7844,16.4239,37.4247,344.9175,2.65,8.5168,31.6112,92.1786,3.7444,9.613,39.4848,23.1598,16.044,36.2146,18.2445,306.7521,13.1046,21.4257,9.3087,4.5866,7.6313,25.1262,56.4329,8.1078,23.9853,0.0196,7.4607,2.3651,228.3979,0.7337,0.6357,43.7173,0.0,0.111,0.4025,16.7101,11.2324,10.2134,0.0379,0.3162,3.2218,4.513,5.8427,13.9476,84.0632,7.2609,0.0858,6.4708,14.9618,4.425,24.8069,2.5512,119.3172,32.0583,4.3045,3.9812,15.8476,10.8487,25.0021,15.6151,4.6516,23.8904,2.4899,4.1678,15.1597,30.5733,1.41,0.8967,5.5417,11.697,13.5975,1.0719,0.0434,0.0286,42.7495,14.1058,12.2797,3.2677,2.9224,24.2066,1.4578,1.7772,62.2055,27.6591,72.3068
5.4637,36.0885,62.6365,11.2105,65.0873,93.5572,13.1256,0.5432,4.7712,1.7915,22.0514,13.1532,7.5921,35.6688,41.9779,0.8622,1.9781,5.0531,10.9542,44.8959,80.7267,82.8976,8.6212,7.3358,20.2794,34.4723,52.7097,60.964,14.2258,0.0,4.3141,39.8698,6.8449,63.0338,0.008,68.7902,11.8949,45.819,0.0092,40.5394,27.6073,39.3401,66.9185,30.8737,18.8501,0.1184,17.3084,21.158,130.5815,18.0945,25.6955,34.4143,219.1909,3.6474,0.7979,2.7814,0.0,0.0,0.0201,0.0,14.6907,0.5512,0.1117,1.1666,0.237,0.4256,0.5313,0.4496,18.6126,0.9935,6.0998,97.7192,1.1572,0.0257,31.8758,3.4597,0.2962,337.2361,120.2573,9.6089,1.5303,9.667,20.6703,42.5153,7.424,20.7303,0.0982,0.0,0.0867,5.95,1.7824,1.1854,2.452,2.0692,265.7999,0.1349,10.1132,666.7176,33.688,232.2858,15.8,1.321,102.8767,6.3495,61.3891,41.221,106.1462,14.6495,129.4352,614.0077,1697.4364,2.2628,3.2993,0.0,15.2291,19.0018,1.8011,5.2086,2.5007,68.0191,1.0991,25.4663,0.444,138.3678,27.6925,48.2717,77.5417,84.5483,85.8376,86.6273,4.6536,16.7376,455.134,4.8766,14.8765,15.8713,18.3718,22.8972,53.4515,51.1224,40.7587,34.3884,23.6503,6.3235,18.9388,12.0427,35.5818,10.9279,91.3981,4.7445,3.2834,25.7889,21.015,212.8385,186.5661,12.6537,9.9192,45.3502,67.0209,131.8644,280.3014,4.6834,0.3558,51.0609,0.4627,18.7317,1.1436,11.1677,10.4362,8.3871,26.496,40.8562,12.6184,17.9762,5.4008,11.4865,89.2464,26.7566,15.4227,0.0466,37.1534,72.8438,5.1263,19.9303,48.6645,0.2848,2.1034,51.1675,10.5274,6.2009,45.6776,0.0177,56.9792,55.1339,6.8581,17.6344,0.5989,74.4093,96.6561,19.1046,1.6805,32.4926,5.5573,17.2744,108.8191,204.8692,694.4129,8.0926,30.9806,15.3114,46.9489,53.627,4.3768,19.3065,20.4372,36.8674,21.2314,10.034,56.1458,0.9284,58.7124,22.9174,18.8135,41.7274,0.2461,27.9364,0.0353,0.023,2.8871,6.0596,38.9589,3.8114,10.2284,21.8879,14.2106,167.0668,4.1673,3.7854,126.4351,63.309,50.1946,65.0389,43.7424,29.6018,367.6198,37.7522,7.0398,7.6771,118.398,0.7264,17.6475,15.9733,74.2841,70.8217,85.3728,31.3208,475.5686,62.3563,51.2352,24.285,22.2012,5.3768,9.249,153.3833,22.7003,43.8789,0.3977,2.8307,2.8931,5.5634,2.7318,9.4779,0.7348,0.0302,0.2246,3.0553,1.0157,1.0315,2.4954,0.8278,1.8291,1.7316,1.4283,2.5635,34.0115,127.2864,5.8142,0.0128,8.1361,20.1772,4.8606,6.0431,12.2495,16.6469,22.3874,5.7366,0.5396,24.0763,57.8738,61.1388,11.3293,13.0601,21.5382,12.0132,6.7009,12.0047,14.0943,0.854,2.6863,18.6963,9.7061,4.8643,2.4407,0.0916,0.0723,0.3744,0.0,64.681,3.7561,3.2313,40.9173,8.1626,0.0,73.8144,46.3644,30.7384
5.092,12.769,22.4966,1.7765,187.748,33.0238,1.0509,0.2842,2.3857,2.4488,15.6601,6.745,31.6589,96.5518,30.5454,0.9293,0.6959,8.037,3.1425,29.9978,63.3652,73.5777,0.289,4.2555,4.9797,26.0114,18.573,63.4291,9.6968,0.0,5.4565,36.5576,4.8318,39.241,0.0065,112.2065,8.6034,91.1043,0.0337,71.5302,9.485,31.4329,19.1093,2.4316,4.1419,0.0129,5.9194,5.7933,60.0595,80.4225,10.7574,16.6082,13.039,16.7439,2.4892,0.3776,0.0918,0.0311,0.0574,0.0,4.2879,0.0693,0.0304,0.2767,0.0678,0.9029,0.2087,0.1924,8.3244,57.744,25.1793,51.1249,0.3377,0.0911,6.5152,0.6032,0.2765,536.1579,110.8716,4.286,0.6288,56.845,6.9117,16.002,13.7588,9.0449,0.0535,0.0729,0.4427,11.7858,0.3236,0.7901,1.7289,0.6949,103.1686,0.0044,4.2472,1140.4718,4.2927,71.8136,12.5535,0.5447,26.8442,1.3088,159.4243,14.9894,4.9138,12.1773,35.3037,283.8321,578.7805,0.3758,4.8093,0.0106,3.6597,17.4936,0.7086,1.9258,4.8553,21.245,4.8047,3.1959,0.3714,39.2791,30.8667,12.1042,55.5915,14.5778,88.1329,394.121,0.8754,6.015,201.553,1.5434,0.2139,17.3109,16.9797,15.6736,73.0871,137.1025,27.9383,5.9435,12.557,3.9108,36.4052,7.9129,21.4859,13.8412,7.892,1.7916,2.779,8.7148,176.1973,584.0977,528.2712,2.7952,5.1415,21.7194,11.5028,44.86,141.5549,0.6303,2.1358,11.8257,0.4064,6.5422,0.0603,13.0234,14.0597,4.3641,28.8282,48.308,7.0854,13.6621,1.7256,6.0476,9.5616,2.5276,3.2134,0.0381,12.3537,3.8286,1.8705,18.5241,41.8684,5.1412,0.2468,25.0202,63.9097,1.2281,1.8476,0.1014,15.6273,61.7931,3.7831,5.3667,1.2233,30.1004,114.4015,23.2704,1.0498,10.3856,32.9525,11.0501,146.1834,228.1327,86.2149,27.8512,10.1922,1.7718,39.8719,34.648,3.9813,20.8253,2.089,8.2647,181.1813,1.0726,43.1802,0.2218,70.8615,10.1887,27.0981,26.3687,0.0183,27.5667,0.0082,0.235,91.2487,2.0835,56.4419,318.2923,6.5035,9.9105,4.7718,136.1901,2.1433,1.2833,23.3315,26.8599,30.05,17.0616,10.2723,26.9082,472.0692,7.4422,6.1242,1.9108,84.0789,8.5291,18.7702,16.815,14.0678,30.4624,35.0299,10.8498,373.5648,12.0229,33.6482,5.9159,4.7653,2.5355,5.9652,145.3991,12.2647,36.073,0.0406,5.5396,1.0608,13.3893,0.6868,0.0652,22.6586,0.0,0.1147,0.6052,1.1203,0.2703,0.9212,0.3987,0.3706,2.8896,1.8938,1.8198,10.2364,32.5243,1.1287,0.0104,6.0328,12.5832,5.6841,9.5898,5.3472,14.3155,7.5972,2.5267,0.2729,6.561,17.0668,26.3005,5.3313,11.1003,11.8098,4.6816,2.4899,3.7839,12.7351,0.4434,0.8115,3.3247,6.6314,3.9744,1.8219,0.2843,0.0,0.1093,0.2463,10.9734,2.3172,0.3916,52.2131,2.8356,0.1891,43.7178,28.6839,32.8528
0.213,14.5895,8.9833,0.8805,347.9213,64.7043,73.026,0.2153,25.7005,0.2984,17.6722,31.4251,5.1892,12.8246,9.0386,0.8615,1.5013,35.394,4.4438,25.6938,3.533,4.3573,0.1328,0.0402,10.1878,37.7665,25.6755,0.4868,4.6523,0.0,0.0696,31.6237,20.0442,108.2493,0.0212,29.3985,11.9237,36.9184,0.0244,57.9658,11.9911,97.1816,39.4857,8.8588,6.5375,0.3427,3.4827,11.407,11.6487,53.767,21.0726,14.6673,3.567,8.7339,0.1286,0.0551,0.0,0.0,0.0,0.0,0.0164,0.263,0.022,0.0,0.021,0.029,0.0154,0.0038,7.7893,12.3797,14.5617,108.5947,0.1221,0.0076,3.5643,0.0128,0.075,3.2072,846.4729,0.0853,1.697,81.1304,8.281,23.3066,2.7528,10.1075,0.0,2.5291,0.0192,7.4347,0.1755,2.3357,0.0657,0.037,48.2804,0.0143,6.3346,3222.0975,8.4539,155.727,13.9068,0.0055,19.3674,2.4616,90.8907,6.2506,3.9241,13.8827,32.1208,334.8476,624.5509,0.2695,3.5129,19.2049,8.0816,7.6053,0.0591,0.4641,41.3872,23.9312,0.4661,3.7971,6.0327,57.9908,9.482,12.0172,29.9867,15.7804,367.638,259.4009,0.0384,13.6547,222.3863,0.17,12.1183,0.4897,21.0392,4.9756,28.3333,148.1973,22.0063,47.0206,19.0541,2.4048,17.8457,4.1262,23.9841,19.7478,3.4783,3.1381,2.4544,5.5223,0.0812,3.3442,0.6394,5.4347,5.2858,0.8496,11.8039,51.911,168.37,13.2476,1.0551,22.025,0.0102,0.4777,0.0163,12.8519,10.6376,0.3465,24.9339,1.2262,5.7768,3.1803,3.9882,21.425,0.8171,0.0893,3.4402,0.0207,4.9655,0.3869,5.7372,20.5445,65.877,3.0059,0.9418,45.6758,0.0471,2.4729,0.2076,0.0628,33.0675,57.7685,5.7021,13.2075,0.1076,30.3821,95.6984,39.1054,0.9866,18.0446,6.1302,16.3671,93.4987,243.251,28.3763,19.3763,8.1648,3.1543,44.524,45.9745,4.3666,19.0425,5.6566,23.2829,2.2523,1.3367,33.7837,0.0078,63.7459,12.6154,20.8322,18.125,0.0793,21.7376,0.0268,6.35,2.2122,4.0003,59.5913,12.4927,16.9816,6.2974,9.2983,1.6475,1.7393,1.5876,20.9134,25.6365,5.3478,12.0651,6.3735,27.5716,905.7685,6.6705,7.2593,20.5929,3.367,0.0705,2.288,7.4369,10.3815,32.2947,41.303,15.1837,383.9713,1.8355,19.6945,7.0209,11.5897,2.6316,24.9718,126.8173,11.3021,28.9434,0.0441,0.1713,1.2631,0.5668,0.0931,0.0471,26.9577,0.0,0.0746,1.2922,0.2025,0.7933,10.4699,0.0154,0.013,31.6283,13.0813,0.8088,41.0417,61.9541,0.2923,0.0,0.8556,18.6935,1.0206,10.1605,2.246,25.3946,0.5115,51.2435,2.6868,1.7819,9.4994,33.3818,8.7944,9.0112,8.6467,28.3582,0.8746,5.3313,12.4584,0.0276,0.3801,2.0396,3.5568,1.4992,0.5073,0.5194,0.0,0.0948,21.6705,6.8284,2.6317,1.5166,53.255,4.3647,0.0293,107.3695,36.3717,210.7533
28.367,21.5317,93.5091,11.1013,89.0025,59.0897,5.5271,0.81,7.6128,0.014,31.9932,24.7303,12.7937,38.5023,18.0874,0.1148,1.2034,2.831,10.8054,61.0955,4.9117,4.8187,0.3689,3.5174,22.5727,50.1174,35.5888,155.4349,20.3931,0.0,7.784,19.4123,14.7822,116.8613,2.1415,96.755,59.9877,27.0144,0.1434,45.3507,26.6672,53.2215,12.9073,2.0231,12.6781,1.6709,8.7795,13.8599,20.9688,35.5083,15.5812,18.4386,13.7621,0.4746,6.8964,2.6504,0.0391,0.0,0.0942,2.8563,0.5781,0.0442,47.8177,0.0589,0.0742,0.2049,0.1968,0.0893,42.0545,1.4375,24.1287,156.994,0.7184,0.4561,18.8558,4.076,0.1103,124.2369,14.386,6.8842,1.536,1.3234,8.0579,54.5999,53.1993,26.8486,0.546,0.0465,0.0452,19.1147,3.8277,17.6728,7.0116,2.7439,107.998,0.7316,10.8912,500.3292,15.9042,66.4428,21.9523,4.899,41.9304,7.1164,44.8184,43.4874,53.7079,33.6403,13.1332,323.094,1419.1708,2.5377,15.0108,0.0,19.9118,17.0149,4.4176,0.4248,1.2058,24.3938,6.8967,5.5025,0.9702,162.2491,59.5473,45.163,85.7156,39.1491,35.6029,174.6875,0.5192,17.6479,510.1399,2.9035,1.5038,59.9827,33.7368,42.7904,167.8984,11.5114,106.3702,51.6754,137.4901,9.6266,23.5262,23.6924,23.571,10.6682,76.7788,8.6817,4.4076,14.4163,0.8282,194.3213,62.0602,6.2216,9.1192,42.9256,40.7679,91.9545,144.1347,1.4365,0.1427,49.114,0.4101,4.5324,0.0577,6.9577,10.3018,13.5476,9.658,16.9042,17.8137,1.7416,4.8398,15.9427,23.2386,8.0777,25.8609,0.0851,19.4579,4.868,2.324,34.7274,46.9999,75.7346,3.3837,31.7381,1.8137,11.411,2.8867,0.4066,34.8223,92.4418,8.1322,16.3433,0.5406,37.4475,39.9721,32.4957,3.6987,34.3453,0.5486,8.489,48.0056,284.0553,99.2927,2.6427,5.0489,10.2292,37.2259,56.3429,3.6368,42.6647,6.4875,42.9079,80.0615,5.267,67.7199,0.3745,49.6512,13.2716,23.8417,51.9268,1.6099,14.7021,0.2472,0.0,81.2585,3.1687,3.5219,81.8082,28.5907,16.5342,13.6542,87.2846,2.95,1.584,87.0583,90.4703,47.3234,48.4986,15.5246,36.3685,368.0686,1.4494,16.7889,0.3575,75.5777,1.7123,11.4681,43.0353,62.8408,112.9061,150.9909,62.3334,620.4098,11.348,29.5685,12.8147,21.0446,9.477,9.3019,182.1108,2.9292,16.8328,0.1296,1.9729,5.7841,26.0518,80.2446,0.097,0.1236,0.0,0.0,1.8104,0.6885,27.1764,6.8351,0.0364,1.4548,3.4668,2.0337,3.2336,55.8855,150.2458,73.0638,0.0,1.0069,21.0758,35.8073,17.7319,44.8264,44.9309,137.5627,1.7917,0.1876,6.178,88.6023,10.0492,15.7333,6.4228,23.8203,2.0032,13.3264,12.7435,40.0525,2.9595,1.4596,6.6601,16.0329,7.7563,7.7618,0.7641,0.5653,0.0837,0.1467,4.5667,4.909,1.6278,12.645,37.394,0.0,41.7692,32.3109,2.8394
3.031,34.0056,97.6266,86.1235,67.4654,5.0367,160.6483,1.8199,102.0152,0.7118,46.6353,33.4912,11.2128,49.3027,32.9573,0.5141,2.1778,18.803,25.3144,110.667,184.7774,115.1723,0.1056,0.0779,16.49,84.2176,96.5467,12.7182,2.6809,0.0,0.5147,30.4484,38.7136,93.5233,9.7435,171.6448,8.3499,29.665,0.0294,53.744,21.9059,155.2801,89.1894,7.7313,27.6416,0.0569,30.9302,63.2215,42.8634,37.4912,29.1126,74.5699,30.6132,4.5759,1.0745,0.4056,118.9993,0.0305,0.008,0.0,1.4352,0.4753,29.8837,0.0452,0.0854,0.3932,0.1883,0.1612,5.1817,11.1267,29.4767,98.2168,0.2206,0.103,27.0282,0.0348,0.1186,483.6358,50.5055,1.0019,0.9881,40.9135,23.5698,108.947,24.3133,49.4756,7.4928,0.4999,0.0694,9.2879,1.3109,2.7724,1.5616,0.1854,74.7515,0.0475,19.5644,974.1424,16.4925,86.5538,29.8106,1.1714,105.9476,8.8312,47.6416,49.7586,10.2464,58.9871,43.96,873.7169,1690.6598,0.3208,20.7193,1.4652,3.984,10.0399,1.8695,0.1165,10.3775,107.0008,0.5491,23.1504,0.237,79.6411,34.3304,103.2312,74.3881,37.8617,292.2801,386.5232,1.1352,26.9445,332.8348,5.4824,22.7686,13.4443,113.1624,27.9246,127.9399,66.9298,115.1263,73.6899,34.4647,10.9007,16.1306,19.7444,21.911,21.3929,39.0303,51.1967,4.4828,20.9637,2.7882,45.8804,257.3514,9.2153,11.036,100.9437,19.2095,22.2928,47.5347,7.397,0.526,55.3708,0.1111,45.7239,4.1058,45.9063,33.0025,4.2313,30.8267,60.0966,13.4107,5.9136,7.0167,28.2742,8.5709,2.6074,13.1576,0.0934,44.938,9.1726,5.4766,15.8669,203.511,3.3796,20.0402,43.6955,19.5905,24.545,0.685,1.4049,126.3146,75.2844,18.776,17.9903,0.1674,54.6634,49.0169,18.7686,36.7906,37.6796,0.7142,44.1575,36.2614,546.7766,27.819,25.8537,16.8032,30.2079,79.4134,58.7217,8.3011,32.1168,1.8646,46.902,710.6209,9.4332,84.0928,0.4278,126.1134,26.7941,28.9386,25.6305,0.1075,62.6783,0.0606,1.5749,3.7939,10.1172,413.006,210.5261,4.1609,21.0628,24.0265,22.2597,6.55,12.1954,116.108,70.2397,17.0927,18.5844,50.8556,61.366,291.3167,29.9512,50.5018,45.5586,98.0064,11.6092,21.5601,44.0507,87.0658,12.3062,92.9667,43.268,677.5488,4.5664,50.8889,15.5898,41.4626,16.9956,51.1753,122.1292,6.9129,56.7131,0.4578,0.0995,10.5542,2.2711,1.6265,0.0958,23.3911,0.0484,6.5204,0.8525,8.4578,0.6467,0.0602,0.0977,0.1601,2.3347,14.3062,15.3785,68.1956,215.6432,3.2192,0.1637,2.1261,14.5826,109.6916,17.1034,7.4263,89.5807,10.4306,5.8253,6.3369,6.2773,8.9777,52.3295,13.5905,7.6302,39.6789,3.5648,6.225,18.2237,53.3655,0.5556,0.8314,30.8166,10.9267,22.6634,4.9943,0.2053,0.1157,0.0214,0.0805,164.5574,9.9353,7.466,43.7783,34.405,192.3726,38.4616,41.5188,178.297
3.8768,23.3845,42.741,24.5104,127.5679,52.0084,8.7364,0.5353,30.6187,6.4297,46.9151,29.0315,1.9081,50.9701,9.2807,0.5488,0.8219,132.951,20.8269,66.5022,190.6498,107.8569,4.0295,0.069,30.0435,52.5518,78.1983,113.9737,18.685,0.0,20.3232,32.7699,29.0011,101.3802,0.0,50.6747,12.383,25.8484,0.0213,43.6227,11.7794,66.5719,39.9501,8.0533,27.9169,48.5509,18.9648,22.364,715.7574,32.4236,21.2027,26.8331,54.4912,8.0308,1.3181,0.9984,0.0,0.0126,0.6673,0.0,10.4914,0.0282,0.0248,0.1251,0.3939,8.6361,0.0907,0.0655,4.9501,1.4448,4.6044,153.9892,0.5312,0.1482,7.5655,0.3753,0.1266,504.6926,35.1376,5.8176,2.2612,20.769,18.2237,47.1419,4.4801,16.5561,0.0653,0.6226,0.0432,7.2562,0.4213,0.6792,2.4887,1.0197,162.4062,0.0395,18.4434,807.2958,37.8287,87.305,23.8064,3.4062,191.5128,6.0616,18.7348,46.8512,62.9062,30.6368,72.663,527.6756,1579.6225,0.6905,27.3548,0.0,48.434,6.0319,2.2396,99.9547,285.23,10.4624,6.7197,4.5823,0.2108,42.0947,150.1842,175.378,64.1976,85.1487,33.7403,127.2813,3.1585,16.0273,266.3937,4.9345,2.4338,21.9812,63.9478,37.299,66.5811,58.0342,257.9079,179.9622,57.0448,6.9674,31.5005,8.7899,19.0111,16.8336,71.8268,81.468,3.6773,8.9741,698.8947,357.0732,293.8439,17.5652,8.9678,44.1806,37.0473,134.0743,353.2482,28.4738,1.0099,118.0564,0.1922,4.8005,0.0123,8.0994,75.096,21.9973,17.6036,74.2766,12.0422,6.5788,6.0518,29.4122,7.5081,5.3503,7.3775,0.0155,11.2382,6.8677,9.947,18.0824,70.9257,8.0565,4.4852,49.8128,1.015,8.3129,3.1443,0.0118,108.8219,77.8126,10.7198,13.7259,0.1193,100.2969,55.5015,17.9735,0.8263,32.2973,233.7534,24.8616,50.9318,400.3736,39.5168,31.1664,14.1851,14.1734,35.54,87.2435,0.8478,24.6577,11.5624,30.9483,187.1254,3.6559,59.0212,0.3785,30.4785,35.032,25.3496,23.4683,0.0297,80.3296,0.1307,0.0306,2.3032,13.7323,185.3687,1.2799,25.2702,35.2791,16.5328,71.9263,6.0038,1.6569,83.6253,140.4891,11.1781,21.3675,18.1714,39.773,313.2426,5.6351,8.6772,29.1819,77.5474,0.8402,17.0428,24.9991,39.1305,25.6252,90.1844,38.5855,828.0926,10.8377,23.3922,11.51,2.4444,3.5253,48.6251,139.6386,5.0356,20.8471,0.0,8.3904,5.0382,22.9359,10.7104,0.0177,19.8704,0.0,0.2053,0.1539,0.1857,0.3267,0.4497,0.0521,0.2854,1.9168,17.5928,0.2874,47.477,163.4634,0.8361,0.0,8.1182,28.4637,3.4458,12.6274,28.6408,33.3586,7.1876,1.1421,0.3075,26.7823,13.6399,36.8766,15.4948,7.9456,59.1061,75.2332,4.3973,10.7326,26.5707,0.6003,0.2701,13.0853,12.0344,3.4213,0.2805,0.0,0.0,19.4699,0.0267,20.1342,3.3302,2.5032,59.3584,1.2209,0.0,28.6462,51.2661,83.105
17.1363,15.1024,30.9997,14.1024,122.218,58.2933,2.2306,1.4799,9.8926,0.7262,30.5149,21.9604,2.2689,34.5479,21.252,2.224,2.2442,7.1881,12.1891,21.7287,206.9883,165.6614,13.1205,4.6781,46.0089,66.6519,45.7468,28.0269,8.7908,0.0,9.8571,31.2901,20.126,89.1802,0.0907,70.5431,22.5488,47.4344,0.0946,43.7735,17.4183,76.2155,16.5114,6.3746,12.6633,0.0244,46.3677,44.3876,201.6316,38.5773,32.4957,18.8641,86.0675,36.5306,2.4761,12.9191,0.0,0.0,1.3826,0.0771,71.2957,0.8312,1.4092,14.1005,0.1162,0.6461,0.6665,0.4639,21.6229,4.7282,10.1457,51.403,2.2602,0.1194,36.0236,1.3443,0.4802,525.9399,407.9707,5.8305,1.2299,33.6787,21.0675,100.3494,6.378,23.609,6.3301,0.046,0.2348,9.8239,8.6573,12.4119,7.2366,1.0616,71.2283,4.7243,11.8462,358.1925,12.0072,95.7641,13.408,7.8629,202.8089,9.2131,26.4505,38.0504,32.477,31.5847,12.9369,511.8759,887.1457,17.3078,24.249,0.0803,27.3347,13.5283,1.7036,82.4911,89.8781,140.4592,2.7285,19.7468,0.2727,37.8125,101.9309,81.6034,60.2922,66.924,212.8511,231.3906,13.171,122.6877,257.0764,18.9004,8.9569,39.9686,52.1135,38.2585,106.9745,52.876,115.7888,40.1072,31.4019,6.1982,26.589,12.033,18.0194,13.6707,42.7805,25.9391,5.1687,11.0522,785.3537,576.1591,59.6999,6.4941,7.6936,57.5259,47.3982,75.034,183.7787,5.8462,0.8543,36.5955,1.0682,17.3115,0.4948,30.2817,28.6012,47.8538,24.7536,164.106,12.424,11.0401,6.7237,17.9324,31.6877,10.952,27.0309,0.0963,23.105,21.9242,7.1539,25.1504,55.8177,5.2969,10.107,45.1578,11.7459,18.6915,17.0325,0.7589,70.0921,86.8136,9.0412,13.468,1.4443,40.3015,62.4821,22.8949,5.3537,34.4412,56.2264,23.7549,45.0351,332.8018,160.2361,8.9405,7.8355,17.9639,33.3163,60.3744,5.6613,42.1597,8.1577,53.9614,37.4728,5.7948,68.8393,1.4821,28.5881,21.8948,26.3998,24.9467,0.5886,17.2235,0.9912,1.264,23.2621,3.1083,26.4765,28.6823,16.38,27.4707,31.8154,62.7897,6.2801,4.0708,45.3818,100.9862,25.6738,54.8011,30.1144,31.7146,312.3882,23.6742,21.1736,6.6958,174.3884,5.4214,28.9131,35.2258,136.133,37.32,53.988,28.0444,342.208,27.9858,17.4071,25.2039,13.5194,13.7934,23.1502,121.5278,34.7301,31.4029,0.436,6.1977,3.5894,7.334,2.2224,0.1097,0.428,0.0,0.3042,0.6448,0.7598,3.991,7.0806,1.4296,5.4505,0.2823,27.3225,2.983,37.5405,129.0901,2.1593,0.2307,1.4797,23.2341,5.8412,33.9658,19.3793,23.0065,95.4655,23.0599,0.3579,17.9939,19.8071,35.3134,16.6556,11.0351,18.0028,7.8689,4.1538,17.7106,46.8651,4.7846,6.4111,16.235,18.6375,11.6566,8.6122,0.1039,0.6898,0.2622,0.0207,5.4522,4.9313,2.0273,34.0756,6.8487,1.6886,41.1755,40.6862,73.301
1.7707,28.2781,79.1685,7.9646,276.7183,49.2793,0.6893,0.6406,2.0531,1.671,32.9233,16.0603,20.9352,32.1423,16.3845,9.6465,0.3712,29.7434,10.9401,55.9251,70.5511,70.4121,0.0415,16.8044,7.0395,65.5002,66.6519,12.9859,2.3929,0.0,0.5225,15.7671,10.3994,89.6979,0.0,116.9572,1.2159,82.7017,0.0045,73.492,15.0427,97.8032,35.3305,6.2322,6.5474,0.078,559.9742,11.5693,46.6718,18.9587,27.0151,13.6708,17.6144,3.7532,9.094,0.9574,0.0,0.0,0.248,0.0,0.2831,0.1676,0.135,0.0279,0.2577,0.1942,0.1033,0.0635,11.9363,38.3114,15.9848,169.3111,0.1362,0.0763,11.3987,0.1145,0.0418,413.7011,332.2232,1.3399,2.2341,86.7761,13.3769,28.7634,11.3699,9.3115,0.0,0.0441,0.0857,2.5048,0.4959,1.9811,8.2545,0.5292,77.7076,0.016,14.086,7033.872,15.6505,180.9339,28.1661,0.1342,121.9335,3.6453,106.9616,25.9474,2.628,17.6959,66.9986,895.736,1270.6402,0.0367,27.7044,0.0,2.3472,5.1981,0.0989,3.0489,22.5924,213.6809,0.4736,34.858,0.418,91.9865,67.5906,38.3239,76.4637,33.6082,256.0255,947.7329,1.487,21.5005,286.2722,2.9072,110.1825,20.7144,10.852,18.0562,56.8237,712.8644,76.6752,1086.0805,12.2658,5.5564,14.039,5.2423,39.8991,4.8324,69.2565,6.8095,1.5645,10.3342,1800.6688,671.7815,51.5117,4.474,6.3766,133.1209,22.8255,27.9502,256.5926,2.578,0.5141,33.4835,0.1143,4.2627,0.0,30.1068,23.2558,7.4802,30.6425,57.3258,11.6254,47.7811,20.9357,15.2326,12.8739,0.5748,4.969,0.0,15.1183,2.9366,14.0726,19.1185,105.2721,6.783,0.9401,28.6139,0.5774,2.5562,0.404,0.0876,52.2491,34.9216,5.8564,5.4693,0.148,51.679,117.6791,18.362,0.571,27.9894,1.3225,13.9792,105.5648,342.9946,124.8953,16.7665,39.6354,5.1244,95.3939,268.9109,3.2137,12.2836,2.6721,12.8752,158.5586,0.5049,82.1097,2.7617,40.9218,36.9062,45.9157,25.2887,0.1769,17.0185,0.314,0.0341,6.2281,11.1714,571.968,5.7473,13.8441,5.6927,12.8649,13.5067,3.0247,1.255,30.3464,28.4653,6.2553,14.032,9.345,30.1415,511.1734,4.6522,9.7846,19.2924,173.2456,4.5937,26.776,20.5087,25.542,39.3909,88.0061,14.8368,638.9417,3.4834,34.4726,13.2805,2.124,4.4145,18.3346,177.8383,9.1941,14.5431,0.0246,9.6637,1.4648,31.4403,0.7962,19.0924,50.4672,0.0,0.0,4.6904,2.3594,4.1409,29.1537,0.1034,0.3375,3.1891,3.6777,1.7871,36.0295,100.9017,44.4295,0.0126,15.6497,13.7151,1.9583,20.5794,3.4803,91.4991,20.4796,10.647,3.1495,6.4601,7.73,39.1677,6.3348,7.285,18.3762,3.2181,6.0589,4.0021,13.3321,0.5804,0.1227,4.8907,5.2968,9.512,0.4468,0.0362,0.3215,84.2037,0.6555,26.9383,2.5216,0.8662,22.097,1.4153,0.0654,87.4573,42.9899,280.5492
0.9152,75.1511,68.377,8.2237,216.3877,84.4131,0.0866,0.4725,0.5045,3.979,34.9931,15.5539,92.7815,473.0359,12.6253,1.5372,4.9883,48.0324,12.3515,69.8914,56.9534,38.1222,0.9294,11.5955,2.2272,100.1409,58.9793,0.7999,0.2415,0.0,0.1596,48.5873,8.9516,183.883,0.0,113.1673,106.1544,67.5241,0.1664,52.9378,19.6584,143.6868,26.7573,6.8506,26.6837,0.1543,12.8597,50.2196,290.9021,192.4568,68.9587,39.6526,70.7003,97.706,0.287,0.2358,0.0,0.0,0.0,0.0,0.0774,0.0,0.1214,0.0263,0.5959,15.8453,0.077,0.1974,0.8499,77.5638,32.8798,70.4647,3.0402,0.1916,4.4887,0.0404,0.2659,14.6622,78.9388,0.112,1.2107,161.8629,20.9885,62.411,18.2233,19.8914,0.0,0.1246,0.2724,10.106,0.3688,0.1743,0.7495,0.0106,186.4818,0.0151,18.3171,1113.7964,14.3148,136.2411,25.8019,0.1207,41.7243,12.1194,62.9298,85.4397,3.5902,41.2949,88.1187,1638.401,1789.3518,0.0725,18.6313,0.0,1.3416,12.3906,0.0,0.0813,7.6612,79.5113,6.4681,7.8803,0.0591,180.1717,40.3241,47.4506,56.0172,37.2787,19.6756,779.9923,12.9839,30.6368,330.2513,1.3638,15.7747,8.3503,90.1103,72.7696,38.1783,115.3164,118.2431,58.2759,23.5642,9.0119,84.6801,18.6458,16.5832,47.3636,21.5218,4.6616,1.317,15.3189,7.3377,17.278,4.6794,12.0403,10.0669,37.145,50.2079,20.8162,95.7884,2.0778,0.9748,69.5463,0.0,4.3133,0.0515,3.3221,8.8045,2.1226,39.4416,7.7427,26.3866,1.6081,8.3454,46.4984,1.6995,0.4223,24.3535,0.0326,20.0539,6.8777,2.6546,26.1904,85.0581,0.9584,2.9846,115.4404,129.4376,7.1783,2.8995,0.0,35.3678,25.7367,10.4737,15.925,7.9147,33.8209,56.282,19.3967,3.1637,21.3081,9.3268,40.7393,88.7657,417.9039,4.2659,29.798,12.9509,25.0866,51.5695,51.7425,3.6721,12.7289,2.2972,22.949,142.1025,1.6934,82.2061,0.0856,78.8362,19.0109,86.2088,47.8145,0.0312,46.5513,0.5,41.2876,57.14,11.2746,225.4182,9.2613,1.5578,48.2691,13.2276,1.3602,14.3713,7.9534,35.4759,36.671,15.2592,25.9387,19.5665,27.182,185.1995,1.2497,13.6378,27.3444,24.9371,0.9034,2.1734,13.891,28.6381,66.2786,59.4356,41.8588,351.4568,3.5881,23.1493,27.954,1.8547,9.1543,80.2746,48.3597,9.5179,98.2543,0.1042,0.2121,4.2575,69.6734,0.3424,0.0186,41.513,0.0,7.6085,0.3233,0.4965,0.6524,0.7978,0.0122,0.0068,0.0342,53.7792,5.5016,36.1772,232.157,1.1519,0.0,0.2975,16.701,1.9465,10.5137,17.1198,70.1848,17.998,1.2102,0.2871,0.835,8.077,98.0947,32.8424,15.3999,26.4273,28.0209,9.238,8.2924,13.5301,0.0497,0.3468,11.883,8.5806,13.3414,0.2525,0.0767,0.0,0.0,0.1123,20.1244,5.1981,2.4287,145.83,14.324,0.0,38.8337,70.0556,524.8751
1.7552,80.5047,80.6691,7.82,610.6469,192.4622,176.9359,0.8166,177.008,0.597,50.21,52.4883,41.8582,72.6988,28.8365,5.2578,3.9509,100.534,17.6274,152.6574,20.311,15.361,4.1631,0.9966,30.9502,65.3108,87.6833,11.0862,1.8579,0.0,1.2874,39.7951,28.7056,232.6771,0.0472,73.51,35.8671,57.5949,0.0271,96.6934,32.0958,134.5382,120.6926,43.3833,35.5795,1.5392,29.9789,34.3714,65.6105,115.5877,37.2307,30.4066,8.2865,36.8667,7.073,0.3414,0.0,0.0,0.0593,0.0,0.0273,0.1253,0.2201,0.0,0.1051,0.1451,1.5099,0.0,2.5513,95.664,22.7183,195.3875,1.3027,0.0253,11.1391,0.0,0.5001,14.1462,105.2532,1.185,10.2985,79.7396,41.7722,35.9192,0.8474,19.8584,0.0967,0.0,0.1281,15.807,0.039,0.0922,1.0829,0.0337,121.6161,0.0,22.2285,2283.8251,37.106,284.1606,32.2891,0.1277,100.3976,15.2729,158.4991,50.0091,9.8911,31.9567,63.9778,1423.8783,1337.9327,0.0438,28.3161,0.0,14.4474,39.1606,2.0697,0.3439,29.2391,147.9917,0.0833,59.9751,1.4994,75.8088,80.6382,53.1457,76.9967,82.7322,245.9836,769.5454,142.625,40.3616,207.2571,0.2233,12.7333,5.5523,51.3489,5.4349,18.4765,143.8263,62.1988,144.21,59.6211,12.5123,47.1724,21.5814,55.0439,34.0503,54.0046,10.0345,3.2589,22.812,6.6791,7.5227,49.5006,23.5349,21.3651,37.3725,49.8807,55.1354,203.558,15.3042,33.7273,79.8606,0.0,2.3892,5.4503,5.0999,5.5704,0.1863,42.2231,4.7373,14.0405,6.8351,13.0611,45.2855,14.0172,0.9164,24.8503,0.1378,30.2581,3.006,22.6176,18.6714,110.2836,1.033,4.4631,78.6709,1.0984,5.7787,0.4347,0.0,86.7175,68.8995,23.5566,17.8196,0.3214,84.1885,75.3913,18.748,3.176,34.2166,4.798,27.5481,94.0031,385.8081,12.0573,24.1545,35.9371,27.4907,64.0709,91.5877,10.5371,14.9654,28.5348,70.8659,5.3059,22.8367,72.9318,0.1035,56.6712,31.3655,42.379,51.9495,0.0,18.2325,0.0745,0.068,10.99,9.7768,324.9441,4.5968,2.734,21.8293,34.3607,16.6561,4.631,9.4903,96.214,116.5984,19.1861,32.2194,22.5781,31.2961,435.5367,7.1561,28.5365,38.2424,10.6281,7.7334,1.669,23.3129,16.3873,74.218,158.7767,70.2227,482.2368,8.3464,44.802,15.6653,5.3042,10.1105,81.6941,115.8592,0.8844,38.3444,0.0,0.0408,3.1276,2.2383,0.1035,1.2962,30.3967,0.0,0.1659,0.6156,36.9151,4.2268,20.3883,0.0,0.0577,2.2928,10.4125,0.5162,117.553,138.1225,2.6806,0.0,3.4824,28.8904,2.7908,15.6376,2.1193,102.4497,17.5178,36.0209,0.1519,8.0297,32.1363,37.8623,21.3192,18.2996,39.1314,39.2255,10.4886,13.0161,12.6906,0.0394,1.2007,8.7446,11.0923,8.4366,0.2671,0.8118,0.0,0.0,1.3063,35.6373,9.7598,16.1026,56.7187,4.9895,0.0,78.7651,72.3262,239.3149
16.7474,35.5929,33.2456,23.3264,222.0159,66.9883,88.4828,4.1082,79.7948,7.9045,37.3257,62.9961,20.6899,29.1941,43.9498,17.5911,20.1426,25.0484,24.2315,45.9953,48.6103,28.5298,6.9519,0.7647,46.3731,75.5405,122.7303,64.4735,23.0123,0.0,8.2193,39.6809,26.0332,151.4268,0.0141,107.7357,23.8435,23.9687,1.5162,27.1794,25.5627,166.7847,48.3595,24.9998,34.005,3.6524,51.2614,76.6961,118.4002,26.7375,39.7941,34.5741,83.6625,24.5845,4.4671,3.4712,0.0,0.0335,0.0,0.0,4.0806,0.8952,0.8083,1.1423,2.0853,0.1872,0.281,0.2939,10.2367,145.2222,34.9666,120.0684,2.3272,0.3772,29.8934,3.5659,6.9605,76.1339,290.2711,16.7948,12.8721,36.6467,45.2199,56.4539,4.0086,35.7858,0.0576,0.0,1.4109,18.2804,5.0412,10.662,11.7611,0.4342,95.107,0.0285,41.6066,748.0237,46.4156,142.9281,20.0289,3.5952,117.3685,27.301,49.3607,71.1525,55.292,101.8243,33.6545,400.3336,622.9487,1.7101,21.3828,0.0,29.4746,57.3681,22.0084,3.072,12.3487,209.7051,6.8595,60.5203,1.8043,65.9142,69.4757,55.7861,40.6954,66.1626,95.2061,320.0098,13.9201,33.5367,193.5252,22.9704,53.3618,15.0021,109.5514,25.7599,43.4692,388.8122,128.4102,105.9496,50.7655,20.5697,112.9622,25.3231,40.9887,86.0989,21.6443,41.4175,14.0435,31.4346,1.8274,50.3558,53.9647,15.6027,31.8458,32.284,59.6056,55.3041,167.9932,12.7974,1.9024,61.5132,1.9538,19.523,1.6228,7.5029,9.2082,15.6565,26.6622,77.6948,16.0595,7.7206,28.565,30.4521,40.3295,20.9958,74.3739,1.0054,47.51,26.2558,40.6025,95.1751,50.5615,22.1892,15.5328,41.1424,4.0411,12.5035,16.8743,0.6549,71.9885,32.4241,19.6559,19.9802,11.731,44.57,59.6221,15.0714,5.1747,62.0062,9.7182,45.821,57.4099,229.2275,80.3637,9.8527,16.316,43.3665,39.248,73.1739,22.2173,10.475,33.6685,41.3264,26.5002,30.6832,40.6543,0.9092,27.4363,28.514,67.5322,36.6705,0.1575,23.8711,0.7897,0.2226,5.4984,18.2033,335.8207,4.4481,15.3214,51.4684,42.0809,46.0605,15.2529,25.7905,515.9647,119.4782,36.6434,44.822,66.5278,17.6056,68.2707,27.5829,18.0303,12.7759,52.5451,2.8366,17.8483,51.1036,46.0542,63.6985,76.8434,100.9933,259.228,54.0793,47.6631,43.9454,31.28,17.0844,56.2593,42.6425,3.1193,45.4715,1.9682,8.6254,4.7181,218.7545,6.1625,0.9356,22.0835,0.1064,1.7787,3.8284,1.0723,20.9574,65.5971,0.1073,3.5274,4.7714,12.4611,4.0957,55.6879,173.042,14.4027,0.7642,7.7452,21.8699,8.8363,7.1606,8.1168,60.7199,10.3491,1.3406,0.1356,9.8977,45.9579,77.0296,42.8679,12.807,32.5301,24.6468,18.4021,24.3866,41.1996,7.0597,3.7337,40.6903,30.3668,6.6364,0.5302,1.4503,0.0,0.4235,1.0961,18.8538,16.7948,16.166,53.1639,8.9134,0.0,32.856,63.9196,114.4393
1.3105,4.697,12.2596,2.4605,189.8387,28.0214,0.4861,0.0789,28.1073,1.9427,11.4512,10.3049,9.7827,14.4452,7.6637,15.2179,0.2155,3.9545,3.6556,5.762,5.2957,4.2252,2.236,0.3278,6.0195,20.7324,27.9406,7.7305,1.5753,0.0,0.5664,14.3955,4.0762,50.1106,0.0557,28.0052,1.6432,33.3939,0.0359,64.4779,6.8525,17.3158,3.257,2.8143,4.2254,6.8227,11.8425,7.3723,25.8612,25.9293,7.7365,19.5938,10.8244,0.6402,0.7058,1.3551,0.0,0.0,0.0,3.3413,3.5024,0.0,0.2488,1.156,0.3098,0.1926,1.4117,0.1119,4.1919,25.1279,7.9941,127.4745,7.2753,2.1745,11.1057,0.5298,0.0184,11.0406,2460.6954,1.0904,5.4537,26.6708,7.0222,13.471,0.4859,11.9222,0.0855,0.0389,0.3966,1.6029,0.6443,0.4757,1.4219,0.0066,35.2204,5.2572,4.4681,602.9732,3.1799,31.9993,7.7499,0.5648,18.3434,3.7829,62.119,22.4579,8.9812,7.2548,4.6069,249.4203,756.5833,0.2651,3.5638,0.0,4.4676,6.6434,0.4651,38.1875,9.8179,15.8329,2.4312,2.7109,0.1382,11.545,15.2731,12.6646,33.4965,17.4518,680.8961,569.8477,1.4523,6.3769,130.3562,4.7105,4.9175,3.0735,6.7511,4.1904,36.8582,37.053,18.5666,4.5644,11.7245,2.3059,20.1982,6.8363,15.0255,5.0482,6.1876,2.7986,10.6746,8.926,0.9582,66.6552,2.4705,1.9759,3.9872,133.0586,11.1791,20.8897,255.9448,1.8405,0.167,12.2366,0.0504,3.3566,0.3215,5.3336,5.6117,4.6655,7.4505,12.4192,7.0383,3.8869,1.4895,4.1551,1.4829,0.4459,8.9321,0.0203,5.9163,0.761,4.4345,7.5516,105.4977,4.7838,2.0182,27.4971,3.8755,1.9718,0.584,0.0309,27.0596,39.3512,3.6715,7.9325,0.064,32.4564,49.2228,6.7883,0.5553,9.0575,11.0806,5.0738,15.23,121.7999,8.8999,4.5589,1.429,12.6519,37.9367,20.8938,3.4916,8.5393,2.5543,11.8153,32.4963,3.3112,23.8147,0.6411,27.638,5.562,21.9289,19.3457,3.6067,7.4422,0.0308,0.02,8.9832,0.9691,33.7277,8.0661,5.0034,6.6279,13.9087,10.827,1.6926,0.2582,18.5206,33.1501,6.3125,17.7079,3.4585,18.6716,216.4178,2.3183,3.7524,6.9247,11.1549,3.1912,17.0559,7.3058,14.1307,13.3654,300.0866,9.4944,74.4881,2.0863,9.004,4.4426,0.6106,2.7493,11.0482,65.9921,1.9862,6.8235,0.0,0.0361,1.1683,5.6989,1.4039,0.0116,3.2118,0.0,0.0245,0.9682,6.8373,0.2925,14.6714,0.0304,12.2923,0.9324,2.6012,0.567,18.1285,89.9172,8.4624,0.0223,2.3757,6.2995,2.6698,4.0257,15.1418,8.7504,13.5679,4.5043,1.0748,3.848,12.3806,12.4327,1.9774,3.6941,12.5359,3.1775,1.9917,3.0797,4.2479,0.3178,0.5016,2.4087,1.4453,0.8293,0.6827,0.016,0.0315,1.1187,0.9981,2.1318,2.3038,0.3341,4.7725,1.2002,0.0,44.0306,17.1945,56.0138
20.497,34.548,81.524,5.3491,336.2499,87.4609,0.3235,0.5637,5.6215,10.1948,26.4462,34.1099,32.0167,41.2517,19.3874,7.5109,2.1989,18.5512,13.3332,23.0985,161.1383,155.7725,5.8727,72.0746,26.3581,52.1768,91.1667,36.5228,6.8921,0.0,5.0537,43.2863,23.3481,198.5443,0.0463,105.3546,20.6409,81.3926,0.0159,54.722,21.2477,80.7862,20.8849,2.1543,15.9041,0.6363,38.0438,32.9363,151.082,77.3564,43.0244,30.6127,68.1183,86.4348,1.1008,10.931,0.0,0.0,0.0058,0.0866,17.3456,0.0492,0.6265,5.0364,0.0275,0.3798,0.9513,0.1217,29.6418,60.1168,20.8208,108.2634,5.2095,0.3382,16.2185,0.8731,0.1104,499.1755,819.2614,3.4981,1.5519,19.2656,21.0451,92.5993,15.3099,21.9597,0.0949,0.0259,0.3771,17.7493,5.2834,3.365,4.4484,0.3633,144.6183,1.7619,13.0553,1034.1475,15.6813,113.6848,17.1541,8.406,339.0221,9.094,51.5944,44.3079,9.5024,25.7991,28.2534,540.1714,1391.3436,2.0309,11.2831,0.0,11.6304,20.4195,0.619,12.4713,15.7193,59.571,4.6281,46.7319,0.6192,362.4675,164.2934,120.2107,81.1915,90.2843,517.1445,807.5468,120.5469,24.3521,325.6915,12.6647,18.2077,53.5472,88.3523,119.7862,139.8075,140.409,152.5717,75.7327,32.3008,7.8899,44.8336,16.2382,28.2701,24.6112,27.2699,31.1011,16.1911,22.5488,6.8557,602.369,1.8684,7.3234,13.956,30.3689,45.9748,35.8347,198.3056,6.3484,0.6191,51.4543,0.3757,4.8001,0.1819,17.3278,16.496,13.9819,25.3722,51.1192,23.6345,7.0988,6.3763,17.1041,6.0482,3.2196,123.3377,0.142,48.7916,6.4585,3.9641,25.7023,88.9578,1.5994,2.1932,52.8484,44.4095,15.4944,5.1036,0.0206,92.8596,95.2228,11.095,24.9619,2.6787,65.0494,67.5756,25.1242,3.1493,58.524,86.2263,35.7294,86.2987,373.852,80.4472,5.7838,10.1443,23.4082,58.184,92.1473,4.1545,47.0851,16.9434,44.1148,65.3956,4.114,56.7589,0.3708,101.2298,20.9087,26.4568,42.9174,1.3364,29.434,0.7165,1.4009,37.9696,6.3274,266.4755,14.2439,12.5037,24.3209,31.6699,23.6198,4.8546,4.718,57.0633,128.0015,30.0034,75.3103,25.1166,28.2784,794.0862,1.2869,15.4556,8.6989,91.0241,3.4685,42.31,23.989,119.5258,31.5514,51.6326,36.7059,384.384,7.2859,14.1285,12.3407,21.5373,6.0993,36.022,240.497,15.2083,51.8318,0.0288,4.3005,17.6791,9.6895,1.239,7.1082,50.4637,0.0,0.0651,0.5907,3.608,3.2845,9.4854,1.1118,12.5685,0.6963,17.8872,4.2727,86.5429,215.7208,54.7301,0.0,20.818,20.6848,12.8189,13.0164,15.4753,46.4348,57.2468,3.7862,0.1192,15.6339,13.1556,56.8609,14.9393,10.2449,26.4937,38.5085,8.4353,34.3588,18.6755,4.0811,2.9588,10.2383,8.3641,7.7683,1.6602,0.2125,0.1886,5.4755,0.0,10.8253,4.2692,2.0249,90.1883,9.0438,0.0575,83.0899,74.5408,524.2992
1.4574,26.8283,56.9631,2.7066,57.9068,36.6214,10.4809,0.1914,13.3711,1.9393,32.7578,10.8491,4.4691,14.0717,22.2938,5.5891,1.5638,69.5004,8.8966,105.9273,55.0612,43.7961,0.2944,57.5132,17.78,47.302,58.626,63.5001,17.2453,0.0,4.0575,27.0486,19.5631,68.8581,0.0,46.9353,5.9513,30.1028,0.0307,47.1138,25.975,46.87,36.4434,11.1699,13.4513,0.3788,182.1503,12.3326,39.3879,22.2453,37.6531,14.8859,27.4537,1.6617,0.958,0.2479,0.0,0.0,0.0448,0.0,1.2065,0.0473,0.0554,0.0525,0.6349,0.4842,0.418,0.0812,5.1806,319.9781,0.6471,160.8699,1.8143,0.067,6.3954,0.5816,0.2597,149.0268,159.2691,6.0514,4.5907,44.3223,15.4348,26.6928,4.125,7.8313,0.0,0.0,0.4596,8.2013,0.3684,0.47,1.9282,0.3305,93.7349,0.0181,9.0048,1821.0689,26.8951,114.1208,26.775,0.4065,108.725,3.6675,45.9262,20.9789,23.7825,15.1248,76.2269,843.2638,2811.5421,0.1739,2.2797,0.0145,29.6809,16.6337,4.3926,1.9485,5.0716,171.1735,0.2621,105.7486,1.109,89.2987,15.0977,22.7402,61.2423,21.9198,114.7672,303.2734,0.4107,9.6787,219.9076,1.3623,2.4626,8.6071,95.0961,10.9577,24.5962,61.4947,38.1782,11.89,17.9442,3.4273,39.6596,5.8984,32.6777,6.5103,16.6584,11.8898,1.7947,15.9169,9.852,104.9852,233.2724,9.1692,13.2895,95.7305,24.4718,50.0303,229.7722,4.0996,0.3666,30.2564,0.2453,3.3214,0.1853,24.5393,12.2197,2.414,14.436,30.9731,7.5786,12.4682,2.5018,17.1814,7.9785,3.617,7.5764,0.026,20.092,3.9084,2.4139,28.426,127.7929,0.8092,1.9979,32.6235,2.9929,2.9943,3.0832,0.178,43.1162,69.2427,5.9663,22.6298,0.0757,29.4911,58.2739,12.6279,0.7346,22.1625,1.0975,21.6263,76.8535,586.8866,83.5967,21.2568,14.9024,7.6334,51.2902,55.0432,7.7928,15.7673,1.3631,13.5971,78.2562,1.2999,36.2606,0.6158,83.5053,30.4433,86.336,31.932,0.0,32.6837,0.0113,0.629,2.2555,10.6412,107.1775,1.5843,3.1545,14.2545,8.8486,80.6959,4.4473,2.4194,197.0497,51.1911,18.8165,16.7614,12.6481,26.9911,798.0747,3.1689,3.0211,6.6686,46.3795,0.3665,7.5386,9.5932,23.4043,17.1767,85.3683,31.9636,456.9032,14.8164,36.4833,10.6907,4.5132,3.2319,40.8802,64.5654,6.2695,22.3148,0.2219,3.6678,6.7412,1.9538,0.3518,0.0593,13.6103,0.0,0.094,0.9042,0.7368,0.3041,1.9629,0.107,8.2962,2.4612,3.8851,0.8091,36.9596,84.8173,2.025,0.0285,4.976,30.7386,1.774,9.9998,5.5303,18.2484,4.4748,4.1349,3.47,6.0656,10.4039,31.2433,18.9432,15.4557,22.7373,8.8202,7.0148,3.9127,5.2204,0.1638,0.7684,4.6331,5.3725,4.7994,14.8642,0.4293,0.0,1.194,1.0765,14.8253,3.1996,0.9474,45.5487,0.3995,0.4428,49.4593,40.8277,57.9105
0.6797,62.1051,95.7413,2.3611,348.6556,80.1593,163.5767,0.2165,18.9674,2.9666,26.7703,11.5058,21.0769,34.2067,29.6729,1.6667,1.5737,49.6472,9.3198,160.3355,10.8439,8.5527,0.1539,1.6655,12.6992,45.8231,68.1405,36.5918,9.2526,0.0,4.4441,36.426,7.5614,77.7341,0.0,35.5064,3.057,56.2253,0.0272,38.7202,35.2886,71.3279,83.1981,16.9167,13.7019,0.0468,19.194,7.618,20.7792,41.836,32.8776,23.1823,14.688,9.4389,7.3547,0.2282,0.0,0.0,0.0,0.0,0.0183,0.0,0.0,0.0,0.0234,0.0,0.0401,0.0085,1.6892,91.0034,8.7227,240.2848,0.7619,0.3049,4.4117,0.772,0.1254,21.482,53.2628,5.8778,4.9797,56.1043,14.8317,24.8748,15.4193,10.3792,0.0,0.0,0.0428,7.7301,0.0782,0.0154,3.5678,0.0375,335.2941,0.0213,7.6723,1589.343,41.3905,267.2198,47.3793,0.0975,60.5092,2.8773,121.1947,13.697,13.2394,18.0439,112.7769,1086.7299,1490.0214,0.0147,1.6037,0.0,12.4503,12.6366,18.0518,2.5864,27.7775,42.268,0.0557,7.3495,3.508,57.4328,26.2574,10.0779,119.254,26.0733,82.3957,505.3155,0.4489,15.2708,203.5335,0.3789,10.1123,1.955,40.1995,11.6602,5.6817,533.0435,51.6023,83.6463,15.2704,3.5389,5.4552,7.4035,44.9481,16.6686,42.734,15.7726,2.1452,12.3841,12.6097,7.9093,111.8925,10.8795,5.9135,13.2304,34.989,59.5092,390.7579,6.9653,0.2163,47.8584,0.2742,1.3309,0.0364,5.0134,4.8556,0.4982,30.4651,3.1,5.0125,12.949,3.3346,23.6592,15.3224,2.9863,19.26,0.023,24.0596,3.1652,4.2814,47.522,100.0871,1.8157,1.5691,42.583,11.8524,3.2243,3.0351,0.035,35.1999,30.1426,3.6632,13.5583,0.0363,25.3365,95.2432,29.799,0.5048,6.7898,12.5581,7.5805,196.0049,372.634,155.0689,56.1084,19.2798,2.5485,69.7092,76.2899,5.8619,20.3587,1.93,9.4631,5.2203,1.6501,45.4409,0.3114,64.8564,33.1947,22.9328,41.5617,0.0442,49.558,0.0,0.0,6.2729,9.4233,180.9834,1.3828,14.3953,10.3524,7.8731,80.6774,2.918,2.2942,381.51,72.7108,56.3656,30.9023,13.7643,28.1266,715.8603,3.0634,3.8116,7.9085,80.9907,0.0983,3.3924,15.6186,12.0654,66.645,83.1544,30.5912,1396.7434,15.4093,53.5372,18.4616,9.5429,3.3793,33.3655,112.6397,9.1405,28.2095,0.0982,0.1909,4.6831,1.2136,0.8993,0.0263,10.019,0.0597,0.0,0.9144,0.4012,0.4132,9.2343,0.0,0.3276,0.9035,7.0111,1.061,27.2359,51.1937,3.7467,0.0252,12.3686,20.9845,1.1375,7.4345,1.8674,20.5656,1.1402,4.3967,14.059,22.9193,28.6596,57.0181,17.1243,15.6179,14.5798,26.5583,8.0031,3.9874,5.6886,0.0351,0.5574,2.8821,5.6798,2.4368,0.0,1.1939,0.0,0.0,1.6671,39.5748,2.9568,0.6491,102.8469,4.9184,0.0,66.8431,43.438,137.7987
1.2383,4.032,5.3477,6.2407,38.7134,15.0728,3.6331,0.1737,6.5793,0.8317,10.4671,1.8613,1.8603,13.2354,6.1459,0.2589,0.657,3.103,2.3764,6.6875,19.1133,13.2719,0.3902,0.1449,6.4943,30.3517,10.1932,3.7528,3.2601,0.0,0.5264,10.4498,9.0134,32.0873,0.0,21.4172,2.7874,10.2153,0.0467,14.1424,3.2426,12.1723,3.7379,1.56,4.0703,1.5626,4.2887,12.3183,11.8679,11.1349,4.9376,3.6142,11.4994,10.8584,0.2702,0.547,0.0,0.0373,0.0118,0.0,1.4453,0.1828,0.1168,0.4869,0.0,0.0866,0.0364,0.0571,2.168,2.7946,0.8781,34.0233,0.2593,0.0235,3.4868,0.193,0.3317,13.5386,58.7928,1.066,1.0647,42.026,2.744,11.3408,0.8807,6.7487,0.0128,0.035,0.0595,2.3953,0.9835,0.5106,0.5097,0.1414,20.3198,0.1671,4.3598,272.9068,1.7646,36.8924,8.1124,0.5276,28.2311,1.6829,11.6509,12.0671,69.5219,16.6738,4.6154,344.2005,397.1409,0.1483,2.4922,0.0661,4.5742,3.4567,1.0461,0.2966,2.8568,28.4432,0.1363,5.829,0.0373,17.0774,8.4707,10.5963,21.827,8.4107,33.7112,81.3689,0.5898,7.8447,90.895,0.8408,1.6731,6.8388,2.3106,6.4136,11.5041,17.2947,10.8709,17.5332,4.766,1.7489,5.601,3.7501,15.2814,4.7213,6.7372,3.3702,0.8351,2.3662,7.9755,35.3494,13.0241,1.3274,5.0271,13.3926,13.4737,26.442,105.8603,0.2448,18.4736,11.0049,0.0272,5.2877,0.2097,21.0557,5.1499,11.4888,6.2459,13.1959,1.6124,1.8056,0.9777,5.1896,2.881,2.067,5.8903,0.0366,3.9583,1.7382,2.3915,8.8195,50.4137,3.2131,0.7939,10.3002,3.2945,3.409,3.3539,4.3635,14.5423,40.0846,3.4158,3.4792,0.2453,11.2653,26.835,6.3982,1.5867,9.0582,0.8966,5.1957,26.2124,224.1756,42.6688,1.0896,2.694,2.4316,23.5569,29.4523,3.9904,9.2959,1.1875,14.2191,18.1894,2.0193,12.4176,0.2095,20.8361,3.4747,4.3544,5.6085,0.0614,6.2051,0.5872,0.1759,4.7339,1.7549,3.533,11.5881,0.9888,4.0778,7.0762,18.3155,1.4112,1.4804,13.1979,22.628,3.7735,6.5588,7.8341,10.2612,165.285,4.9507,12.2201,3.8642,21.5349,0.5111,0.6372,6.2762,8.7073,32.7473,26.4872,7.0599,206.8571,4.1606,5.1779,4.8886,3.8091,3.5046,10.2011,21.8059,1.6879,17.4827,0.1949,2.8367,0.6916,10.8264,0.6179,0.0104,0.1533,0.0,0.0661,0.3993,0.5077,0.9938,0.1945,0.0,0.6674,0.6853,9.4861,2.2994,8.5525,44.7815,2.2148,0.4006,2.6943,5.1453,1.7385,2.1364,1.6775,4.68,2.8869,3.7308,0.0302,1.9816,3.7088,5.8621,5.8331,1.9979,4.6901,2.0454,0.672,8.0716,3.7676,0.8248,0.5443,2.4111,2.8087,1.7412,1.2995,0.0862,0.1842,0.021,0.0,2.6663,2.1402,0.4133,12.2893,1.2996,0.0259,18.0076,20.69,42.8243
1.5654,28.8762,36.6382,14.662,392.6879,81.0299,31.7378,1.111,52.944,2.7659,50.1578,26.2531,3.9862,44.7921,31.5007,126.3638,1.4397,16.9266,12.5858,47.3304,117.9952,79.0197,2.5468,2.8985,13.9426,47.8582,50.831,4.7792,0.8885,0.0,20.1792,21.3214,25.7723,165.9771,0.0141,96.2839,26.6208,72.6462,0.0405,73.7559,12.3107,48.3019,47.6949,12.5381,24.7512,0.2161,23.6812,26.4167,174.7879,95.2537,23.484,21.1985,23.8443,30.8627,0.5125,1.2164,0.0,0.0,0.0266,0.0,1.4688,0.0,0.0548,0.0415,0.8792,0.2386,0.082,0.0076,1.9971,78.4718,5.4012,167.2516,0.0973,0.2802,11.6212,0.0767,0.0374,47.9599,964.4533,2.1251,1.0117,105.5489,22.8146,55.1474,7.457,18.6265,0.0,0.0394,0.1914,8.4707,0.5713,0.9298,3.2444,1.7503,88.1093,0.0,9.128,1455.5743,16.6669,117.6685,19.374,0.5234,159.541,6.8386,103.6815,33.7651,12.2352,26.7091,61.5183,577.8914,1666.7371,0.1179,14.3099,3.7365,12.6777,13.0856,4.5069,22.5889,111.9919,82.0767,0.6927,19.2452,0.5975,106.7197,30.8994,66.4068,57.3965,31.5607,275.0492,910.4638,2.5041,25.8121,362.6516,2.1457,29.6457,12.9919,48.8021,26.6136,60.0554,122.8391,39.8618,91.3393,22.1074,17.9832,18.9771,8.6787,20.8278,20.0534,22.2499,18.6545,4.6545,16.6448,57.9178,53.7801,14.2029,9.3983,9.8278,77.9804,29.014,43.3346,141.996,1.5734,1.0636,60.4462,0.9704,3.0448,1.3032,6.3276,10.7086,6.2766,24.7459,34.3314,9.0188,7.6585,4.0181,12.3211,9.2017,1.9241,4.4544,0.0824,23.565,3.5778,10.2867,37.4607,109.122,2.8014,4.7528,50.3308,7.5739,1.2371,0.8614,0.2035,48.7385,47.7936,10.1185,13.0209,0.232,63.9794,98.5918,8.4051,0.5256,27.7162,83.7794,18.2121,62.2132,286.7236,89.9233,12.1645,18.7578,16.5084,95.0345,121.6508,3.2188,16.6247,22.594,33.9316,48.2673,1.8423,40.4595,2.0807,56.0965,26.1243,26.1293,43.5375,0.079,11.9091,0.0579,0.7416,16.7534,5.7157,294.9272,0.6354,8.0706,12.8338,10.66,13.1882,1.9332,2.5873,206.4433,102.08,11.0643,19.7715,10.5327,41.0898,269.583,4.9941,11.8901,44.6057,104.8414,6.3101,9.9153,284.7503,22.3857,22.6132,83.3334,37.3094,688.6281,5.6544,57.2611,7.6003,3.2355,5.3438,76.3524,28.3933,10.0444,22.4858,0.2195,4.4146,4.3747,31.5913,0.5568,3.8272,27.5793,0.0,0.1984,0.7768,1.1661,0.9496,2.4295,0.2386,0.1938,1.0099,7.7123,1.8358,48.4615,130.5722,6.0636,0.0,1.4672,21.086,3.2958,10.3116,140.803,43.8178,2.1632,5.251,0.7489,15.6834,22.663,50.0521,15.3498,38.0838,20.5253,10.7965,4.3582,9.1089,12.864,0.2711,0.6679,6.4024,4.9837,5.4789,0.0532,0.1294,0.0,11.0308,0.4259,35.8428,2.3469,5.7439,104.41,12.3699,0.0,65.8779,36.2927,166.0964
1.6811,33.7193,48.7411,6.8187,434.5262,13.9052,6.1056,0.2467,1.6015,4.5517,37.4372,126.7749,6.5901,37.9397,21.7189,79.6065,1.4222,58.8107,14.5726,27.0809,31.6829,63.1969,0.4138,1.343,30.5364,73.0222,36.4949,61.041,9.9002,0.0,4.5396,51.172,31.6338,239.9843,6.2271,161.994,21.3996,29.0762,0.0,51.6031,15.2933,85.526,18.4082,3.4552,12.1432,0.1589,15.7023,23.3825,36.3331,75.1208,42.5793,27.4485,22.911,202.2149,3.5115,0.7922,0.3232,0.0,0.0,0.0,1.116,0.3658,4.7132,0.0271,0.1704,0.1412,0.2672,0.0985,87.4628,1.3214,16.1948,151.1734,0.7132,0.3946,17.3809,0.3747,0.4867,10.6101,176.9442,2.4451,2.633,28.9819,34.3063,45.6164,21.4879,35.1532,0.6587,0.0,0.187,43.9125,1.4428,0.4934,2.4342,25.1679,114.5456,0.0,11.2966,2152.3749,23.4383,120.7091,36.3828,1.9528,240.534,9.0467,28.9181,41.3366,4.8824,29.6779,46.6094,1076.9878,1512.1871,13.6763,40.5124,0.3732,15.613,14.9037,2.7818,2.5105,23.5854,142.7954,21.1258,5.2188,0.5776,24.27,47.2028,40.9039,95.6556,51.9558,241.0775,288.5785,1.5251,41.3057,487.3507,1.354,11.2216,4.4213,43.4092,42.6425,98.7643,21.7589,104.4458,96.3907,33.9675,10.8658,11.0973,23.0361,46.9031,82.36,44.8908,8.5942,11.5491,17.314,1.0541,68.5791,167.7295,14.346,20.9886,18.3187,30.7399,27.1794,141.4477,3.9086,0.0,69.5602,0.1331,73.1833,0.053,12.3046,12.2308,5.8578,22.6893,21.4757,20.6107,1.6407,4.4824,25.5482,13.5877,3.8575,255.4103,0.1006,35.0121,5.9547,1.9791,28.2418,62.517,8.9363,1.7697,91.8338,12.7898,3.9663,2.7266,0.3568,51.6983,84.4229,13.6737,17.227,1.0033,54.7218,72.2493,64.7755,10.119,25.465,3.4858,30.8432,74.7574,502.7207,59.978,28.9155,8.8703,24.0286,91.7705,96.2695,6.7237,89.4721,36.2953,43.3254,69.0233,7.9074,95.752,0.403,126.7714,19.7992,15.1535,41.0969,0.386,13.2793,0.6091,2.0179,3.5654,10.731,162.3287,1.454,22.0161,24.1165,19.7362,56.61,6.1918,2.9481,60.3952,114.1446,15.8023,25.6564,21.9364,37.4072,567.1079,36.8135,18.2672,31.4096,37.1848,1.4595,29.8014,37.3843,26.4892,141.6906,71.5705,33.2541,1053.8498,4.3324,20.4083,10.944,8.4824,9.9041,23.3477,72.5958,24.6303,82.038,0.0715,7.0686,0.5276,10.2388,0.705,4.8933,3.2719,0.0,0.0808,0.0666,3.2861,1.1194,29.7862,0.0501,0.6453,85.102,13.2825,21.6017,74.874,154.2938,0.4744,0.0367,1.8376,18.5614,19.9076,33.6536,7.3362,137.1065,11.6653,11.0414,0.1478,38.7231,6.727,68.623,15.8726,14.5242,30.8228,64.4623,1.942,13.7413,39.7775,0.5501,4.4794,8.9097,17.005,4.9671,6.4126,1.7909,0.0,150.4496,0.1156,39.1869,11.592,1.2207,86.2482,17.7235,45.7333,58.796,66.2225,388.7496
3.8903,8.6176,40.9221,5.2644,94.9065,90.7128,8.0781,0.5622,15.0623,4.4716,25.2706,37.0661,21.4525,28.7296,22.8411,5.4387,1.3132,15.0403,14.0299,13.0851,59.7551,47.2135,5.2341,0.3052,21.3409,63.6593,41.8731,50.4437,13.1599,0.0,20.526,27.518,23.8068,175.3315,0.0955,96.4204,23.2886,42.0988,0.2465,68.9603,14.9479,33.9605,3.9781,1.6711,11.2795,3.3539,22.9067,29.4953,113.6661,70.8344,27.1939,13.6594,50.7544,48.4774,1.5168,1.1813,0.0,0.0,0.045,0.0,5.2097,0.0633,0.3616,0.2811,0.1505,0.4218,0.3101,1.1897,6.3622,7.8183,7.9069,100.512,1.9343,0.1089,13.518,1.4811,0.2844,219.605,620.8596,7.0324,3.1908,28.3208,14.6312,43.5141,12.3976,20.3274,0.1711,0.0,0.437,8.7331,1.7255,1.3978,2.056,0.397,99.2768,0.0322,8.29,977.6178,11.9351,64.3027,19.38,3.6327,94.5852,7.0768,30.2776,34.2771,37.2889,23.5306,4.3253,596.7765,1268.3662,0.9197,18.3512,0.0,9.705,16.2991,7.0744,6.8019,78.317,20.0017,1.8731,11.9921,0.3474,98.2403,38.7264,51.3971,49.2992,41.5988,207.8873,217.8501,66.7196,22.3726,318.2899,7.579,3.7892,12.187,21.1864,14.7253,56.7576,235.8014,73.2456,78.7134,33.9795,9.7278,16.7945,14.6539,28.9231,13.5842,51.3416,30.4771,5.8977,12.0952,16.6298,148.9116,158.5989,6.5565,12.774,103.4891,37.6015,50.2174,210.4169,4.8967,0.4599,39.1521,0.4405,5.5018,0.248,15.0559,9.4722,8.0863,16.5763,38.2886,14.593,4.5318,3.9812,17.5238,20.1843,8.6566,10.5125,0.0174,17.6437,8.868,3.2655,24.6879,47.3922,2.659,4.0859,26.8844,3.0041,3.4602,7.0603,0.1059,53.6575,31.629,11.4845,14.8668,0.595,47.9585,66.9314,14.3205,2.9624,25.9804,17.7884,21.6827,50.0891,212.5543,128.7378,17.2766,1.7349,17.2221,48.7811,60.7183,4.1682,38.7339,5.6917,23.2567,79.0825,4.303,44.3937,0.7064,44.9513,26.8986,21.5931,35.2358,0.3676,16.5505,0.2599,1.469,34.3842,2.2356,27.5863,3.0062,4.0608,18.4899,17.2393,69.3826,3.1103,0.7796,128.8297,98.8378,18.3979,23.5286,18.68,22.1529,227.4406,5.8268,11.6959,11.5034,51.6292,1.3451,18.4393,18.3222,57.105,49.2713,66.9535,43.8589,634.9172,14.475,29.946,11.471,7.0219,6.0786,19.3046,91.9097,7.2558,27.7588,0.427,3.795,4.0051,3.9412,0.4447,0.278,7.8152,0.0,0.4404,0.5359,0.9482,0.6758,6.8032,0.2017,3.344,0.6893,12.1747,4.1551,51.984,216.069,4.758,0.0191,6.7655,17.0434,6.2794,14.2634,10.1343,30.406,8.5753,7.4639,0.2303,15.9818,25.5784,36.2457,11.6269,9.4464,16.785,11.7556,3.0001,9.2863,25.3795,1.0697,0.7081,9.2855,8.6413,4.1592,1.7328,0.041,0.108,6.6914,0.7053,2.8318,3.9539,0.7056,34.6089,11.117,0.0,43.0425,37.7639,131.8655
15.396,10.6522,32.3967,24.3207,54.109,66.0205,3.8973,1.2318,9.8755,13.3944,24.8822,22.8803,10.1953,31.5004,21.1295,2.3324,1.1065,16.4567,9.9806,25.8279,271.8175,186.7527,4.2243,0.4648,29.1728,88.8952,39.9657,25.1412,6.6587,0.0,3.6578,23.5587,19.9952,94.2189,0.0674,67.0098,12.6719,52.8637,0.5087,42.3261,11.9782,72.1846,14.8105,3.1747,10.2107,0.0277,18.2624,39.1608,153.9929,22.9518,22.5903,15.1147,62.6207,112.3926,1.5711,7.2289,0.0263,0.0401,0.134,0.1399,42.0078,0.2085,0.1047,7.614,0.0666,2.0701,0.7893,0.5385,26.3788,5.3041,5.8251,68.8851,4.0067,0.3072,17.1318,0.7423,0.4458,311.5942,97.5429,3.3019,1.2055,38.7536,16.0473,57.034,15.5117,21.9176,10.9641,0.0627,0.1979,7.6477,5.0455,7.1329,3.6197,0.6535,54.4899,0.254,9.5563,475.177,11.0994,84.9493,13.8633,8.9548,107.2647,10.6855,28.8855,30.2362,15.3861,30.0887,12.9707,510.2752,875.0469,8.5577,17.35,0.0365,8.5148,11.4998,0.7967,10.0368,298.4525,77.4832,1.5838,30.4131,1.1362,37.4608,67.7311,115.8021,58.3493,46.0803,129.9144,217.9281,12.3923,91.408,245.6448,12.0004,11.2564,43.6275,49.3842,65.4646,121.0829,61.9793,140.7559,39.6321,27.7452,5.2179,18.6399,10.8706,15.9656,14.19,30.0281,32.8668,9.6877,6.6704,517.1979,447.3427,6.8437,3.925,9.746,40.2359,29.8494,46.4025,197.4285,5.3802,0.7595,40.8855,1.3082,10.0586,0.1555,75.8754,45.281,39.0727,19.0415,141.4975,8.4279,17.2263,6.4588,15.1622,8.4814,6.5306,15.0319,0.0573,19.1784,7.2824,6.4328,20.9531,119.7813,8.013,14.8785,30.7355,13.0564,17.2731,5.4508,0.9836,61.568,67.2844,9.8804,12.9596,1.2026,35.2041,50.5515,19.1905,7.8507,30.4257,35.5296,29.638,65.3283,551.1644,39.3598,8.8434,4.9095,14.5728,54.1695,53.0254,2.7208,28.5344,8.8431,30.1523,89.5791,3.2562,49.3358,3.3594,31.6218,14.6233,18.9177,17.8094,0.2986,15.4151,1.1584,2.7474,34.7772,3.4829,21.6263,44.1649,13.9167,22.8583,17.3361,32.3835,3.9978,2.1109,47.2673,71.3833,13.0663,33.9175,23.7727,36.3102,306.9029,13.1368,28.4926,4.963,140.2523,6.4104,13.1909,72.1132,152.7995,35.4829,65.5218,29.0095,392.5401,12.2458,15.5903,11.4381,13.6274,31.3207,15.7703,125.2485,26.7022,29.2162,0.1921,0.4171,1.8539,18.2406,1.0333,0.084,0.5079,0.1275,0.8482,0.374,6.9746,10.2811,3.7383,0.5693,6.1232,1.5722,15.5919,12.1241,59.6685,137.4871,0.8546,0.0718,8.4886,11.2621,4.9438,23.3061,23.8462,23.6697,26.8183,25.4705,1.3719,28.8446,8.6527,29.8782,14.1075,7.3606,18.4858,13.3507,2.7612,15.2895,19.5526,4.3215,3.5126,13.0908,10.6276,14.3372,8.7423,0.1158,0.1523,0.2067,0.2259,7.1491,4.8601,1.4909,18.3675,2.6293,0.1626,28.1773,44.3693,42.9656
4.4107,17.6749,39.3065,11.1136,84.883,95.3299,6.988,0.4531,26.7791,10.8054,24.9146,30.5116,16.8637,33.4296,20.0078,0.7315,0.5759,11.074,12.3604,28.8075,107.835,82.1833,8.6162,0.0995,26.7379,50.5562,53.0335,117.4217,25.6291,0.0,16.2247,30.891,15.226,164.2074,0.0858,116.5444,25.5111,41.3444,0.1898,86.0858,17.0939,63.2268,26.2265,6.2722,26.8307,2.0337,46.2189,29.3564,113.7207,67.8897,43.2506,18.2628,73.9096,19.2562,1.6317,1.4039,0.0575,0.0,0.0308,0.0,6.8307,0.0,0.7046,0.1876,0.4363,0.3641,0.4898,0.1839,6.8738,30.1901,6.5906,111.1042,7.9452,0.0789,10.1689,2.3535,0.1947,534.8275,223.4638,8.9808,2.1844,40.2457,22.5255,40.9867,8.2103,20.2474,0.1506,0.0,0.0332,7.8883,1.5188,2.1291,3.9951,0.5532,202.1887,0.0083,14.0959,867.9295,18.4094,140.8178,17.5012,5.2264,174.3936,8.5364,29.6673,39.1414,73.4387,34.4794,40.0108,792.089,3024.1642,0.5121,9.9555,0.0199,16.4719,17.7362,7.8273,4.1507,89.5786,23.4089,0.8357,60.0175,0.227,129.4783,88.9043,73.0249,58.0434,63.8198,278.9111,276.2034,25.5961,69.678,436.3801,11.7054,4.5062,18.2403,23.7074,18.7048,73.1202,124.6128,89.7507,157.3358,40.7719,7.0981,24.8422,13.1163,39.6404,9.8947,149.5697,47.9939,5.8497,12.374,109.7233,257.3053,147.9604,9.846,9.5652,38.7981,45.6409,47.0916,261.2133,2.0001,1.4064,83.6755,1.0112,6.287,0.1415,14.0815,15.0819,17.0523,17.9958,61.8632,13.2205,4.3912,6.0061,29.0062,33.3469,13.7472,14.5169,0.0,20.3577,9.3757,4.416,40.8659,51.3613,0.9731,3.3978,101.1472,5.9864,7.4287,13.6227,0.0272,65.9499,80.085,8.1517,16.8494,0.2166,57.904,64.5987,16.8681,2.7226,26.2118,6.9629,33.3565,68.2123,356.8565,173.2645,53.3489,7.6652,16.4394,86.4592,110.23,3.3203,39.1328,4.6708,26.7094,412.1344,4.7591,84.7129,0.5508,140.2839,24.6517,19.5893,55.2819,0.7892,25.1537,26.1889,1.8348,10.4715,2.742,56.7538,38.4459,4.4518,20.0589,20.6799,126.4268,4.185,2.7119,262.1015,107.0154,24.4971,22.9349,25.5022,44.0561,314.3446,9.8719,12.5105,10.1225,128.7807,5.6016,25.2822,28.29,105.1079,18.2211,130.9882,46.2906,555.8998,21.6001,29.2773,16.6639,4.9538,8.8945,28.9356,116.9507,7.8393,23.8314,0.3431,8.8741,5.0435,9.2174,3.3305,0.7136,14.5784,0.0464,1.0337,0.284,4.6346,0.4851,2.9743,0.2807,0.5985,0.5136,17.9331,0.8641,65.5588,211.4422,24.2872,0.0,1.8294,20.485,33.1597,14.7742,25.7137,33.4384,10.2655,7.1032,0.67,6.7521,28.2784,37.3636,20.2328,13.8802,28.0583,12.0842,7.6752,10.026,41.054,1.2144,0.6059,11.4029,7.3834,6.5418,4.4831,0.0,0.0,0.4923,0.5548,9.7557,2.9174,2.8141,44.5656,3.3538,0.1521,50.8597,61.6747,210.0879
15.7974,17.1825,41.75,10.0199,43.0316,74.7315,1.1008,0.438,8.0184,1.0553,26.8401,31.3792,2.0794,43.8449,23.2227,4.024,0.8801,102.9391,18.8403,39.3998,82.7828,53.905,3.5071,0.4201,25.1248,50.0142,56.5084,50.1795,7.2249,0.0,13.594,20.7375,22.0817,119.055,0.0501,107.3913,24.9778,15.0977,0.5554,20.6391,12.3627,33.4305,19.6383,7.7374,11.2449,2.292,5.6683,30.627,158.7453,36.5234,25.2864,9.9503,62.6692,11.627,1.4144,1.9308,0.0,0.0,0.021,0.0,7.2,0.0,2.127,0.3931,0.0248,0.0855,1.0311,0.662,19.2322,4.4884,5.0112,110.9393,1.4967,0.0896,13.851,2.5101,0.0884,521.9699,139.9906,5.6806,2.3747,20.7421,18.6139,37.8159,5.1589,26.8593,0.4101,0.559,0.0,6.5487,1.2688,2.7209,1.8412,0.3807,98.201,0.3044,11.4018,1174.0024,20.1842,93.4299,21.6972,14.9082,217.2735,9.9187,16.9935,28.8913,28.3244,37.8481,25.7491,1031.3972,896.2762,3.2084,27.3553,0.0271,9.0647,13.3315,6.8986,29.8488,52.7494,34.6781,0.628,13.54,0.1104,28.4355,64.2816,77.8286,65.0774,43.5839,64.3469,138.3256,217.7324,33.3143,253.5984,7.1523,6.8584,21.9375,15.1645,26.7834,38.9702,145.158,111.8543,37.8821,45.3138,6.3017,12.7935,12.6996,30.4948,13.0848,4.2483,63.9331,3.1132,11.7099,11.1037,185.5404,39.1442,10.7437,9.9603,33.4476,40.4888,30.3106,183.4422,1.7267,0.5433,53.6724,0.3141,25.7375,349.1274,26.8464,7.3728,24.1491,10.8942,57.6976,9.4699,6.9997,4.9758,17.8056,20.4367,11.938,19.9375,0.0731,18.7468,13.2596,18.231,12.0597,98.694,15.9049,2.4076,25.991,1.6918,4.4233,8.5605,0.8886,80.4867,32.0188,12.5986,18.9194,0.2774,44.4945,45.7266,9.0578,1.2215,24.6807,53.9903,24.6578,28.6854,286.2471,107.0836,4.9526,7.178,13.5424,76.7884,49.0821,2.3518,9.2285,7.2126,31.1025,127.522,19.0483,73.0846,47.9583,38.4498,26.5457,10.321,18.0098,0.187,15.2528,0.2739,2.5953,38.2834,4.0534,23.505,3.9814,7.0965,21.4171,28.2766,44.2074,5.5608,3.3402,96.9021,84.5368,13.9477,28.094,24.7094,33.0633,216.9139,9.4835,11.9451,9.3112,54.3344,2.0998,22.709,56.6943,55.2323,15.3788,79.7277,36.0938,1304.2637,16.2984,22.3072,14.702,12.1986,6.5605,18.8437,134.3977,11.8323,23.2008,0.5193,7.6159,1.5332,2.4793,0.5854,0.1111,0.5447,0.0,0.176,1.0155,0.8488,0.4269,21.4498,0.1274,0.6114,0.9385,31.1453,10.4374,51.3438,145.6056,1.3353,0.0,2.1952,7.4429,4.7645,22.8423,17.027,60.8315,14.2434,17.1034,0.161,5.8759,27.6262,55.2314,21.2206,12.0551,24.5398,9.2502,2.4237,7.5961,23.8732,3.522,0.4244,13.0093,9.3291,2.4301,4.3437,0.0383,0.0,0.3911,0.0,5.3664,5.0426,2.7747,21.4811,4.4056,0.0,35.4718,37.4059,172.4377
4.6439,22.2172,56.9744,2.6004,84.226,133.4049,5.3405,0.787,12.0573,4.6771,26.9799,46.5267,7.6608,39.3466,24.1068,0.3459,1.191,3.3442,20.7219,54.3373,89.1606,69.3151,25.4599,0.0422,29.6681,73.545,70.8119,61.8022,13.7679,0.0,8.801,50.4735,29.7922,213.7521,0.239,232.9941,29.6546,43.8459,0.1907,105.2793,24.3151,60.4908,31.9142,6.1852,22.5001,2.7251,41.518,42.2474,174.7465,166.2522,56.0129,21.5823,51.8783,22.0762,2.5626,0.7165,0.0,0.0,0.2872,0.0,7.9844,0.0551,1.1625,0.3365,0.8168,0.4471,0.9363,0.2422,6.7557,11.9831,7.2613,103.2556,3.5295,0.0781,7.4653,0.7718,0.055,1005.1234,71.0567,5.8673,2.5883,46.2822,32.343,66.368,10.4109,26.9851,0.0213,0.0,0.0705,12.2048,0.4035,1.2119,2.1901,1.1381,223.0612,0.0912,10.7445,811.4559,32.8327,136.0273,24.4895,4.4433,179.1822,7.8074,35.1906,66.0367,30.3782,27.489,53.3794,1223.248,2228.9458,0.9214,25.1039,0.0084,17.5593,30.0299,1.735,1.7029,18.3234,31.6326,1.1697,137.3415,0.8111,338.3803,98.8722,76.127,61.0294,50.0845,119.2124,392.3408,23.0814,61.7944,424.9379,7.3358,6.1552,14.0476,54.5964,23.6267,126.2739,324.2028,115.0585,163.9835,54.592,6.4202,29.7106,12.5289,29.1678,17.399,391.2581,48.7744,6.5364,13.0457,18.8287,182.292,24.8858,15.388,14.4276,66.5174,31.5934,38.6653,227.8976,4.0484,0.8988,106.5727,0.3761,4.9801,0.2159,15.8531,10.8556,12.3259,26.553,53.7413,17.8836,3.7501,7.2833,15.3422,21.4434,6.9673,16.7298,0.0152,19.5532,6.2313,6.2221,23.1323,66.5654,2.0037,1.4768,56.652,16.427,10.7334,3.6174,0.023,86.4477,97.6593,10.5738,24.0914,0.5786,45.7747,59.5327,22.1405,3.9452,29.2974,57.5345,36.8936,78.0215,345.516,69.1239,113.4012,8.822,17.3245,65.3324,109.6798,4.0949,49.8849,3.1131,20.1941,583.0683,3.8613,96.53,0.2335,123.9607,47.1082,41.2474,40.483,0.4364,42.2114,6.7218,2.1241,19.4134,2.3677,63.2542,54.6995,4.5081,31.5399,28.4193,72.537,5.4829,3.0332,154.7967,107.5877,13.2554,32.9265,19.1662,22.7709,250.315,4.1152,25.1414,35.5244,62.3425,20.3046,11.1452,33.093,129.3278,11.8627,211.5991,27.013,574.8473,11.6146,35.4299,11.338,5.7015,10.7439,17.5918,133.8349,6.7216,23.9685,0.1616,5.9349,11.0485,18.3229,0.0911,0.2334,16.8455,0.0197,0.6025,2.9048,0.5449,1.2465,9.0121,0.2266,1.4875,0.1753,23.219,2.3739,97.6814,209.334,2.3864,0.0,2.7514,26.349,7.4594,32.4578,8.2565,75.7323,13.6644,8.1888,3.3082,24.4194,31.2334,27.4798,22.2948,14.2204,31.1675,9.5526,6.9692,8.8905,41.7686,2.1605,0.5431,12.6882,12.2619,6.6009,0.3919,0.0476,0.0,0.3304,0.2352,12.0734,2.6589,3.1606,78.5336,4.3513,0.0215,52.8205,68.8426,438.3714
4.9126,23.9346,102.8955,5.1382,42.549,68.6135,1.1821,0.6625,1.4074,14.559,33.868,27.0331,5.3823,33.4385,24.1541,5.5068,1.7464,15.2509,16.9324,107.4984,99.4876,75.2552,2.5005,1.3327,26.8024,79.922,138.7,37.4455,8.0067,0.0,4.4641,24.4071,24.3465,130.5937,0.9732,116.1243,33.3687,78.3916,0.2989,60.0661,69.4497,84.2735,77.7061,14.1443,42.1736,0.1845,4.1312,56.016,25.4693,23.1235,29.59,19.3074,35.1137,2.2797,1.5171,3.4111,0.0461,184.4646,0.0247,0.0,0.7503,1.4606,0.0917,0.0232,0.0583,1.42,4.5792,0.0105,74.6885,218.1499,31.9543,133.7168,0.1695,0.1371,7.4855,1.3179,0.0521,108.091,45.7308,9.592,0.7183,3.0767,96.8963,59.865,3.5869,39.0264,0.0403,0.0,0.4,23.2202,23.2448,14.4785,1.6211,11.0754,135.1692,0.3452,10.0221,1051.9054,98.0811,167.3609,54.5885,0.8886,88.3938,5.4779,65.6004,33.963,10.2072,33.6516,134.1245,1852.4375,3006.5756,0.6572,22.7777,0.0,4.1298,8.4142,5.0886,3.2937,1.7203,97.0434,1.2482,11.9888,4.071,8.1084,18.3646,65.861,97.9795,33.649,52.549,114.3744,23.8338,241.7896,377.602,7.759,4.8774,12.3998,40.4384,47.7488,52.6754,14.1862,181.8194,15.3723,26.1455,6.7959,13.9251,18.2483,27.2869,52.5021,9.8434,3.044,5.5313,26.9333,1.1274,128.8457,57.4243,76.4006,11.2031,23.6401,14.9797,180.6687,148.3926,6.3044,0.6567,89.841,0.74,3.8963,0.59,64.828,12.9699,6.2845,72.8215,34.2067,6.6858,10.031,6.2441,15.9554,23.0881,3.7012,6.1502,0.0861,50.8012,5.3885,1.9065,18.3834,116.3065,0.4142,1.2664,47.0819,7.3173,7.8081,4.9005,1.6136,112.5036,40.0337,12.4116,17.2213,0.2207,44.0289,99.1584,10.9286,10.4629,13.0891,0.3376,23.7813,192.1789,320.49,79.121,79.9045,67.8267,31.3555,113.3318,54.1897,2.431,12.1812,3.5263,8.6804,14.7178,2.0145,34.7765,3.4159,51.6046,18.9447,11.4876,25.6788,7.1291,12.5351,0.1675,0.5095,4.2207,14.1561,143.6854,10.814,39.6087,14.5241,12.5904,50.5791,3.6699,3.6969,114.6931,58.4349,19.5488,32.5831,19.7994,47.3192,442.2279,20.8351,14.6076,1.7625,48.2235,1.2855,8.3247,47.4482,24.2435,72.2966,116.9717,56.0363,1101.6988,14.1325,39.1679,12.5984,4.2775,7.244,3.4749,38.4645,7.8745,45.0487,0.2447,0.2378,88.0661,1.0252,2.9301,4.056,0.2187,1.9346,0.2764,1.908,1.7495,4.6332,23.5068,0.6754,0.7321,2.2711,152.6781,4.884,17.9644,154.0444,1.0147,0.0786,27.9689,21.9747,46.4806,3.4059,7.721,14.1765,56.6236,50.6185,3.3827,19.3578,9.8549,63.5189,19.6555,11.0917,34.695,12.3269,5.4749,9.3433,5.831,4.181,18.622,16.0178,9.6898,7.1556,5.0419,0.4507,3.0233,37.5128,0.5439,52.8221,6.8559,1.3645,76.9383,1.4648,18.7517,69.1844,56.8117,154.1019
0.6385,16.1498,32.0746,3.9159,149.7503,18.685,24.9897,0.1766,1.8463,4.587,25.8106,18.3439,4.821,9.5002,29.3681,21.1896,0.8191,25.1904,6.8426,20.7117,24.7179,43.1053,0.1915,0.2321,12.7528,57.2427,27.232,21.8198,3.9369,0.0,2.9479,64.0986,39.6684,112.6845,37.4284,64.5973,6.7102,82.4134,0.0293,77.2266,18.4625,40.5887,16.444,2.5352,9.4124,0.0605,7.2227,7.9877,10.393,65.16,20.8485,24.0918,9.7601,89.2829,3.3212,0.3634,14.888,0.0243,0.0,0.0,0.2952,9.4266,9.5983,0.0,0.0303,0.0941,0.7271,0.0766,36.8912,5.5856,10.9,95.2613,0.3873,0.2191,12.1909,0.7584,0.1892,15.2956,28.8304,1.9883,1.4355,63.9567,15.6983,23.6773,30.7392,15.6295,5.8533,0.114,0.1938,36.456,1.3665,0.2691,0.2174,11.823,83.6337,0.0138,6.5561,1750.0987,7.6894,124.4719,23.867,0.1814,59.1867,2.6406,121.9003,29.5699,5.1675,19.9507,33.4335,651.5373,1177.3544,3.0904,22.5529,0.1161,3.2686,12.7078,2.9834,0.8924,25.185,49.4824,14.53,0.7794,3.8769,20.6803,11.034,15.929,58.1268,13.7095,114.2265,194.7673,0.3319,10.1936,250.3686,0.7798,3.8231,3.4732,53.4484,26.6969,74.3968,12.6146,46.8626,64.4979,13.8277,5.1721,8.0887,16.3144,28.6595,25.4105,23.2364,1.7481,3.378,9.3242,2.6541,116.0969,56.1163,6.2054,10.0763,6.6961,12.4485,50.7205,119.6931,1.8775,0.2273,32.6496,0.3399,60.6136,0.1178,26.4833,6.899,4.3755,35.3494,18.3617,15.2405,3.3004,1.3426,7.3878,9.73,1.179,123.9501,0.0149,40.5458,3.8134,0.9332,21.0839,56.2457,0.9926,0.6005,35.3664,0.6446,4.6123,0.933,3.7819,32.0217,49.6298,7.9999,12.1128,0.1408,26.9809,235.0398,73.5062,4.7108,18.9248,0.5991,16.2345,143.5994,432.2436,34.7905,24.6508,6.2362,2.026,50.5769,51.0983,8.6304,61.2612,7.1582,17.6002,78.5452,6.4901,58.2149,0.2574,88.3303,30.0637,15.5999,40.9026,1.7724,16.2909,1.8493,7.0697,0.6076,3.6479,58.6449,3.4787,32.4075,11.3851,7.6287,48.6842,2.4524,0.9193,60.1025,39.6727,23.5913,23.6356,8.7358,28.2677,1122.0188,21.1893,9.3493,10.6546,30.734,1.5513,3.5349,16.836,11.0059,59.8927,51.6162,15.4544,1360.0352,11.1888,40.1124,9.985,14.2143,5.1576,15.3102,186.2705,10.473,45.0721,0.1271,7.2871,0.1623,15.5622,19.0198,1.8515,1.0449,0.0386,0.1435,2.5732,23.7829,0.2611,4.8597,0.0,0.0125,127.1823,6.3607,8.9898,32.3249,57.4094,0.685,0.0,3.9553,27.4463,14.232,9.552,2.7702,28.6522,6.1998,10.4609,1.8715,20.2436,5.2169,38.186,9.5909,14.8486,12.0891,32.2922,3.1197,4.4364,7.281,0.3638,3.1441,2.7048,7.2797,4.459,8.1627,2.3638,0.0,22.5559,0.4879,20.1623,8.0768,0.5774,67.6433,8.8394,5.5342,105.0687,42.4487,165.0773
5.3636,63.9674,91.4003,1.0011,291.2844,67.0803,128.3361,0.6809,97.9737,1.8373,44.1797,19.5415,10.9,79.8128,37.1971,38.5051,2.0324,39.08,16.5887,91.6065,24.2838,18.1309,0.1558,13.4675,21.1621,41.6803,118.9174,10.1729,4.5435,0.0,1.3145,28.2782,25.254,163.2613,0.0,101.2565,7.7847,65.1563,0.0099,154.7771,13.5714,49.7342,58.4391,7.1117,14.7804,0.0427,85.9638,23.0497,192.6187,53.8207,27.6125,26.5379,13.6931,2.6605,0.0916,0.2213,0.0811,0.0,0.0652,0.0,0.21,0.459,0.0403,0.0509,0.154,0.0089,0.0157,0.0046,1.8872,252.1618,5.6318,148.8398,0.2088,0.4177,9.8139,0.1567,0.1145,20.3746,127.0762,1.4935,2.2887,174.3108,21.8838,59.0825,7.7954,13.4234,0.0,0.0,0.3754,4.9986,0.2716,0.1098,6.0456,0.0822,101.7282,0.0117,8.9606,3365.2124,27.5869,185.1216,31.9178,0.0869,155.6802,7.5391,157.9444,49.7007,7.8022,20.5319,72.8282,1026.7975,1797.3541,0.0321,58.1293,0.0,7.992,11.3855,1.4082,5.7961,32.7474,83.5809,0.1424,37.2014,2.2431,172.2786,25.5941,60.4569,80.4773,26.5553,127.7595,1597.2265,0.6326,23.918,419.8032,0.7551,35.9522,3.9106,80.7124,23.7324,55.3106,294.6673,44.8799,218.8693,31.9101,3.7144,90.5739,7.246,38.8319,16.8316,22.0677,7.2159,1.1848,19.5033,62.4962,40.7168,41.4316,13.8271,17.2323,250.6607,34.2528,82.4845,192.1428,6.2828,0.0741,67.5098,0.2129,1.2643,0.2396,11.1006,9.9754,0.9011,37.5359,8.3124,12.0497,2.5041,5.2135,10.7475,18.0303,0.5372,6.8448,0.1136,18.631,12.801,5.5241,67.0107,85.1513,3.7843,2.2892,68.5964,0.2299,5.144,0.4306,0.0,65.0902,46.0965,9.1422,14.9854,0.052,105.8896,110.0702,14.1568,1.5653,24.4471,4.5307,67.067,91.451,446.32,148.9484,23.5832,43.5131,14.1102,54.6309,93.9743,13.294,13.8786,0.1939,23.6934,14.319,0.8527,76.7673,0.1707,55.7641,52.9271,106.3776,48.4169,0.0969,17.429,0.0164,0.0996,8.6777,8.1801,678.3422,1.642,10.03,13.8603,29.6231,15.2074,2.0749,4.1234,278.1829,102.9373,11.6291,25.9058,7.7436,56.5357,346.2878,2.8994,15.1452,23.8457,288.0542,2.3592,2.2087,160.4717,24.6998,27.3054,99.9508,38.5084,358.1897,8.7511,69.9405,12.2645,1.1486,14.5278,26.3797,99.1184,17.9199,30.2416,0.0807,0.3289,3.1319,3.0615,0.0758,9.0085,37.9116,0.0,0.2432,4.0343,1.2919,1.7855,9.3409,0.0189,0.095,2.52,6.7962,1.6925,58.2631,164.4625,1.674,0.0,5.7182,27.7751,0.5486,6.0599,8.0024,177.4866,6.1307,8.3288,1.7246,23.9753,21.7436,27.5402,10.591,8.906,32.9646,11.1811,6.4294,10.4615,13.0316,0.1059,0.4765,9.4275,6.194,8.3567,0.1305,0.0595,0.2347,0.5212,1.6968,20.0211,1.903,6.433,64.2625,10.2349,0.0358,84.3982,27.3343,212.6745
27.5779,31.5787,54.4112,74.2869,176.7099,80.8816,32.1169,1.3231,67.2199,5.8929,64.2038,54.259,13.0107,39.9391,16.7863,36.9743,3.4135,16.9889,15.1313,45.6388,117.6715,180.1836,0.3186,77.1359,65.8843,114.9812,150.4173,6.4211,1.3412,0.0,0.7217,34.7225,22.6895,129.8096,0.0,274.9305,9.9855,49.6066,0.0549,51.9212,46.433,181.4456,43.2352,6.5752,24.9269,0.1477,285.5609,93.3634,17.2741,39.1147,42.5743,33.052,20.252,18.9247,8.2431,8.2074,1270.2349,143.6829,1.1194,0.0,2.1922,0.1587,3.5313,1.2464,0.3637,4.5521,0.2086,0.2564,254.9677,17.4463,55.9578,74.7432,2.516,0.154,31.8385,0.2492,0.665,504.4874,208.9415,1.1466,2.6053,0.7822,25.2406,112.7811,15.7159,38.8919,0.1959,0.0334,0.146,30.0641,5.6228,12.0708,20.2365,11.7136,69.6937,0.1535,36.0342,692.5972,34.0169,109.0965,35.2748,1.8527,205.9723,11.1421,83.363,87.9944,10.9386,50.4358,43.2775,1127.7385,1725.0686,0.0888,101.5159,0.0,23.5242,40.4073,0.1748,6.9476,101.4327,333.9154,0.6082,163.7631,1.9623,120.7437,123.4301,83.3944,90.7978,43.7792,239.2565,1094.6143,14.4831,40.6044,174.5613,3.2541,35.578,19.4075,228.4491,45.8488,81.471,563.9376,298.9792,234.3909,37.0175,21.0956,60.4099,45.7856,29.6566,20.6273,79.6491,49.4837,4.3668,13.9254,169.9793,348.558,14.4674,14.9281,12.7514,138.9089,54.0747,82.8,237.6398,59.1513,0.5122,79.8933,0.0433,18.164,2.3469,249.1875,20.9277,20.2532,33.6184,59.5362,13.1516,10.978,14.1614,31.1767,13.4265,1.0504,39.2117,0.3055,103.7134,1.9237,28.0843,42.1523,80.4968,1.8024,10.3839,50.1768,2.9411,3.5242,0.4976,0.1194,131.0702,70.0541,15.2176,12.3786,0.6227,66.2494,78.6005,22.0557,15.2248,82.3264,58.5409,59.9317,40.602,393.4705,34.4165,28.7559,19.5499,18.1559,71.2995,61.5914,12.1608,58.2098,16.1864,132.5359,3438.4708,10.0219,103.0322,0.1377,59.5876,41.2931,26.0509,37.9151,0.0502,39.1277,0.6907,8.6179,40.752,19.7987,143.1136,34.902,57.3462,35.254,44.419,11.5303,8.5419,13.6243,60.6365,134.8858,5.4973,50.3035,48.9395,35.7548,334.6526,18.6664,35.1181,20.5556,228.7568,7.5896,14.7184,53.0601,31.0099,140.6532,45.2038,53.2341,594.8832,9.1813,28.7334,33.043,11.098,16.9901,31.4781,126.903,4.0322,40.297,0.0,4.3924,3.7392,48.4566,3.434,4.5469,45.7618,0.0,1.8285,4.1752,15.7742,2.8878,26.1591,0.0457,0.7849,0.2017,5.5566,27.9761,47.078,140.044,6.4968,0.0191,14.1347,31.9439,8.5863,89.4424,3.05,280.055,121.7432,10.8683,0.8462,70.312,6.9707,45.7761,19.7776,8.1844,26.5116,7.2432,4.7303,25.1651,62.2737,0.6259,2.6273,28.2949,17.1959,58.5952,1.466,1.7822,0.027,23.9819,23.1923,7.9832,18.1683,5.0626,75.9624,17.4082,616.2556,58.2646,39.6686,89.0885
0.9805,47.8608,41.3027,9.3499,306.8928,52.3996,16.4963,0.8284,17.1137,1.5589,31.661,20.4835,28.5406,41.0966,20.8359,0.5479,1.6704,86.9708,9.5166,45.5827,29.9271,25.9285,0.1023,26.3106,12.1389,50.7221,49.683,14.9352,1.9114,0.0,1.059,30.4268,7.6611,129.1092,0.0,119.5204,21.1724,67.2744,0.0293,91.2131,16.9321,49.2577,26.7608,6.1254,13.5486,0.724,38.299,12.9454,23.0672,110.3209,20.671,33.9254,14.3272,29.2372,0.8897,0.2464,0.0,0.0,0.0428,0.0,0.4041,0.2261,0.0265,0.0,0.1011,1.4144,0.031,0.0228,2.4471,37.3669,15.7661,100.3833,0.529,0.0091,11.8257,0.0309,0.0226,304.4872,801.3348,1.54,0.8633,296.996,13.7165,24.239,18.3524,16.3104,0.0349,0.0,0.0925,7.7881,0.6478,0.707,4.1371,0.2997,114.4757,0.0058,10.2841,1031.7949,8.9979,205.6998,32.6422,0.1514,70.2753,4.8988,166.4504,23.6207,1.546,21.5792,47.1482,730.6588,2247.532,0.0237,12.612,0.0277,3.212,13.7465,0.7471,2.6071,37.027,167.5848,0.5862,42.7296,0.2368,89.9109,58.8572,51.7445,58.0945,12.024,330.0306,959.3872,0.6811,18.0594,292.4153,1.3205,19.0726,6.5808,93.0017,22.7376,59.689,172.6119,44.9044,101.646,15.4864,5.2095,91.2658,8.8424,24.2723,13.6856,16.4808,7.1927,2.3169,12.0214,111.7842,222.4787,79.2809,7.5703,7.9653,53.5137,26.751,62.0232,111.099,0.333,0.0292,37.6303,0.148,2.1801,0.059,21.983,23.2447,2.6704,34.5281,26.8386,14.9341,34.8743,2.7907,8.5993,2.2612,0.6781,6.1817,0.0373,10.2967,2.6503,5.6576,13.2416,92.3492,1.8229,3.0431,58.1363,129.24,5.2522,0.7672,0.0378,47.796,45.0338,6.2597,11.9254,1.1194,58.3373,79.1622,24.7391,1.3294,16.7024,36.2125,115.8578,218.1671,349.876,26.8523,14.6917,24.0291,8.3483,54.4736,52.6732,6.5829,14.7442,2.3102,17.7758,229.2692,1.2526,54.1352,0.0561,68.5618,14.3088,60.2232,38.3947,0.0,37.353,0.0592,0.4049,7.59,5.9202,170.891,2.1157,2.0684,16.9642,12.8562,27.7327,4.3271,3.1649,39.6078,23.09,11.6828,24.7669,11.2161,61.9518,509.8588,0.808,6.9086,12.2765,139.293,0.3821,7.8933,15.4187,12.2996,49.3276,86.2278,25.8686,486.2941,4.0028,28.6302,10.0779,0.9609,6.3829,61.3062,134.8545,2.7749,33.4871,0.0265,6.0534,25.4849,25.6578,8.0691,19.9356,48.9713,0.0,0.4193,10.1719,2.3021,0.3581,6.7664,0.0837,0.1457,0.9235,16.8775,2.1614,24.0646,91.9717,44.8415,0.0,1.1208,16.4354,1.3514,7.6102,2.182,115.3052,10.1508,2.6611,0.9867,4.5941,13.3681,50.4827,19.8155,9.8354,23.9242,5.3391,3.4352,6.9663,7.0014,0.2657,0.3732,6.9379,4.7002,6.2788,0.3214,0.1758,0.0,0.0,0.4287,10.1765,3.6768,2.512,70.1705,0.5063,0.0,91.8802,64.3821,349.334
1.3478,9.106,10.6401,1.0636,18.6727,43.5787,1.9384,0.3746,0.4572,6.5352,9.4979,1.6565,2.1508,3.5857,25.8224,1.1801,0.1964,1.1397,6.7483,79.4003,6.9707,13.7836,0.45,0.2086,9.6262,26.0752,16.2322,25.1049,7.0224,0.0,1.6848,33.7003,6.0817,14.9009,0.514,19.5423,3.2005,172.4247,0.1065,58.6971,23.5345,35.5596,155.4562,10.1044,3.1508,0.0141,1.4184,4.2879,5.4891,8.3703,6.5252,11.2915,10.7298,1.2083,0.0216,0.0635,0.2678,8.3959,0.0,0.0,0.0,1.7426,0.0887,0.0336,0.0,0.98,3.9688,0.0,4.0483,117.8138,12.8447,103.3024,0.0985,0.0,5.0026,0.3621,0.189,6.724,1.8572,4.7156,1.4938,52.4245,13.1085,9.0598,6.6902,6.427,0.0,0.0797,0.1162,6.1884,3.0907,2.0764,0.1325,4.3422,35.2224,0.0675,3.299,4105.252,11.6766,47.0915,12.5314,0.1765,10.2759,1.1156,120.3448,13.4361,9.5305,4.2694,41.849,978.1513,1388.911,1.1799,4.6534,5.7746,1.4272,4.6255,2.0265,1.5079,0.0,29.357,0.3777,0.2044,0.9257,3.0732,4.3321,1.6107,70.2108,8.6442,2.9983,234.7594,1.5471,10.2318,193.9863,0.779,0.6312,14.0416,15.0787,1.7012,28.9136,3.2643,28.52,9.5347,13.5814,2.1531,5.5925,4.1482,14.8557,5.84,1.7722,0.156,0.7823,5.8314,1.9104,14.2652,374.2858,8.1431,2.786,3.4031,2.3178,85.1494,65.2035,0.722,0.0734,19.0746,0.1447,2.9098,0.033,6.609,6.8183,0.879,83.3198,6.4233,7.4746,15.4591,0.8387,4.1848,25.4817,3.1728,1.7144,0.0,26.6729,4.0138,0.4768,19.3739,52.5564,0.6941,0.1,35.8934,3.938,1.0109,5.2093,6.1123,9.907,64.6264,2.2909,2.6911,0.0631,17.3814,250.658,31.8719,0.9072,5.7636,0.1022,7.8132,173.165,183.7944,144.724,95.0212,33.8379,0.2778,56.4821,24.9714,4.0231,6.8728,4.656,0.9698,1.175,1.2539,24.3585,2.5667,58.8031,26.7156,9.2734,22.0578,2.2788,22.3686,0.1802,13.6484,0.8801,2.1421,14.1677,0.4865,18.0287,3.6014,2.0284,62.8626,0.7346,0.7059,50.3672,10.8755,34.3502,12.1654,8.553,28.0842,2236.7891,9.0497,2.2829,0.3501,28.2143,0.0533,3.4811,11.0233,3.7222,23.8253,37.0679,3.8765,246.2163,10.7199,43.5618,3.1925,2.2776,1.9587,1.5656,80.5511,2.1393,26.3569,0.0888,1.5792,1.4375,0.5114,6.634,0.0713,0.1059,0.1081,0.1004,0.7445,0.0907,1.1477,7.0111,0.1869,0.2789,0.2919,8.4062,1.6154,5.4229,18.0405,1.7685,0.0,31.9706,17.186,2.3258,0.671,2.6215,1.6144,2.4533,7.2078,11.8466,16.6073,8.144,14.3989,5.4512,3.1036,5.4108,7.9848,0.4951,4.4561,2.7632,0.4054,2.5212,0.7253,4.551,0.6929,0.2692,0.6546,0.0,0.239,0.2873,19.2785,2.0063,0.0979,27.3135,0.4032,12.8793,93.6311,22.5438,17.3459
6.1425,25.0195,70.1419,9.3901,76.9887,113.555,1.5788,0.7793,3.43,11.2315,27.427,25.0884,8.7502,22.9141,25.6603,8.0411,1.7555,5.2065,9.9962,106.0562,165.2435,141.1217,1.8806,0.3739,24.1509,59.7353,138.6448,74.2039,14.898,0.0,10.6089,27.2591,23.0746,98.4469,0.2035,76.2175,16.2898,81.0246,0.0492,65.3633,40.7399,58.6407,61.8947,10.1658,41.9859,0.2222,2.6633,45.3299,46.3914,24.2642,20.2308,16.9665,46.771,3.0417,3.0629,13.0321,0.0,142.1602,0.0404,0.2003,4.1245,10.2304,0.0333,0.1261,0.0477,1.8654,1.7903,0.0689,100.8621,144.7983,13.884,114.7494,0.2216,0.1149,7.2753,1.0091,0.4254,438.0804,100.1354,10.9888,1.3815,8.3558,70.7664,45.85,8.4785,23.1402,0.0439,0.0598,0.4358,15.5374,33.8931,29.2194,2.3921,3.7969,148.2009,0.1881,8.3321,783.7284,116.1418,206.7714,45.8246,2.3336,84.0905,4.963,62.9337,24.7176,13.3974,26.5552,78.2945,1368.0783,2299.6658,0.6663,13.7318,0.0,5.064,13.6824,6.0809,4.4858,6.0917,44.6831,1.6748,3.2401,3.6279,7.2868,23.5737,35.0848,57.2135,34.783,105.2699,60.9951,3.3513,54.2482,304.6343,7.6904,3.4983,30.072,44.3938,52.7638,61.7552,19.052,223.1508,23.4012,28.1746,5.2488,16.816,12.7735,30.7888,38.3126,9.094,4.3052,3.9952,12.0806,4.2585,160.3148,118.2263,51.2072,11.4948,35.4058,18.8725,164.9221,164.4078,18.8593,1.6695,70.0349,1.1164,6.8497,0.4945,104.4261,17.4473,13.3059,49.8626,62.0425,6.1585,12.626,3.8736,17.117,24.022,4.5108,5.415,0.0938,43.6238,6.2151,2.6797,29.8763,127.7139,1.267,1.0049,44.4545,4.0042,4.6293,5.4564,2.1145,75.5339,48.9428,12.2636,12.0226,0.4279,49.82,93.6402,10.7734,17.1447,17.4405,0.5059,21.9707,159.8213,359.6111,102.5861,84.0484,47.0001,20.411,90.6733,50.0576,4.7909,14.1742,6.9202,10.6496,17.477,1.7406,34.2842,1.9607,65.0726,20.1403,10.4182,30.1949,0.9297,17.6385,0.0879,0.0925,2.527,5.9309,219.8127,4.7965,35.086,15.708,9.6295,121.0988,3.6783,3.2401,109.1723,59.8024,22.8467,31.4401,17.101,51.3942,485.69,20.5664,9.7844,2.3472,79.643,0.9872,16.6264,31.3621,30.8215,54.8563,77.4366,56.4094,901.4167,20.5913,34.3084,13.9508,10.1889,5.1329,7.0746,76.1997,13.95,40.4356,0.5998,1.6104,37.0802,3.1479,2.0658,0.891,0.3972,1.743,0.4141,3.9407,1.4977,0.7631,16.7256,0.5724,0.4577,1.7409,135.5575,5.5088,21.9522,136.0272,2.0177,0.6336,79.9829,25.4315,33.4127,7.6913,11.8759,14.6125,27.648,29.1784,6.1313,34.1877,13.561,69.125,25.4832,14.2909,21.9036,11.4235,5.9653,7.7394,12.0899,3.3213,57.4808,12.1769,6.7622,7.1823,5.8167,5.2789,1.0657,59.3734,2.8554,47.9121,6.8118,1.6336,69.2347,1.9298,34.8796,62.4351,35.3852,105.9376
5.6945,46.7252,98.3771,9.107,188.6132,42.1217,127.8824,0.4809,43.72,2.9101,61.4658,17.542,5.0007,23.9683,22.8393,0.0868,0.8087,205.0315,8.4034,77.1695,6.7213,5.8479,0.3498,32.2707,9.6603,48.6149,52.251,11.6671,0.9668,0.0,0.2816,30.489,14.4265,94.134,0.0,140.7191,20.2287,65.7279,0.0072,179.4867,16.7542,81.1407,66.5994,4.5888,21.421,0.7219,103.0499,10.2882,88.065,51.3935,15.9907,37.1057,16.9057,4.3164,0.6482,4.8626,0.0,0.0,0.2849,0.0,0.2331,0.0669,0.0,0.0297,0.0748,0.142,0.0092,0.0068,7.5664,27.3776,16.0196,117.0753,0.0869,0.027,5.6579,0.0228,0.1001,538.352,39.4244,0.6198,2.4412,224.7256,26.3754,35.2543,34.1424,17.4445,0.0,0.211,0.1025,6.8967,0.3748,0.3197,0.289,0.2036,101.2415,0.0085,10.471,275.0257,37.6815,102.3134,21.2506,0.0487,182.1211,5.1133,185.3357,27.6316,4.5462,17.9306,125.3263,754.8104,4729.5597,0.0117,27.656,0.0,12.9356,7.9317,1.8935,5.277,17.9365,175.6326,0.0222,67.7665,0.4168,1063.2702,36.3014,113.1643,126.5514,25.187,234.0762,697.1451,0.0853,4.5494,363.2432,0.9716,93.04,2.3848,74.4456,26.702,93.9308,643.7639,43.1762,544.9185,14.3706,4.5638,26.9252,8.8842,18.9517,6.0573,116.4675,11.8121,7.4216,15.3191,44.0743,75.1897,7.6814,20.7044,11.1705,166.5185,26.0381,49.7863,69.5135,13.5257,0.0432,84.4061,0.0912,0.425,0.7854,29.1157,8.2764,1.432,32.4388,11.8692,6.4168,13.6587,3.071,13.7912,8.2303,0.3301,0.9821,0.0736,20.4287,0.2059,5.9282,63.8555,67.4305,16.2317,2.2937,133.2829,7.3063,5.1569,0.2148,0.1677,43.3447,56.0223,28.5783,12.0756,0.0824,82.1581,103.0745,30.7945,0.6846,16.3652,347.3934,26.8406,175.6048,451.6099,124.7057,5.7364,41.5595,8.8248,72.9229,86.4239,2.1352,25.3214,0.3338,1.6527,111.2723,1.483,42.7658,0.4696,284.7532,36.9471,52.749,52.3549,0.0,39.8234,0.0477,0.0,25.0407,13.7573,443.5527,2.1773,0.3398,16.7073,7.3651,15.9165,2.747,2.8772,239.0223,56.7965,12.4922,27.6799,18.5681,66.5198,444.7926,3.7532,2.7472,46.611,302.9133,5.8533,1.4905,39.9829,7.3042,3.5293,83.7713,29.5353,1176.6135,4.5604,73.9317,11.8647,2.1362,2.6395,131.9468,114.5068,33.5468,34.6561,0.0392,1.1759,9.2136,6.3577,4.9155,0.1887,52.89,0.0,0.0886,0.073,1.4415,0.399,4.267,0.0,0.0308,0.9403,9.3875,3.7051,56.3288,168.8165,33.034,0.0,22.5036,25.2561,0.3996,10.8519,1.9921,37.509,8.3156,6.2665,0.0405,25.9688,5.6079,36.5483,6.0427,6.4507,41.9114,10.1653,9.9391,10.6381,10.9181,0.0631,0.2492,5.7363,1.6018,6.837,0.2376,0.0289,0.057,0.0422,0.0,47.4509,2.3823,4.3616,31.7852,1.6443,0.0,78.6666,44.3148,248.1704
2.1445,25.7529,24.1935,1.5863,159.1987,46.1635,73.3842,0.222,16.7759,3.2951,33.1554,12.7797,23.2164,42.1849,20.7052,5.5332,0.9096,32.2836,5.4326,55.4921,50.0214,36.2767,0.1838,3.0142,7.912,26.6113,42.5764,14.5894,5.8594,0.0,3.0303,19.3468,3.3786,57.9367,0.0,81.4426,42.9768,30.8681,0.0337,77.6245,9.545,61.5685,27.4154,5.7576,13.7259,0.0097,70.4532,12.8613,57.3378,63.8506,13.2405,21.1409,41.0772,20.7911,0.4892,1.4383,0.0,0.0,0.0123,0.0,3.8633,0.6758,0.0913,0.3346,0.1598,3.3824,0.0783,0.0788,5.0414,84.2976,12.0763,64.0406,0.6419,0.0736,7.6833,0.781,0.0778,92.9627,152.4157,1.9473,0.4122,205.7202,10.8398,19.6282,11.8575,14.173,0.0401,0.0,0.1063,11.7032,2.7359,1.1953,0.7543,0.27,72.6942,0.0662,6.1301,964.9495,16.6241,145.1111,17.3805,0.9916,58.4293,2.6763,104.1744,32.8058,14.2969,19.1939,26.8969,410.9775,1288.7015,0.1365,10.1245,0.0477,2.938,16.8984,0.9407,4.567,46.1259,82.4576,0.4492,23.9433,0.4537,42.4913,53.0938,31.8231,34.9998,24.8138,442.9684,329.492,1.0351,12.2622,281.3197,4.2548,0.0815,8.8896,28.3487,21.473,46.852,134.4891,50.7379,81.476,19.9894,3.427,34.9168,3.904,15.9394,7.3668,9.7897,2.2129,1.9408,8.9382,18.0152,192.5691,77.5503,10.1927,4.9593,15.9914,30.9959,67.8235,457.0941,1.0134,1.3257,42.9344,0.1418,5.5906,0.1131,6.3844,21.4696,9.1629,16.9814,26.0107,12.6076,2.0986,3.9039,7.0046,6.4811,1.5306,5.6341,0.0286,17.8202,3.5876,4.0814,15.5658,43.5585,14.9548,0.6722,43.4116,174.0457,3.4153,1.6169,0.1087,24.9695,20.9251,4.4564,7.3038,1.0911,44.2779,56.2871,18.8011,2.3354,11.2643,239.6913,22.4064,117.6518,196.7456,76.2498,6.2144,18.8144,13.1041,31.2281,46.3283,3.4459,14.1479,4.7124,16.6253,116.5542,2.1774,38.0939,0.5692,62.8809,12.738,20.7032,18.5074,0.0,70.4642,1.6695,34.3437,11.12,15.7311,43.5963,9.943,3.4968,37.3199,7.4586,27.104,3.1598,1.8566,52.37,25.0023,25.3445,16.7181,14.6236,33.7238,298.1423,2.3186,14.4159,26.4537,76.6258,0.7687,2.6289,11.2864,33.322,7.8946,85.9641,21.9372,436.5282,6.7785,22.519,6.0642,4.8112,3.5235,71.5654,52.6867,4.9685,60.1892,0.1219,15.069,3.6686,47.845,2.1472,5.8027,39.7153,0.0,0.1033,0.5393,1.0586,0.9605,3.3915,0.0748,0.6041,0.5608,18.374,1.6921,17.8733,45.4257,0.9101,0.0,1.7411,14.7212,3.4178,4.658,4.0973,27.9304,97.236,3.3522,1.3233,3.5986,20.9557,43.8242,10.5998,15.0473,35.4606,8.5627,2.5053,4.2711,21.2638,0.5018,1.3425,7.7866,9.7173,3.1551,0.6651,0.2021,0.0,0.0984,0.0493,50.3341,1.8692,0.638,65.6368,1.3453,0.1622,55.939,69.0323,89.6427
8.0105,30.9653,96.4923,16.7919,283.885,43.9998,1.407,0.4962,2.3044,1.9664,100.8161,63.6362,12.0736,50.5305,7.5517,79.5352,1.8423,2.9404,17.7623,47.5664,119.3173,91.5424,0.2295,7.009,50.6052,50.86,128.7072,20.8699,4.0017,0.0,2.6703,16.5561,30.1247,156.0651,0.0142,81.9361,83.8074,29.6109,0.1346,31.5021,26.4876,348.9103,41.3377,7.4861,16.8926,3.8359,83.5594,49.0749,82.0124,40.3025,55.1931,32.1362,19.8347,4.9828,1.5281,4.5324,0.0,0.0,0.0983,0.0,1.1021,0.3397,0.0111,0.0586,0.0527,1.5665,0.7598,0.9339,11.0012,77.0792,24.3839,67.0873,2.0357,0.0229,41.139,0.3092,0.2071,629.6211,608.1723,2.4703,1.3661,53.8553,21.6288,96.1832,12.5926,23.1941,0.0,0.3573,0.135,6.8,2.6912,33.1741,5.8215,5.5053,115.5652,0.0913,45.9819,1247.5973,32.2809,74.5876,27.0796,1.3792,150.3337,25.4378,38.9949,24.7373,4.3624,21.2964,87.2884,2053.5087,2346.6284,0.1981,48.9921,0.0,3.3049,11.2437,0.386,2.5124,26.3759,753.8715,0.2759,130.5193,0.4329,28.9981,124.9836,67.8914,94.6117,29.9753,288.5761,2876.8973,1.1945,38.1507,230.6637,2.6179,7.2165,22.4546,88.0922,25.3334,43.3556,130.889,90.7266,41.7239,27.1937,6.3555,43.9457,8.1999,11.7765,21.5745,33.078,8.4724,3.8219,6.4146,441.1689,381.7201,51.7543,10.464,18.1615,220.8347,40.9401,35.4914,552.2819,2.3541,3.1552,40.0497,0.0824,31.6679,0.0164,9.0758,13.4108,11.2489,30.1253,90.0845,15.5394,4.9121,15.0084,40.6313,8.6397,2.2982,13.9829,0.1246,22.99,13.142,57.7817,38.1792,113.1109,1.2677,7.9772,63.1604,11.6396,9.4231,1.6685,0.0316,137.2999,84.9487,8.3093,26.2831,1.818,51.6234,79.3953,14.8407,3.9578,29.9247,5.6389,49.1517,38.3226,488.5465,24.0654,8.2222,16.5078,17.1506,74.7618,219.3337,9.1371,26.6535,2.5367,63.0931,472.9972,3.4333,48.2983,1.7775,59.1822,29.861,68.2771,24.5327,0.0797,58.7666,0.2962,0.1331,11.1412,8.4222,87.0202,5.0716,58.2716,22.8321,25.9695,31.4707,7.1672,11.3098,120.0417,89.6267,9.7576,40.5542,18.943,42.9455,416.9469,0.8761,28.1427,18.2664,248.4098,1.3375,12.3739,43.6053,20.0354,49.9735,60.5905,31.7979,360.939,6.5251,22.6056,22.5671,2.8927,15.558,41.7063,80.4115,5.6561,96.9982,0.0664,7.7189,7.6628,26.9334,0.3429,2.686,68.295,0.0,0.4749,1.0508,5.1307,4.1922,18.6794,0.2094,0.165,1.7958,14.9676,1.6676,85.4141,280.1397,0.8626,0.091,1.5293,18.387,3.9369,23.7709,3.6636,138.99,124.2322,4.8935,1.0064,12.3724,21.2745,56.0296,22.5664,6.0211,31.8547,4.6511,4.408,20.6516,36.0544,0.7721,0.6129,16.8479,7.6132,75.1446,0.7242,0.0163,0.2573,10.6417,3.8099,15.0904,3.811,7.5686,47.9411,5.7143,7.4454,48.6847,32.3289,401.8557
13.8025,10.5847,11.1396,19.6215,195.5562,46.4963,0.6384,2.2396,2.9967,7.3023,50.7834,19.3244,10.2927,43.8985,11.2918,1.7147,2.9841,11.7542,10.3128,29.1454,191.2774,98.297,0.1456,5.4191,38.3023,68.7301,57.6917,13.0427,2.9969,0.0,2.565,15.1676,9.401,104.1997,0.0084,53.0881,3.1088,50.8684,0.0533,73.9016,16.259,83.4631,12.4343,13.5632,20.5657,2.1675,91.4827,54.6922,80.7892,27.3096,15.6924,10.8009,41.6906,3.7907,9.264,4.1439,0.0594,0.1507,0.6414,0.0,3.279,0.0896,0.0066,0.0696,2.2156,2.9612,0.1533,0.0656,5.2503,92.2632,12.8732,72.9082,0.4656,0.1177,12.5483,0.107,0.5362,647.4296,292.1926,1.3894,1.4973,146.8325,16.4687,29.3168,3.9292,13.2028,0.0,0.2591,0.9156,14.7551,4.4415,10.7988,11.553,0.6998,38.483,0.0712,12.228,2043.0985,7.7028,61.8904,14.418,0.7172,154.2282,15.0132,38.9489,31.4442,13.2543,24.5142,9.126,795.7418,996.4635,0.1254,40.6372,0.0206,11.2918,10.041,1.4973,3.1503,145.8111,160.3965,0.5606,32.4111,0.5192,91.3141,106.989,52.3817,25.5979,35.758,275.4074,1194.2615,3.6407,30.3504,123.8119,8.0669,19.3759,44.6345,106.2488,34.5261,39.3026,355.848,84.2947,348.7258,21.5533,7.2753,27.4364,7.1353,12.47,29.2888,18.6527,32.6815,4.2639,6.0399,380.3139,172.6969,103.429,3.6506,13.144,101.454,25.525,39.511,166.2163,1.5131,0.2385,81.2514,0.5009,14.1746,0.8864,14.4154,30.2976,14.3306,18.401,139.5548,5.8044,11.9423,10.5065,8.5925,9.785,1.6338,11.9376,0.3387,27.3032,3.5135,17.1683,36.2034,123.4245,14.2428,8.6327,143.4662,0.8063,5.0673,1.4043,0.0,66.4355,42.9133,6.5897,8.926,2.3587,55.9275,55.4178,11.6718,2.9879,32.9124,52.7682,28.6229,33.4788,667.4384,27.8253,4.2739,7.1961,16.1274,77.422,84.7977,6.5602,12.9446,14.3796,49.6,582.2003,1.2151,56.8163,0.3608,38.204,21.3032,25.6661,14.0006,0.2481,17.293,0.4181,0.1093,6.5384,7.1414,345.3895,4.7651,4.9199,24.2754,36.4352,30.2208,4.5984,3.7251,165.7993,68.2083,6.3406,17.705,15.5041,17.8565,287.0421,3.0651,11.4083,44.3268,66.2493,7.8988,22.4933,27.5118,31.1637,22.3002,48.0114,35.2834,264.5113,14.9954,10.419,19.0425,6.3858,14.5383,60.5737,51.9856,28.4149,11.6842,0.0394,3.0045,1.2298,85.486,0.5919,0.014,33.5662,0.0,0.0593,0.6234,3.6073,1.8989,18.823,0.0736,0.3271,1.0913,9.6257,9.1238,30.801,93.5766,4.4644,0.054,1.6272,19.8735,2.9441,17.7377,6.0904,49.9177,16.5196,2.3274,0.2307,5.7261,22.8696,38.3426,23.0199,3.0292,13.8971,9.9937,2.9536,16.5769,25.2947,1.3225,0.6318,11.6158,13.5509,21.9475,0.7957,0.0387,0.0,34.7471,1.9315,10.2323,2.9791,1.3884,19.7041,2.5191,0.1397,68.6081,39.1783,115.0569
5.0015,37.6901,144.8005,4.7569,284.892,172.3068,214.0664,0.2304,49.9347,2.4173,86.7746,50.1333,3.8526,76.5739,9.4846,11.6669,0.4428,18.0038,15.7245,136.674,47.9283,40.3086,0.2509,4.1494,16.307,57.6611,117.1694,24.5832,4.8234,0.0,2.0588,20.9693,17.5344,115.7017,0.0074,213.5823,6.5482,49.8762,10.6975,27.4567,29.5737,170.8199,52.6301,6.0777,18.4337,6.4288,31.5218,24.9021,31.6489,19.1411,18.7722,21.9635,15.7629,21.2617,3.1363,2.3714,0.0,0.0,0.0093,0.0,11.8989,0.0394,0.8889,0.2799,0.0441,25.1247,6.1685,0.3385,24.2992,12.4709,85.8837,100.1413,1.0248,0.1116,28.5307,0.35,0.0,196.3679,60.5139,2.051,4.1907,76.353,15.5888,14.2225,3.1701,22.136,0.0,0.0415,0.0202,5.489,1.0803,4.4378,0.8276,7.4349,116.9349,0.005,31.8417,2695.4473,60.457,187.6324,22.5923,2.405,180.6573,6.7996,43.2956,59.1304,6.1357,28.793,101.9097,2021.1449,1467.3119,0.8968,58.0566,0.0,5.5399,6.5111,0.4032,6.8454,41.9292,305.6741,0.8691,66.8208,0.0197,19.8519,118.3697,102.5997,75.3482,27.5334,197.9712,350.8926,8.4429,33.433,431.9419,4.4534,14.339,6.7319,23.5188,10.9721,40.748,187.8428,51.9507,96.9697,44.7376,10.5073,44.5985,19.6698,21.6246,12.6589,72.533,34.6169,3.695,11.4982,37.8032,188.4379,101.0335,20.9119,10.6205,40.8253,19.0417,20.1644,88.5396,1.2296,8.4626,144.9466,0.1183,17.6682,0.1887,8.6041,34.1886,14.8644,23.7713,25.6169,6.8837,16.0689,19.3941,32.199,6.8418,2.8909,6.6357,0.0217,14.3723,3.6497,35.2425,24.0586,146.0755,0.2047,1.9662,19.4934,29.5271,5.4353,1.8544,0.0,104.0973,43.4235,6.429,16.541,0.8484,99.9398,57.7792,20.8452,1.2664,25.5198,2.2647,16.7306,81.8827,389.2639,174.2654,58.7549,35.2148,16.4054,109.4742,163.8385,1.0394,7.7308,12.5831,18.2107,30.7711,4.6828,41.1933,0.1629,137.3972,15.027,14.782,17.9994,0.0832,72.1542,0.1078,0.9091,1.1212,14.4421,505.4167,7.0518,27.2125,15.9547,12.1501,33.6158,2.5347,1.9632,81.9712,29.3289,6.7783,16.6864,16.5882,61.0295,702.8564,3.2336,8.9881,23.6924,26.9956,1.1566,9.0032,19.8419,32.763,44.3229,198.6433,18.5121,306.9693,3.5019,9.9436,7.0499,3.4747,6.0188,15.6603,93.2915,5.4375,18.6144,0.0,10.7339,4.7897,38.0978,0.3908,0.1483,65.656,0.0,0.0783,0.1937,20.494,5.7229,15.1518,0.0891,0.5624,0.1747,7.5155,2.6963,28.8268,145.5166,0.6135,0.0238,16.0416,11.052,7.6683,19.3667,3.3344,135.6204,43.5775,4.9869,5.2325,14.2257,6.3726,89.6964,11.4156,9.8914,35.6878,7.1215,10.4813,12.1772,29.4353,0.5377,0.2309,4.2948,12.1187,3.9658,0.1681,0.0852,0.1008,40.7358,0.8221,34.8713,5.1751,11.6239,49.664,2.0621,0.0,184.9243,130.3325,272.6658
7.16,55.1289,114.8471,20.4152,294.3525,132.9255,152.5231,0.275,125.7645,0.4508,43.6942,63.6134,22.0123,64.2294,30.11,4.4882,3.3188,19.5247,21.0271,83.4095,114.5368,77.8589,3.6326,0.1871,35.471,54.8137,119.0136,55.832,10.6311,0.0,4.1052,33.5204,26.8292,239.6028,0.0,144.7393,9.5785,36.2785,0.0793,79.0411,19.705,83.7502,173.5271,31.4468,28.1146,0.3917,40.1298,51.6013,51.6811,143.3018,25.2796,39.7402,60.8816,29.6241,0.7395,1.2512,0.0865,0.1098,0.0,0.0575,1.4396,0.3915,0.0,0.076,0.5608,0.1323,0.0938,0.0198,3.464,272.5436,24.8783,157.2479,0.9858,0.0792,31.983,1.821,0.4639,132.8074,549.8459,6.0726,2.3379,98.6032,37.0295,53.2757,4.5967,29.8881,0.0,0.2059,0.3752,6.0872,0.8533,0.63,9.678,0.2673,145.1838,0.0125,18.5421,1904.6417,52.4152,295.9779,49.4081,0.5842,220.9405,22.4089,79.0925,35.7688,81.4056,39.9242,126.7999,618.6277,2004.0991,0.2569,41.1785,0.1048,23.6302,23.2826,5.8897,5.1382,83.9135,111.5355,0.2331,103.9695,2.8306,58.2547,170.4197,65.2839,68.3628,68.371,203.0618,575.5207,10.4793,41.8422,317.0774,2.4552,29.9025,18.9552,91.2553,25.3573,30.5564,234.0926,83.7977,225.6817,37.6511,11.7694,72.1716,22.0527,45.1524,39.1282,56.3829,52.0592,2.1668,23.1116,91.5866,68.5234,77.4547,23.9487,21.918,287.194,102.6349,115.5448,484.8581,0.5299,6.4444,140.8134,0.4272,6.3508,0.1916,13.7426,10.9481,4.3013,33.6474,37.5121,22.279,16.8081,8.3959,23.0488,16.622,6.8723,13.332,0.2019,18.0334,7.0496,10.0929,63.8958,138.6303,10.9529,2.4792,61.7974,0.5975,6.8084,6.3201,0.2045,114.8682,51.7762,24.1905,19.2349,0.3081,85.7138,77.9875,15.4181,4.7033,47.6633,6.8625,33.25,77.1916,890.3481,136.5703,35.1897,20.0519,36.8137,132.8314,97.907,6.4414,15.177,3.7589,94.9373,16.7396,4.4901,81.6004,0.5661,88.7206,44.6012,69.8974,65.7745,0.0516,18.2983,0.0524,0.0,2.3128,15.4945,209.2163,2.536,23.2147,36.9847,24.1611,48.8766,4.3885,15.3858,124.8919,141.3159,50.7119,35.7561,19.7067,32.5306,314.3315,6.2027,25.1682,32.0637,50.3242,1.9065,21.2853,33.611,25.9979,52.1736,103.8625,84.3531,472.4114,45.3752,69.8054,26.3349,8.0096,12.7188,34.9029,73.5745,4.8625,51.5511,0.1434,1.8327,3.2738,5.566,0.5255,1.6569,42.237,0.0698,0.5509,28.4771,0.3224,0.9097,22.0507,0.1106,0.1464,3.3936,17.6891,0.3881,59.4545,446.6749,3.1648,0.0295,1.2946,24.4118,1.768,19.9056,4.3833,82.9354,45.4638,9.138,1.0676,25.5446,42.1681,89.808,14.4952,16.5499,45.8781,36.0801,7.7736,20.407,26.3852,0.4415,0.5862,15.3399,8.3251,8.0548,0.3478,0.3171,0.1668,0.3395,3.5716,23.0669,8.4996,15.755,72.8107,3.3139,1.9841,68.1348,73.931,95.1679
15.0536,59.011,171.2935,1.646,12.8722,119.9444,0.5556,0.8883,2.7341,5.2318,25.1023,91.5616,40.4424,54.5283,30.124,31.8754,2.364,26.8334,30.0182,108.1707,183.5009,142.0253,0.7022,6.2167,61.7005,224.1349,121.1105,24.2487,8.0028,0.0,2.7144,20.5595,45.7626,56.9243,0.3247,89.8715,46.3134,70.0238,0.4382,49.301,52.0862,165.706,92.2776,33.4852,26.7004,0.3207,0.7474,95.1125,10.6775,19.7146,32.0106,33.2918,24.2147,0.5128,0.0289,0.4885,0.0,0.0909,0.0,0.119,0.3754,1.4187,0.5935,0.0,0.1983,0.3717,1.9222,0.0921,26.8086,294.3589,73.3736,83.4698,0.0659,0.0,9.735,0.4498,0.1011,44.4337,6.2781,7.3618,1.0994,6.1557,98.8947,91.716,0.8758,18.0353,0.391,0.0,0.259,55.3391,22.5948,6.5426,0.2816,11.4797,170.1103,0.0645,26.2097,485.4571,177.1587,96.3684,60.4673,0.4574,132.9206,18.3923,40.1082,26.7033,9.0535,53.0906,119.8346,4142.8225,4069.219,22.9636,65.6379,0.031,2.038,10.1204,4.0659,2.0865,1.4782,239.0105,0.348,1.9682,13.0381,5.6227,16.1756,81.9657,63.096,43.8198,13.5005,529.6506,482.1399,68.5336,511.5398,6.0016,10.1906,5.7161,64.2015,10.2476,26.1807,0.9909,201.0778,2.4019,43.1833,13.9096,46.27,15.3516,29.5067,56.9264,1.0358,1.0436,4.0648,28.9966,1.0221,483.7423,268.1485,144.2995,13.6096,3.2333,6.8567,152.9963,144.3244,0.1317,6.6078,119.0182,0.2765,2.7379,0.3968,10.0532,58.9368,1.0551,109.2601,37.9362,22.4216,11.0825,4.5625,24.0964,77.5281,6.5047,7.7106,0.0836,128.03,4.013,4.6213,17.2493,218.62,0.3095,7.9959,75.3883,18.4674,1.0559,6.0951,16.3513,313.8822,61.1053,12.5693,14.7033,0.054,85.0998,107.2711,7.751,8.9372,30.1735,1.2846,79.594,134.7216,538.9271,71.0087,292.8791,138.5803,55.0259,189.5341,145.8082,1.8627,22.0264,27.8302,9.1699,4.5337,1.4034,33.161,12.4766,50.9151,46.6256,5.4452,24.1864,3.1015,11.232,0.0482,1.0447,2.7197,10.3679,59.3961,2.2775,52.3491,48.6327,2.3818,51.7756,9.1806,6.2379,77.856,45.5014,42.0054,53.2191,30.3967,111.5265,625.3349,5.5889,1.7723,0.7902,121.7239,0.1427,5.7031,84.3527,17.8562,51.8961,172.5826,152.8248,809.0251,9.2911,50.6888,11.5779,4.9285,12.4091,3.9687,25.712,2.6964,51.7038,0.1188,0.33,64.0903,1.0863,1.172,0.0,0.8781,3.5415,0.4698,3.0982,0.9711,63.9954,14.9469,1.8953,0.513,2.9088,46.1812,9.8953,42.4505,166.019,0.5421,0.0611,27.8636,39.8268,30.7786,5.594,3.0194,7.8233,2.4984,31.7436,0.9213,3.28,8.4174,97.1905,20.6224,8.6028,63.5518,39.783,7.7806,36.4108,7.7152,0.4253,11.6814,48.8753,21.8975,7.414,13.18,0.5253,0.0,2.6849,0.4803,25.9031,16.7985,3.0436,117.2783,0.7068,13.4338,99.6407,49.487,5.4702
1.8403,37.3171,70.6784,4.8756,33.339,86.5434,82.9905,0.3052,34.4727,3.2043,41.9547,59.4839,0.353,133.9451,26.2726,0.5035,1.0613,72.8652,10.5862,116.5998,162.2205,96.278,1.9564,0.1582,21.7783,68.6728,76.9221,6.3449,1.7738,0.0,17.8185,52.9491,14.5313,255.9927,0.0,229.4844,11.1097,34.7663,0.0,107.5075,18.254,131.1371,44.7761,13.7489,35.4837,21.9523,34.3011,28.5339,111.5104,1467.043,99.4537,15.9801,27.327,27.5018,1.6591,0.1626,0.0,0.0,0.0918,0.0,0.0282,0.0,0.3029,0.0,0.2169,1.5228,0.1063,0.0,7.6614,156.2271,5.2564,73.9251,0.084,0.2877,6.4419,0.1324,0.0645,112.7615,174.6191,0.6605,2.2122,60.3304,42.736,37.7004,13.8472,39.7951,0.0998,0.0,0.0661,18.089,0.2416,0.1665,0.7584,20.0202,130.0761,0.0329,18.7092,2005.86,28.3417,304.5805,48.8452,0.0188,171.9177,10.9073,41.2145,56.6791,8.4258,37.5546,160.1709,1533.9329,2869.1744,0.0453,29.4492,0.0,5.6946,9.9051,0.5086,2.3073,67.6542,37.5975,0.5014,21.7652,6.8995,92.76,75.7891,58.5845,99.4659,74.8259,221.76,345.5959,1.7493,41.9257,485.3326,1.3827,18.9845,15.2152,62.0811,43.068,129.8238,285.9439,211.2182,105.0669,82.9489,10.1568,15.0548,24.1352,27.7894,15.6194,118.6192,23.85,9.1407,15.1818,22.9162,41.8642,6.2094,20.1683,30.9059,42.6579,22.1463,20.7603,139.1591,3.3608,0.96,95.9217,0.1058,3.8359,0.45,20.8778,21.2034,0.7501,19.2077,33.3765,10.3013,5.0932,10.2866,26.0861,7.654,0.5675,44.88,0.0,32.5237,2.4435,4.8829,21.3718,94.5156,2.6061,3.0027,51.0003,6.0731,17.942,0.4487,0.0,121.2672,80.8202,10.7615,18.6993,0.2025,37.5747,52.0736,31.0674,2.7334,20.519,2.1622,22.8075,54.1531,453.2783,8.5146,45.3726,24.2312,27.8519,86.1359,109.4607,2.4008,21.3301,2.4336,51.5956,73.6212,1.8198,105.847,0.8013,74.4587,38.1056,11.0071,56.3973,0.1365,35.1018,0.1999,16.3824,10.8767,7.333,373.7981,5.5747,63.6641,24.0525,27.4833,7.9204,6.621,6.181,69.4408,100.9295,12.1494,34.3091,21.7146,67.6534,658.4158,7.2585,12.2879,19.1563,45.6773,9.4384,5.7653,22.0428,64.652,60.9767,131.4801,61.3419,1754.6334,4.02,15.9813,23.1671,10.4809,3.7494,185.9123,143.0662,2.1766,62.5924,0.0,1.3897,0.3874,4.2097,2.4567,17.2299,9.7588,0.0,0.5138,0.1412,3.872,0.4303,1.192,0.0266,0.0595,202.2419,8.7123,3.3563,55.1258,87.1908,1.1318,0.0,1.5589,35.7377,3.1966,12.5176,8.8735,108.2234,13.7029,52.0758,2.1942,11.2296,15.6627,97.2832,12.4468,35.1607,19.5492,62.6015,6.0728,7.4499,47.4527,0.2849,0.8606,14.6975,6.5698,8.0625,2.8488,0.0,0.1102,1.8761,0.0,140.71,11.9579,8.1428,45.4908,31.0169,0.0,59.5009,121.0302,221.637
8.1197,36.9297,139.011,35.4417,306.0061,99.9518,50.4328,0.5386,114.2187,8.8456,53.6345,57.5933,6.748,54.5463,21.1774,0.0546,1.4166,151.7564,16.6954,86.6398,162.6672,119.269,2.3363,46.9834,39.3447,132.846,155.0582,37.6203,3.9513,0.0,14.3422,37.6758,23.7721,193.8825,0.0119,142.8171,7.65,70.4728,0.4295,93.0083,46.2971,144.1268,20.4063,4.5905,35.9401,1.2913,2203.7583,52.9079,222.0097,82.8154,48.7533,24.9521,49.3148,34.6588,2.3016,2.8946,0.0,0.0,30.2624,0.0,3.5869,0.0,0.2955,0.1819,0.9695,0.1705,1.045,0.0955,8.0724,262.8631,10.4434,116.7145,4.3032,0.2423,17.2572,0.1077,0.0629,440.1364,684.9902,3.937,6.5128,110.811,21.984,58.325,8.8624,28.7374,0.292,0.0,0.0967,27.695,0.6677,0.986,26.5225,0.6833,210.9015,0.0241,27.5895,446.2688,26.1165,167.852,47.2474,21.8614,310.7675,10.9848,98.7412,50.2474,16.6876,45.9885,77.0842,1500.7622,3428.3432,0.4524,94.2501,0.0,23.8399,22.4843,1.3395,43.0212,217.9312,112.4223,0.489,276.9235,0.4245,611.6081,127.9275,205.1041,96.9958,307.9053,1064.0519,996.9166,6.1491,31.6591,320.7148,6.1468,53.965,16.7693,205.6018,82.1645,57.8378,741.1861,207.2564,1066.2186,44.788,14.4896,42.7489,21.5153,40.2874,21.8943,205.5121,26.7129,3.907,16.9321,133.7998,189.1815,41.4774,12.1022,14.317,580.5981,51.0054,48.3834,361.3275,3.7152,0.916,156.6783,0.2409,7.1826,0.4938,13.3535,49.3053,5.7029,31.9815,47.1022,11.1024,139.4292,10.2421,22.4527,13.8713,1.776,33.955,0.1041,46.8996,3.9702,11.4059,63.43,97.0788,1.3095,5.1422,83.7819,11.6896,9.063,1.8803,0.0791,113.3301,54.2317,11.9225,12.2398,0.3235,121.407,56.6334,11.1673,1.8018,28.7599,67.9648,31.9107,72.7601,416.7168,125.3604,136.906,21.9515,19.653,115.3192,125.5862,5.3743,51.9202,3.1973,42.3524,259.1085,1.4129,97.5368,0.6123,159.8084,61.0529,21.6363,48.3932,0.7986,32.1117,2.7152,0.2737,71.2344,16.1812,928.9101,4.8303,8.427,24.6028,22.6964,45.1253,5.1972,2.6788,90.8405,127.3872,18.43,50.9081,48.2062,38.7667,340.3798,9.5643,15.2148,64.5432,102.3878,4.8548,10.5442,31.4246,55.9382,88.5069,150.5055,75.699,1170.0772,13.7443,27.3165,22.2952,14.5111,8.5373,65.2794,112.1398,42.2572,29.3916,0.0,1.5815,7.4309,2.8418,0.0,5.1012,97.2514,0.0,0.5847,0.482,2.7193,0.8539,19.989,0.1037,2.0894,0.6925,24.4639,4.1312,67.4479,139.646,0.6747,0.0,5.3222,41.382,2.5355,16.0678,12.7043,169.0291,14.4799,31.6196,0.0764,18.3098,26.0107,55.0757,18.3597,9.9762,26.4787,39.0661,8.2672,15.1644,25.3741,0.4102,0.5204,19.3265,13.3494,7.8643,2.6443,0.0817,0.0538,15.0374,3.1085,26.2713,7.2874,2.6475,113.1444,3.3333,0.3934,54.3892,58.505,349.1543
12.8414,25.1424,75.2287,55.6788,356.0876,42.0779,0.2405,0.8259,3.5432,4.5212,39.3738,37.1534,4.5507,30.0504,20.636,14.3785,2.9495,4.9284,13.3678,53.0458,393.7123,306.8468,0.4265,77.5442,34.4357,61.3352,77.7111,12.7896,2.7651,0.0,1.4597,22.6613,27.8917,193.1088,0.1447,154.4979,2.4827,57.0048,0.0119,132.7947,16.1421,117.1037,29.9906,5.1753,12.8135,1.6232,312.5124,23.6505,270.195,17.376,51.8213,26.5856,60.4432,6.8705,3.0648,5.1148,0.0,0.0,0.4284,0.0,1.4341,0.0,0.4175,0.0974,0.3219,0.8258,0.4506,0.0831,17.5813,140.0176,14.6908,86.9127,0.5346,0.9871,27.0988,0.4868,0.1915,708.3559,211.5434,1.5458,1.6705,78.5956,26.4352,83.83,9.3965,8.7341,0.0,0.0,0.2803,5.0013,2.5274,13.1736,22.8609,6.1484,90.0079,0.2373,18.0702,2676.1461,28.682,154.8986,22.1329,0.6547,189.3042,6.0407,143.5237,55.2763,70.2065,22.5495,58.0515,835.0439,1874.8461,0.1439,53.2437,0.0,17.5204,17.8185,0.0431,8.8447,387.4443,1211.2663,0.4496,101.8956,0.6153,551.2967,374.9386,167.2677,65.9759,44.4706,179.4438,317.8831,3.3175,28.7823,308.0662,12.2919,546.3577,45.418,91.0471,105.1088,112.854,2385.7111,288.3345,7104.2438,24.0691,5.6865,70.1177,11.0253,27.6788,11.6911,124.3528,12.3741,4.0945,9.155,4607.2151,696.5737,363.0889,8.2917,5.1729,102.7414,64.0336,72.1723,274.1101,8.2195,0.9913,29.5393,1.3465,8.3377,0.167,74.3071,52.571,32.6347,16.8181,230.6566,20.3847,17.7773,11.9645,13.6853,24.5554,0.7622,16.9081,0.0452,18.4993,4.0056,14.006,46.3775,114.501,14.402,1.8089,69.3103,0.7384,29.7619,1.036,0.8252,71.2173,42.5969,15.0124,19.4092,0.8075,137.1072,70.5445,24.7565,1.6167,33.3604,96.5073,44.5514,64.2056,534.7255,130.6191,25.1113,20.4779,11.8426,111.1392,139.326,6.9848,12.1166,4.4865,33.5256,126.2692,1.5127,53.9209,2.1864,97.6686,49.9984,92.2825,26.5966,0.2026,32.8575,0.3718,0.3571,79.3652,10.4369,319.7156,8.1242,15.853,16.8349,22.9759,7.4436,2.2797,3.9839,96.2752,50.1634,10.7201,18.8933,17.4554,36.2842,804.578,4.9224,14.1322,80.6904,205.7724,5.805,70.7299,129.7629,92.9,33.7772,102.0817,27.0438,780.6549,11.8129,48.4864,26.6397,8.7003,8.0755,30.5097,77.3576,64.3519,25.0335,0.0965,9.7875,6.1516,111.1842,1.3137,13.2393,40.4533,0.0,0.109,0.8682,1.9049,2.1963,33.8123,0.124,5.7601,1.2466,3.0202,1.35,45.0005,197.2845,37.8156,0.0,34.381,37.887,4.082,53.9249,12.5657,157.7543,13.9842,7.3234,1.2297,31.0712,8.7305,56.033,20.1479,4.8771,16.597,12.2539,10.3246,9.9031,30.8956,1.0644,0.73,13.2643,20.7484,6.7932,0.6626,0.0474,0.3272,141.9398,3.4049,16.8336,3.1753,1.6825,19.7531,3.0798,0.2138,72.9604,62.1421,288.6972
13.6385,23.7745,39.8347,24.718,176.6787,47.8358,40.4593,1.0087,69.2336,15.9236,82.1437,122.4729,31.2442,66.469,5.1295,192.668,4.0902,19.2979,19.0055,49.253,81.442,68.2633,1.518,14.1721,42.0233,78.9779,178.0239,2.2025,1.3832,0.0,0.4862,31.8076,15.6501,134.4626,0.0597,112.9472,6.699,24.8558,8.8619,50.5714,38.5857,279.7469,40.5779,19.1334,37.2484,10.3785,97.4184,87.2284,105.2915,50.5264,44.3239,19.6057,11.3954,23.9749,1.0738,3.1869,0.0311,0.0316,0.15,0.0,3.1141,0.4224,2.5459,0.3671,0.2558,5.3954,0.8098,0.1315,9.318,236.6588,86.191,109.9729,1.2352,0.5125,25.8999,0.0361,0.2459,185.4304,513.9257,0.4261,1.1639,82.6376,35.7288,79.3984,10.7259,43.8681,0.0272,0.1111,0.1799,8.9207,29.0449,131.7456,8.3848,10.3381,92.9744,1.0438,45.1409,1271.1538,49.2036,116.492,31.5136,1.1581,551.8957,14.9214,43.6786,29.1913,2.6725,34.2287,38.7781,881.6513,1459.6767,1.0778,32.1579,0.0323,5.8688,43.0215,0.0554,5.9907,14.2415,197.995,0.2651,48.2575,1.1409,36.8904,95.0334,63.7225,58.7874,49.5633,127.2924,1119.06,2.0754,61.2893,171.9887,2.2968,56.6992,12.4833,176.7719,15.9384,53.1752,172.5018,148.8428,58.6535,57.6993,7.556,90.766,14.9637,22.6691,46.0248,60.7928,60.2891,5.9967,9.4503,29.313,51.9333,0.8986,19.083,15.3905,99.5222,27.0291,17.1333,100.4853,4.1014,0.3636,88.1163,0.1152,18.9251,1.1178,8.0429,13.1834,5.7167,20.7028,27.9701,10.9983,9.5498,19.5363,42.3876,3.2357,0.5793,21.2101,0.2614,25.6164,4.2749,21.3791,22.5719,92.7864,6.8681,24.0004,85.1563,10.9436,8.8822,1.0223,0.0294,146.8477,45.8653,11.4951,25.517,4.1087,69.8968,63.9531,14.982,47.1105,20.7746,17.8843,50.6302,31.8576,413.6985,17.8285,15.5061,10.6959,21.8602,49.3228,375.934,10.7761,13.214,29.5657,20.2977,40.9512,3.7013,58.6493,0.3708,31.5213,28.5315,69.744,37.8339,0.5758,29.5804,5.4421,3.0652,13.1398,31.517,627.9738,3.4708,31.0713,67.9114,37.1679,5.5859,10.1119,13.4639,60.0466,74.6967,3.8545,32.7915,22.3626,30.0544,207.6542,0.7477,18.9712,37.9443,39.7812,1.3879,3.9616,51.5323,19.3277,89.9466,78.9061,90.7962,551.1334,2.3784,15.9824,28.5044,7.6559,18.0328,62.2843,89.4044,6.3071,17.4365,0.1238,0.3439,5.5532,257.7983,0.5233,0.3421,106.6288,0.0,0.2564,0.7494,24.3888,14.7385,32.4958,0.1953,4.7457,0.2712,9.5996,6.1486,57.0895,196.8902,5.1006,0.0,8.0745,15.4573,3.6908,21.5242,5.8727,296.0512,142.9438,18.2926,1.5145,20.3368,28.4111,48.6344,18.5067,7.1616,46.128,13.2971,8.0064,17.8943,34.8513,0.805,1.4804,17.1545,20.4373,11.2365,0.6254,0.7146,0.03,4.041,6.8563,16.1046,9.0923,13.9696,34.3286,5.8009,22.1489,53.6807,54.3483,156.9557
11.7436,18.8272,27.4623,14.2453,105.2841,136.0564,0.9679,1.0531,43.5327,49.3145,22.4354,25.3232,38.645,34.7133,56.0562,1.6084,10.8129,4.4588,15.1059,8.2202,84.8753,91.7473,24.1957,1.8074,34.6314,78.9505,59.6024,99.1835,34.9672,0.0,60.7917,37.8513,16.0638,163.8149,0.0096,114.1616,97.1296,58.7432,1.1616,74.3252,24.3129,60.4716,11.2099,1.3504,9.7115,1.1755,42.7293,36.0639,715.6063,62.9318,43.4127,30.1223,145.9014,30.1514,2.9332,5.8705,0.0,0.0,0.0,0.0,10.1323,0.1528,1.3123,3.3224,0.0285,1.6714,0.6277,0.8024,18.608,47.6421,35.0691,55.4538,84.7242,0.5356,24.0721,3.3557,0.8131,450.556,952.7849,29.2587,23.0668,7.3524,18.3058,52.0043,6.3339,31.1537,0.3144,0.0,0.3384,23.0298,1.3955,3.0068,4.664,0.6932,183.8196,0.0778,12.4791,851.4454,10.9642,66.6976,14.1156,12.4044,78.9678,14.7591,41.0032,46.3687,50.6425,30.136,2.5779,366.8165,768.779,0.2673,21.4487,0.0312,25.3706,30.9269,3.9262,7.8989,32.6202,46.384,4.3948,18.4355,1.2952,156.7037,45.9217,69.8551,112.5307,67.3626,502.9614,184.5441,44.6906,21.0654,443.5273,21.0908,46.3539,41.8504,167.9386,44.3285,190.6062,163.6428,68.4863,50.1708,49.0426,9.7276,31.0645,23.6949,39.2714,26.5529,44.6053,60.7876,17.7067,15.3791,0.7338,224.9461,68.5368,5.1086,8.5897,33.4907,39.3579,73.6634,638.9566,1.6325,4.2576,44.9493,1.167,7.4458,0.0443,30.0856,71.6794,19.3073,23.9147,124.0223,16.4492,1.4453,6.9541,20.3079,46.5647,10.2626,30.9106,0.084,44.7537,14.041,4.5154,34.4219,31.193,3.4213,2.0024,48.1224,30.8388,9.3506,10.8905,0.149,86.521,95.6492,12.1693,20.9955,1.2962,57.4905,74.3878,19.0945,6.7704,35.5851,74.456,24.8692,83.0472,276.4239,109.7456,9.8185,1.571,21.0424,84.3151,95.7869,9.6349,51.5327,9.1541,28.5028,75.4119,5.6534,63.4382,1.1361,86.8898,25.6531,41.1594,63.592,5.9925,17.5057,13.7431,6.7561,80.4729,4.536,5.6088,28.2854,6.1352,24.1544,28.7255,207.9365,6.6101,3.6939,101.8087,81.7784,43.2627,62.6087,41.4385,17.5434,238.2242,10.8689,22.7488,10.2801,127.058,23.4989,16.1573,38.2767,226.0824,29.8885,72.3754,34.1659,242.8622,32.4409,25.9855,19.1382,12.9847,10.7905,88.3987,156.2264,15.0987,33.4357,0.5076,15.3251,1.5934,15.4069,0.2103,9.4364,9.0961,0.0,0.1012,2.7246,7.4723,3.0097,11.646,0.0209,4.4057,3.6201,32.6689,1.5212,41.689,216.6743,2.8975,0.0,4.4684,23.468,31.0587,38.1077,43.112,50.8595,21.1,21.1737,0.2469,33.3252,52.1901,34.4231,23.0429,11.501,21.6432,11.9757,8.3191,22.6918,21.5863,5.8182,3.4435,21.0744,14.4874,2.625,3.8003,1.078,0.0,1.1244,5.6238,2.3801,6.5653,1.4308,37.6036,9.6642,0.0,49.277,47.0806,97.2552
14.4397,21.3464,52.1372,9.3518,56.347,68.5394,0.6627,0.4541,6.2524,4.8797,22.6711,27.7794,2.121,33.7282,18.015,17.6163,1.835,59.0921,15.8241,15.4032,152.4941,109.0983,8.0795,0.0951,20.168,35.4939,34.0939,9.782,2.7656,0.0,42.927,15.9622,26.4066,97.1748,0.0,111.2221,19.2318,20.1046,0.6832,37.5938,14.5153,48.206,19.7157,6.7336,10.9416,1.3018,8.8516,24.8003,285.3234,81.0271,18.2742,19.1134,56.7247,5.8227,1.1078,1.0423,0.1373,0.0,0.0245,0.0,6.4798,0.0518,8.5557,0.0575,0.0145,0.16,1.0074,0.3976,68.5295,0.9711,3.0956,64.6732,0.8753,0.0943,13.4718,5.0937,0.1809,665.756,74.8509,7.6145,1.6212,8.9382,17.3992,23.9603,17.0318,19.3584,0.0,0.2724,0.0265,7.5679,0.9679,4.8308,3.1664,0.6123,69.565,0.1319,10.3848,691.1696,71.0937,78.9181,22.1638,4.8194,63.5475,5.6115,25.1193,33.2082,16.9757,22.8049,26.3767,284.0287,847.0767,1.0605,29.9329,0.2696,5.3012,29.4951,0.652,4.2663,60.7124,25.5754,1.8708,14.8215,2.1958,50.9172,59.4907,74.2147,53.1865,29.1318,84.2953,103.133,77.6041,22.0513,190.4547,7.0305,12.8198,26.5798,27.9593,35.873,46.7492,237.342,107.3323,29.434,43.0875,12.5363,22.5325,25.504,14.2602,13.3135,1.7616,51.4846,2.6745,8.8417,9.2927,216.5474,32.3391,38.3928,5.7422,12.6127,17.9412,21.8614,479.6935,0.8527,1.321,45.961,0.2968,13.3505,70.6283,23.0899,13.4144,29.4247,10.984,88.8263,6.5325,11.9513,4.5618,8.2179,11.6963,15.981,11.6599,0.057,26.1433,10.0699,2.9686,10.913,62.939,12.8133,1.8181,53.3242,0.8921,4.9631,4.081,0.4114,42.9634,29.351,9.7859,10.9906,0.2088,27.4821,33.0019,12.92,1.6169,14.6664,21.292,39.525,36.9922,221.6467,53.441,5.3933,4.5318,15.4314,63.6105,46.5739,1.9621,14.7333,11.4008,21.6078,66.9917,13.6419,63.3981,44.4729,27.5163,14.8811,8.2347,35.9956,0.164,7.2892,0.0123,0.2811,17.1186,3.5346,22.7325,4.0866,7.0151,16.9391,19.0035,15.3246,3.6759,2.4763,66.285,59.2506,9.1528,26.6445,16.9477,31.2778,137.1184,3.0391,15.5106,34.6173,48.8584,2.8815,11.9569,26.169,48.5375,8.0997,43.1078,34.7658,1034.9503,9.9096,19.7894,7.3735,9.3598,8.0897,109.0346,127.2142,6.3853,19.7358,1.4274,15.1165,5.8108,10.7874,0.0428,0.0812,5.372,0.0,0.2059,2.6018,2.4509,0.6598,4.0406,0.0958,1.9786,1.0179,11.8295,5.7252,21.8313,67.3004,0.7557,0.0,6.5231,8.7836,9.0347,13.2199,11.073,71.9294,14.4867,7.7756,2.1035,7.4205,16.7575,32.5289,12.583,7.0361,11.7548,7.3787,2.4117,6.2732,23.7857,1.1467,0.7998,11.5189,8.9332,2.8855,11.3024,0.2909,0.0,0.1307,0.1228,3.0188,7.4754,4.8013,41.3713,1.2359,0.0,24.6224,41.0719,112.6089
1.4356,43.3179,123.419,20.6267,48.6218,66.9598,97.6586,0.2428,30.8563,9.2422,33.3238,52.161,7.9924,58.4501,22.3275,21.573,0.6418,7.4803,15.1796,69.4972,337.6576,371.7716,0.6875,10.099,25.5417,79.7481,98.9954,13.8943,1.3219,0.0,0.7736,58.1189,30.8405,141.2822,5.0698,216.5002,3.1948,48.6971,0.0117,76.3931,28.5731,92.9713,38.3831,11.6145,56.283,0.2816,83.1389,39.0697,18.2962,60.6033,29.2694,23.8926,29.7437,31.3878,0.1694,5.7178,0.0,0.0,0.2686,0.0,0.3885,7.0767,7.4036,2.7811,0.0604,4.1405,0.8286,0.8621,100.5712,5.0158,31.4528,221.8678,2.1415,0.295,8.9883,0.1291,0.0539,834.5826,1038.5119,1.7374,0.7664,8.2749,25.7064,143.6358,116.1904,23.8415,0.3335,0.3409,0.1657,18.4628,2.6579,19.4754,18.5005,44.2105,125.3763,0.1306,12.3406,995.2195,38.141,102.7045,69.9703,2.5798,127.67,8.3616,70.1808,53.622,3.1426,25.3679,87.4264,535.896,1971.7359,0.1796,22.0427,0.0,4.3319,9.9844,1.1899,1.8538,1.9186,22.6241,5.9067,3.7305,0.6465,28.2514,95.7559,173.8588,57.5048,29.857,572.2076,175.0715,2.0132,55.7529,332.0607,51.3814,2.7426,24.8826,67.6379,110.6037,198.1925,28.5741,269.8719,86.1477,40.8291,10.7106,21.648,29.1686,38.7653,7.5751,17.4571,7.4793,30.0143,22.8395,22.4951,167.7464,61.8008,18.8828,9.3853,194.166,22.7269,33.2613,136.7889,0.117,0.4011,92.7213,4.495,64.6326,0.3055,100.3263,44.177,51.102,28.863,127.7985,20.571,14.4986,7.7249,10.9962,4.1425,1.057,13.5319,0.0446,48.3647,1.061,3.0362,9.7642,162.5319,0.132,2.2381,68.4135,14.2255,4.0706,0.5207,0.9033,84.8407,96.0067,15.7716,16.1642,0.4589,34.9852,81.6383,30.6298,7.6682,31.227,27.0267,75.8831,115.1676,391.6129,12.8609,70.6162,14.1778,23.094,113.1027,76.2541,3.6509,62.2504,2.8841,22.2712,152.5645,10.4919,67.7301,0.3013,58.6514,56.6948,23.8887,85.7443,3.1641,26.6573,0.09,0.0147,41.6545,11.9454,80.6989,12.7105,92.7455,33.1434,16.0308,14.7778,4.0036,3.8825,78.7663,73.7868,13.5355,26.7017,15.1201,64.7224,500.992,10.0703,15.697,5.6163,70.9043,65.6149,79.6906,52.6462,61.4122,78.2229,98.0022,37.4975,1099.4008,6.1011,29.1349,18.0808,9.1061,6.766,32.5367,268.4044,15.9579,72.4424,0.095,12.9667,8.6851,11.0029,22.4907,147.4057,0.1057,0.0,0.3578,0.7373,39.9561,0.4277,3.8881,0.7883,0.2362,45.1035,12.3798,4.5794,49.8753,104.053,33.7048,0.0326,1.7187,19.5717,21.0154,50.5498,30.1873,47.3465,22.9591,72.6358,6.3515,88.8622,12.8234,79.8051,16.9135,10.3948,33.8487,33.102,4.986,9.8489,16.1802,9.1416,1.093,10.0093,11.029,2.8294,96.1361,0.0,0.0,2.8966,0.1536,64.0854,10.416,3.2973,79.4099,17.1225,0.0421,94.6213,55.4796,36.463
4.2401,14.6966,48.4139,1.5787,153.448,75.866,9.5259,1.0051,14.1033,5.1153,21.8743,51.5307,24.4928,45.331,18.0939,0.7662,2.9391,12.7733,17.5164,21.8514,76.3142,60.8222,1.465,0.1716,20.2505,67.4569,49.7653,35.0689,6.905,0.0,3.7442,32.882,22.2524,422.8009,0.089,119.391,26.6724,33.8813,0.0128,101.3246,28.6553,37.0635,45.3862,1.4579,8.6004,13.0109,21.3326,28.0822,309.1675,152.691,34.4846,24.6721,21.4923,181.0579,2.2134,0.6743,0.0261,0.0132,0.014,0.0,5.0621,0.059,1.6509,0.1375,0.2393,0.7978,0.475,0.8079,15.4246,57.0667,7.4534,82.4696,1.7072,0.0776,16.7239,0.6651,0.1031,299.264,80.048,3.7858,5.1943,63.92,13.8798,29.9617,45.1835,14.1249,0.0228,0.0,0.1509,6.9646,2.2426,4.4138,1.8892,0.2643,121.8072,0.0,5.2486,2400.8503,14.1555,68.7962,9.8704,1.8478,66.1508,5.0166,53.5713,19.8369,10.3692,34.3084,10.9201,414.2415,890.6109,0.6249,13.679,0.009,10.354,28.031,0.2554,0.5064,26.974,21.5493,4.0512,5.5628,2.2593,286.0749,46.1488,44.6347,111.5671,36.0733,101.7609,459.7827,5.3944,27.6269,264.7812,4.9244,23.4119,13.4553,58.6665,14.8918,80.1421,377.4404,97.7776,84.6531,36.0098,8.2763,20.7268,16.483,21.5822,23.312,584.6587,24.1204,5.4683,13.1099,39.4451,224.708,112.4764,6.1792,15.4466,16.2929,21.783,69.9004,480.1204,2.7362,1.1052,26.5945,0.4107,4.7611,0.1798,33.5415,25.2709,17.1739,13.8017,71.6641,15.3088,7.8639,2.1286,8.4935,8.3982,3.0982,11.0726,0.1055,12.6587,5.6593,4.5464,13.6398,90.6267,119.1286,1.9083,39.3728,9.1402,4.8194,1.4983,0.0987,78.3565,62.6563,7.4344,32.5325,0.3068,60.2085,56.0507,27.8512,3.3391,28.7237,89.6665,22.737,73.3901,357.1558,55.8325,39.1518,3.547,13.0345,42.2279,67.7318,3.9292,61.5289,2.8002,15.8228,272.378,1.5652,53.7889,7.0422,98.4332,64.4607,26.649,37.513,0.0623,21.7903,0.0527,15.807,8.2759,0.9117,126.2993,3.7228,6.9529,13.5739,10.5624,71.0445,4.704,0.6351,48.8399,144.0175,11.4183,36.4368,7.6921,34.4791,479.288,7.7362,12.9423,34.6239,96.3431,0.4919,9.0997,26.8415,73.1406,40.2873,80.4913,36.4989,713.1427,7.3411,36.1367,12.5381,6.4433,5.7797,104.7257,242.0883,8.783,23.3129,0.0519,13.6213,32.0577,11.2851,0.4145,0.0,75.4907,0.0,0.1759,0.4834,1.7147,0.9992,16.1996,0.0607,18.0034,4.2645,11.9561,3.6543,56.7924,134.1197,9.1287,0.0356,25.4535,25.1626,6.0538,55.1285,8.1985,22.7035,13.8692,21.9751,4.7582,39.7835,21.5658,24.9822,12.3311,11.0805,12.21,5.9097,7.6905,6.4598,28.6445,0.9444,1.2729,5.7442,6.1763,5.8892,0.6713,0.051,0.0503,0.9868,0.7694,6.3864,3.9916,0.9341,47.5208,8.9598,0.2071,66.6495,52.0563,158.2524
6.9197,77.1183,68.1428,21.1079,291.2271,71.44,230.2104,2.2055,117.3797,6.877,33.4997,27.6537,8.3478,23.5368,36.4236,1.2431,3.2397,16.4255,19.4033,71.5422,60.3717,46.5787,0.7781,1.4378,28.6708,84.7002,101.1081,41.0649,4.9469,0.0,6.8172,43.3625,25.3866,176.6538,0.0092,58.3167,6.5981,61.4914,0.0211,48.664,18.4665,89.4696,63.0306,14.9134,27.6194,0.1813,49.3847,35.1243,96.6714,34.3565,58.456,29.3562,60.4433,42.0119,0.3194,1.4901,0.0,0.0,0.0,0.0,0.3714,0.1461,0.2567,0.054,0.5581,0.3667,0.11,0.0393,3.145,372.1014,15.043,140.1747,0.3481,0.0295,25.6536,1.1638,0.4859,60.0672,116.5715,10.8523,3.3426,56.6306,31.1035,38.6239,14.0712,16.8087,0.0,0.0512,0.2987,14.4872,1.4709,0.3762,4.7155,0.2006,157.725,0.0186,23.5564,1961.7961,31.4025,255.9508,45.4361,0.9784,161.7896,13.8408,86.4357,33.3842,13.769,32.5296,86.3315,769.3845,2044.3606,0.4516,17.7323,0.0,12.7438,16.1292,39.1139,0.7687,23.626,213.8143,1.3379,40.503,1.8092,156.5472,63.2348,87.9399,84.4258,49.9437,186.5332,778.6698,2.4239,24.942,290.6973,6.6959,14.4855,13.6243,81.8693,12.7496,18.7955,446.3035,59.8152,86.9311,35.7646,9.0683,97.2749,16.34,43.4872,26.9231,38.5945,9.3721,4.1483,7.045,51.572,61.6988,6.9563,15.0242,15.7268,201.276,60.4166,74.708,201.5253,3.5439,0.2201,76.0378,0.6377,6.1268,1.2923,9.945,6.6342,5.2946,35.9549,40.8398,14.292,6.648,7.3537,15.821,49.6804,7.6852,27.9017,0.067,39.8565,5.3251,14.7707,37.1717,95.8479,3.7177,1.7991,62.741,3.3698,6.3858,6.3773,0.2443,77.7432,62.326,11.6796,14.8413,1.7375,56.0916,89.0111,10.2427,1.5039,52.6501,5.7394,22.2562,129.2359,568.5795,230.687,12.4871,18.0943,14.5064,79.2919,72.9137,7.423,19.0111,12.4194,65.9458,37.283,6.5958,60.6617,0.4124,84.6192,45.2964,41.3448,41.042,0.0514,19.6964,0.0174,0.3171,18.121,9.24,213.039,7.5045,12.1701,20.6321,16.1028,56.8103,4.7716,5.32,208.755,98.0221,38.2768,41.9531,29.713,36.5503,404.4972,6.9197,17.8233,35.8329,157.0248,3.3946,8.2878,30.6921,24.0758,33.8068,104.6992,56.6122,881.0365,26.3246,39.2628,28.9189,11.9259,10.4799,20.8294,54.5466,3.0938,24.2373,1.399,4.3297,1.3129,17.6424,1.0459,0.4886,67.8554,0.0,0.1613,2.8712,0.5833,0.8885,21.1676,0.03,0.5042,2.6736,6.464,1.0684,65.225,165.4717,9.7803,0.0,3.8978,22.0189,2.1696,9.5789,5.3076,62.0211,6.4866,3.0885,1.7413,12.5625,28.1749,80.2161,16.4685,13.2811,39.1872,49.6856,5.6679,11.6254,11.2865,0.705,1.1149,14.192,11.6779,5.1416,0.3115,0.1683,0.0,0.6144,7.9627,34.0826,7.3191,5.2526,54.844,1.7785,0.0,74.0238,56.5321,208.3068
1.9342,61.7174,106.4314,7.6737,93.3168,117.7159,54.1741,1.358,48.6192,5.182,24.7696,41.206,21.0361,53.1741,28.0967,1.0683,3.8382,51.3753,14.7982,57.3437,11.5575,13.5126,0.0529,1.8943,34.6649,81.3419,75.3761,7.1674,14.9516,0.0,0.605,51.8891,24.9895,220.6006,0.0352,43.1195,1.1569,37.5696,0.0,45.034,37.7869,65.546,90.9973,31.4721,14.6979,0.007,62.574,38.4461,346.5377,140.9841,77.1167,35.9041,23.4881,47.9066,1.9307,1.3957,0.0,0.0,0.0089,0.0,1.6386,0.1496,0.2301,0.4234,0.0523,0.1011,0.1793,0.0453,5.0571,96.4685,47.5078,140.6619,1.556,1.7175,15.659,0.0766,0.3173,15.4803,617.5137,0.5945,3.6176,91.7519,29.3405,57.4585,1.5041,19.3869,0.0,0.0,0.0956,14.127,0.5009,1.0803,9.1083,0.057,164.8043,0.0429,15.2191,2241.4518,41.3041,267.4948,24.8994,0.5065,127.2806,10.9402,109.7745,47.0261,6.9246,54.2078,134.1329,1046.3542,736.585,1.8198,14.1824,0.0229,14.6183,24.6181,0.824,0.4878,23.6068,36.132,2.5819,35.8111,0.485,60.9957,41.4953,39.3712,210.9673,41.5373,154.8637,829.9363,0.8499,22.9481,229.3335,5.4465,21.5154,7.3855,70.666,32.5179,19.5384,130.8884,37.888,28.7106,41.5628,9.3013,80.0349,25.3483,81.2652,21.7494,16.3393,20.1356,10.4891,12.3972,2.0214,117.824,5.4349,21.4326,18.7006,45.6004,81.9833,38.8887,246.2711,6.6118,2.6808,52.9002,0.0102,4.1815,0.358,19.6437,8.1705,7.0832,30.1907,29.5499,16.8243,2.0593,6.0449,30.534,8.0525,0.6978,66.9374,0.072,32.6942,1.3265,12.3385,19.8408,59.0562,40.1894,1.7572,70.9396,1.9445,23.3211,0.4279,0.0,79.7292,90.7361,14.5405,17.274,2.8902,54.355,91.0853,11.943,2.9131,52.6221,15.4067,31.4854,135.5033,559.2126,10.9064,25.5689,21.5999,14.2096,68.9433,75.0372,3.0006,24.707,37.7467,34.7179,4.6639,16.355,54.9507,0.0927,81.0425,28.4581,48.0101,56.161,0.1777,21.561,0.0356,0.0203,23.1066,10.5099,135.4295,12.1307,29.8374,24.2566,58.6031,7.5776,11.2078,5.2694,35.2492,81.1417,11.4582,36.2723,18.6029,22.7386,557.3189,5.7632,17.6808,39.5952,33.4612,8.8067,49.6632,23.4926,29.4067,91.914,70.4954,43.9939,386.2294,4.1063,37.482,18.4611,9.1205,8.9592,18.4789,81.4346,5.5051,28.8854,0.1316,0.6945,5.1552,1.5744,0.2781,0.1407,50.3083,0.0,0.2973,0.3064,0.7394,6.2978,9.3907,0.0308,1.2395,0.1153,11.4257,0.7822,77.3664,202.6265,11.3519,0.0,31.3967,19.9883,52.5013,22.3072,4.588,85.8304,8.218,10.0179,0.136,46.6594,33.1294,93.9654,13.7002,15.3143,29.1567,32.5823,12.6654,14.9729,53.343,0.9616,1.1154,13.5183,5.9793,3.3901,1.0103,1.503,0.0,0.118,10.3902,32.3131,8.0008,12.9028,54.2945,10.2301,0.0292,68.8412,76.0987,237.3527
3.7028,19.4516,72.7135,8.1851,48.5682,104.9922,1.0064,0.5394,2.1002,18.1873,30.7895,19.5909,6.216,18.1092,22.4513,4.4593,1.4547,20.8531,7.6464,114.5005,41.063,44.7917,1.468,0.4042,17.0294,47.5836,77.1077,21.1508,7.4357,0.0,2.6264,27.5551,17.9354,98.0009,2.5454,50.9803,16.0204,80.4524,0.1327,59.3418,53.3623,49.0883,63.1871,11.8692,17.7443,0.187,3.369,22.2018,18.327,28.2379,25.0689,18.3806,19.2527,0.8102,1.114,13.7569,0.0329,113.4012,0.0,0.0437,0.9649,10.0463,0.1417,0.1486,0.0624,2.2988,1.567,0.0489,72.8186,120.0471,14.3661,115.3932,0.3869,0.0978,5.9249,0.8766,0.1114,105.1226,66.6503,5.927,0.7647,5.9944,42.0194,32.0193,6.012,11.4234,0.2297,0.0,0.3043,14.1994,28.492,12.2987,1.5201,5.7344,139.1482,0.2273,8.0506,934.0646,90.1612,187.3639,43.3322,0.948,53.9951,2.7013,110.815,17.4643,5.6294,17.3438,141.4869,1735.4914,2423.6998,1.0678,8.5388,0.0114,2.3965,7.9962,2.1661,3.4475,5.0264,54.34,1.7024,4.5569,7.051,12.4517,13.3954,17.6749,61.3107,17.6301,55.0666,111.5307,8.6619,44.1368,228.8166,5.9937,1.5499,14.3874,34.561,35.9439,45.4782,12.109,140.0598,13.5095,15.0855,4.3675,9.8706,11.4989,26.5151,19.8017,4.5858,2.6822,1.6994,11.8003,1.6352,52.1287,56.9525,43.6049,7.7335,20.1247,13.9921,207.5667,202.6085,13.5394,1.2972,45.1048,0.9846,2.3062,1.9587,130.4543,8.0736,9.4305,49.894,24.8444,4.6846,9.3128,2.6619,15.6736,17.2783,2.0481,3.6534,0.1126,40.8373,3.4526,1.7995,12.3209,187.2753,1.2612,0.7168,30.1344,5.138,2.6383,2.96,1.9598,66.4832,63.3917,8.187,14.1368,0.3248,31.1574,107.4908,12.1882,7.4694,11.9285,0.3713,15.6639,171.7629,411.0128,55.1815,132.9688,56.3824,12.6735,118.3679,52.8544,2.494,17.7791,3.0298,4.9026,5.116,1.0431,23.7128,2.0446,64.4053,26.6296,9.0473,27.2789,2.2383,17.859,0.4248,0.2927,3.0554,5.6494,144.3363,12.953,46.2954,8.6353,10.4562,37.1147,3.8399,2.0015,36.1361,47.707,21.8529,41.1986,10.6575,63.6088,621.1913,9.1506,6.68,0.8811,45.6164,0.7773,9.4888,23.4207,12.5958,37.0671,110.0401,24.7367,973.6675,10.9308,29.1787,11.9949,3.6368,5.8627,4.108,44.6826,5.7786,27.3904,0.4145,0.2666,66.8314,1.2557,12.2024,0.8516,0.6448,0.6369,0.4436,3.8596,3.766,1.6354,18.7861,0.4741,1.434,1.7418,126.4866,4.6643,15.5648,93.9493,0.6695,0.1233,95.516,20.5469,14.6368,5.6944,7.5746,10.9181,17.4842,29.9185,4.2621,34.6993,5.8934,62.1675,11.1026,11.231,19.0226,8.6715,6.3823,4.9179,4.4646,1.5654,25.9722,7.2414,4.9955,5.5682,4.0196,0.9484,1.332,30.5374,0.917,64.1288,5.4478,0.9012,113.4824,3.5716,7.6019,63.0033,44.4812,136.0247
1.6363,23.3553,56.7877,59.2836,142.2132,30.4847,0.1944,2.6872,1.2319,3.8466,38.2995,35.9076,37.0876,28.3052,11.6994,38.7511,1.1325,1.6462,18.8825,91.5172,42.5639,32.0648,8.1734,0.6084,55.0352,117.4784,126.0275,4.7901,1.5683,0.0,1.4124,13.2921,18.0878,189.9189,0.0143,98.191,1.1507,26.6032,0.0411,54.2477,33.6625,349.8068,29.6565,18.7476,20.7835,0.4385,90.4892,68.9079,132.6273,84.4143,16.9945,25.3957,6.1279,19.0907,0.5345,1.2423,0.0,0.0,0.006,0.0,1.2254,0.0507,0.0223,0.0618,1.5081,0.8216,0.3937,0.0486,13.2148,173.4199,18.482,112.6173,0.7901,0.7172,5.0899,0.1557,0.0758,40.5846,33.958,0.6852,0.3805,67.4084,36.21,53.4848,7.9378,21.6877,0.0,0.0,1.1911,8.5223,4.9298,42.4947,9.2271,2.2932,192.635,0.0129,19.4278,1859.1962,27.8219,137.2858,14.539,0.6343,197.4126,22.0836,40.0999,52.3322,12.5106,36.4273,73.5754,823.2296,2238.4683,0.1285,31.8472,0.0,7.4218,20.6859,0.1594,1.2343,384.8471,214.1003,0.3087,50.3936,0.8021,121.8975,66.321,43.8299,60.5088,40.2767,75.9743,1446.3844,1.222,30.9967,260.3731,2.1251,26.1117,6.2222,175.516,12.9403,100.5622,321.4859,77.0239,91.4434,28.0354,10.8793,138.7735,20.9342,18.6937,22.4797,27.0005,8.973,2.203,11.7605,65.5663,71.7286,5.8663,9.1457,17.7171,137.6321,29.5025,22.4015,100.4844,40.0821,21.5282,106.6553,0.0484,11.0029,0.1653,19.7643,9.8028,10.7183,40.074,23.2743,9.1748,1.227,14.7477,88.9072,21.2295,0.8199,17.8111,0.1324,8.0151,5.7198,21.9161,18.1881,152.4596,28.4955,12.5796,73.3149,6.3052,7.5894,0.5534,0.0529,124.1428,37.3987,22.2482,24.4241,5.5525,48.3279,80.6293,16.6571,6.6513,24.6953,4.4609,17.9157,66.8881,865.505,11.9179,5.7382,18.6485,37.8248,64.1063,34.1346,3.8187,13.0129,54.2577,38.4104,272.3888,9.5879,72.0601,1.418,45.2486,32.5218,46.4864,43.6834,0.0802,26.2107,0.1265,8.1569,1.319,16.0288,447.1517,3.6246,30.2884,38.9905,35.3722,7.2288,4.6032,4.9219,31.4504,61.3867,5.4165,31.0958,35.7312,28.2404,310.1426,1.5894,6.362,27.2554,193.777,9.4883,1.7422,45.7265,17.0649,7.395,103.3911,20.8029,469.4694,3.9937,21.7866,11.0723,2.5993,14.2516,23.6277,63.4269,3.0535,25.9937,0.0149,0.9322,1.5176,115.7315,1.5065,0.3812,99.3708,0.0181,0.6039,1.4381,1.699,23.1141,35.9675,0.0104,0.6411,0.2391,16.8519,6.7129,33.2331,334.8088,9.5708,0.0534,4.8352,24.4905,9.2757,26.3052,5.0784,205.2491,59.893,6.1404,6.7545,12.1272,25.9533,66.5132,20.3003,9.4817,38.4044,5.0618,9.0513,18.2253,26.4918,0.3853,0.6676,25.8169,6.3586,14.6144,0.234,0.0219,0.0,2.3808,28.2962,17.2311,11.3451,6.315,29.8405,1.7479,2.4689,37.9799,52.1239,216.8126
1.2734,13.6434,54.968,10.1584,175.2448,33.324,76.3148,0.2599,12.7774,5.2516,16.8173,2.567,7.6998,10.5205,32.0174,2.3188,0.2803,0.2611,7.2415,101.7451,48.4959,64.3914,0.1755,3.4781,2.8982,32.7808,32.9463,28.3359,3.493,0.0,1.1785,30.2946,9.1441,49.0905,0.0319,72.2063,4.7842,208.6126,0.0244,72.2466,13.2938,56.2237,57.6546,8.096,4.7077,0.189,10.1968,4.7002,26.5565,39.2278,14.5476,16.3522,9.1326,1.0208,2.7668,1.3125,1.7946,0.0,0.0401,0.1325,1.4999,2.2566,0.5617,0.4757,0.0158,1.3179,0.1661,0.4103,16.2811,15.5822,30.5745,134.7149,0.33,0.1483,8.889,0.1926,0.0281,66.0517,65.0476,0.9712,4.6493,213.8057,8.437,13.8804,18.4002,5.9368,0.0435,0.2967,1.1246,4.2458,12.5434,4.5554,3.2452,0.6416,100.4079,0.0,6.7284,5768.02,7.839,120.7895,24.3467,0.4764,35.832,2.0092,398.5416,20.2217,4.7204,6.8924,210.4879,890.2347,1467.6858,0.5824,12.389,0.0173,2.0537,4.8509,0.0,16.8039,76.3163,179.9286,0.2812,9.6788,1.4911,31.0318,28.3597,4.2527,88.0404,12.7908,72.2616,808.7883,0.5904,8.204,170.3376,0.4331,4.6668,22.7765,44.5865,11.1554,126.1087,436.0046,49.3875,97.1364,7.9264,4.0598,13.2484,7.7099,17.7195,9.3345,20.4043,7.1911,1.1202,5.9202,351.6499,165.4948,2054.7444,2.8941,5.0961,49.3515,6.702,42.5525,66.9995,2.7615,0.3824,26.9622,0.6002,15.3912,0.1227,38.25,30.2014,4.6318,40.2797,50.8273,5.6938,35.3064,3.1971,9.6037,15.4829,0.5365,2.456,0.0155,13.7417,1.6052,8.2102,19.3192,93.458,5.6507,0.3573,26.1518,4.3455,1.3262,0.5003,0.1887,33.1507,88.5586,4.0907,4.8665,0.1391,29.1207,276.0531,68.9462,4.6772,14.308,2.4345,19.5754,286.0323,574.9749,40.3561,129.1096,30.9889,0.4964,71.2452,90.6782,5.9809,17.2615,1.6902,4.3329,56.4009,3.3728,53.7092,0.035,100.6276,40.7616,20.4567,38.3174,1.9052,70.7568,0.161,84.4403,13.1745,5.0111,74.7675,1.3714,43.8153,4.724,3.2168,51.3639,1.5692,1.9272,14.0293,31.5775,15.5002,15.9521,4.3862,40.1843,1344.3292,2.7224,6.3122,8.2927,86.8337,1.43,15.3991,18.4126,5.7304,9.1597,45.6043,5.5525,944.8922,3.9911,44.4806,17.1234,3.2143,5.7749,7.2165,271.6788,2.2669,31.3883,0.0331,6.7431,3.4365,28.2335,0.7922,0.9905,80.5346,0.0,0.0,1.848,44.5988,2.2983,4.6405,0.0696,0.026,3.6626,0.8877,1.3656,18.1489,31.6979,4.0603,0.153,50.0303,15.8368,1.2567,13.3166,4.5005,23.806,28.1076,1.2126,8.1374,9.9074,5.4325,38.9906,2.7319,8.651,14.3068,6.6387,3.1795,3.6116,18.9496,0.4143,0.7659,2.0851,2.9447,3.7522,0.4811,0.658,0.0962,0.0,23.2358,22.2326,2.3025,0.5284,79.0578,3.686,6.2028,130.6303,30.6252,125.486
4.4437,129.8072,169.5033,10.3431,162.3086,124.2193,56.2702,1.5104,20.1075,12.1049,62.9163,81.5769,57.7736,40.4945,19.9663,0.7611,18.8762,33.829,14.2423,70.0672,25.9289,27.3178,1.383,1.324,55.5044,58.2416,105.0938,3.2199,0.913,0.0,1.3869,36.4938,22.1949,301.9794,0.0398,77.1843,8.6588,41.2996,0.3575,90.6475,50.9799,205.8664,186.1576,24.8776,21.1184,1.9516,29.2913,82.7623,79.2617,111.4909,64.8692,62.2964,7.9383,32.8224,0.8828,1.9319,0.0,0.3472,0.0167,0.0,0.5213,0.0,0.7624,0.2342,1.1604,14.576,2.65,0.0213,63.9544,88.7841,61.1736,245.4791,0.8231,0.1423,3.6061,2.8588,0.7372,45.4008,42.4615,1.3577,2.3562,83.3124,50.2317,54.3129,36.7502,20.2059,0.0543,0.0,1.4386,18.4407,3.4838,2.3813,3.6493,0.3528,88.0065,0.0985,29.9219,2695.4986,65.9854,187.2046,32.3204,0.4405,121.2883,10.2563,141.9509,178.3972,8.8112,29.9872,96.7703,1247.1385,1307.318,0.6895,35.268,0.0646,3.0092,18.4126,0.4428,0.5795,12.227,16.6621,9.229,1.1262,52.3863,89.3631,43.8304,75.506,155.5364,30.1797,133.3827,229.0397,64.1182,38.0968,202.342,7.3406,12.5029,5.2195,165.198,36.3012,102.6346,81.315,122.7205,7.5562,52.3118,8.119,86.1415,20.1379,30.6589,45.1496,19.2385,28.8226,5.7145,13.6644,5.7281,168.0432,7.8271,37.0381,9.6182,5.9503,25.8621,25.5611,676.5513,16.2153,55.5097,65.2229,0.2112,5.2556,3.3059,28.7873,29.4833,11.0828,26.8607,42.9619,15.35,7.7465,13.7526,27.5873,9.0873,0.4889,15.1485,0.1935,65.4488,3.1076,8.8414,20.216,79.1057,18.9298,7.6685,57.8809,1.41,11.3011,1.7633,14.2355,146.4819,86.4333,14.9033,24.5905,0.2063,55.7912,52.7175,31.2959,9.8135,26.2397,1.9546,28.5881,115.3228,194.8303,47.7587,37.5776,22.0301,15.6074,46.2855,78.0472,3.9845,12.0283,25.3498,18.2465,36.683,5.8702,61.9171,1.1192,132.4079,34.6437,31.2637,89.1192,1.4109,27.7134,0.477,7.8457,18.0661,30.7093,46.1346,7.132,41.669,31.7787,32.8442,5.9262,10.0625,22.3191,36.4268,75.2557,3.2828,23.9152,26.3678,25.4136,582.4811,6.8404,19.0663,22.6973,131.6256,2.89,8.2257,34.1684,25.9774,43.4963,68.4281,70.02,575.9628,6.0492,30.3965,20.5008,15.5152,7.9522,30.2557,221.888,15.2449,27.849,1.1138,29.2406,6.8154,25.6452,1.9181,0.2427,42.5417,0.0,2.0505,20.7816,1.4749,2.8826,9.0308,0.1302,0.7852,4.6629,8.6869,8.0591,46.0004,113.6054,3.1137,0.0,18.5923,21.3029,14.489,19.1739,6.2488,95.8575,15.3533,7.9583,0.6396,50.7119,8.9385,62.2431,17.919,27.23,42.9499,41.2781,9.6838,19.9976,41.3856,0.8341,1.7046,16.1065,11.2381,11.7579,5.6507,2.6749,0.0,0.1332,8.5373,49.449,6.6951,11.4297,99.2138,24.4972,0.0,110.9965,45.9669,457.4421
0.979,46.9834,58.2979,3.2145,396.3395,81.2398,92.7707,0.2375,75.0168,1.3054,25.729,61.7596,37.6222,52.4928,52.0526,0.2032,4.2475,27.6331,15.6006,87.6621,22.1256,16.5355,7.5782,0.5747,21.7171,34.0258,64.6127,27.3471,7.7911,0.0,7.8714,18.825,15.9828,173.9726,0.0,71.1034,6.4844,39.7149,0.0063,84.9624,13.832,53.249,72.0422,65.1922,14.7914,0.0,25.8814,18.8989,48.2209,55.8857,42.2585,52.9088,31.2352,19.6858,0.0669,0.1353,0.0,0.0,0.0139,0.1379,0.4861,0.1174,0.0,0.013,0.3938,0.034,0.0402,0.0,1.0929,205.9215,18.6937,119.1747,0.0763,0.0237,11.6416,0.6213,1.0836,63.187,61.6114,6.7739,8.879,568.7369,26.3015,36.0701,2.7571,27.8358,0.0,0.0617,0.33,7.3412,0.0914,1.0365,0.1691,0.0578,117.0923,0.0,8.8058,1493.8634,37.5103,140.9377,26.4195,0.2051,90.6662,4.3284,118.6437,30.9536,58.3065,23.8493,100.5905,729.6289,962.5483,0.0103,21.6795,0.0,15.2419,20.5061,23.0892,4.7538,73.5613,16.0866,0.1496,36.0073,0.8343,104.4409,32.3167,25.1585,61.2585,35.5864,143.5431,625.0898,0.3896,36.032,414.8868,0.1931,1.9503,2.4067,61.6727,2.7348,13.7321,17.8291,5.2601,3.6443,42.6972,6.8419,20.1992,9.1717,26.3497,19.1521,60.8987,1.0612,1.5736,13.4284,21.8212,24.9383,24.9057,10.7466,6.0844,100.4443,51.0677,69.8078,182.6995,2.6953,0.2653,59.9033,0.4324,1.2749,0.0766,2.51,4.51,0.9429,23.4164,9.5794,9.5467,5.0838,4.437,14.0532,26.3099,4.4547,3.2778,0.0646,20.6307,6.5373,4.375,63.1126,71.2184,3.5492,2.7108,62.8927,3.1613,5.9447,4.4886,0.0,71.8185,78.3995,10.0205,23.0742,1.3787,81.0796,90.1586,18.5932,2.6708,21.5138,1.2823,14.3085,115.9583,315.4203,133.7663,8.0353,27.757,19.466,80.1381,107.4994,10.6588,7.2052,0.8793,35.4058,16.7369,5.9943,63.9302,0.6063,47.7631,53.163,52.8741,37.6015,0.0619,17.915,0.007,0.0,3.2447,6.4372,261.2218,0.4577,0.2983,18.3739,15.9794,56.9572,3.6424,5.371,315.8505,136.3172,39.6981,35.9794,21.1301,26.8774,319.3036,1.2222,11.9481,35.9887,80.2621,0.2342,4.5642,15.4193,22.7423,28.4448,157.8607,37.2958,505.6336,18.2496,45.5537,26.192,5.9036,4.973,47.4028,79.2479,1.53,29.7613,0.1377,1.2809,1.8757,7.2014,0.1455,9.3125,25.1533,0.0,0.2721,3.0123,1.0546,1.7177,15.5049,0.0121,6.6112,1.5153,5.755,0.9916,51.4163,118.6832,1.6271,0.0,1.2385,47.3991,0.1754,8.6931,2.0762,50.5033,2.5271,0.7032,0.5692,1.2039,29.9709,57.849,13.7405,5.1887,23.5392,13.9277,6.5205,8.3924,8.8094,0.0862,0.797,13.2803,5.367,4.9777,0.0417,0.3043,0.0,0.037,0.1391,77.933,4.4017,10.0659,48.6296,0.6679,0.0,53.6451,44.5947,205.2867
7.5084,15.5472,32.1418,229.9952,150.2691,47.4269,114.2737,0.8357,56.9216,1.4786,39.0892,20.9649,15.7629,45.5212,12.3215,1.5515,0.8088,5.6649,13.8856,27.4737,136.3444,99.589,2.9829,0.0726,50.3375,79.5096,43.2247,12.2918,5.0542,0.0,3.7313,29.1561,31.7799,131.3364,0.0,46.8387,27.0519,44.2049,0.0542,70.1778,18.1125,149.2404,20.7255,2.5021,18.9015,0.0933,15.0846,37.7978,83.1269,60.4859,29.5962,13.9414,47.3881,58.8281,1.7067,2.5698,0.0,0.0,1.2298,0.0,13.4289,0.1318,0.1313,0.8367,0.14,0.4327,0.4676,0.3862,13.0714,11.6775,25.3896,51.8337,0.0685,0.0747,19.51,0.036,0.0658,396.9435,245.0084,2.0003,1.3121,123.2601,11.5809,68.1943,28.8223,32.8293,2.2587,0.0,0.1752,12.8757,7.0615,11.674,4.1271,0.2361,79.4815,0.0403,13.4801,1224.1337,6.6511,143.6515,23.1374,1.0097,150.2344,6.6216,35.61,47.7447,40.2363,25.7052,16.5374,693.6925,1120.0396,1.2042,5.8926,0.0,9.2028,9.0488,0.7468,0.7601,99.4671,68.7688,1.0983,26.3746,0.3024,117.9344,86.2539,83.5502,53.9444,43.5541,249.3776,848.6111,4.3614,31.3159,273.7067,7.4863,32.364,40.595,47.579,37.4463,94.6829,102.9321,86.1004,125.3017,30.538,6.411,48.7713,11.6838,19.5679,8.517,49.498,45.0997,10.9013,6.0979,94.603,910.6529,8.1905,5.1396,10.2863,35.4656,28.6749,68.7766,221.4796,2.1588,0.8086,41.1381,0.1223,11.042,0.1606,16.9848,16.5358,32.6654,24.3649,155.0536,9.513,7.2962,6.8942,33.5505,3.9612,3.7032,14.4801,0.087,16.2335,1.4081,8.0824,44.7168,91.2426,0.8616,6.7217,46.826,26.3128,32.3495,0.7794,17.878,57.8813,170.7405,9.6528,15.3574,0.4252,43.7814,62.769,49.1485,6.2055,46.758,29.2569,23.0288,39.5843,497.2578,48.3945,6.5835,8.1951,10.5038,44.8491,78.753,5.4244,54.6991,5.6006,68.5414,169.9098,1.1281,101.3528,1.073,80.1749,24.2545,18.9118,23.7413,0.0,28.1156,3.7759,3.5411,57.658,4.6197,94.5681,38.6879,12.084,22.5647,18.8828,43.1137,2.9736,2.091,59.7544,61.6054,23.8699,25.3919,22.1365,23.6917,677.3651,13.0026,44.1762,14.8338,113.1528,2.6798,8.4878,31.7233,49.0303,64.396,89.2725,18.3452,429.4738,5.9225,25.6937,16.2506,7.3581,10.1885,52.8307,161.439,18.1842,29.1192,0.0618,20.2412,0.9216,42.4465,1.2851,0.4051,3.7663,0.0,0.1746,0.3023,30.0833,2.7233,1.0658,0.1409,0.3519,8.8336,31.2719,4.2804,68.774,179.4182,91.6054,0.0,10.641,38.9972,7.7148,32.69,12.2662,34.9277,21.2778,36.4853,0.4634,10.9766,11.1656,51.9852,25.6508,7.8381,18.5897,13.4341,6.7734,18.3361,37.3004,2.6252,1.9725,11.3688,8.6701,16.2221,11.9935,0.1139,0.0,0.0665,0.0375,10.2848,3.9311,0.9708,64.1915,5.3475,0.2673,43.6544,41.8977,137.088
5.2479,75.2097,155.6532,3.8087,311.8268,83.7527,160.5136,0.4716,56.778,0.6253,97.342,55.4738,9.0622,50.0422,43.4532,75.2242,3.6977,14.5381,10.1367,79.885,56.4568,47.4416,0.8349,2.795,33.0986,81.8341,171.558,21.4056,3.7036,0.0,1.7391,33.6282,11.0412,222.1505,0.007,147.8518,4.4396,49.8484,0.2208,22.3447,66.3571,210.07,74.4113,8.2157,26.2232,0.2074,60.9133,33.6085,39.0835,27.2314,39.5269,23.4838,37.6839,21.8212,0.4447,1.2609,0.0,0.0,0.0176,0.0,2.0393,0.2599,1.5768,0.1401,0.4567,12.7257,0.6764,0.0488,9.064,165.2626,89.5173,126.3467,0.9171,0.0526,22.2891,1.0904,0.2779,105.082,756.3554,4.9246,1.5573,75.9743,13.0321,59.3128,9.3071,27.6493,0.1719,0.0391,0.038,11.5819,0.3469,9.9997,2.9959,0.4489,157.0969,0.0331,37.6502,3491.6868,69.4863,85.6112,42.9915,0.5244,448.3711,12.2671,122.5993,50.7645,27.8594,20.709,123.8035,1021.2844,1594.1535,0.5003,10.8253,0.0114,12.1665,18.0654,1.227,1.9624,6.0762,149.4539,4.0603,31.4075,2.0463,28.5657,60.7175,66.2929,65.8129,43.1039,628.3035,919.9095,4.3034,26.2691,413.1665,2.3571,56.123,11.4236,46.2737,29.1137,20.9003,401.9893,94.2987,90.1643,40.1942,17.438,76.6435,20.5611,21.3047,21.1661,25.2778,29.7179,9.3796,29.5346,14.3666,80.6538,67.426,18.0667,18.672,83.7666,41.9426,26.7681,226.8695,6.7241,125.1924,57.5091,0.2938,12.7278,0.0808,3.6966,6.8159,8.5501,37.0124,22.4374,6.9592,13.2827,10.0928,30.0541,5.4954,4.2171,57.7381,0.0102,30.8908,2.9214,28.8011,46.6971,121.6334,10.0019,5.0369,69.9687,2.0348,6.1531,2.7155,0.0466,83.9308,49.0804,12.3569,14.9978,0.1794,112.2239,63.1076,19.1721,3.1554,8.7893,13.8813,23.6372,118.0381,409.838,41.8628,30.4285,25.7157,29.5309,81.6231,162.3522,12.114,11.6068,25.3599,21.4808,6.3574,6.606,65.8001,0.2838,53.0827,23.8138,37.0998,58.0216,0.4507,27.4034,0.0177,0.131,12.3906,12.7966,784.322,4.9052,30.6616,19.6955,8.6746,27.2701,7.75,11.0091,216.6122,120.0606,9.6895,22.9827,15.325,36.7428,378.5137,3.2183,11.4163,6.5739,73.2319,1.4207,9.9848,25.1983,22.6704,90.9227,88.6989,59.6905,591.2148,15.2679,45.2637,10.6925,5.1316,8.2187,89.9249,106.6663,4.5169,34.5824,0.1306,1.802,3.3374,134.8239,1.0123,0.0116,26.7703,0.0,0.1476,0.7501,0.2669,25.5686,10.0195,0.084,17.4602,0.093,7.0268,0.5546,73.2466,154.6376,0.7043,0.0,0.9949,23.1297,13.0844,23.13,6.4602,112.5833,8.8545,14.1706,9.0023,16.8748,16.0045,58.6606,15.3686,7.9261,40.1411,38.6874,9.8577,15.69,36.6177,0.3701,0.2867,7.875,16.9251,7.2243,0.132,0.6577,0.1266,0.2108,2.024,22.7979,10.5552,9.4141,40.289,1.4653,0.0,60.8145,28.0467,407.9882
2.5313,21.8086,43.3616,10.1495,144.7642,71.7736,57.3603,0.3221,24.2452,2.0928,30.542,24.7394,5.6877,24.5986,14.0905,38.8983,0.5477,11.3323,11.1009,60.11,37.6259,31.588,4.5754,0.6746,8.9909,39.0405,26.7408,14.3448,20.2121,0.0,1.3929,33.3533,17.8763,100.878,0.0104,55.3619,15.6934,46.6245,0.1788,83.0723,9.9442,59.3199,31.3385,4.1415,15.9714,1.8163,25.9619,10.2026,109.3961,59.3289,23.8355,23.8089,21.9525,10.2364,3.7879,3.8357,0.0487,0.0,2.9493,0.0,9.0815,0.0551,0.0,0.0,0.0154,0.1703,0.3322,0.4009,7.0186,1.5661,1.8278,137.968,0.1433,0.3122,11.1031,0.2447,0.055,356.9228,607.8849,2.1378,2.1391,92.9771,10.7213,34.5082,16.6531,7.6024,0.0,0.0,0.0564,5.2101,0.2746,2.403,1.0664,0.311,84.9125,0.014,4.9405,2653.3564,11.0319,82.7733,12.8184,1.3563,190.9807,3.1335,32.3086,35.8552,32.9836,13.9302,29.7091,499.2642,1030.7412,0.627,17.9163,0.0,11.9136,10.2943,9.2801,171.1122,478.0312,35.3806,0.8366,19.9153,0.2199,180.4395,67.0086,110.7204,39.1478,26.6328,561.7592,207.1349,4.9246,17.8159,217.9115,1.3149,47.889,11.5487,75.2337,29.9293,48.8454,1179.6273,64.0571,656.7575,31.574,6.9751,8.1294,7.2828,27.9343,10.3313,67.6117,25.7211,4.1704,7.3658,817.4041,295.7461,27.3421,6.6688,10.0321,37.2243,15.2879,75.5836,221.6814,15.9508,0.1957,32.2792,0.376,3.7377,0.048,36.6948,8.2352,15.9712,12.7227,30.4318,6.0525,2.6028,4.03,14.1453,10.3944,3.0442,4.3473,0.0,10.8875,2.9144,13.5061,24.6767,183.6474,2.4576,2.1965,25.4824,4.5566,4.0695,1.516,0.1152,29.085,43.4995,8.3905,13.8716,0.0716,43.4706,86.4317,30.4753,0.792,22.5366,53.1784,15.8803,75.6714,417.9805,141.8727,27.7916,9.0862,5.4466,109.3511,71.9078,2.313,22.411,2.7312,15.2435,186.3044,1.986,62.0854,0.2619,91.03,18.9574,22.3018,33.3621,0.0,26.4572,0.2098,0.3888,66.1737,1.8153,139.3278,15.5485,2.4388,10.0914,12.1218,31.3478,1.8606,0.9782,186.5665,56.4075,12.7995,20.7903,11.3227,47.3385,640.4196,2.1404,10.3954,23.6237,43.4533,40.9351,14.0871,35.7635,25.4018,17.1551,97.186,23.3743,577.6401,9.723,42.6073,9.1398,5.6914,2.7442,20.1989,124.8005,39.1218,11.1408,0.3555,15.4931,8.22,6.6751,0.3187,1.1061,47.488,0.0,0.0,0.8426,1.1555,0.4112,4.4169,0.0113,0.2283,1.0831,6.5385,2.4017,27.7046,92.6464,6.5675,0.0,4.246,15.9309,2.2462,16.5085,12.3763,19.4095,15.8616,3.5738,1.971,4.4516,11.525,51.7053,11.5741,18.3317,24.1253,5.2168,3.737,4.6022,14.555,0.4337,0.1761,4.7226,4.5296,7.2408,0.0392,0.0,0.0,2.3298,0.3135,10.9411,1.9462,0.8189,64.5803,1.5883,1.5904,61.2619,65.3097,92.0736
1.0851,20.208,42.2781,3.0123,226.4795,72.0728,433.3822,0.0795,49.2317,0.0769,35.8846,10.3126,18.6687,10.0119,41.3334,3.1266,0.2092,33.7856,3.7087,198.0611,11.299,20.7286,6.1101,0.0627,3.4001,29.545,26.1107,27.3972,5.6347,0.0,0.4079,35.1999,2.0859,85.9254,0.014,35.0367,1.2707,96.7127,0.0081,28.9681,17.7442,19.1032,67.367,21.3438,5.1366,0.0,14.2518,3.7414,38.5592,37.5967,4.3313,14.5791,26.673,13.5493,2.8253,0.7495,0.0,0.0,0.0,0.0,0.0162,0.1862,0.0,0.0083,0.0104,1.8123,0.1658,0.0376,0.5382,241.5283,7.8993,149.8682,1.1136,0.0075,19.5169,0.5978,0.1673,16.3821,44.0291,1.6772,2.0362,168.4562,11.8375,8.9087,1.8896,6.172,0.0,0.0,0.2094,2.3252,0.0696,0.048,3.3426,6.1277,79.5439,0.0759,5.372,5604.3452,12.7807,207.8976,21.547,0.0814,16.2042,2.6107,449.8016,15.3362,196.7895,6.2502,107.5224,149.4064,559.8137,0.0847,3.3123,0.0,9.8051,8.2827,2.1099,0.3579,6.6148,69.9376,0.0289,13.9538,0.3622,69.5099,86.4397,4.0104,86.861,14.4559,115.3349,876.3688,0.9698,9.6671,169.9124,0.2451,24.1253,1.8937,40.0106,11.2179,19.3472,813.4987,26.7605,137.4871,11.5338,5.306,16.7868,9.4157,54.7122,11.6346,6.7876,16.7592,0.5252,10.1077,11.7544,4.4285,63.4011,6.4291,8.1491,9.9004,31.8416,104.1174,779.856,0.3873,0.4329,31.4482,0.0813,1.184,0.0162,24.5296,3.8425,3.6955,32.3824,6.0642,5.497,50.2882,1.1847,11.7851,10.6491,1.2261,5.0129,0.0205,8.1743,1.4198,6.5111,28.6346,126.4229,131.4063,0.2359,31.0936,1.178,0.6863,2.2787,0.0623,19.201,39.7467,9.6122,7.1767,2.5068,14.0649,233.742,96.7155,1.3473,22.9422,19.1285,14.8037,153.4293,1033.8176,180.4456,28.2967,25.161,0.676,80.0588,34.4877,4.0805,14.3974,8.4557,13.1867,39.4182,8.5683,73.7754,3.9013,59.8767,42.276,40.1144,48.4698,0.0197,110.1454,0.0089,0.0606,43.9272,6.1031,281.1318,0.1879,4.922,7.2306,5.9,42.9121,1.7336,4.4619,65.5363,72.5839,78.6903,10.1632,5.8154,59.4877,1088.4112,8.4847,3.5713,5.8736,121.1035,1.0404,8.0107,8.9166,3.1119,82.3241,48.6578,7.5337,655.8037,6.8895,440.7504,16.0088,1.7237,4.6394,12.5355,224.5741,0.9305,28.3295,0.131,0.0364,0.062,8.4596,11.8775,0.0,75.5311,0.0,0.0,8.9276,0.3123,2.4579,5.4017,0.0459,2.8155,4.0545,3.2914,0.0959,11.8887,89.1519,114.1764,0.0112,63.8603,7.3549,0.1923,2.647,2.5635,24.5671,16.8046,15.1203,3.1154,52.1307,24.5249,22.4241,4.9513,14.2351,15.3594,11.0337,3.8945,4.5259,10.043,0.0547,0.1587,0.8622,2.867,1.8891,0.2383,0.2253,0.0952,0.0,7.5211,9.6074,2.9502,0.1804,66.208,9.2294,0.0,124.6754,39.8253,83.4458
4.854,20.8631,57.8831,8.0778,67.2457,112.4008,2.476,0.3489,1.7201,16.2161,39.7992,28.841,13.4832,22.0811,27.5143,11.7439,1.4226,17.1195,8.4576,127.3193,51.7241,46.2999,1.051,1.6984,14.28,62.1153,106.452,40.7724,14.6332,0.0,5.9517,27.8812,21.322,88.0275,0.3635,42.2249,46.6954,53.342,0.061,69.0712,69.6245,55.3203,56.5439,13.404,28.0199,0.2189,2.7115,25.0699,15.5204,26.1931,19.2584,20.3693,29.0036,0.8945,0.617,11.25,0.0416,140.6912,0.0334,0.0553,1.0867,3.5752,0.0689,0.0418,0.0131,1.4622,2.9958,0.0428,42.6127,84.2714,14.1795,133.9749,0.0611,0.1237,6.5264,1.1725,0.2347,180.7079,47.2589,9.8162,0.9668,7.0817,60.4894,42.6898,3.7828,16.8688,0.1089,0.0,0.1443,14.6928,29.8255,9.0682,1.1763,1.7862,146.3194,0.0539,8.115,1279.7238,103.0382,142.577,39.998,0.8219,66.2811,3.3991,81.7587,34.9476,11.16,28.061,102.4847,1394.2249,2181.1484,0.7326,9.4538,9.2302,3.2334,7.703,8.5859,5.5532,5.4896,51.1701,0.7921,2.1742,5.9,6.2765,11.3527,26.3786,50.7754,21.7073,53.5099,153.3341,6.7484,67.3853,238.7138,4.0242,1.7843,9.6607,40.5258,37.3414,22.8472,10.2349,164.5952,18.1948,20.4916,4.8432,7.668,11.6975,31.2273,41.4568,6.7503,1.4749,3.8113,15.9331,1.8979,36.1395,171.1745,52.3641,8.9125,12.8237,13.5511,312.7575,225.8966,4.524,0.8959,45.3053,1.155,3.3518,1.1051,154.3428,10.7261,5.6325,41.6841,24.1359,4.6313,7.389,3.4276,22.3887,19.7668,3.6561,5.0982,0.0776,38.2534,3.8157,3.7867,19.0879,193.7552,0.4453,1.0676,34.9811,11.1505,2.403,4.0265,1.8091,76.7241,57.0229,15.0876,12.9721,0.1285,36.5589,76.3299,8.9171,14.3498,11.2852,0.609,16.8968,172.3316,307.3869,125.339,94.3723,55.3199,11.0902,108.1041,48.5435,4.4195,15.0979,3.3788,6.4059,13.7079,1.34,43.9785,3.7122,89.4325,20.7378,12.7438,33.2542,1.2908,22.9417,0.1063,0.3318,2.4308,8.3995,193.9053,9.774,45.8739,10.6822,11.1814,125.8391,2.7281,3.621,100.8151,46.1305,21.0845,38.2454,16.3342,64.4847,484.6744,9.4379,7.5235,0.8151,51.7371,0.2871,10.8839,44.5234,16.0027,78.3921,121.2366,36.6128,1252.0519,18.2073,48.0995,10.9909,4.1981,4.6922,6.823,51.4392,8.1233,31.1323,0.6068,0.3371,93.8736,1.7744,2.5647,1.3717,0.4602,0.4362,0.3427,2.8764,6.4518,0.6316,43.3156,0.5898,0.3734,0.6434,149.9793,2.7522,19.3656,138.9384,1.8988,0.1984,99.1126,23.017,15.9364,4.0987,25.0036,15.2333,12.5672,51.9149,2.851,11.6082,11.3775,58.5967,21.3966,17.0011,32.4934,6.5472,6.2439,5.9603,8.1795,1.0808,23.306,8.6877,7.7858,8.7997,4.9147,2.1542,2.526,74.8122,0.7581,72.6356,4.9752,0.8811,94.2034,1.1828,16.9842,60.0809,45.6371,172.3354
12.4172,21.2006,37.7082,16.3524,103.4264,79.405,1.0924,1.9349,5.0288,1.7953,44.1923,34.2841,27.7054,53.4244,14.9926,13.3895,1.5871,17.9769,13.1419,45.2677,135.6292,110.5987,2.2761,17.7944,75.0213,77.2473,69.4842,86.574,26.9991,0.0,6.7817,32.0525,14.3553,127.3969,0.1819,181.6285,14.715,31.8026,0.239,60.0167,23.2888,137.715,22.5979,7.3089,20.4949,1.6344,124.3452,71.4494,97.9877,27.0587,19.8512,17.7039,54.7782,4.4305,3.5687,4.9463,0.0825,0.1117,0.5897,0.2194,10.0754,0.2179,0.0912,0.4698,0.1218,0.6973,0.2665,0.5566,12.8164,87.9178,14.0853,94.4837,0.344,0.3211,22.8804,1.5945,0.6369,1817.2905,494.2019,8.4815,3.053,59.065,30.1431,83.7577,13.8396,34.5807,0.1442,0.0327,0.1114,14.0589,0.9792,5.1253,21.6707,11.258,71.5642,0.6063,18.3929,464.3519,27.9463,61.7219,17.5881,3.2682,307.9485,14.6134,56.0146,41.5075,22.9457,39.4968,22.5858,508.8318,1259.1447,1.9286,47.0225,0.1239,24.7599,11.3125,3.576,16.5172,25.2147,187.4925,1.0692,28.3085,1.4982,139.4711,212.8894,120.0987,71.4858,54.4458,327.071,776.0577,5.0067,28.9413,251.2268,7.8534,15.532,39.2585,43.2816,34.5079,89.2565,160.3421,134.6233,132.2437,49.4616,9.8163,25.5118,15.3115,23.3449,20.1324,35.6847,12.9245,7.9504,21.7332,428.1452,528.4492,87.1703,10.5691,10.312,188.1033,46.2745,80.8228,197.1814,14.0263,0.6231,71.8024,0.3313,13.2357,0.3522,15.4643,19.4026,22.3109,20.2275,127.8332,16.4308,9.1862,14.8017,18.2454,32.7611,11.404,46.9576,0.1199,26.5267,8.5973,6.7002,81.3336,56.516,1.0553,7.3614,45.7471,4.3673,10.8358,7.3063,0.3123,93.0986,56.5243,17.7954,20.7349,0.4387,60.3847,48.3102,12.4501,4.4169,37.6914,8.4137,19.3349,29.7864,560.0224,88.3317,3.4515,14.2635,27.8522,48.9036,92.5394,5.8152,22.3052,7.175,55.1212,389.3533,4.571,70.5298,7.036,28.0511,18.596,20.6095,21.8609,0.4436,10.9824,0.2777,0.1605,3.6041,11.3087,422.7658,5.8118,15.4687,43.9943,31.0829,117.2423,8.7578,8.3737,392.9592,121.4504,17.6731,34.0877,30.1121,21.836,259.2095,10.1665,21.6227,13.2081,106.7994,2.8353,24.8939,53.1333,71.5487,55.7684,73.5632,54.8092,744.342,20.1393,32.0867,17.4812,13.5638,8.4351,36.2414,95.4211,18.5123,46.6778,0.2738,8.3045,3.5131,12.2066,1.9289,3.6801,13.2455,0.222,0.2887,1.0878,2.7596,1.3791,4.7687,0.2815,2.8439,2.1952,14.2446,9.3255,93.9722,282.7294,3.1795,0.4127,4.6295,26.0378,5.5822,38.2778,9.9707,141.373,40.7499,8.0301,1.8303,12.4517,15.8584,44.0419,24.6593,5.4119,38.4873,20.6495,3.6492,18.0709,62.2978,2.6425,1.9229,18.8112,10.1327,35.6421,4.3811,0.0269,0.5042,1.5908,2.302,7.2934,6.9787,4.1123,19.8668,3.5199,0.8012,55.1048,44.5492,81.3782
8.2819,55.2305,63.9775,55.81,74.4332,75.6222,39.933,2.766,52.2603,6.8677,56.9106,32.8576,29.7165,24.9966,26.6345,88.0042,21.7285,104.271,24.3627,96.0111,83.1289,60.5797,6.6658,0.8566,70.0925,82.9685,131.4829,145.4944,21.2188,0.0,15.2575,35.7484,37.9404,233.0959,0.0491,272.0347,68.5941,19.6685,1.5767,41.25,26.5498,100.0986,143.9757,27.3032,20.6465,0.1212,169.4186,84.255,392.2402,108.1047,42.2683,62.8383,49.6224,91.277,3.0633,4.2168,0.0,0.0,0.1696,0.0,6.1438,0.1953,6.0251,0.1878,0.0728,1.6216,0.107,0.0921,29.4798,102.6008,32.7008,164.2205,2.8773,0.1449,31.2116,1.9563,3.8333,297.5793,67.3245,12.453,9.6585,172.988,64.2846,85.2095,21.7254,50.0409,0.0,1.3012,0.233,19.3269,2.1289,6.8024,15.6984,2.4139,96.4545,0.0249,43.4831,391.0476,58.2159,88.6786,13.6575,3.7729,144.579,23.5077,56.0141,366.577,132.1403,50.0199,55.3762,635.9943,833.927,3.7028,70.3511,0.0,18.68,31.0973,11.1151,70.1569,28.6574,131.6005,6.1887,62.0232,3.2794,141.3049,121.4627,72.0098,67.5563,70.7773,74.2907,360.3731,28.7022,30.3366,290.1611,23.2075,48.1548,18.7564,597.8953,39.2358,47.608,609.9017,329.7232,111.6563,84.5546,32.5773,34.8416,29.8508,30.8824,48.6545,39.5341,35.656,9.839,31.6923,90.485,219.3109,36.8079,22.1571,28.2102,54.2952,56.2088,119.5013,165.5302,10.4358,0.042,74.0539,1.35,7.2433,0.6232,163.4392,26.333,51.8396,14.5079,169.0109,20.789,4.9063,18.363,46.1627,35.6214,16.1454,40.8643,0.2149,52.0252,22.3068,63.8703,44.6589,43.266,28.7307,23.1954,30.9705,2.4261,13.5022,21.2708,1.9596,106.61,43.6447,18.9517,28.516,0.6204,49.7596,34.2132,7.5242,7.1401,129.2902,10.905,37.0843,40.5631,255.2359,63.3591,17.3236,25.3622,49.689,40.7898,60.4428,11.2789,14.0154,15.455,67.5811,273.5982,14.7934,34.3807,4.425,53.2658,46.4543,109.1058,36.2276,0.0344,22.4235,0.3949,0.1766,18.2302,20.0478,344.0579,6.8386,21.8778,49.2027,32.2555,40.3358,14.4248,20.8336,381.5645,145.8429,31.1794,44.6192,47.6146,14.4286,104.2721,23.3772,21.4023,6.5999,37.7582,39.4883,24.3927,84.7302,102.8614,51.7495,75.588,132.6863,351.8022,33.2971,93.5147,42.603,19.9011,15.3087,32.136,51.3431,3.5356,39.6101,1.2597,11.6417,6.6101,36.2298,4.7868,1.8985,32.9963,0.0,0.8193,6.4338,32.0142,3.5864,31.5571,0.3479,0.9138,3.2988,17.9814,4.044,96.759,210.4324,13.33,0.1766,41.5176,24.2638,10.0114,57.5733,13.2669,70.2796,27.4562,3.2807,1.1443,15.9204,52.9414,44.9997,27.4059,7.1943,25.8994,18.1986,7.0199,20.8582,55.7854,2.8348,1.56,28.8538,22.0494,5.1965,1.2957,0.4782,0.111,5.0109,7.9926,18.1454,12.8599,10.3452,70.9234,16.646,0.66,26.9711,48.9539,125.9953
2.2325,36.8085,89.2799,14.5345,12.4474,55.2761,238.5672,1.2918,82.4744,11.0595,95.5037,57.1111,4.5674,175.6766,20.8401,147.2585,11.9504,3.5215,16.5662,95.5331,73.9508,117.8406,1.8054,2.9382,78.8269,103.1758,75.6787,15.9437,1.1733,0.0,0.9866,87.6605,69.4744,248.155,7.4512,176.8993,28.203,40.2849,0.1927,138.3093,64.3289,229.5956,70.9295,18.7712,60.7477,0.0474,21.647,68.9776,20.6294,140.4513,32.3411,170.9448,16.1334,202.5729,1.4002,1.3342,4.2105,0.3101,0.0172,0.0,0.1348,0.0727,45.6757,0.0161,0.3152,10.0705,0.954,0.0294,106.8444,5.8598,48.0672,87.6817,0.1655,0.0294,42.7033,0.0248,0.2178,206.6147,277.5333,0.9772,0.3529,66.1254,54.8236,95.5677,93.5029,45.5421,0.0561,0.3443,0.093,90.9275,1.3592,17.0477,8.4894,42.0586,79.4267,0.1528,38.3246,780.5106,69.4265,134.7808,36.4083,0.1112,116.2684,14.146,88.5218,61.3731,1.9718,27.0716,32.0334,650.2893,3911.6084,0.3373,85.1595,0.0223,4.0373,25.9332,0.0286,2.1719,8.8816,19.4443,16.1466,3.1792,4.7797,157.2729,56.7537,76.0494,47.0634,41.1984,751.6253,841.0133,6.193,211.8275,318.39,6.3978,64.6213,4.7716,439.939,9.4541,218.644,107.7822,532.5064,101.6473,63.8434,18.6054,33.4157,35.9037,15.8413,18.7394,11.1182,2.2975,1.4013,17.5563,3.9046,163.9324,72.7233,41.6981,24.3961,89.928,18.2352,56.9327,166.6962,0.6145,0.0587,142.931,0.0595,38.0666,0.0158,1.7172,42.8013,8.5806,29.9944,20.7547,19.054,2.4206,14.2643,30.7234,14.3136,0.6851,22.9883,0.4602,93.4951,13.2344,1.8476,65.1757,59.0277,3.61,13.8415,96.9522,0.3531,15.5717,0.7994,0.2889,49.0517,71.8812,18.0305,13.9583,0.1466,44.5235,67.4264,23.4669,9.9542,24.2415,2.2368,54.3765,24.0388,484.2239,5.8551,24.8264,22.1579,34.8277,63.5577,57.4386,4.0184,44.4749,2.6685,72.6042,41.8658,18.9454,109.1691,8.829,165.6489,37.1659,16.7994,72.2616,11.5165,21.4318,0.1514,0.0197,0.4808,18.2089,135.7432,2.6693,107.9678,91.9973,25.008,21.0657,9.4296,11.7843,66.1953,61.5319,27.79,38.4538,35.7522,28.1602,470.9068,21.3709,37.3877,4.8111,17.5969,172.5073,1.5724,27.6125,24.2045,20.5841,111.7819,102.4748,831.7146,6.6468,42.3218,22.1559,11.868,12.0789,64.0462,138.5674,18.7051,59.1932,0.064,1.2913,1.913,33.7002,149.3355,91.8983,0.5491,0.1816,0.4818,0.1191,6.7097,6.5952,4.372,0.1047,1.3977,1328.5372,26.4384,74.3187,161.5343,88.652,103.1083,0.0,5.2139,41.5432,21.542,15.0744,17.1379,56.1368,56.7778,4.5628,0.3968,253.4662,6.6721,30.0216,15.8598,17.2923,28.6342,16.6259,2.4957,28.6322,7.0111,0.3663,10.371,24.1992,40.3436,17.5095,77.0635,7.9984,0.093,15.0296,0.4482,76.0395,13.5616,3.1717,74.004,87.4276,7.7151,41.8791,54.9705,259.7806
6.5873,75.6154,122.627,31.4963,976.8931,104.243,139.8033,1.0598,55.5008,9.1477,23.4828,28.4304,6.7691,48.996,25.7708,11.598,2.2161,58.6858,15.0249,83.9049,78.1213,78.054,0.8334,14.3799,32.3931,63.4744,66.0565,29.8841,13.014,0.0,4.5233,19.2047,20.5004,145.8807,0.0,101.1876,57.5546,56.4923,0.0991,68.8138,26.9836,66.8937,77.4358,22.8479,51.292,0.0081,73.8884,26.0556,126.7104,51.2428,60.3341,31.6523,48.354,7.9736,2.6267,2.5804,0.0,0.0196,0.3307,0.0,0.2188,0.4802,0.0895,0.0,1.196,0.0927,0.0359,0.0794,8.4209,9.1432,11.1721,133.9737,0.0567,0.0706,9.0021,0.3428,0.1525,913.4862,235.2531,4.5922,4.2584,86.2853,26.5095,59.7245,34.385,17.1319,0.0,0.3674,0.0223,8.2241,0.2991,1.9996,10.2434,11.6819,116.2993,0.0167,20.0717,1970.6878,34.6333,85.4421,39.2759,0.3115,180.9053,6.7327,214.8052,1211.8796,450.3071,20.7361,60.841,1657.4624,2999.1934,0.0688,34.4815,0.0535,13.0814,15.1564,4.8085,11.0566,203.5665,321.7536,0.1548,64.7349,1.0886,318.4804,30.4393,92.4493,104.1371,46.8694,163.6429,897.7948,0.9027,21.003,308.619,1.9931,299.6655,7.2688,95.1763,43.1582,64.9387,826.0896,77.8201,292.6756,19.931,7.9378,34.7516,19.7469,62.609,34.3626,97.5233,38.6156,2.3667,15.8371,487.7801,50.784,170.459,20.606,12.7154,212.3969,37.8754,63.757,212.7066,6.3167,3.1427,71.8256,0.5241,2.2319,0.038,35.2613,23.5586,3.4871,19.9269,33.8256,9.993,3.8453,6.9969,16.0897,21.6732,2.4431,6.7708,0.0841,32.5074,4.0279,6.8406,76.3682,95.1814,7.3727,2.8687,99.6339,0.3554,5.6031,1.6664,1.241,65.4261,54.898,10.5931,14.4551,0.0785,83.8004,78.3322,13.9742,2.2857,26.4356,40.0699,27.7492,137.6489,352.9101,71.4303,30.6396,22.1324,19.7845,113.5964,110.7466,3.9314,21.5668,1.09,22.8843,216.6886,2.6544,82.9474,0.9379,167.9043,33.6071,33.7052,78.2531,0.0691,24.6857,0.0104,0.1421,11.0699,11.3558,248.3539,4.4854,26.2858,23.4512,25.0549,35.7685,2.4022,6.7888,526.0733,86.3214,14.334,30.9877,23.1632,41.3885,383.7424,5.2271,10.3309,70.1271,96.7718,19.1313,5.0564,78.9338,48.7813,123.3123,93.9125,38.1858,529.4047,16.2743,33.2048,24.8727,5.4422,14.4672,52.4878,114.4228,17.7094,23.9865,0.3328,0.2702,3.9092,7.3929,3.3179,11.7994,21.5151,0.0,0.1157,1.4063,4.1312,0.7365,10.2628,0.009,0.0804,0.5299,7.5479,2.1405,38.387,126.7556,9.7663,0.0,16.3029,31.9474,1.3047,8.9206,7.914,56.3977,12.7235,7.1686,2.8841,53.1943,20.736,41.3156,9.963,9.5422,26.7322,10.9708,8.5584,11.8318,25.4802,0.2107,0.4068,13.729,6.2909,14.5187,0.2482,0.3395,0.0,102.122,0.5587,19.5481,2.4713,9.6862,76.3919,2.9727,1.7022,69.5135,41.9468,241.7419
18.0031,46.7731,202.7535,13.2291,249.0015,118.7238,38.0116,2.9932,26.2634,2.8781,44.4613,30.1206,26.8715,58.3274,26.8707,25.6072,4.6832,18.5539,11.1188,132.7782,118.834,112.1293,0.3928,6.144,27.7346,60.2669,267.0344,21.5935,3.4482,0.0,2.2892,27.048,11.1308,129.579,0.5577,181.7406,58.0609,61.2798,0.1045,83.1733,60.0838,490.3526,43.6441,12.7334,20.952,3.0805,26.5805,53.8078,27.3706,50.1619,61.7331,32.4167,16.7221,6.0475,1.481,7.1644,0.0,0.0,0.0143,0.0,1.1713,5.0126,1.1319,0.0402,0.4389,12.406,0.2357,0.4575,16.785,11.1089,29.1328,115.6689,1.099,0.0489,23.1202,0.165,0.0603,290.4891,3279.3401,3.7818,2.4445,90.3303,21.7726,59.9377,16.2257,33.3288,0.0,0.0,0.4631,10.2803,3.4228,3.9991,1.0938,5.8192,138.1838,0.0461,29.7905,2141.275,63.8546,124.3555,27.7806,0.7034,359.8804,7.0661,143.0516,41.7247,4.6427,22.1545,100.6616,2252.219,3073.6457,0.3276,44.0631,0.0,4.643,11.4572,0.7127,17.906,29.3776,135.5257,0.3613,63.4822,1.9576,25.1185,51.2253,44.1246,64.9674,21.2696,474.7924,643.4623,1.8191,32.7622,314.8325,2.5169,10.5481,12.2879,35.2789,29.673,88.0815,141.6012,214.9229,50.3907,33.6355,6.4579,22.3357,13.8149,55.6872,37.5032,55.5337,16.9166,3.5258,12.1697,25.7578,33.5123,207.8235,14.2679,13.55,469.0496,20.4584,29.6533,121.6743,4.7876,0.1949,42.9583,0.313,22.4753,0.3678,52.9299,14.9088,3.3955,51.0303,35.7215,9.6727,120.3626,38.8054,18.6697,7.0686,1.2259,7.5681,0.1993,30.8259,6.8991,56.823,21.9335,91.0151,0.6824,6.1677,34.5764,25.6045,5.3719,1.2884,0.1515,225.3523,52.4972,7.6858,21.7196,1.1468,116.2683,135.9925,25.5065,7.0118,17.8039,3.2577,49.9121,87.2165,333.1835,20.5982,61.2474,29.5871,20.2272,69.2965,132.8724,6.0887,18.2618,13.1525,21.7394,65.9441,8.792,70.8025,2.4702,63.3224,60.6699,24.8746,51.7805,0.5418,57.2754,0.3879,80.351,6.7977,32.4782,473.3284,18.0047,120.6569,38.5995,20.0818,32.5796,7.6305,4.24,72.6792,69.445,17.5195,52.7362,14.8095,35.7006,296.5635,2.0222,9.7987,30.3824,107.0398,2.0128,20.6719,44.2743,20.2564,70.8455,109.3816,36.6155,3044.3252,11.6298,34.9584,30.4963,9.667,11.5413,118.9594,132.9031,5.3783,40.8973,0.4249,3.9929,18.6352,38.7487,1.5964,3.4273,73.3669,0.0,2.3999,6.0007,66.2626,4.1583,13.4472,0.2234,0.7156,2.5131,9.1618,2.8615,34.9835,87.7973,2.0558,0.0,33.5548,24.8729,10.6152,20.2142,7.2674,188.6042,198.0055,8.5758,12.774,30.3859,13.6475,62.3291,7.85,11.4745,19.2544,8.3242,10.8523,11.341,30.8804,0.773,7.1063,24.4876,6.8151,6.3766,4.0776,0.2609,0.0515,49.8699,32.6029,48.5416,7.737,6.4752,60.4788,21.3148,8.0531,90.889,52.0933,389.4448
11.3665,22.347,135.0165,1.1948,115.8416,63.2824,2.0326,0.7021,2.6322,1.8977,34.7874,58.4408,10.3074,54.2792,30.2023,23.199,1.4385,93.8613,15.9304,55.3688,73.5391,50.6492,6.4365,0.7142,28.2787,50.3998,50.8433,32.7046,4.4799,0.0,69.222,35.0257,18.2087,190.7498,0.0388,150.2754,13.2313,33.6776,0.2895,59.0661,26.6579,50.7866,68.6048,12.0657,17.2813,0.2684,41.2859,25.8398,205.2474,112.8007,53.7404,22.4687,17.7141,15.6025,2.31,0.2878,0.0607,0.0,0.0488,0.0,3.2317,0.0687,1.3872,0.0,0.2687,0.1856,0.0987,0.1387,15.0931,9.3105,5.8133,91.921,0.2231,0.0417,14.7617,0.4219,0.0343,451.0629,255.473,4.1043,1.7332,101.5991,14.5877,31.8111,5.4691,18.691,0.106,0.0,0.0351,7.2186,0.2352,1.528,1.4695,0.4119,98.192,0.0874,11.9686,1321.2987,26.092,112.8279,25.6678,1.5094,271.9136,4.2867,40.2402,23.5764,3.7606,23.3536,84.3032,1877.5797,2528.5025,1.4777,15.1118,0.0,2.6391,36.0555,0.3241,17.5754,226.8071,7.0029,0.2054,20.7547,0.1883,98.1655,57.438,91.8719,98.3441,22.8427,81.779,239.7973,141.3181,46.6723,389.6523,1.7506,23.2755,13.5377,27.6075,14.6192,57.4142,296.3906,104.8995,70.0856,34.9407,8.4279,12.079,26.2091,42.0838,10.99,9.1092,104.7321,2.7811,12.9292,118.9556,190.8766,144.3975,9.6962,5.7626,31.2629,31.367,20.1224,570.4206,0.3569,0.687,73.1957,0.0562,4.128,0.1195,17.8961,9.1579,15.7461,24.8658,46.1827,7.9777,45.7379,2.9662,18.9856,4.7567,3.4024,9.8116,0.0,15.9451,3.0395,7.8992,9.0934,110.0814,16.5627,6.1055,33.9692,1.3543,2.7131,2.1176,0.0574,59.8914,94.2209,14.2797,12.8897,0.0801,49.1219,100.8451,22.0321,0.6633,18.0111,1062.1597,51.7951,122.5115,421.9079,42.8906,36.7984,11.9807,20.1372,132.4916,72.9212,2.7024,42.8969,4.351,26.1375,126.4636,5.1867,55.1825,18.6214,53.6806,25.468,13.5857,40.5267,0.1087,10.8517,0.0082,0.0745,5.7201,2.6929,95.6909,2.2672,4.4332,16.388,23.4041,36.654,2.7583,1.9722,38.1774,118.2604,5.4573,31.6181,12.9601,83.4408,516.4907,1.4006,7.0596,1.606,44.2644,0.6284,11.2552,40.6848,43.9769,36.1548,81.5755,24.8183,1424.8368,3.5938,28.5684,15.8523,10.568,4.0176,37.6013,133.862,5.2193,21.0329,0.2818,16.9264,19.996,7.2098,0.1701,0.0,5.3926,0.0,0.1819,0.7871,0.1234,0.1812,1.071,0.0706,27.81,1.7855,18.3372,5.233,35.8217,196.4362,0.8681,0.0,0.8277,27.5769,5.5021,27.4339,18.6875,108.5691,6.3915,10.3537,7.448,113.8144,11.6428,38.0003,10.1487,8.5666,26.699,5.575,4.0095,6.5835,22.4349,0.4466,0.4204,7.055,7.501,7.7626,1.415,0.1483,0.0,0.0433,0.0325,13.3102,8.4174,8.4253,73.3141,12.5878,0.0,61.7663,73.4852,146.4015
1.7498,46.8927,61.0216,5.8955,74.9472,33.1164,0.5371,0.3622,0.7067,3.8176,32.9526,21.1337,36.3586,117.2231,17.1424,16.5093,2.4266,1.8923,8.6781,33.7982,10.8616,9.4723,0.3552,1.008,17.911,35.7577,50.2484,2.8094,9.0858,0.0,3.3459,45.5806,30.0868,131.6064,0.0,75.1334,44.3838,47.0345,0.1486,52.172,13.7375,81.3749,52.4958,17.9547,20.5557,0.0265,14.4406,29.6418,128.7367,268.7651,36.4523,28.5708,28.5843,29.9981,0.1081,0.2384,0.0,0.0,0.0,0.0,0.1859,0.1896,0.1666,0.0526,0.1457,1.8577,0.1006,0.0622,1.9306,627.1868,19.2425,70.4913,0.7701,0.0383,20.0446,0.1295,0.0946,29.2286,100.0334,0.8967,0.2868,145.1747,13.4695,36.9152,17.5084,14.9555,0.0732,0.0,0.3392,14.6474,0.679,0.1046,0.8585,0.0467,134.5032,0.0241,11.4083,784.7717,16.2266,136.569,27.4055,0.3244,36.8884,5.4539,94.1963,37.6792,5.909,23.5984,73.7661,678.5934,1662.4337,0.0415,12.7124,0.0,2.4858,21.3051,0.1865,0.553,8.8081,79.8776,4.3794,17.1681,0.7682,93.7185,15.5662,46.4195,77.305,23.2434,26.8566,959.9861,0.8228,14.8286,284.2513,1.2152,5.1662,2.1794,104.6909,17.7395,29.9139,93.2066,28.291,24.6865,18.4034,8.317,58.7382,16.8644,19.6967,16.9072,22.8555,2.1478,3.0496,16.6287,12.328,39.0751,2.3915,8.1318,7.4142,16.1517,27.6898,49.1893,104.5541,3.1211,0.1071,47.1596,0.0517,2.3604,0.0619,12.664,10.6561,4.4135,26.3291,4.5187,23.8417,1.4032,4.7655,12.7733,7.1953,2.2104,8.5806,0.0782,29.1266,5.2337,10.4522,22.7496,69.1916,10.8128,1.8638,62.2496,78.6035,5.8123,0.7554,0.1387,49.0845,39.5523,11.4732,13.1761,2.2866,30.6752,56.2257,36.7281,3.057,19.5499,6.8523,41.3002,71.7577,475.3512,51.2485,42.8619,25.9064,18.4738,47.2233,57.23,5.7909,13.8931,3.2589,11.2669,48.5623,5.8012,77.863,0.7638,81.4055,29.9406,145.1954,41.9362,0.1251,80.1308,0.0677,13.6058,1.8987,7.1542,201.1322,5.2829,24.1603,17.6486,17.6409,5.2461,4.0529,5.1731,28.3151,39.7979,15.1327,25.7086,20.4683,34.6365,334.847,2.3008,9.5784,14.086,15.0743,0.3671,1.4691,22.4757,9.8457,23.7288,60.1808,45.2957,391.9386,2.9624,41.3218,11.0909,1.3354,4.4795,31.4458,150.7441,7.31,52.1126,0.3891,0.3396,2.0038,21.4451,1.9186,2.5265,91.1052,0.0,0.4709,0.7246,0.0568,0.3427,1.4957,0.0292,0.2181,2.155,7.143,2.8953,37.5709,92.6381,28.2835,0.0,2.4606,18.0663,0.631,5.3503,2.9887,37.769,19.099,3.1567,0.2873,7.4889,14.7645,63.4313,8.2428,16.4791,31.5785,20.9924,6.698,5.9046,3.25,0.1044,0.7697,7.1915,5.3818,8.1574,0.8422,0.5119,0.0,0.8372,0.7414,20.7861,5.182,3.6127,182.306,3.0536,0.0,70.2257,66.0682,499.8686
18.4073,31.5692,53.3878,92.0989,211.8687,27.894,0.9121,4.1567,4.5142,4.5668,61.9154,80.9102,22.0959,89.8665,13.5749,26.7695,2.6433,12.4861,22.5719,68.9103,133.2287,84.6725,0.2272,4.0476,49.0011,126.5339,133.308,6.276,0.8872,0.0,0.3225,22.1576,18.0137,154.861,0.0129,130.4626,3.471,56.8694,0.2439,101.6816,49.3155,155.5871,25.064,11.4552,36.391,6.4652,204.1786,71.0831,91.3281,54.4471,30.3278,34.2271,27.0369,9.252,4.7176,5.4308,0.0,0.0,0.8174,0.0401,1.9741,0.1367,0.0601,0.2958,1.2804,0.2574,0.103,0.1726,13.3292,81.0804,15.8812,125.6452,1.3551,0.1106,20.6073,0.0233,0.1706,1509.6232,66.396,0.6661,1.3836,274.9301,37.0426,94.8531,9.4922,26.9954,0.0,0.0,0.7688,14.6944,28.826,81.1286,25.8442,11.9383,86.9213,0.0,26.3221,1332.8986,30.5508,145.8406,33.8385,0.6769,365.139,11.7409,76.967,58.8222,1.6206,38.5094,51.5174,1695.4746,2257.7818,0.1794,54.5358,0.0314,12.8616,22.2182,0.0538,2.3226,29.5273,311.7851,0.6173,32.108,0.7074,163.5319,244.5664,174.9223,38.4339,58.3673,217.7339,3116.1026,3.3942,47.4055,181.3005,4.78,125.967,29.1208,110.4762,64.8889,58.5521,462.3686,167.7581,646.4794,51.747,15.6537,71.0308,21.1612,26.0194,16.9934,88.7214,54.9156,8.1047,12.1015,488.3561,920.9104,29.3609,14.4264,14.7196,118.8618,47.8607,42.7017,84.8786,22.6264,7.4703,130.5062,0.1492,26.8369,0.8774,14.348,23.8809,16.5241,31.8049,138.96,7.8454,15.1374,10.1858,20.2617,22.0971,0.7251,16.2343,0.1786,43.5945,8.808,10.863,43.2961,123.6678,37.402,14.0361,107.8293,1.6804,8.0792,0.1933,0.0572,128.9898,56.7955,15.118,14.4346,0.9657,81.7878,78.0689,12.0782,7.2742,54.6049,91.8251,59.0909,68.8605,554.2495,64.1429,8.6337,20.3982,14.1121,96.0901,114.3784,7.3749,28.3995,7.7727,109.3623,127.1463,2.3631,84.4806,0.3319,31.7008,59.8082,52.3583,30.5291,0.1984,38.5356,2.7077,0.1206,3.4505,10.693,841.7969,18.4534,70.6233,40.0686,35.2733,12.8488,6.7508,8.1286,57.7215,107.21,8.3361,45.3734,20.9214,39.8434,280.58,6.5983,12.2233,41.1164,205.1205,4.7738,16.4031,52.176,41.7374,13.2639,118.0803,103.7146,446.8479,8.1117,14.1713,35.6937,11.675,8.6344,30.2219,121.9662,9.0398,20.091,0.0401,23.6689,3.5045,190.5706,1.5248,0.6323,118.5888,0.0,0.1585,1.6423,7.1449,39.4432,19.307,0.0984,0.0315,3.1346,6.9235,19.3055,73.6959,147.5005,10.3729,0.0103,8.0022,39.6526,3.5938,52.2577,3.3775,239.1898,182.0599,9.1419,3.1076,37.6621,7.7664,77.1049,16.0639,9.2677,58.5263,5.1644,4.3417,13.3762,74.9918,1.2803,2.5025,30.7073,25.2097,9.7762,0.8017,0.6202,0.0583,114.8919,9.0405,36.0747,9.3592,6.7451,38.8172,3.3565,1.8659,36.5464,51.859,146.0338
13.3205,40.5964,66.2607,102.125,285.9016,75.1393,0.1631,2.6896,3.8123,2.5877,60.6445,65.288,14.4513,45.7306,13.0449,64.3961,0.9821,36.4718,18.5388,96.0239,191.2511,144.9427,0.3392,35.3834,78.6836,103.9124,1332.9162,15.2942,2.3785,0.0,1.3204,28.4605,19.0946,171.8886,0.0578,149.2902,3.3748,47.1858,0.0362,112.5286,55.9841,289.9512,50.6363,24.1984,16.3621,0.4102,252.3135,106.022,75.5327,83.4488,54.8734,25.4007,44.5222,6.8779,9.9258,2.4437,0.2465,0.2503,0.317,0.0328,1.5865,0.1116,0.0817,0.1671,1.2943,0.8455,0.2598,0.0845,9.2751,118.2764,33.4891,127.7801,0.1813,0.2087,19.9403,0.0952,0.334,1132.0058,260.0126,1.1292,0.5354,118.1854,46.365,119.2245,10.9422,38.6752,0.0,0.088,0.1568,10.7679,14.9485,111.7077,12.2334,13.2384,114.8933,0.0355,35.7493,1680.6431,49.2216,211.522,23.1815,0.5198,286.0676,17.2154,57.4947,54.8761,4.1884,50.9629,76.3193,1376.1214,3495.5603,0.0976,78.0169,0.1025,7.5126,11.4149,0.1097,8.6529,244.2283,511.3438,0.3739,117.9861,0.7511,203.612,383.0888,152.1537,49.5912,55.7932,217.1879,3325.953,4.4357,37.3281,283.0587,3.7971,125.3358,31.7743,149.2331,46.3506,102.9633,1457.0131,183.5678,1504.113,44.2027,16.4223,140.3301,22.2563,21.0415,18.9145,118.7745,148.8888,5.5831,15.3959,576.4553,421.9517,130.7435,16.4265,15.1549,144.1491,92.1092,49.8166,155.3413,5.2561,1.1345,131.001,0.2131,10.0553,2.2813,31.278,57.8542,12.4255,28.5476,130.3926,11.5312,37.199,20.0747,31.7429,18.6626,1.8567,19.0086,0.1381,31.0484,2.4105,23.2227,51.7916,107.3607,9.1567,27.1757,194.876,0.6638,59.4349,1.0324,0.035,201.2896,44.3795,9.5028,15.0603,1.432,105.479,78.9205,20.3373,9.6417,32.5587,84.8656,65.407,48.0286,580.1797,104.4752,16.2142,36.3587,19.3284,88.2906,268.4216,7.5094,31.8751,3.0748,109.1034,1706.8352,2.8233,97.5143,0.2132,35.616,97.2133,104.0885,20.7035,0.0147,52.4044,0.3251,0.1135,25.463,13.8173,1521.8037,2.4179,60.0206,46.106,35.4864,30.968,7.3983,10.5555,78.0362,92.7295,8.9591,44.4436,37.8297,38.2352,226.9881,12.0986,12.5189,123.7939,254.3208,4.5827,13.4605,48.6826,46.3962,71.4911,106.1595,76.9901,597.3417,12.0877,35.8795,48.3943,4.3199,7.255,56.2185,127.3285,8.7849,24.5018,0.0,5.9412,4.1873,157.9832,0.6221,7.1188,190.6561,0.0398,0.1663,8.1926,7.4505,10.3965,26.5141,0.0229,0.1316,7.6841,10.4267,6.1684,46.2465,268.3805,3.6895,0.1008,2.9893,42.3459,1.9399,49.26,4.0964,357.6894,232.0744,6.2901,3.0598,59.6845,4.9687,59.2548,11.4564,5.8033,37.879,4.0052,6.1172,17.1832,75.3604,0.8018,1.4851,23.6843,35.366,109.2001,0.2577,0.0,0.1664,88.1721,10.0077,8.4978,4.4973,7.3865,34.3592,1.5972,1014.6245,60.9235,45.5937,608.1957
1.2101,19.7738,41.7284,18.2839,383.9118,35.0725,0.1976,0.1904,1.0362,1.3396,53.0124,36.0847,17.746,48.3913,10.3929,21.2204,1.4011,16.1099,10.0002,42.6436,74.4061,64.1121,0.0357,8.7272,14.5097,31.1642,59.9948,5.7123,1.5499,0.0,0.7224,21.9948,10.1965,156.5362,0.0,59.8932,12.2301,48.0867,0.0,72.6325,9.5786,48.6957,41.3183,9.1158,11.2402,0.8117,38.9261,16.3119,73.6457,57.0327,22.9546,19.192,28.5245,0.4697,1.2331,0.8611,0.0,0.0162,0.0597,0.0423,0.0785,0.0721,0.0,0.024,0.0403,0.0974,0.0148,0.0109,4.8925,138.9927,3.8683,59.5333,0.2342,0.0656,8.6161,0.123,0.1618,68.3793,324.3321,1.7589,2.8872,133.784,15.8023,25.9216,7.0279,5.12,0.0,0.0,0.0921,1.9703,0.3254,0.6894,5.0805,0.1259,97.7981,0.0138,12.35,3397.533,11.6919,117.5698,14.2307,0.0472,237.9994,3.7145,125.6715,29.8543,34.0264,13.2766,68.8915,927.4866,1495.828,0.0315,23.749,0.011,2.5962,7.925,0.5387,2.6959,72.4503,187.8351,0.1238,13.156,0.1707,131.1936,64.2082,53.186,56.2823,61.4838,221.9302,2230.6855,0.7359,14.7125,194.0926,1.0078,129.6544,11.6198,26.8269,38.8939,24.0022,401.3617,55.262,570.0987,13.674,2.783,62.2404,4.032,36.8274,7.1043,30.3959,4.9894,0.5295,4.5009,790.4575,141.784,221.2063,6.2946,5.3294,116.868,23.6106,39.7416,469.2053,2.5602,0.221,49.5281,0.1671,1.4604,0.047,5.794,15.2671,5.4726,14.6782,33.4072,7.0734,9.7601,4.0339,9.2803,9.9226,0.3822,2.2031,0.0198,15.7527,4.0134,19.8084,75.9468,84.0,11.3239,2.387,105.5134,0.1693,2.3308,0.2269,0.0603,58.0958,49.917,6.4534,8.9487,0.1129,100.4327,52.5913,13.9615,0.1131,26.3651,0.7678,17.0549,85.8674,321.7912,40.7472,13.4792,17.5718,9.0044,66.2566,65.4612,5.8546,21.5888,1.1212,12.9482,326.961,0.4057,65.3176,0.8933,41.8815,33.797,31.3635,23.9251,0.057,15.3517,0.03,0.0098,16.8746,3.1097,199.1882,1.3223,5.6667,9.4506,11.6441,9.3063,1.9414,0.8114,195.4499,128.7982,12.7036,16.6759,8.002,48.2476,473.8619,1.8658,13.8732,52.8062,195.063,1.6324,18.0274,29.6817,33.587,3.0923,71.9235,20.8211,466.5344,3.6699,20.6644,11.5616,1.747,3.7707,20.6944,114.1376,39.1962,9.7845,0.0634,2.0539,1.0556,11.9185,1.4884,9.5023,26.6841,0.0,0.0,1.4559,9.1294,1.5425,26.3592,0.037,0.4685,0.4235,4.6236,1.0876,40.2486,127.385,10.7777,0.0109,3.0414,25.0056,1.1063,5.3147,2.4661,27.5563,14.3744,6.0442,0.3276,11.2831,14.9739,31.3671,8.9868,4.5452,19.3268,2.7118,4.2386,8.1995,11.0401,0.121,0.2111,4.7338,3.2908,54.3781,0.1537,0.109,0.0307,15.504,0.6832,23.3301,0.9718,0.8961,41.4369,0.3836,0.1405,77.619,48.7203,275.8676
1.9532,46.2675,42.2408,10.2255,246.1117,55.5627,247.7852,0.0536,29.5322,4.9539,43.2276,8.7656,28.344,16.8431,18.4284,11.1657,1.6114,52.3549,4.2469,125.9165,18.7684,30.8507,0.5888,3.2646,11.1529,34.432,42.0128,13.4514,3.6503,0.0,2.2213,31.6711,16.194,110.4776,0.0,28.3933,60.6286,47.0989,0.0094,47.1362,21.1703,45.1416,39.2204,7.6902,9.363,0.0161,390.1724,7.7329,96.021,56.5233,17.4142,32.3285,4.6866,3.871,0.606,0.4273,0.0,0.0,0.0308,0.0,0.0095,0.0867,0.0,0.0289,0.1576,5.9873,0.0119,0.0219,1.3544,69.5043,9.3684,114.0964,0.2537,0.0175,7.2683,0.1333,0.303,4.7974,684.0968,0.9026,5.8775,187.1361,11.4034,15.0771,13.1035,9.0959,0.0,0.0,0.0,3.3315,0.081,0.0399,2.0174,5.5193,71.0971,0.0055,7.1822,5412.3425,16.0116,71.839,16.6296,0.0568,126.4075,2.4656,181.3617,64.4163,109.5226,7.4625,49.756,568.5649,1120.9719,0.0607,12.1668,0.0133,8.2701,25.889,2.0814,8.6029,186.9419,73.4761,0.0865,17.129,2.8226,206.4527,16.3415,20.6455,43.8183,27.1346,231.4708,418.54,0.9853,10.6713,229.4645,0.44,19.1809,3.7572,69.6228,34.886,51.048,277.067,53.5682,54.6301,16.3526,4.1188,33.3033,7.6782,34.048,10.5107,65.4091,6.6007,1.0335,11.9315,15.9989,14.8674,4.2185,6.0265,6.7033,156.164,31.1967,126.9158,840.1485,3.5323,0.056,21.0709,0.071,0.4021,0.0755,12.033,6.3873,0.2516,13.8559,5.7403,6.3111,5.7833,3.1782,7.5171,14.8017,0.4918,2.2671,0.0119,10.533,4.4667,5.3352,38.5956,44.5942,11.0067,1.9458,30.1799,0.1358,1.2015,0.1895,0.0907,26.9523,57.2251,5.1441,8.9754,0.0809,43.4092,42.9325,35.9874,0.5838,15.4516,3.4509,14.8484,140.3205,334.8884,51.0683,42.1887,22.6667,3.1009,38.3408,50.7765,6.99,14.0502,0.5997,19.3078,3.9197,0.9718,102.8712,0.2867,51.0238,49.4469,34.102,28.7955,0.0,48.77,0.0,0.0471,7.5228,9.3074,316.3381,1.6909,26.879,6.5426,10.7082,26.1756,1.5901,2.2946,48.3702,42.2247,10.7927,11.279,7.1828,37.5854,737.2457,1.7818,6.5711,25.3147,39.8521,1.1096,1.2028,24.6738,15.1322,42.1123,59.0579,19.215,472.1738,3.0547,50.2464,11.4041,2.1162,5.4703,20.234,300.4759,5.37,18.4643,0.0254,0.3955,1.3138,1.4638,0.7882,8.0098,13.9546,0.0,0.1149,0.4262,2.3379,0.4131,2.0914,0.0089,0.2545,0.2172,2.6949,0.4602,35.8205,49.6461,1.0757,0.0,2.0917,26.9174,0.4242,6.6646,1.9093,25.5601,11.7146,1.513,2.7338,26.2565,9.8808,24.6018,22.0916,9.7253,15.675,9.8417,3.2416,5.426,7.8104,0.0228,0.381,1.7502,1.6817,5.3729,0.1233,0.0749,0.0,0.4651,1.0484,19.6206,2.0969,0.3782,81.3742,1.5045,0.0338,90.5518,37.4085,137.3479
7.5334,65.0321,83.8014,3.6971,285.9628,43.914,92.5211,0.7858,102.0081,9.2492,46.8244,38.9219,86.8826,119.5718,45.8038,2.6503,1.1227,30.7035,8.1205,52.9051,180.2788,149.2851,0.3325,4.0419,6.9307,38.7856,34.7206,33.9782,47.8769,0.0,6.9735,40.0338,10.8079,80.0213,0.0,54.7691,4.2708,106.9746,0.0201,114.2526,16.8096,80.4172,43.9638,5.8875,9.0063,1.6471,26.7062,10.3027,253.1869,219.762,18.1833,32.5712,21.7781,9.6117,3.1405,0.4928,0.0,0.0,0.0732,0.0,7.9826,0.1856,0.0181,0.1648,0.3286,1.2065,0.1441,0.9624,12.0546,446.7418,76.468,81.0751,0.2815,0.1126,10.1918,0.0423,0.1235,707.2257,416.2287,3.1371,0.5874,269.1973,12.5404,34.9546,16.7866,17.4883,0.0,0.0,1.3916,11.3132,0.3468,1.3885,2.4705,0.9087,146.3066,0.0079,13.3433,1628.7886,11.6775,93.9546,19.2881,0.7477,65.8754,2.1542,136.8875,41.7016,8.8821,20.7154,48.5027,471.5118,2133.9614,0.3248,8.7037,0.0379,3.1661,11.7781,0.0974,9.5549,147.8236,9.9385,0.4181,11.7394,0.3548,9.0802,55.0154,50.8009,302.2113,21.0674,299.2262,751.0426,1.9427,22.3988,421.2999,6.5909,0.3699,36.8078,42.2435,43.5483,96.7189,15.712,58.339,2.4269,24.282,4.1246,28.0067,7.3113,37.9561,12.1653,6.6772,2.8886,2.0396,11.8509,25.8549,735.7389,175.0098,6.6311,4.6,15.5446,30.6461,83.0908,318.7646,3.2968,1.9374,25.1644,0.2026,4.9987,0.4307,22.246,54.7158,14.8999,38.0012,86.0767,13.6774,15.7589,4.2068,60.3864,5.1888,0.8373,6.7385,0.0851,18.76,4.8874,9.0458,19.4348,77.6817,3.4767,1.3389,69.2134,75.1721,2.6182,0.5169,0.0517,25.6093,141.0489,4.2778,10.9987,1.8078,66.4216,110.899,52.1103,0.8022,21.1777,3.4043,24.2961,91.4963,499.9078,25.8398,18.2524,26.8943,8.8361,61.3489,82.0968,4.1588,23.7856,20.7238,8.5623,20.706,0.9266,100.2392,0.2684,94.1426,13.6311,58.5797,89.9365,0.0327,56.8918,0.0147,0.1007,3.0237,7.5287,660.3483,5.7894,24.5459,22.8465,12.9745,36.8246,4.1845,2.4568,17.6894,42.3476,27.4386,23.46,17.28,49.1309,433.1426,1.2884,8.3573,29.7699,75.049,0.7987,18.0838,30.7943,26.0508,40.5875,72.291,27.995,666.0313,6.9881,40.7547,7.8959,2.9703,4.5179,51.496,189.6397,12.2974,48.3512,0.2177,29.2001,3.2748,14.0029,0.4089,0.8924,29.8697,0.0441,0.041,1.4525,0.63,0.3124,0.9653,0.0254,2.0572,1.943,8.2133,2.4027,43.6105,42.2618,0.2708,0.0,2.7561,11.9955,3.8493,12.7957,10.1695,34.5613,17.8275,3.4229,0.9,15.764,16.1616,59.8882,12.0336,12.6899,28.1479,10.9516,10.5627,4.481,9.7374,0.6491,0.3953,7.4756,4.1607,8.385,0.3958,0.2406,0.1055,0.2732,0.176,59.0866,2.2799,1.2789,82.348,3.8611,0.0,36.4861,82.4646,251.2633
15.2774,29.4235,31.6424,7.4144,985.1924,75.1716,1.9852,0.165,7.1567,50.0815,18.9931,11.0456,4.6215,23.1322,49.4286,23.7961,0.8667,14.9384,7.8713,17.0144,57.0384,84.8535,0.8926,7.2537,15.6212,57.0533,30.2541,20.8004,9.1979,0.0,5.8445,28.2119,19.2687,120.9853,0.083,106.5142,9.3133,121.2477,0.037,53.7142,20.0575,27.4426,6.2767,0.5725,4.4314,0.2459,17.0723,7.4522,135.1825,40.2585,15.8363,18.6881,38.0412,7.8787,1.6603,11.3224,0.0,0.0,0.0,0.0,34.3576,0.0,3.8546,7.0688,0.0137,0.9164,1.94,0.3212,44.1867,6.3205,14.4558,70.6866,18.2532,0.0198,46.2248,1.3867,0.1953,101.4679,427.7586,2.1846,2.0929,25.9323,6.6552,93.6307,5.994,19.3953,0.4531,0.0,0.7504,5.8706,6.6131,2.8081,3.4543,0.2366,83.5534,0.4359,4.8717,1128.271,11.8479,78.4355,16.2412,4.011,94.4515,3.5691,60.7976,25.8031,41.3497,14.7447,5.8646,387.4115,1368.2549,2.954,20.6939,0.2696,13.7023,8.3395,0.5774,59.7439,86.2718,53.2668,22.1925,3.3527,0.9761,31.2964,40.6923,38.5757,70.8785,38.056,187.7229,138.0521,7.3817,15.6121,398.2726,25.3165,13.9752,30.7492,25.5644,21.8891,187.0524,107.4018,70.7663,34.3925,32.5755,5.0969,26.2144,22.2273,33.7032,9.5172,18.5634,4.2776,39.6726,10.4006,2.5029,470.9368,5.2945,2.8202,7.6928,155.1544,34.4629,64.2062,588.0996,10.0685,2.3535,24.8153,0.5073,7.1933,0.2555,28.8913,11.6791,88.151,19.1098,103.9761,8.4127,23.8952,2.9064,10.5009,9.1064,1.727,17.7803,0.0,19.5169,3.1274,3.5282,23.7751,45.0901,9.892,0.142,37.1345,3.8457,11.6831,3.4462,0.1841,38.8628,85.0688,8.1377,12.2206,2.1649,34.379,75.9409,24.0424,4.8084,37.3936,27.6216,15.9929,55.7314,417.7944,18.4241,4.9058,1.7348,5.3283,33.6058,92.9592,6.0961,84.5281,6.766,12.0089,17.4984,7.8452,85.2659,1.4758,81.9657,30.8794,20.5164,36.0341,0.7488,12.4975,1.2687,10.5671,7.4481,1.1236,38.3659,5.9698,34.0832,12.5514,12.6105,17.8816,2.725,0.5698,21.997,81.1255,35.4496,64.1622,7.4033,37.0088,485.943,2.0102,15.5896,7.8569,94.4108,3.1124,52.3084,41.1174,75.0315,17.5054,41.8979,13.8347,468.6807,9.6556,15.6977,8.5156,6.5617,4.8892,24.4112,165.7715,20.0345,21.0296,0.0861,31.3948,0.6026,5.1872,2.7486,4.0656,4.2811,0.0,0.0,0.4809,6.3006,4.0261,22.2241,1.0962,36.2699,19.4187,11.4604,3.5583,27.8468,74.8488,2.7127,0.0147,8.2101,17.9861,8.4012,16.9626,15.7741,13.8111,84.7336,9.4138,0.6821,44.8636,10.0414,26.173,2.6381,19.2664,12.6201,20.2428,3.8768,5.2143,8.2403,3.0185,3.7646,5.1113,4.9044,1.6679,21.909,0.2114,0.0,3.025,0.3015,2.1175,2.8174,0.0948,34.3692,7.5347,0.0,55.3931,41.7419,39.3126
0.2763,51.6971,22.995,2.376,111.0086,40.2853,4.2876,0.3072,9.8109,2.3609,22.9423,16.2282,30.7184,67.8695,9.5246,45.2481,2.3084,38.0469,4.2944,29.5599,12.8821,11.4786,0.0984,30.2494,14.0443,42.6374,56.7746,1.0962,0.1843,0.0,1.4152,37.5356,10.1187,125.5685,0.0,74.2493,50.0047,31.1642,0.0,72.1455,14.0209,67.8491,15.4545,3.2177,18.4818,0.0555,22.3899,22.9035,59.6233,71.9838,25.2114,21.6379,20.4173,23.5298,1.0772,0.0938,0.0,0.0,0.0,0.0,0.0325,0.2485,0.0437,0.0,0.0834,0.0288,0.0817,0.005,0.8966,162.9148,19.005,49.2355,1.4536,0.0201,11.6234,0.0339,0.0992,198.5729,490.2624,0.1505,0.0985,178.5769,9.9463,29.2063,3.3993,14.0863,0.0,0.0,0.2795,11.5418,0.1393,0.1371,4.7467,0.0267,69.2349,0.1139,8.8627,661.3246,4.2008,142.9078,34.6718,0.0145,73.5279,4.0057,148.6348,21.3677,1.765,21.7646,31.1004,445.9382,1181.0379,0.0261,17.1278,0.0,1.1768,14.9814,0.0782,0.0,1.7338,57.023,0.435,24.0547,0.3718,105.0879,24.0768,22.0505,36.9182,16.0235,105.9507,551.2296,4.5549,39.5547,409.3894,0.7428,5.9533,1.8024,59.8694,31.5439,24.7268,94.261,32.9092,29.88,14.6681,6.0456,41.6153,10.6279,13.2094,11.1741,23.0778,0.6939,0.2073,6.4383,19.5882,84.7702,14.9563,4.9708,11.8277,21.5102,19.5907,33.6739,78.6492,0.2153,0.016,36.4983,0.0136,0.8558,4.9087,50.4326,18.0344,2.0701,21.0793,5.0946,12.6186,10.1665,3.1536,7.0393,2.5745,0.2363,15.47,0.0684,20.0377,13.3248,7.6674,27.3482,56.8701,0.8956,1.0362,62.7429,162.6106,3.4107,0.1341,0.0831,45.1317,44.2459,6.3257,8.1971,3.3715,28.1282,69.421,13.8023,1.7814,28.6498,82.5399,50.7561,63.3791,309.6266,19.7506,23.8148,19.6366,7.5357,31.8101,51.1934,6.1556,16.3099,1.7564,14.1624,67.2462,0.319,52.6875,1.0987,43.9097,17.856,74.5034,32.6738,0.0,36.9996,0.0059,27.5234,9.4375,8.741,87.0908,15.4341,8.9602,26.4435,13.3484,1.5916,4.5904,3.0983,18.5593,18.4515,4.6167,20.6768,10.8748,30.7991,280.1038,1.8881,13.8776,9.0865,228.7855,0.2683,1.5406,13.3052,16.9293,59.0793,75.8862,32.8163,349.241,6.9541,23.033,8.744,6.7124,6.3123,97.2964,89.6425,1.1876,32.8083,0.0291,0.3885,8.9179,76.4135,6.3232,7.0909,51.4914,0.0,1.9752,0.8141,4.5844,0.6845,2.573,0.0306,0.0343,0.6799,17.3171,2.2834,31.1937,141.8212,10.5148,0.0,0.3662,22.0352,2.8762,16.8111,4.6819,36.6366,17.3025,0.6831,0.1506,18.4459,8.2067,44.9201,19.0804,11.7212,14.6817,5.0,3.4509,4.4217,12.2365,0.0521,0.225,7.3124,10.1365,1.9836,0.106,0.0429,0.0,0.0,0.1649,41.07,0.7728,1.7657,105.4174,1.1951,0.0,75.3756,46.5646,329.7443
1.1982,77.2419,53.0039,0.3864,58.356,125.2095,94.8738,1.0133,24.202,1.4273,36.1979,41.8273,12.4694,52.1408,54.1207,7.8295,6.0532,28.8164,17.8112,37.4055,9.0977,8.6326,18.0901,0.2211,30.4465,74.9645,78.6599,0.563,10.4716,0.0,0.4605,35.5446,38.8096,161.523,0.0,85.2899,39.7292,47.3398,0.0136,38.2685,24.6913,140.4976,128.2141,16.0822,24.1627,0.1404,11.6138,35.1646,133.8117,131.6058,69.5999,31.1179,10.3028,112.7442,0.0627,0.1251,0.0,0.0,0.0,0.0,0.0274,0.1571,0.0184,0.0,0.1229,0.0061,0.0108,0.0,6.4406,14.8155,30.5575,95.6987,1.0005,0.0191,17.1274,0.0322,0.5486,3.3687,151.3254,0.523,2.186,80.5119,16.7364,70.2872,13.7531,18.7743,0.0,0.033,0.273,19.1105,0.0685,4.4381,0.0517,0.0113,120.8669,0.012,9.0667,1642.8064,24.8818,178.347,20.0759,0.032,263.3593,8.1657,34.7879,49.721,72.3596,28.8272,43.162,682.3011,860.908,0.0275,22.7716,0.0,5.9264,33.3339,4.696,60.3955,25.6634,81.0397,0.08,11.3169,4.5826,122.0983,48.7802,29.4738,117.4048,31.3557,117.7837,431.0905,19.7759,27.8687,317.2609,0.3316,15.972,1.5711,156.0408,3.5609,3.4702,220.6795,27.081,59.1225,24.4439,6.0477,21.6079,10.6269,30.8869,18.6636,11.7582,25.3509,10.1626,18.2982,85.3763,10.2003,0.5156,12.8349,11.6783,1.4404,21.4466,66.0853,93.0437,11.364,0.2738,64.2265,0.1114,0.7573,0.1367,13.7028,15.9361,0.5374,28.1648,4.3018,9.72,0.392,7.7498,24.9773,8.8759,0.7067,7.6411,0.1123,22.7777,0.9606,16.7625,27.8333,75.889,1.3911,3.3163,54.9218,5.2433,63.8262,0.3513,10.6376,59.4563,98.9636,13.0599,31.5149,0.0356,51.4293,112.1402,25.5448,1.9354,29.3048,5.9398,18.3974,83.999,324.5887,35.435,27.4093,15.0877,23.2506,49.0994,64.2787,3.4766,15.1341,11.2827,45.9572,1.0026,1.1461,61.3487,31.9566,52.1271,45.5346,57.999,46.3636,0.0166,28.2711,0.0448,2.0712,33.0847,5.1423,48.6726,0.2017,1.3712,18.739,17.1886,1.837,2.1913,7.6415,170.745,91.7636,24.2537,29.7552,33.5665,23.0475,287.8703,12.7785,16.5036,13.419,6.5333,0.1549,6.278,32.3898,21.1012,28.4209,64.163,38.9154,713.5175,7.9536,166.5436,19.0234,17.6035,8.8796,46.7513,97.0822,0.4606,42.3039,0.1289,0.3377,1.485,6.3366,0.2595,0.0394,20.9536,0.0,0.4994,0.7032,1.4676,1.078,6.4161,0.0194,0.0795,31.1334,22.2395,1.0064,50.6517,132.6769,0.4583,0.0,8.5226,35.8104,7.0925,11.5575,9.9044,16.5169,8.5317,41.0032,1.8279,5.8697,24.2728,61.5705,22.962,9.2882,22.4119,35.867,5.7609,12.8678,25.9096,0.0494,2.0742,6.0381,8.5123,9.8209,0.7145,1.0179,0.0,0.0198,2.3825,27.8259,2.9054,9.1517,98.1504,3.7249,0.0,61.9115,24.0381,125.7807
2.2253,38.6822,146.8576,26.5683,73.4593,128.8758,29.5157,2.7375,28.3917,1.3062,58.66,48.3377,34.0917,65.4255,7.836,56.1165,1.5583,48.3215,11.2657,104.6916,252.1658,238.9096,0.1097,31.7806,61.9752,57.3799,167.9294,12.0609,3.9977,0.0,1.6074,22.0857,13.4602,123.9617,0.0,133.2991,20.5515,49.8152,0.0671,49.0038,33.7847,270.6435,36.2806,14.2782,38.8822,3.8412,94.3268,80.8806,28.7202,84.3564,53.5563,26.9943,11.6793,2.165,0.5751,0.1788,0.2742,0.174,0.0,0.0,0.2705,0.3879,0.0681,0.0,0.7589,18.9453,1.567,0.619,6.9959,169.2044,148.0805,140.0108,0.1008,0.1098,18.1214,0.1854,0.1161,79.6261,34.8158,2.935,0.348,229.2502,16.2018,86.2005,18.3052,19.8291,0.0,0.0,0.1586,6.9199,11.0394,11.2007,0.7025,9.6697,195.0785,0.0197,27.9032,2179.2509,42.6833,114.9848,58.2406,0.2033,371.3651,14.5571,211.2225,29.6283,2.7985,35.9011,140.7579,1324.6996,2651.3022,0.0271,49.9679,0.0,1.4613,12.3333,1.1595,1.8101,40.1448,209.0264,0.1117,123.9211,0.735,55.6267,73.1667,118.6475,59.2048,19.7872,71.763,1542.3079,0.693,44.0769,225.3018,0.5211,26.5801,9.0085,96.9178,37.2664,29.2188,207.1248,183.9433,158.8175,28.7509,7.9229,33.1873,10.3748,51.2999,22.0501,42.3439,31.3148,1.2631,11.3746,33.8113,50.3713,49.3232,20.727,9.0536,135.4073,27.8888,28.6713,303.2784,4.5029,4.1066,78.6037,0.1693,13.1295,0.27,11.4902,28.0071,4.8344,50.6155,28.1285,5.0433,23.9131,18.1867,23.025,12.3145,0.8795,8.1195,0.0427,27.5609,5.7979,31.7265,30.337,124.9507,0.4975,10.4195,113.2414,23.3906,0.4436,0.8972,0.227,138.8533,56.1118,14.1647,15.0683,1.0647,85.2001,153.2313,22.7656,14.2206,15.5142,23.3485,37.1369,100.8273,444.8013,67.89,84.8762,43.2536,17.022,66.5714,332.6094,2.0308,24.5247,0.9832,37.8188,76.8358,22.3151,98.0049,0.4807,72.5162,37.1856,50.1189,44.434,0.3684,83.1624,0.0369,1.0944,2.983,18.3196,569.3635,2.8107,75.7615,32.9806,19.9758,18.4667,7.0746,6.0742,48.1535,67.0367,10.1205,36.8885,17.2128,40.1182,436.7417,2.0954,9.6765,17.8098,161.6172,0.4734,19.4448,45.9371,9.2142,7.4133,95.8053,56.5656,731.2739,11.345,38.3203,20.4758,5.8605,11.8702,38.0659,157.0646,3.6647,29.1937,0.091,0.2779,7.359,116.2349,0.1922,0.2432,133.0065,0.0,0.0514,22.7419,126.3195,1.1483,3.823,0.1116,0.0268,1.2105,12.9103,5.9367,40.7325,227.0554,0.7167,0.0467,12.0284,42.3246,2.4867,30.8375,3.1314,181.3106,209.486,14.5412,3.62,40.5457,36.1173,67.292,17.7174,4.3484,60.731,14.1171,5.8925,10.2217,33.5181,0.0895,0.5782,18.8005,9.9298,7.8035,0.1103,0.1676,0.1984,0.0489,0.7721,23.23,5.1637,6.0124,54.7268,15.6892,1.0888,70.2879,39.1738,274.6673
1.2208,30.5042,86.1938,4.4318,63.7152,85.8629,17.9072,0.1866,4.4054,1.0919,20.0818,9.2687,6.6239,11.4218,10.4408,6.447,0.4484,18.5768,11.8907,74.9145,11.822,7.6722,0.5153,6.8317,11.9217,29.9171,74.4232,8.1774,5.4562,0.0,6.5827,10.2758,8.8699,41.4044,0.0174,84.2152,3.8608,17.6276,0.5486,38.8965,11.6341,74.0319,24.3525,7.268,15.1969,0.541,14.4207,14.8811,8.841,13.8874,9.578,13.9404,11.3899,11.517,1.7758,4.7475,0.1223,0.0,0.0,0.0,1.4779,0.9688,0.027,0.0307,0.2192,1.3983,0.139,0.028,42.4463,31.5244,67.5304,31.6193,0.2698,0.0,12.7453,0.7875,0.0691,50.7064,27.2025,2.0597,1.1213,63.4369,9.1236,14.8976,14.7519,8.9599,0.1068,0.0,0.0,8.4655,0.273,0.4497,1.9511,0.0826,95.6508,0.0998,7.7491,1255.2758,7.7019,178.3553,20.4176,0.6851,46.5081,3.2227,68.226,21.0459,10.7786,10.7263,170.7505,347.6932,1227.3326,0.3713,13.1054,0.0,4.4158,12.4043,1.742,3.6411,1363.9973,58.8988,0.1227,11.2499,0.4371,9.1425,45.9513,28.5139,33.3193,13.439,62.2002,236.1713,2.6495,32.4143,172.3526,2.2578,9.3596,2.9356,21.1637,5.6375,7.6339,61.8712,22.5082,31.7477,11.3481,5.584,16.9984,9.175,14.7621,8.7682,24.0487,7.7068,1.4749,16.3729,48.2919,42.1502,50.6735,4.4075,4.6344,58.7344,20.9329,32.8514,335.1387,3.7171,114.442,61.6164,0.1133,5.3521,0.8429,2.888,5.0542,3.2318,16.1007,9.4108,4.2276,6.3093,5.728,8.2125,5.6168,3.6108,15.994,0.0254,19.3102,4.2905,4.7832,10.9077,71.3226,2.2963,1.0226,20.0478,12.1916,0.8324,3.5336,0.4435,50.7187,24.5142,10.4756,5.9839,0.4319,43.4149,61.3489,27.5763,1.3867,12.8187,8.8962,19.988,71.2309,303.4507,65.4303,24.2376,23.854,12.7786,53.4462,68.8922,3.0236,8.7427,19.4203,33.8435,67.3381,8.3314,36.1561,0.3812,34.791,12.5083,6.7586,40.411,0.1461,80.0326,0.0988,0.0375,4.9893,9.5603,227.3967,1.5446,6.0819,4.5283,3.7619,31.309,2.3259,3.6584,59.0914,36.4129,6.2977,18.0814,10.5594,55.4708,527.544,2.713,10.4401,9.7922,34.3396,0.379,7.726,10.1882,10.0701,5.8514,46.3605,11.6483,385.5563,8.1812,19.3397,6.0214,4.7123,12.2168,42.3663,73.8214,2.2045,13.7581,0.7303,5.8446,1.7659,36.5593,0.2286,0.3037,31.4388,0.0,0.0306,3.4756,0.8565,2.6735,0.2617,0.0095,0.1168,0.4621,4.8766,1.4445,13.2352,75.7704,5.4291,0.0139,1.7459,12.4376,1.0903,7.5352,0.8425,122.0724,9.5232,1.4142,2.74,13.4239,8.5654,49.7356,6.2135,4.1152,26.8299,8.3158,2.9956,8.0724,5.2662,0.1791,0.8106,2.102,4.138,10.624,0.2295,0.2392,0.0,0.1746,0.8309,9.4496,4.5615,3.6352,56.1826,1.8542,0.0,134.0036,49.6684,58.7781
11.5499,140.0468,176.2075,8.2478,207.7707,277.8932,121.3261,1.637,14.7915,16.6578,35.6227,46.2602,28.4819,34.8227,42.6005,0.3013,2.9081,114.0318,9.9439,127.5152,12.7805,10.1942,8.0254,0.4261,23.6954,58.5791,77.36,6.991,11.9411,0.0,0.4888,41.8523,39.0704,249.3123,0.0109,134.2405,18.9082,53.3572,0.0,57.0164,43.8425,173.0069,97.7516,19.1904,15.9886,0.6482,24.7048,14.561,141.0964,108.3206,14.4034,41.7099,16.5062,34.5546,3.0447,5.4733,0.5641,0.0,0.0824,0.0,0.0379,0.7544,0.4928,0.1288,0.438,0.1232,0.1272,0.041,10.7486,100.3876,72.4678,185.0236,0.6411,0.1291,15.3686,1.3275,0.029,3.7335,252.1785,0.7685,3.7352,434.4483,12.7302,36.3879,22.9397,42.123,0.0448,0.0,0.0593,15.299,7.4453,2.6365,3.1829,0.0676,93.4823,0.1551,10.8083,3351.43,45.1324,185.4821,61.6486,0.9885,88.9152,6.644,129.6112,33.729,88.4436,18.5217,115.1066,1103.8149,2347.8552,3.7572,30.063,0.0,44.1862,13.7912,0.7761,0.3983,4.3061,58.6408,3.6773,21.7282,15.7139,84.3882,56.8709,37.5604,89.514,34.8226,191.5033,500.261,2.6959,47.1672,459.2339,1.4479,39.2967,5.5908,50.5923,21.7756,103.9625,737.0093,60.9689,114.879,32.2562,11.8677,25.9754,29.8898,41.2614,28.1748,10.6313,40.0268,3.3994,25.5898,0.6689,23.2539,4.48,18.1333,14.7211,31.9622,49.6576,163.4973,396.3811,11.5386,0.768,96.1763,0.9024,26.8225,0.5302,33.8272,15.1102,2.7707,30.8205,12.8659,13.7141,45.3904,14.3724,19.2217,12.088,0.5306,10.2132,0.0638,20.0288,2.8526,28.8543,37.7491,96.6196,38.792,0.7044,47.0723,2.1987,7.7427,0.6787,15.1369,81.7507,74.0043,17.0107,22.2229,1.1175,28.4018,93.01,23.7853,2.8417,25.9742,98.9476,29.9346,69.1214,715.9593,47.2281,105.4527,20.6545,12.2872,131.3309,111.0515,6.357,24.6882,81.9138,70.5315,46.2993,10.6958,62.373,0.2038,83.9553,22.9888,34.3481,99.8704,0.0306,53.1153,0.0414,3.4479,29.1959,13.3254,316.1983,9.0496,40.8898,16.5167,22.8782,8.3616,6.2455,7.5047,50.8595,103.5199,25.4959,26.6489,13.9325,38.5466,550.7951,11.8957,16.8379,14.1279,65.4891,3.1736,13.8681,24.9435,58.7055,103.0633,70.622,28.9983,1128.4896,5.339,157.546,1.0338,8.5491,7.2885,58.8724,126.1997,22.5627,46.1901,3.6745,0.8694,3.5349,5.403,23.4893,0.091,80.2467,0.1656,0.4228,34.7232,7.4723,0.6127,8.1273,0.0,0.474,27.5128,10.3722,10.8788,65.1879,109.879,55.8204,0.0175,30.6878,32.4281,3.2476,23.6311,1.4948,87.6343,75.6777,23.433,3.1302,46.7533,15.9846,117.7081,6.9628,14.357,29.2301,17.7686,12.3713,7.2908,12.3231,0.1218,2.4873,6.2728,6.9717,2.3641,1.0723,3.0585,0.0,0.2196,8.2239,27.0216,6.692,3.3921,109.7581,48.5777,0.0453,127.2841,57.4673,260.1612
1.3823,46.9155,83.3248,8.6748,140.8605,37.4556,0.5262,0.8972,1.2853,1.1018,74.8298,54.4805,11.5027,56.2965,12.9335,0.5285,4.438,22.3527,11.8089,60.593,19.1465,14.458,0.6415,2.3023,30.7935,52.7979,125.3008,7.0108,2.6686,0.0,4.909,42.5544,12.1018,197.1165,0.0,72.0623,9.1927,30.4916,0.0613,36.684,25.506,171.4492,28.3925,5.7611,27.2717,0.406,70.1394,46.0388,69.3769,58.8102,52.3703,25.2221,8.0494,28.8042,0.2612,0.3291,0.0,0.0,0.0413,0.0,0.7415,0.6107,0.0255,0.0484,0.9389,9.1041,0.23,0.0397,4.8055,361.0407,27.335,81.8078,0.567,0.2735,6.5822,0.2085,0.0871,24.1497,131.5853,1.4524,0.7736,107.4883,12.1309,28.4296,3.7864,15.5435,0.0673,0.0,0.1784,23.3964,0.4211,1.4282,5.7638,0.0547,134.4201,0.0111,26.9422,2250.2821,23.9008,314.7914,52.0131,0.1651,137.7154,10.0633,113.8369,47.086,9.5741,24.7194,68.4702,417.4017,1487.1117,0.4504,5.6429,0.0,1.7324,26.9347,1.2697,0.5988,228.3788,62.7277,4.7407,39.8519,0.2828,14.4841,34.5736,37.7163,64.9395,28.0854,185.0771,1207.589,4.1644,37.8807,213.2878,4.8739,14.5238,3.4841,76.6107,18.4976,20.4732,294.9194,60.5423,43.1772,34.4875,7.8598,36.3625,13.8349,41.3812,19.7326,31.0659,24.7173,1.282,10.6166,13.9851,41.3042,30.2556,12.7474,13.2278,37.3631,35.2332,30.4065,146.8503,0.2457,165.3693,88.9197,0.4403,2.6691,0.3985,8.3416,6.7343,4.8078,31.0064,9.0549,9.3995,11.9638,9.6289,27.6654,5.5263,1.2125,29.0811,0.156,57.3269,2.0192,26.1115,9.4244,153.312,33.023,1.6346,67.0297,16.7731,0.837,1.1829,0.3647,92.1377,52.3874,9.3997,13.4884,0.8109,39.9263,70.0813,24.77,0.6268,6.4019,38.2365,18.5532,89.2871,750.6301,19.1746,28.0489,12.252,18.4806,87.7657,97.2928,5.4508,14.6271,8.3942,43.9782,173.8205,3.8506,60.6722,0.1802,58.6371,18.8654,26.517,58.2236,0.0691,64.2554,0.2438,3.1717,7.1291,11.2394,425.3973,11.5243,27.268,25.6657,26.7992,16.0627,5.9688,2.869,35.156,65.3807,6.5769,25.9299,15.7435,42.7601,545.1659,3.7069,8.3277,18.3045,66.3079,0.5324,5.5503,13.529,5.4257,57.5123,88.9297,36.0323,851.2653,7.1547,17.3238,9.7585,5.1631,8.5954,80.9454,73.9858,1.8713,19.9383,0.2302,0.4262,5.053,14.7995,0.2522,0.7112,102.4012,0.0,0.2311,1.0002,0.9144,15.0377,4.0367,0.0448,0.1606,1.2269,7.5152,1.3704,20.9093,98.1765,2.291,0.0,41.2272,27.2855,1.8605,8.9941,2.2808,70.6593,7.2874,1.1374,0.9518,44.0773,11.9002,40.2555,18.122,11.6621,37.0553,16.3881,11.1701,8.4476,18.5941,0.1327,0.6271,14.1669,13.6872,4.5696,0.527,0.1884,0.0,0.0275,3.5975,13.0128,9.0044,2.9725,84.2523,1.3851,0.068,116.7142,45.9303,436.8798
5.656,80.1,89.3871,27.7128,20.9276,34.7576,18.1727,4.5069,6.5276,0.269,18.2808,19.8371,8.6847,54.1014,35.3305,0.157,11.9545,2.4496,42.4532,70.2898,78.151,49.8462,1.702,0.0463,71.2351,90.0105,198.388,53.758,5.7409,0.0,2.9245,57.9784,2.921,18.6661,0.0,110.8695,23.2464,33.7604,0.0065,74.0746,50.7653,67.9673,265.6822,243.3427,90.9368,0.0901,2.7726,137.2966,59.113,5.301,47.5385,49.9716,599.9759,2.4209,0.2242,1.5213,0.0,0.0,0.0,0.1421,2.0167,0.9678,0.0,0.1074,1.1497,0.2219,5.5501,0.0855,39.9386,0.5492,0.1473,185.209,0.0393,0.0489,103.941,1.2184,1.3882,138.1284,10.7564,9.5204,0.631,0.0,89.752,106.2051,5.4547,64.5199,0.0,0.0636,1.4222,14.4733,2.863,0.7454,1.0768,0.1354,216.5264,0.0231,27.1351,33.4014,188.0863,252.4055,31.9683,1.3122,236.425,44.3117,42.4421,52.6859,76.0757,45.9521,119.0293,896.4374,3077.5478,0.8044,4.5406,0.0,13.6733,38.2102,7.8514,0.1245,0.422,33.6261,0.4221,2.491,0.1357,2.3396,20.8872,41.4494,61.957,106.511,37.1618,20.7858,1.0653,45.7867,416.0405,4.5524,0.7707,13.4249,9.6281,13.739,32.0036,0.8687,75.3744,0.4948,41.8657,23.4164,21.2836,30.8398,41.8397,143.3256,3.3053,4.7893,5.4049,56.6202,0.8715,32.7606,248.7335,69.5645,44.1293,371.5688,93.0884,83.6301,161.0199,1.1267,0.1952,133.6784,0.363,1.7623,0.7105,3.4761,10.0477,4.4083,35.8194,40.7598,21.31,1.0655,16.2844,30.156,114.9802,49.4099,52.8895,0.3161,71.0581,198.4092,3.2526,26.5693,80.7576,2.7337,10.8379,29.5034,2.7651,4.6192,130.7346,0.2781,131.8017,45.9996,15.2264,25.9634,0.6368,81.206,88.8624,12.2699,7.5071,112.9388,0.6199,11.844,112.2172,259.9954,198.6042,11.312,65.726,42.1352,49.8681,23.3535,5.1547,15.1569,4.5535,114.4168,17.6613,9.6431,46.5241,0.3249,19.2161,99.1792,5.7037,51.8598,0.0638,18.713,0.1655,0.0,1.0418,26.7153,74.9032,0.749,1.4104,76.8366,42.1535,109.0879,16.307,68.796,168.6051,38.7452,36.582,81.767,195.4989,24.9974,133.3565,5.6505,2.2049,6.7601,207.487,0.4827,5.3609,55.5095,100.4843,194.8096,86.2124,139.2451,278.0656,47.243,64.9619,47.1096,30.2069,17.6132,8.2788,78.5212,3.7772,134.5424,0.5319,1.0441,0.1611,13.2923,0.3498,0.0,0.0507,0.0431,0.681,2.0143,0.4347,2.4155,0.193,0.0995,0.3201,0.3263,15.5208,27.7617,77.3489,303.15,1.9413,0.0547,0.5267,41.0245,1.4953,6.0922,8.825,3.4018,9.5482,2.4936,0.11,2.3454,47.2853,61.4765,18.6886,14.1329,46.8976,19.6581,6.5955,29.4042,30.9056,1.0217,3.945,108.9046,22.6677,11.1636,0.6878,0.0523,0.0,0.0,0.086,31.3055,18.5592,37.2897,80.5741,0.2886,0.0,44.9447,62.6415,0.2815
0.8956,27.3718,253.6044,4.9702,236.7369,64.3288,0.438,0.3479,3.8285,1.0575,36.2644,11.0345,14.0288,20.1382,13.0644,0.216,0.4026,164.6231,16.6863,184.3753,16.676,8.4789,0.8143,2.042,5.6795,44.1368,44.1155,15.2137,5.6891,0.0,18.5832,9.782,13.3083,54.6576,0.0063,71.7843,3.2207,19.5507,0.108,37.8537,12.0095,46.7703,15.6204,6.4815,7.0488,0.4771,15.6355,10.7774,45.891,31.0767,26.1861,21.8463,7.0743,12.5411,0.4651,0.3209,0.0,0.0,0.0,0.0,2.7419,0.1664,0.078,0.096,0.4094,2.2042,0.1208,0.0538,1.2072,59.5497,24.4682,93.9996,0.3245,0.0606,7.5932,0.2955,0.0166,51.5345,230.7487,1.7821,1.382,84.7436,6.7927,8.2974,3.452,11.6906,0.1028,0.0,0.051,2.9177,0.3317,0.1898,1.9935,0.1043,101.0753,0.0,9.6615,2399.0649,10.6482,211.0256,35.3542,0.7706,121.9393,1.8161,58.9057,38.5674,14.0011,11.1228,136.8279,628.6468,1091.3221,0.8562,3.4921,0.0,11.7782,9.6986,0.7594,8.6124,2881.1176,121.7136,0.2102,22.9682,0.2407,23.5893,48.0589,74.8598,56.7051,15.1871,115.7505,397.2795,9.5159,22.2275,368.1779,0.867,5.9767,2.3232,6.9521,2.0007,15.6014,122.837,14.6508,61.9965,16.1998,8.202,16.748,12.6997,28.4408,10.1082,33.2768,63.2084,2.3464,11.588,209.3009,37.7842,37.6545,7.6287,7.3705,76.0535,13.275,23.2918,181.3666,2.6243,25.7655,211.3611,0.3723,1.0403,0.2751,4.418,4.073,10.872,14.9931,7.2803,6.4852,46.7686,4.878,15.727,4.6944,2.6661,31.4794,0.0183,6.6822,1.6397,6.8913,9.2651,142.6775,6.5765,4.102,25.8544,5.8469,0.5287,1.6341,0.0,56.8194,45.4232,11.0126,5.7901,0.5046,54.4084,56.5575,47.3484,0.2199,5.9439,67.8862,13.8474,59.9998,271.9435,41.4391,49.3511,27.3416,8.1949,114.6967,116.5879,1.063,8.8392,11.3529,23.0744,42.9369,1.2854,33.62,0.1857,68.9892,13.0739,9.0914,32.8323,0.2635,142.3949,0.3721,0.1896,9.6797,10.3278,735.1499,3.2212,2.1294,5.2708,13.8027,34.6613,1.6862,0.5575,30.9765,57.6858,10.9356,13.3985,7.7999,71.0417,655.7163,0.8242,6.9015,41.9303,83.1778,1.1094,7.692,14.1408,13.5931,5.7375,102.3178,6.8812,247.9241,2.7666,6.6288,7.2466,2.5985,3.6689,29.104,104.6076,1.7713,5.9444,0.0,1.8321,2.1827,12.4622,0.1375,0.1252,28.2476,0.0,0.0,0.2908,0.1794,4.6754,12.5097,0.0274,0.2183,0.2244,9.7364,3.1028,26.5587,239.5713,1.1816,0.0,0.4793,11.1061,1.3473,9.475,1.5804,83.4382,4.1643,12.4673,1.4726,8.7896,16.182,57.7488,11.9159,14.9179,65.3049,11.6358,3.8742,5.8599,6.3004,0.1257,0.1595,3.2107,4.9889,12.1484,0.0946,0.0288,0.0,0.315,4.4647,13.9626,6.4611,4.5685,109.8379,3.2744,0.0,288.9882,159.0843,73.4421
0.9168,38.8727,65.779,1.8002,291.7705,68.7344,164.9347,0.5376,64.1643,1.5548,31.0361,12.3861,7.1305,42.1783,68.5342,6.7131,1.4956,95.1105,7.0956,79.7743,20.553,17.8149,0.2492,3.924,18.1603,37.5866,70.4573,14.116,4.7374,0.0,2.2268,42.2486,18.7679,244.365,0.0,80.898,3.7727,54.5251,0.0034,67.381,10.7926,51.0302,43.4942,21.1097,8.275,0.457,53.2607,27.792,28.8885,45.3096,26.0327,27.4432,18.9164,17.1474,0.4577,0.1913,0.0,0.0,0.0075,0.0,0.0892,0.0315,0.0,0.1257,0.3959,0.0243,0.1358,0.0127,1.1659,850.6481,4.6341,95.9296,0.0,0.0,23.8494,0.0215,0.1099,52.6805,130.7608,4.4,3.2799,89.7687,14.6788,34.4061,7.8525,26.7334,0.0,0.0331,0.1448,7.705,0.049,0.3242,9.3565,0.1296,123.1261,0.02,16.0121,3464.1911,27.5771,180.79,32.6995,0.1466,70.9529,7.9861,132.0507,47.7276,49.4341,22.5439,90.5523,728.3477,1781.8878,0.033,7.3186,0.0,11.0003,19.5258,10.077,0.648,2.8942,390.132,0.1429,11.9423,2.2679,194.66,50.6274,55.9298,65.2341,40.749,341.1344,1585.2346,0.5463,43.7633,681.5172,0.8457,91.0712,2.2936,37.6824,3.5696,8.8339,1244.2342,129.2826,424.3741,22.8234,7.6901,78.2585,18.5123,35.0409,23.1195,24.962,11.9054,2.881,23.3209,70.9242,63.1326,14.9988,9.4878,14.5837,103.9169,49.118,18.7522,292.1935,0.559,0.9143,47.6863,0.1631,3.3928,0.0548,4.145,3.9071,4.2692,22.7474,8.8817,6.4827,30.0682,3.5619,12.9836,9.8936,1.7784,21.7309,0.026,24.9531,1.8444,6.356,44.172,60.5493,4.9496,3.8619,107.3492,1.2318,3.5912,1.6017,0.0526,89.2579,52.6078,5.6914,16.1594,1.7751,98.8273,92.2952,24.5431,0.2079,7.332,0.5687,23.8965,75.509,916.3409,77.8318,8.3131,19.6933,18.9124,77.7556,96.7278,6.9653,10.0254,18.4588,12.4889,16.5676,2.2785,61.2191,0.0715,70.0437,17.1836,49.9747,20.4817,0.0,18.4727,0.0487,0.1964,5.8747,9.0734,2229.4395,2.3962,0.9785,17.3593,17.058,31.4147,3.7132,5.5815,214.2898,100.8246,44.4933,39.9631,12.9833,59.9797,436.6869,1.6516,6.7642,19.2231,234.9259,0.7904,6.8452,17.0848,17.4717,35.3366,80.3696,28.7611,428.1142,8.2372,37.3863,16.1349,4.2154,3.425,155.6097,70.1208,1.2305,31.9504,0.3875,1.0968,22.4604,6.8226,0.234,0.0592,29.8581,0.0,0.0208,1.4089,0.1696,0.5056,24.1585,0.2135,0.764,4.62,4.3871,0.4052,40.9113,52.7761,27.3346,0.0,6.4822,27.6669,0.9918,15.9729,2.2869,86.0387,5.165,1.2753,2.1935,17.5595,9.5596,52.3675,12.5131,13.3333,30.1527,32.4137,6.1052,9.6542,29.0686,0.1354,0.2514,10.0952,7.1576,8.5299,0.1566,0.1632,0.0,0.0,0.4177,22.8809,5.3827,6.4337,87.7195,2.0794,0.0491,89.9012,72.543,714.2631
6.678,21.9787,59.5448,10.3713,291.8196,57.9928,0.7563,0.9477,30.4114,24.4393,31.2927,45.9606,19.0351,31.2795,29.6782,1.3429,4.9389,15.3739,17.0156,23.7324,188.8142,149.3089,24.6297,0.6727,30.8276,98.4736,68.4247,43.6381,14.7107,0.0,66.1109,43.3596,17.0887,247.4429,0.9651,196.6343,46.0223,76.6036,0.727,56.6921,30.261,68.4454,21.9826,3.6581,24.7972,2.4268,189.0292,41.8241,252.9756,185.021,65.0536,27.0096,77.1874,18.2533,3.3484,2.3962,0.0,0.0,0.098,0.0,7.8012,0.1035,1.9694,0.2181,0.1012,0.5094,1.6684,0.4807,12.4611,90.5946,12.1815,95.6049,28.2736,0.2093,16.7089,1.2187,0.1807,877.7314,237.1115,11.5677,10.302,23.909,22.4969,47.761,8.0864,19.8206,0.0,0.0,0.1058,23.898,1.917,2.7309,7.5645,0.5744,171.7592,0.0066,16.9309,852.5489,23.6097,100.4253,26.2297,4.9183,248.5805,9.2826,39.1122,57.6865,23.5674,40.5748,26.5911,997.3623,1343.78,0.9414,20.3337,0.0317,13.6959,23.996,1.9941,9.231,96.128,35.9406,1.5359,108.6699,2.296,342.2198,125.7178,83.6228,129.0442,55.4249,246.6219,458.4482,38.0294,36.6805,368.8776,12.2264,31.7802,33.2622,61.2909,51.2686,117.7782,592.861,113.6826,150.4415,37.7883,7.4353,33.8393,16.5018,38.4487,13.8689,91.3135,44.1337,7.1701,12.9403,19.6781,338.0826,86.1617,11.8185,13.7983,42.9304,34.3318,40.7336,574.8339,6.3194,1.3192,59.9411,0.6351,8.3583,0.3151,48.6119,100.4889,14.8577,27.247,82.8469,15.9621,43.2721,7.8248,17.4533,30.993,7.237,20.187,0.0854,40.2387,8.3481,6.0148,29.5523,69.1447,1.5323,2.662,129.0163,17.8987,22.4152,5.9569,0.4325,101.2285,68.252,12.2328,25.1831,0.7325,61.7874,70.381,19.1385,2.452,23.997,216.3823,26.412,105.0042,509.1555,156.8433,25.0843,4.6685,13.7033,132.5479,144.6332,5.8973,68.0834,5.9807,26.4534,158.9651,3.7742,66.3796,2.9067,174.9889,56.1049,26.5316,52.1196,1.3922,49.3429,15.5972,2.9192,28.8028,3.3818,83.5977,8.8026,18.403,27.9244,40.556,93.9824,6.257,2.0368,85.4649,103.239,20.5154,43.6546,19.3377,23.94,351.8821,10.051,17.6477,141.8356,164.8969,9.4463,15.6676,43.6847,126.0896,22.1304,105.6158,41.8678,482.8327,17.3961,18.5999,21.3727,9.7786,7.6178,127.1445,130.2846,6.8261,22.9836,0.4549,5.9305,10.8654,10.0846,1.5384,15.0516,47.0099,0.0,0.0343,1.751,1.9828,1.3654,12.784,0.0957,10.1828,2.5213,17.1877,1.9289,51.0389,172.3974,5.5345,0.0468,6.3409,24.9309,12.9433,59.4139,19.2221,50.2005,17.0367,7.8926,2.759,34.0183,22.6955,52.2995,23.1437,12.0872,19.1416,13.8633,8.4084,11.5426,50.0864,1.3025,2.1759,19.4019,21.6918,5.0749,1.4339,0.2235,0.1764,0.2284,8.9493,13.7901,4.5327,2.5895,81.4571,15.827,2.9044,66.9005,55.4474,461.568
9.2732,27.8327,48.0601,8.2648,58.919,33.4958,0.9575,1.3592,9.7586,10.6547,18.6049,27.1865,4.8784,25.02,13.8916,1.5371,1.3488,8.1598,12.8006,45.6452,107.2597,91.6048,1.1519,16.9149,18.482,105.1152,67.5477,18.2427,5.8809,0.0,2.0132,19.1553,18.2154,97.6009,0.0338,43.4227,9.1872,55.0941,0.0504,62.8913,30.3493,112.7693,41.809,4.9727,15.8179,1.7637,256.9971,31.4766,77.9025,41.9876,20.4347,16.4041,27.1652,5.7893,2.5786,7.4915,0.0317,0.0322,0.2889,0.0,4.708,0.1794,0.0631,0.3823,0.5317,0.9353,0.5775,0.4023,17.9224,10.5744,27.4761,107.9297,0.723,0.7548,11.6426,0.4779,0.1432,1894.603,122.5987,3.7747,0.9546,65.839,15.5814,69.453,45.4301,16.7942,0.2216,0.0,0.1101,17.0392,1.3075,18.2581,8.0875,1.4654,47.0256,0.4704,7.1401,1146.4586,20.8766,74.3311,22.244,1.6772,212.195,7.013,62.8312,47.3382,4.3381,17.3337,26.0204,497.3312,1634.1546,0.6719,39.7626,0.011,16.5539,12.1263,1.2704,3.9408,26.6971,63.9758,0.5924,26.1442,2.5681,113.7398,102.2959,83.8803,54.6492,37.4277,127.2987,446.0395,4.0031,13.6163,236.1394,8.6489,5.385,35.4071,174.6957,52.5349,114.2324,46.1338,77.0959,36.3336,24.2386,7.9433,43.072,17.8315,16.9727,10.2198,105.9174,10.6681,6.6202,7.8069,359.4525,733.9872,13.3287,7.8708,12.1444,37.9079,39.7077,64.558,161.71,13.447,0.1274,68.7697,0.2154,11.34,31.537,26.6764,33.6364,16.7069,23.3299,142.2991,10.1399,7.2698,6.7623,22.5776,12.44,2.5332,10.1576,0.1579,35.3353,3.2957,7.6002,26.4888,68.347,1.0301,8.1727,40.2686,3.8542,6.6942,1.01,3.1052,53.0289,63.5423,7.5801,20.8957,0.3539,60.5297,106.6832,18.6173,2.51,29.289,4.6942,20.8923,32.1669,446.3502,61.1385,34.5953,15.3009,18.3086,40.7927,73.2811,6.6097,28.9873,6.6438,26.2952,67.2922,1.5273,59.6963,1.4827,48.3969,27.8328,26.5744,29.5266,0.5113,26.2403,0.2817,1.2852,3.7806,10.1114,84.4666,8.9046,35.9179,23.1794,22.7731,38.1192,7.8984,2.5911,45.6491,55.7919,20.5029,30.1099,17.8233,33.5663,326.3476,4.0745,14.1557,18.0745,214.202,9.6359,19.2498,32.628,28.5965,12.632,53.5445,31.8214,622.4035,8.5387,16.3652,11.206,18.4417,13.3086,13.0196,126.0779,40.4358,24.677,0.6733,10.0632,5.3754,30.249,2.4308,15.4261,27.6161,0.0,0.4278,0.3918,14.7224,1.2025,4.6951,0.1991,2.8363,2.5234,10.5552,10.8638,36.9997,203.1858,11.7101,0.0324,7.9082,19.3166,1.8231,23.3432,7.7952,77.9363,26.5424,13.7956,3.6539,99.9971,8.2484,65.1268,8.4427,4.3038,16.277,4.8362,2.5355,10.97,30.6623,1.6415,3.8692,15.8339,5.088,10.5021,1.6068,0.3876,0.1529,0.3622,5.4088,22.301,12.2057,1.8543,34.032,14.4637,0.8955,77.559,31.5934,219.4996
9.7933,26.9505,75.3501,5.4285,62.8182,78.11,11.5239,0.8701,11.5113,3.7964,30.3977,46.2379,9.7549,31.4897,28.4325,6.4565,1.8177,16.2507,27.3679,40.5974,72.9555,55.5792,4.9462,0.206,19.3509,98.7455,42.0907,44.7185,6.6247,0.0,25.2532,41.984,40.9951,172.484,0.037,98.4049,19.6251,38.2489,0.3639,87.1017,41.6879,44.6602,58.3997,6.4101,12.6785,1.7963,40.3375,22.2459,318.4165,178.1743,54.4801,27.0895,32.8335,5.1015,1.2397,0.7408,0.0248,0.0126,0.0266,0.0,2.9892,0.0561,2.2672,0.0498,0.9801,0.574,0.582,0.1275,35.4846,45.024,11.8759,107.653,3.7006,0.0738,9.2474,0.3831,0.1679,372.0268,48.4203,4.829,3.5846,44.227,24.8787,35.9323,13.5442,19.5977,0.1082,0.3246,0.086,9.649,0.5328,3.1318,2.0206,0.6682,137.4843,0.0643,10.4376,1787.9432,22.39,145.1547,38.8027,2.1931,92.8008,6.122,63.6667,32.2114,10.9619,31.8749,60.88,567.6505,1164.9488,1.0798,22.2714,0.0086,4.3059,21.0442,1.9861,3.2728,317.2638,13.5225,2.9614,9.3323,4.8889,128.0197,51.054,92.4813,78.2318,35.722,142.3116,331.2166,171.6625,27.3205,343.8683,3.5417,5.9522,10.5902,48.5441,10.6777,65.5579,487.1399,132.6567,40.055,74.9619,8.8802,22.5968,15.3128,18.4802,20.0401,18.7303,54.692,4.9016,10.1653,21.9871,137.2263,136.6818,10.9351,9.5972,20.7586,22.5121,59.5443,553.1041,4.0828,1.0866,72.3982,0.2449,3.076,1.4522,17.8862,16.5831,10.9227,21.159,39.9877,16.6968,5.6549,3.9139,13.1569,21.8057,5.0783,11.4509,0.0231,30.9016,6.382,4.2309,13.9749,74.4286,48.6372,3.5309,40.4302,2.7842,7.8914,4.2683,0.0704,49.8231,76.2431,14.8184,18.1032,0.1579,50.5702,49.8635,27.7048,2.7634,21.9003,60.0157,32.133,74.1046,277.1239,60.4655,80.5552,5.502,17.4217,65.1058,62.2427,3.0207,31.6602,4.3096,16.9689,122.2049,8.3093,78.6049,103.148,70.3527,32.0924,18.3969,37.174,0.5477,15.518,1.0042,0.5327,23.4944,1.5679,48.6782,2.007,8.1256,21.5731,20.6094,51.3903,3.1871,1.1449,171.8133,110.4746,12.7904,35.414,17.6651,35.5447,234.1485,3.3663,15.598,21.4751,75.7578,3.1997,10.5851,48.5252,60.1018,47.9858,109.8386,27.1628,1136.9729,8.712,54.0794,18.7145,8.5561,8.4524,33.7729,192.3635,4.3259,16.7064,0.7729,5.2621,6.3305,6.3091,0.2085,0.2638,2.7286,0.0,0.4459,1.562,4.687,0.5215,15.8232,0.1268,3.24,1.8859,16.263,7.8761,34.631,165.0577,1.405,0.0423,10.4745,16.0023,9.8455,17.2291,9.4416,100.7985,14.5226,5.5744,1.581,22.3923,16.3152,40.3673,11.1966,15.6181,24.6593,15.8421,7.3889,6.8724,13.8441,0.4532,0.575,16.5981,7.4442,8.5353,28.1491,0.1212,0.0956,0.2123,0.226,7.785,3.8684,2.7267,69.9598,11.1921,0.0437,40.3854,66.2511,182.1359
2.3219,21.2489,74.5116,6.7682,201.8397,69.2704,4.0757,1.1256,9.2365,3.0874,46.3577,22.551,17.7208,34.5629,26.2656,1.3381,0.2206,18.2161,14.0136,66.8572,30.0485,16.4643,0.1003,0.1215,17.533,85.5963,49.5441,17.4034,15.7583,0.0,2.715,29.1529,57.6872,165.7682,0.0588,79.7096,29.0008,36.4755,0.0613,71.3117,19.8762,43.9532,25.492,11.3302,10.1307,0.037,22.9345,25.2725,57.3984,67.6899,34.0165,17.3453,27.0628,40.39,1.2459,0.4282,0.0251,0.0127,0.4433,0.0,5.6391,0.0284,0.0332,0.4659,0.0634,0.1643,0.0738,0.0459,5.4507,45.5589,11.2365,85.5972,0.1106,0.0115,29.0694,0.2131,0.0283,208.0586,531.774,1.8733,0.5683,127.8138,11.1631,37.0291,5.6826,28.4538,0.0,0.6267,0.087,2.9644,1.9526,2.6669,2.5227,0.1677,64.2196,0.0108,10.3188,1227.8837,14.3911,181.8838,16.9642,0.5825,90.0207,7.4102,37.011,45.1439,10.595,18.7879,40.385,515.7854,1132.2147,0.2383,9.8868,0.0,19.7766,6.3454,2.7455,17.5258,202.4394,163.5435,0.1572,49.4133,0.1061,106.8863,70.8456,81.042,70.06,10.9409,182.9612,385.7382,2.0279,32.8559,466.7427,2.7267,34.0829,14.7032,22.5653,10.4387,62.7678,178.7947,28.7697,84.7279,20.8385,6.4263,30.4312,11.8048,16.2976,20.6303,155.2869,15.4991,3.7298,2.8461,186.0778,433.2495,33.2875,10.6868,9.6245,86.8114,38.9087,65.8622,213.2427,0.59,1.3555,68.966,0.1935,5.3735,13.4794,45.4244,13.3021,10.8163,24.0879,70.0542,6.8282,11.5303,3.2323,24.027,5.0641,2.8278,8.031,0.0078,7.3205,3.419,2.2056,13.2297,158.662,1.421,19.3401,49.5104,97.7353,9.8679,1.6737,0.6523,78.6498,103.5086,9.1208,21.1685,0.0907,48.4944,40.3285,42.1299,1.052,39.5328,90.1683,32.9016,93.0702,928.0591,56.3069,27.7079,19.6093,14.8292,62.0616,76.8392,1.8122,23.6575,1.7982,61.3366,180.4627,2.4886,79.1628,0.0938,129.4615,16.6607,19.3326,21.6596,0.015,42.9881,1.6603,37.8805,62.2249,7.8159,277.8872,54.5528,4.8857,16.9486,13.9693,33.2984,4.0955,2.5805,63.9113,41.2354,9.1562,16.8156,13.9374,47.6146,671.8373,6.1994,21.81,22.5335,82.1475,4.8215,9.2027,23.8657,36.6668,92.3843,87.7016,20.5789,370.8133,3.9066,18.3916,10.279,3.7959,7.1024,44.2293,146.0459,7.7807,29.1257,0.0166,14.7114,1.7,58.1058,0.4219,0.0,45.2389,0.0,0.1128,0.1394,1.9882,1.6475,2.5452,0.0467,0.124,3.542,20.2966,6.3302,45.7222,201.2422,154.2056,0.0342,2.5561,16.3843,6.1125,18.532,3.1307,5.1341,9.1041,5.2887,0.5159,2.7642,7.7981,50.2686,15.2916,8.266,21.9304,2.3476,3.1518,22.2546,11.2897,1.0597,0.1133,4.6795,6.7155,16.8189,12.8452,0.0123,0.1693,0.1074,0.0,17.632,3.9038,4.8198,57.9372,1.1352,0.0885,47.6912,75.6272,196.7757
10.0885,12.2802,57.2579,8.2177,49.6751,45.6662,28.2856,0.5017,19.8565,0.3618,31.8281,10.6587,4.9983,26.6567,30.8029,0.1774,1.584,35.0934,7.6457,16.7502,39.4197,43.1451,0.058,11.0655,9.6732,39.9151,29.9543,82.0951,5.5391,0.0,3.7523,19.4872,7.9211,147.3482,0.0086,47.3143,88.1822,86.6762,0.0,63.4128,17.6983,48.5965,15.4124,1.7052,5.0721,0.0254,24.6778,13.4979,56.1894,25.8942,28.2775,19.0108,25.2238,0.5099,112.2013,13.2604,0.0,0.0,0.0539,0.0,1.1117,0.0455,17.3002,0.5964,0.0127,0.1671,0.0437,0.3404,16.2018,0.8538,16.878,116.0347,0.148,0.1935,8.773,6.345,0.0455,876.1392,103.5758,2.7661,0.3706,0.1604,11.8159,43.7031,5.1346,14.1217,0.0703,0.0,0.0931,7.8442,0.2979,5.0101,3.9935,1.6112,98.9661,2.0348,6.6304,939.8999,13.3019,67.7287,15.1099,0.9085,58.0366,6.2339,69.0139,33.0103,27.711,21.4758,10.3758,461.1541,1330.8914,1.889,9.5759,0.0,16.2799,15.8127,1.72,20.4135,25.161,12.2418,0.5904,5.5374,0.1363,177.7784,32.7566,30.0275,93.4233,24.0573,207.6013,68.6577,0.6395,7.9183,337.3408,0.6307,7.6161,45.372,74.4957,40.1531,139.9951,2.4914,43.0377,20.9228,20.7238,5.286,29.0259,10.4636,37.7717,4.9827,65.6192,5.2014,4.9475,13.8772,0.9188,317.7054,74.5914,4.749,15.1836,125.1958,13.4057,43.3572,208.6862,7.3203,0.3235,22.397,0.174,5.2602,1.3475,11.9822,24.5139,6.3615,12.6412,44.6997,8.8276,9.6172,2.1937,8.5705,44.3858,2.7238,11.5544,0.0125,12.8111,2.505,3.2993,30.4919,63.0484,17.3034,2.392,38.108,1.4405,6.6502,1.5513,0.457,37.2855,49.7301,4.4996,30.0247,0.091,42.43,97.9896,52.902,1.1096,19.1075,0.8968,27.9435,50.7532,282.5432,52.0663,14.2707,4.1735,7.6987,41.1134,60.3671,4.0594,31.7872,4.0413,10.9876,185.5193,2.9437,73.814,0.2823,73.9255,34.0789,21.3205,40.2813,0.0721,24.8473,2.3241,0.0247,20.8907,3.9268,47.2527,198.3826,15.3323,7.8025,9.0856,100.2843,1.7831,0.7881,53.2394,55.0303,30.8539,38.6588,10.1707,31.8545,498.6285,1.8007,11.5365,0.3815,77.6783,6.1793,16.371,14.9041,50.9784,16.8079,61.1413,22.8445,597.1139,6.8927,16.0771,17.6327,4.158,5.0445,26.5466,306.8152,33.1681,22.1284,0.2403,0.7862,4.1846,4.0961,0.6773,0.0,2.0371,0.0,0.0603,0.5222,0.8729,14.5572,2.9554,0.0936,2.2637,7.0198,3.1058,1.2667,31.3285,148.1482,146.5468,0.0549,1.5102,28.6023,12.5101,52.1636,11.5752,15.5134,13.1068,1.7975,2.3188,3.8682,7.6502,17.3578,10.5819,7.1075,14.0553,1.5652,8.6685,5.0361,17.8455,3.3546,0.4002,6.331,4.2912,15.2609,233.6928,0.059,0.0388,23.7626,0.0216,2.3653,2.7037,0.4119,16.0107,43.4705,0.071,67.9214,38.0533,97.522
15.0317,34.9088,130.2007,20.3359,198.6063,110.0603,78.0545,1.1528,74.1772,2.3842,47.5691,58.5729,13.2377,40.9151,20.1223,59.7968,2.4355,63.9695,13.8931,61.3284,137.2152,119.4832,1.4024,22.8741,34.8672,98.6499,145.4875,46.6244,7.7735,0.0,2.3569,25.6536,12.9559,115.1614,0.0355,178.2669,46.9777,49.7608,12.6542,39.4092,62.8868,137.0052,29.4613,7.2548,21.739,5.7353,80.3711,49.2337,89.1976,41.5371,38.8009,28.3499,51.6379,6.0834,6.129,7.4532,0.0,0.0,0.2678,0.0,3.468,1.3198,0.9055,0.7364,1.5811,2.439,2.732,0.4304,20.8955,57.4359,44.343,131.7138,2.1321,0.1449,25.7627,1.2618,0.3387,685.7156,538.101,5.6929,1.1762,52.2532,23.078,60.0564,18.3925,20.8392,0.0582,0.119,0.0964,6.2688,39.6912,26.9474,8.1143,17.3101,126.671,0.024,23.6922,2183.2612,34.0693,131.2234,29.8455,1.4659,186.3625,13.9552,170.271,41.3897,17.1157,30.024,82.2939,1144.7192,1897.4828,0.4223,46.3421,0.0115,10.0798,23.6526,2.6403,9.576,11.8384,232.9693,0.8689,78.1721,1.5232,41.5567,320.2321,90.8082,75.4821,39.6518,235.6906,903.9217,5.1209,36.5174,276.9447,8.8919,44.0159,31.0214,54.1737,54.6568,84.335,516.6042,159.4138,241.4718,35.228,9.1922,69.8419,13.7471,55.3708,18.4161,75.3184,33.5958,5.0321,11.1261,272.9286,444.5751,243.2808,10.8357,9.8072,111.6866,46.7271,33.5214,201.8605,6.1258,1.7164,99.8051,0.3909,33.0517,0.6398,29.0379,25.9557,14.039,34.6044,117.235,11.3867,31.9221,9.9906,18.4047,20.4197,4.1721,17.9691,0.1452,25.5973,7.4387,19.4621,35.0309,120.929,4.0881,6.0504,49.8956,14.677,5.2039,5.3068,0.1103,131.3176,45.9587,10.8712,10.7395,3.7112,75.9151,92.9843,17.6507,21.9566,21.8613,10.4553,45.0298,100.1203,357.7864,115.0123,60.3459,21.2698,17.3377,102.6522,240.1899,6.6655,22.8959,7.2131,33.3072,84.8601,7.2094,65.9074,0.5687,77.381,30.2186,46.5956,41.9232,0.2388,38.6223,1.5563,2.8442,6.9333,9.7469,265.837,19.7345,72.0473,25.972,19.5217,51.6055,5.4135,5.5417,416.5172,74.7081,15.9161,33.4113,18.7523,35.4888,335.5541,6.7114,9.4557,35.1214,141.2359,3.3545,45.0282,41.1696,45.5509,91.973,78.7355,44.2258,593.2698,19.4524,30.507,25.424,8.9504,13.056,33.1692,173.0929,10.9758,21.6053,0.3316,6.1777,6.4393,88.2309,0.1869,2.5657,72.1737,0.0,0.0999,1.7293,48.9407,5.5218,40.5788,0.2403,1.3969,0.4867,4.7013,2.3849,47.6998,189.039,2.5124,0.0341,18.4766,17.2857,5.7881,47.0933,7.4229,170.2336,410.5109,8.5836,2.9711,20.2179,22.8932,52.6428,35.5828,7.429,34.8686,11.5754,13.0443,13.9465,32.7978,1.3451,2.2989,17.6848,14.7825,5.9567,4.5293,0.6028,0.8035,14.7964,19.0706,13.1204,4.3058,6.5276,40.6674,5.3707,5.6753,79.0403,43.2811,218.605
3.8436,63.809,66.7235,1.6043,39.7661,71.9548,38.5181,0.1831,12.0437,11.0296,35.3954,23.9142,7.4679,356.5459,15.7839,1.8802,2.144,7.4761,13.8052,163.0214,192.4919,137.7865,0.9637,17.1795,33.3061,57.1821,76.739,14.3078,2.0323,0.0,2.2961,31.4816,19.535,153.7071,0.0,64.0644,49.4593,49.021,0.0267,58.2192,36.8736,97.3624,82.0363,9.6801,296.8682,0.3126,15.1789,18.2865,50.3298,56.0116,35.4574,22.3484,34.4093,37.7877,0.9997,0.5486,0.0,0.0222,0.0818,0.0,2.6797,2.1728,0.0145,0.011,0.0966,0.839,0.2807,0.1247,25.9987,6.1618,4.348,72.2242,1.4121,0.1298,8.4284,0.0506,0.1478,296.6263,420.4308,1.5975,3.0703,2.478,16.2985,52.9771,28.8731,10.9999,0.0381,0.1039,0.1515,9.9583,0.9534,1.6168,1.1688,1.3355,132.0682,0.1886,11.0692,941.0575,24.5863,129.4962,68.9752,0.6111,84.7168,5.682,102.0143,32.5859,3.0127,19.3392,132.4528,595.6685,1424.9119,0.0778,2.8319,0.1512,1.5714,15.5251,0.0777,3.3892,18.5408,31.0381,0.9738,10.0975,1.9701,11.6109,27.435,75.5747,65.3028,25.2655,73.3545,450.9478,24.3912,21.3801,156.533,3.7844,1.6408,21.0902,20.6577,33.8094,39.745,12.3134,57.9018,6.1112,43.4355,5.8099,15.9337,12.0016,19.2091,10.7156,13.0365,5.5262,1.2454,56.5208,26.5764,158.5594,2.4015,19.7334,11.8561,47.7584,10.5422,37.5309,136.1945,1.3691,1.5941,76.5584,0.2964,6.6055,0.3652,12.163,35.448,7.088,41.0958,56.472,32.3504,6.2947,5.5971,8.2724,6.1564,6.475,40.2076,0.0407,42.7513,3.1143,1.7285,17.6249,92.6095,0.8897,1.7071,36.3596,372.3563,14.9596,0.476,0.0826,56.2211,72.6269,14.7799,16.0371,0.2205,41.9417,97.7889,38.9208,1.8106,26.6074,57.6169,38.654,141.6558,392.2373,57.3659,69.8375,26.9897,48.3964,107.3889,72.9379,8.692,34.2854,7.9284,10.4738,65.8077,2.0127,49.3906,1.5506,58.2438,25.5926,23.6957,35.8623,10.5797,54.6389,0.0411,0.2144,1.9979,18.8615,38.7724,24.5748,47.1228,20.8284,15.5728,14.4715,4.1865,2.6509,39.8345,64.0981,28.4375,50.354,12.1249,52.4573,537.7581,6.642,31.2375,44.6096,58.4789,1.8661,6.8203,32.9749,40.4462,27.7972,148.3293,25.6929,706.2948,11.3895,39.1465,7.2492,8.7362,8.3071,90.7553,205.2793,12.0135,207.0426,0.029,10.0842,12.3118,16.0578,0.5303,0.6503,24.0186,0.0,3.3688,0.5931,1.3309,1.4677,1.2606,0.1116,0.9033,2.5591,9.9521,8.4335,27.746,75.2118,0.7685,0.0,6.9958,33.7079,4.3064,8.0864,12.5684,17.1297,17.5898,2.1924,0.6884,6.6151,5.1273,16.1339,8.9651,10.3142,32.0871,24.1833,4.0537,8.6016,22.3823,0.3368,1.7879,11.011,6.5099,2.0117,0.2106,1.4293,0.0,0.1246,0.2107,53.1979,4.6109,3.6042,204.5271,6.3353,0.3081,58.3301,46.5377,196.7079
7.37,13.6233,44.3619,8.0435,112.7362,100.5897,1.8807,0.8581,12.276,4.8341,17.056,25.257,32.0489,25.0913,45.5016,1.8433,5.5573,13.4875,9.7426,11.55,94.6903,85.7909,8.1837,0.7449,29.4238,41.2165,57.9763,137.869,36.3293,0.0,20.9536,38.9827,11.974,115.492,0.0313,116.4033,36.5756,47.1089,0.5264,45.2537,20.8487,48.0849,14.5742,5.7825,12.7614,3.9242,24.339,32.8996,209.0295,50.6218,40.86,25.9435,104.9862,10.8008,2.3822,2.528,0.0,0.0496,0.0,0.0,4.5216,0.0553,1.2476,0.4052,0.1237,0.3418,2.1179,0.2627,21.1239,13.7265,12.7075,58.4468,19.0933,0.2126,18.8998,3.0036,1.2147,583.5128,100.6125,19.3433,5.0388,8.5727,18.6356,59.8821,13.3474,20.4465,0.7259,0.0,0.198,13.0067,4.2385,5.3633,4.1848,0.4509,165.1131,0.0563,8.7311,566.7126,10.0978,95.8607,10.6426,4.2856,75.5465,7.124,39.8266,36.6656,63.3402,37.554,15.6927,383.4301,915.6432,1.9363,8.1548,0.0169,18.6064,22.4649,13.4064,4.0631,10.4217,39.8453,1.9062,40.4773,1.5589,69.9581,47.9715,49.4568,90.4571,64.4906,158.9759,141.4421,17.329,16.2298,388.6633,10.1792,6.3339,22.5281,34.9099,31.9472,111.9845,105.8206,61.9249,22.5487,30.6566,5.871,21.1953,9.5252,47.8657,15.3184,56.4344,39.3909,7.4271,14.1952,54.9288,498.7124,458.518,6.2053,7.7254,19.076,51.2616,82.6499,331.5304,2.8282,1.661,34.0165,1.2981,17.1906,0.5536,23.2804,23.4598,19.2487,27.3525,100.6665,16.6155,8.1897,4.0725,13.0761,54.8589,12.3845,23.3115,0.0457,41.767,16.9821,3.8672,50.7099,34.7315,3.4637,1.9419,56.0736,9.7364,10.1029,16.9591,1.3877,66.5254,64.3479,6.6677,15.1869,0.5235,42.6285,80.61,22.7696,3.2348,24.3813,3.4471,18.1123,92.0507,263.2487,286.6138,8.374,2.7004,17.0907,54.7046,76.647,9.0298,39.01,7.6718,21.7847,65.5134,9.5062,65.7,0.4115,95.0773,23.2412,41.4854,52.035,5.4889,20.4949,19.9526,4.158,9.7294,2.4415,26.6442,21.7225,12.5045,19.1511,21.3378,177.6606,3.6311,1.4912,241.2002,96.9254,53.9114,48.7166,32.1252,18.4872,264.0572,23.0959,11.4253,7.3821,157.422,4.1686,33.3641,28.4116,142.3488,37.29,75.5288,25.3894,345.057,60.9084,42.531,30.2799,16.572,8.0992,20.7972,173.4447,11.447,36.1985,1.7517,8.4513,2.781,6.5902,1.1883,0.4684,19.1003,0.0,0.1099,2.9602,8.019,0.6159,4.1588,0.398,3.9019,1.0019,10.3691,1.1626,30.7947,143.631,11.0047,0.0,4.1507,26.9359,28.0026,24.1603,18.4425,21.9175,35.5473,12.2431,0.2012,21.7738,50.001,37.2642,25.2415,9.4089,17.0136,15.2523,9.174,10.8401,28.3614,2.8965,3.8002,14.6633,10.4444,5.3359,5.0333,0.3824,0.2358,0.5584,1.4685,5.7464,3.7681,1.3759,37.6941,11.2818,0.0863,48.9389,60.438,109.6817
2.6754,14.2963,43.3035,15.4312,54.2446,66.409,0.9665,0.3962,1.7053,12.6291,16.2048,6.8751,4.7157,10.4207,22.1735,8.9997,0.6473,6.1618,5.0132,164.8975,33.7734,35.3598,0.7977,0.209,8.3888,36.4478,38.4234,44.89,10.359,0.0,4.0982,30.0623,13.7485,88.4322,0.6229,26.4811,4.9948,62.6316,0.0333,47.1516,33.765,26.7712,68.4411,7.5617,13.7697,0.0574,1.0501,11.882,14.7284,16.8194,9.6542,10.7394,16.7629,0.7501,0.9424,10.8347,0.1168,120.5702,0.0104,0.207,1.3349,54.6021,0.0645,0.2445,0.0493,1.3783,1.4485,0.0267,49.5227,102.5681,10.5509,146.6321,0.315,0.0446,4.5382,1.3542,0.1319,75.7916,29.2662,6.0861,0.9103,5.6643,42.9042,16.095,5.6965,7.7765,0.102,0.0,0.3379,8.7503,34.9672,13.9019,0.839,1.697,93.4566,0.23,4.167,1892.2242,74.1119,137.0861,30.7322,0.7507,15.9271,1.3985,57.2861,9.6657,10.0885,11.7352,77.1284,884.4869,1884.3739,1.3418,5.3641,0.027,3.2086,8.9835,4.6111,4.8998,0.531,17.2068,1.1912,1.0224,5.1645,6.2055,7.141,6.8462,69.1109,13.3885,49.835,40.1025,1.1699,26.6588,254.2739,4.2714,1.6414,10.173,31.9352,22.3933,46.0976,10.3153,84.3249,7.136,14.2762,2.7316,7.5121,8.4405,26.8837,17.05,8.0995,0.8371,1.6714,8.3464,0.1905,60.9697,82.2684,23.6466,11.8722,25.3646,8.7486,211.6046,128.694,11.817,0.313,40.721,0.8897,3.3852,0.2301,60.2721,8.4337,6.8235,34.3514,19.085,3.229,10.3938,1.4016,14.3498,18.6758,1.9584,2.2452,0.0121,28.0268,3.2237,1.309,22.3608,112.2439,0.6998,0.2559,18.8564,2.815,2.6431,3.1943,2.8185,24.9444,74.2962,6.6822,10.2097,0.2569,19.2096,90.7145,12.6769,6.4413,11.1544,0.2615,13.0376,185.4864,321.3314,96.5344,191.602,36.3013,2.6256,75.6574,39.9062,4.1812,11.9273,2.2005,3.1027,19.8475,1.1511,22.5141,2.0574,84.2881,14.0155,5.0314,25.6931,0.6976,11.2273,0.3669,0.2391,1.1121,3.6445,103.6229,17.6457,25.9142,5.6489,2.8912,67.3948,2.6946,1.569,57.5954,29.8656,18.429,14.2401,8.1821,65.2041,879.5936,24.7822,4.6337,0.3564,61.1407,0.5172,9.6091,8.797,10.6247,44.751,90.9653,18.1402,957.6735,16.4695,36.9837,6.4919,5.1189,3.1563,5.2601,69.9166,7.251,24.174,0.2325,0.2584,18.1018,0.5687,5.315,0.4145,0.4435,1.0372,0.1751,3.2961,2.5338,0.6777,7.5313,0.317,0.3346,1.7998,39.0372,3.0005,19.0554,77.0152,1.7788,0.1461,71.5079,14.1481,17.1083,2.9955,6.3536,4.7107,7.8163,32.3763,4.3535,36.2677,7.5812,56.5777,5.3826,10.214,13.2307,6.658,3.4376,3.8557,3.9338,2.321,53.6741,2.4673,3.5143,1.5755,18.1033,7.1584,0.8264,50.0963,1.7128,43.6856,4.825,0.3273,58.7881,0.8897,40.9287,77.8186,35.9141,75.7547
7.3779,17.7348,55.4207,8.7033,229.8589,84.8123,0.3121,0.9596,0.7361,1.6276,26.1938,54.1667,6.2596,40.8184,13.2148,5.7523,1.976,18.1366,8.2048,11.843,6.2137,16.6813,0.3105,9.8712,29.6412,49.0545,53.4331,20.3096,2.8943,0.0,2.1165,58.8528,27.1649,162.3955,3.1032,104.3581,19.3269,26.0611,0.5538,83.2555,25.4874,49.3886,3.4769,0.4122,8.8104,0.3406,13.2723,33.9533,42.1666,102.2507,34.65,33.6125,8.2859,59.6673,0.4869,11.1464,0.1078,0.0,0.0,0.0,2.1265,0.4879,0.2143,0.3519,0.0341,3.6501,0.6932,6.1968,41.1392,2.8581,48.8992,81.8176,0.9512,0.1233,31.4889,0.3332,0.6086,18.2902,1167.5747,1.4307,3.7537,20.8317,21.1467,59.3552,8.2958,22.215,3.3888,0.0,0.0,31.1307,1.9371,1.8846,5.5103,0.3386,89.9072,0.0931,10.5545,2277.3715,19.0042,118.4824,23.6767,0.515,96.3363,6.3211,41.5504,33.5171,5.7366,37.8714,3.9045,1104.024,2509.1268,0.619,82.1478,1.7921,11.4579,16.7121,0.4798,0.4186,1.8566,90.4221,108.1948,12.8104,2.0377,54.8837,57.0813,20.507,85.7443,37.3993,306.9775,404.3052,2.6153,11.083,257.228,13.8957,14.9557,6.5766,43.1827,4.2295,101.2478,30.3768,58.2199,120.0656,31.4818,9.9569,16.9305,24.9583,42.3251,36.4104,6.0899,3.9916,6.4185,16.9074,0.0,44.4234,5.3385,9.006,21.1914,108.7812,27.5372,24.8746,279.7117,2.1664,0.9843,20.9798,0.5324,10.2417,0.3184,15.981,11.6279,3.8824,21.6748,14.8807,14.4504,4.4763,3.7081,21.3163,6.5365,1.2937,63.4483,0.0671,18.4908,3.095,2.761,40.0069,41.4839,2.5701,2.4463,43.0191,2.0624,8.6021,1.1757,9.9935,67.5827,104.4225,10.4201,14.6996,1.8042,31.1895,85.5915,62.0612,8.0176,35.6609,31.5484,20.5318,51.7535,284.3332,21.2815,23.1644,1.4602,16.8597,51.2497,79.6192,7.5641,39.9139,4.4507,25.3587,103.4638,18.4849,78.9395,0.2772,87.6129,29.6459,21.4981,54.8456,8.7535,11.5992,0.1451,0.0993,0.684,3.1696,69.9204,5.2028,36.0263,23.533,19.3944,14.8581,4.7379,0.7846,25.9894,84.5928,27.9276,43.7448,10.792,21.0976,752.3676,58.8957,33.3094,14.1254,18.5196,12.2244,10.5123,15.1826,32.896,91.4232,49.8949,32.1303,781.3159,7.9714,18.3837,18.4486,7.4488,9.9077,5.509,123.3526,30.0043,50.5797,0.0715,9.8122,1.218,10.5574,1.7129,0.153,6.0689,0.522,0.3231,0.0666,1.461,2.7995,10.8117,0.0752,2.8205,117.5134,5.6594,13.104,70.1068,98.9371,0.8304,0.1103,7.1896,19.6713,25.7801,11.8333,21.3134,64.5945,11.131,13.3663,0.2218,4.808,11.8201,20.7916,17.2175,20.0849,16.9292,11.2628,2.142,11.7942,6.6728,0.9214,7.0788,6.6958,15.3454,5.983,0.6068,0.685,0.104,70.4048,0.4047,3.3078,5.9463,0.4333,36.3981,20.5507,0.0951,56.0727,33.3149,204.3649
9.1471,18.5113,128.1911,2.617,18.1592,86.5913,3.8153,1.3754,2.4136,7.611,29.6485,63.313,52.7728,29.2391,22.3429,14.1889,1.2267,5.6304,17.4739,60.3821,46.2239,72.0495,1.3742,4.9252,35.9218,91.1243,128.9741,63.9676,11.4915,0.0,8.6038,21.5781,26.5408,65.7622,1.3642,73.2348,42.1082,71.7999,0.0865,52.4893,34.484,124.214,69.795,14.1508,19.9805,0.2308,3.721,89.0031,12.8131,15.0271,21.9947,22.1133,30.9888,0.368,0.1597,0.8047,0.0,0.0179,0.0,0.0,0.4358,1.0798,0.2811,0.0444,0.5142,0.7181,7.3915,0.0687,39.97,180.4215,31.8415,86.2223,0.078,0.0081,7.0452,1.2289,0.1397,30.6745,3.9928,14.8747,0.5507,20.7022,60.4555,75.8552,3.231,14.4998,0.0617,0.0,0.1227,31.4537,6.09,13.7268,0.2799,20.1418,131.4268,0.4428,16.9948,1573.7405,180.7905,110.2584,56.4532,0.4367,116.5352,10.8148,46.5499,21.3903,12.683,47.4851,80.5186,1858.4019,4337.213,2.7363,18.3109,0.0,3.2681,16.0584,8.841,6.1209,1.2428,167.1885,0.8064,1.3809,4.4674,4.6582,24.3189,32.9057,75.474,41.5172,14.7304,575.4524,242.4535,39.7241,342.2662,4.1121,1.564,29.0847,28.4567,5.1011,16.8179,2.5786,203.5533,7.5916,34.6836,7.2496,38.4445,10.3861,25.9672,19.4045,1.7138,0.3386,7.7272,19.7163,0.3458,411.3975,608.283,118.4106,10.7527,9.2668,15.459,206.0544,168.5504,0.8836,1.1619,48.7693,0.4255,3.2945,0.1218,16.4173,11.5088,1.8857,122.9391,19.9462,19.4886,2.681,4.3248,17.5636,34.5153,12.4258,7.5572,0.077,73.3835,6.938,2.0976,17.1733,137.9991,0.2687,5.8679,103.2596,9.1666,2.4647,8.1569,4.5138,190.0116,57.7809,7.9661,14.1738,0.0346,77.3961,147.835,8.7446,6.5654,32.3893,0.4099,35.6974,185.5397,381.8504,126.8833,106.3323,132.7316,34.539,159.1841,64.3623,3.4009,19.3971,31.3061,15.1641,4.0079,1.8552,33.0089,10.7897,48.9828,47.5712,10.3264,30.53,7.3863,21.11,0.0143,0.076,0.4966,11.0855,50.7197,5.2278,69.6547,21.8297,8.0428,97.6013,5.8092,4.4889,109.3605,36.1374,23.5748,46.0814,25.7894,64.3753,637.6764,10.5782,1.8961,1.6747,72.6059,0.1033,4.9908,51.9454,19.9802,64.1242,104.6775,102.2455,483.2071,15.2126,45.2308,8.5357,6.8549,8.7746,3.8054,54.5705,2.8232,45.5019,0.6331,1.0029,27.6097,2.1277,0.4295,0.2508,0.2012,1.3977,0.3179,1.5065,6.6347,38.3635,6.9198,1.3234,0.7086,1.4408,27.2454,9.0339,33.7957,144.7393,1.4587,0.0361,2.5716,22.808,29.7804,11.335,3.644,11.0786,4.4443,18.4885,2.4238,5.5368,14.452,50.7175,21.7736,7.7926,33.8004,38.2952,4.1813,19.9915,5.065,0.3357,8.2407,16.4584,25.9025,7.7804,12.5348,1.0194,0.0341,1.1858,0.7013,33.8295,7.6498,1.4078,52.5307,2.2974,0.3742,117.0886,41.2478,27.7298
2.5859,49.8502,83.5596,11.0342,612.9289,58.0715,156.3192,0.4067,141.2827,1.75,37.3908,125.1364,16.5033,55.3565,40.0741,24.477,3.5177,6.0659,16.3998,78.3822,36.2245,31.6196,0.3462,1.0829,32.9308,80.7234,83.0986,63.9674,8.4649,0.0,6.1057,39.8734,16.8357,211.988,0.1304,109.3966,6.4221,37.733,0.0345,153.2085,33.9728,137.3663,52.3107,80.9823,16.5997,0.1189,100.2701,43.8038,13.2156,91.242,42.7829,40.0341,26.0788,4.456,3.293,0.5466,0.0,0.0,0.0126,0.0,0.9626,0.1064,0.2182,0.0591,1.3835,0.1027,0.0692,0.0538,2.8953,316.8182,8.5542,146.5455,0.0692,0.1507,15.4519,0.6723,0.2124,199.4488,105.5547,6.2121,0.9438,48.9605,48.2153,49.0823,6.0994,25.0065,0.0,0.0,0.3809,7.6338,0.232,0.4209,20.8332,0.1954,187.2966,0.0068,25.8759,1156.7641,37.0653,384.1314,31.3665,0.4804,160.0211,13.1705,158.3806,44.3896,28.5282,30.3852,47.7206,574.1401,973.8703,0.1956,31.2568,0.0,30.0501,23.4488,6.1128,0.3653,17.9565,381.5226,0.454,103.9313,4.3658,218.7839,80.4911,107.7353,75.7435,48.3496,469.033,1313.664,9.7675,23.6267,430.6765,1.3352,44.1604,6.2499,74.3086,6.6662,60.8433,941.0698,81.5674,308.0164,36.1219,10.2925,80.8536,13.5619,61.0546,27.2326,21.2155,8.221,3.329,21.1167,2.4156,95.0678,211.2211,15.1598,17.7267,111.0671,51.1502,66.2582,261.0134,0.7147,0.0172,73.7556,0.2904,2.044,0.1852,7.1003,7.0991,4.8366,26.9477,21.5967,24.6709,3.8541,12.8863,46.3979,32.112,4.1363,24.233,0.1756,35.0917,3.7687,51.508,68.9706,52.4087,29.8714,4.6487,67.5354,1.6498,2.252,4.2133,0.0222,83.5835,67.6012,14.6317,18.3298,0.1206,79.0318,58.793,17.6542,0.2285,21.9296,0.244,21.7775,95.4953,424.5466,73.2061,10.3123,19.7018,26.1177,66.535,103.3747,4.3181,10.8348,50.3067,42.4141,13.6669,3.002,71.6685,0.2968,54.8832,21.7624,53.3394,54.5122,0.1123,34.4521,0.0633,0.1299,0.9167,10.1288,1520.0302,1.1228,14.1281,24.4677,31.0099,99.5778,3.483,6.8058,379.3088,125.8327,27.6241,28.8884,22.1868,26.9114,306.5752,17.244,21.3294,15.0161,122.2264,0.6495,7.8712,30.1869,14.8056,75.1464,127.2356,71.5276,327.4967,14.4864,44.7661,13.665,12.1124,6.8516,60.3438,107.873,2.1097,36.8744,0.6241,4.3679,107.0167,86.93,1.0111,1.969,42.5467,0.0,0.0705,2.8183,0.765,2.2964,19.1903,0.3172,0.8082,2.1941,8.9218,0.1206,57.6499,86.837,75.5983,0.0,23.4025,25.4582,1.8073,14.9961,4.2866,216.6225,6.1492,2.5691,4.8059,4.1786,131.794,62.6164,20.7947,17.3548,58.6622,52.5442,8.7375,13.2449,34.3167,0.3462,0.5667,18.0966,8.0075,11.4598,0.4539,0.1379,0.0907,0.0,0.0504,33.4718,5.926,17.4279,48.0901,0.9475,0.0,67.9712,91.0602,369.2686
0.7997,63.2865,81.0366,40.5119,142.3333,69.9958,139.4739,1.6836,120.6062,3.0707,36.0268,46.0955,15.3415,72.3367,18.1791,13.7975,0.9397,59.485,19.0087,117.3672,17.498,11.8034,0.0496,7.4977,22.3964,92.5605,76.5435,2.5145,1.2487,0.0,4.8109,17.7015,31.0363,122.1044,0.0066,58.1668,12.5548,54.505,0.0076,58.1195,23.6772,57.1682,74.8546,26.8419,7.3525,0.0261,87.8589,33.3787,136.304,65.547,43.9076,25.82,80.1011,52.3075,0.4301,1.2647,0.0,0.0,0.0332,0.0,0.3823,0.0702,0.0514,0.0467,0.4805,0.0677,0.0504,0.0,1.7215,101.9762,13.0062,147.8174,0.228,0.0568,16.8843,0.1198,0.0525,41.2226,581.7887,0.7433,2.8217,150.9942,22.4406,29.9979,2.1619,15.0391,0.0,0.0,0.1793,2.8966,0.5462,4.588,11.3215,0.0974,131.1438,0.0134,19.5241,3793.9462,43.6595,227.466,17.6095,0.046,119.237,9.1544,141.3681,51.0258,63.3277,33.4418,63.4624,1032.6037,557.8799,0.0859,28.6908,0.0,14.7896,12.6616,0.8004,0.4816,295.7183,531.6129,0.136,47.8545,1.3908,197.498,68.7797,106.8864,61.7389,41.7678,145.3949,1243.8241,3.1163,26.6514,218.0529,0.5723,131.8863,11.0168,94.6799,18.5446,27.9815,928.7963,79.0897,574.0028,27.172,11.2213,108.6997,16.9346,43.925,17.5403,63.1466,56.97,1.442,11.9385,295.0835,73.4653,146.827,22.584,10.9187,105.9148,97.949,52.057,347.0568,7.5986,0.0679,89.6723,0.1531,0.9385,0.7021,23.1622,7.5249,0.7462,28.5087,8.3994,13.3882,24.9856,5.6833,21.5252,12.5545,0.7763,6.8474,0.0096,17.2407,3.9406,8.4022,15.4144,123.5223,60.7228,2.0553,61.8321,10.4027,9.2233,0.3832,0.0,104.898,72.505,13.2395,15.4651,2.4311,90.6124,91.2401,20.1833,0.872,29.0466,24.6103,30.7521,89.6007,896.2983,116.002,7.4404,25.0214,11.1261,88.2057,121.9074,3.9082,13.255,11.2515,84.6667,58.742,1.3469,52.0068,0.0217,103.7758,54.7153,40.7501,17.2959,0.0185,60.3323,0.0125,0.0095,36.7899,12.2556,515.9422,14.2241,9.0614,24.8386,34.8172,6.1782,3.4759,9.8987,65.4143,74.9117,28.2653,32.0195,24.7174,55.8746,620.0853,2.5074,15.1098,105.54,147.6948,11.1244,7.1535,40.3747,9.0688,34.238,121.6853,42.4833,598.6383,5.921,33.2202,26.3445,3.556,7.452,22.6006,50.2718,7.4296,13.2641,0.5348,0.6856,2.3589,5.2233,0.1739,9.9105,50.1795,0.0,0.0,3.9838,0.6934,18.5997,25.7106,0.0505,0.1413,2.4398,3.3334,0.6541,50.2489,249.8406,12.7613,0.0,3.2545,18.8176,1.6679,15.7601,1.8208,197.5877,6.0932,28.7033,2.7003,17.3701,26.3261,118.9311,6.7816,10.9201,34.5568,13.9341,6.8199,11.0891,24.0575,0.0589,0.2615,15.0113,6.1027,7.9917,0.1995,0.1516,0.0,0.0,13.7179,23.1978,6.0428,7.8401,66.1463,5.6146,0.0274,101.6312,87.0216,297.9532
5.1288,180.3583,127.0391,3.1416,88.2833,40.0178,18.3341,0.2873,22.1737,1.3196,164.2318,37.9721,20.9093,493.8119,25.4219,4.1643,1.5786,3.0885,9.6037,325.4541,67.5132,45.3482,1.2763,0.0733,11.504,73.6508,50.8503,24.3532,6.0412,0.0,3.1823,39.3595,6.6836,171.8328,0.0075,126.4998,68.1313,59.251,0.082,66.4542,41.0007,63.7203,89.9775,9.7286,59.3983,0.0446,1.6766,28.3648,30.4047,101.2444,53.103,23.1199,40.1628,13.7489,0.3986,1.8331,0.2117,0.1254,0.2269,0.0,5.1871,0.0399,0.2573,0.0266,0.0893,2.1281,0.0902,0.238,7.6063,0.9358,1.4664,137.9791,0.0779,0.0162,58.1954,0.4636,0.0199,239.3289,111.6228,3.3621,0.6416,145.7662,24.4736,43.2398,6.648,44.2153,0.339,0.168,0.1429,15.5412,2.052,1.2341,2.1412,0.422,105.6043,0.1067,18.4814,1657.7794,37.4997,175.1928,89.28,1.8898,134.7571,8.2513,79.3944,31.5085,22.5167,18.8803,62.2104,1736.1449,4418.8164,0.1188,1.8753,0.0,6.4152,14.6293,1.8851,90.6433,269.8488,12.2126,34.0934,8.8628,0.1593,41.3438,25.6369,56.3909,55.1542,23.4301,618.6492,701.0641,0.9583,33.0817,308.8203,4.265,0.2349,10.1088,3.8413,31.747,19.4376,1.7329,26.7974,4.0795,36.1211,7.7734,6.4794,12.705,24.3174,12.242,13.9342,2.8332,3.0849,20.0585,12.4872,200.5346,7.7928,30.8892,10.0778,6.5692,30.3394,41.841,2707.456,16.764,0.1289,55.0061,0.1852,4.4852,0.1737,4.9319,12.6433,6.742,28.3073,24.7109,56.6031,1.5536,5.226,15.615,10.083,5.8427,20.7901,0.033,22.824,2.7899,0.9128,13.0498,180.286,0.1463,1.7284,66.1769,173.8449,1.3753,3.0334,0.1669,63.5937,41.8101,22.6278,25.0969,3.788,65.1281,53.999,34.9625,2.7438,23.1934,27.6496,43.2322,112.5876,356.5797,43.5611,26.2184,37.8804,38.5243,85.0258,118.8442,5.7837,10.6892,9.1884,24.7942,23.4536,1.2455,151.4006,0.4042,98.7464,23.1263,31.6492,33.674,0.3793,42.9818,2.755,0.0217,18.0129,11.8629,29.7013,178.5568,5.0144,32.7249,25.1474,36.6393,5.467,6.8524,119.7882,50.4058,14.4493,25.2281,23.0828,58.9631,267.4214,2.0003,133.8949,131.4821,30.3706,1.706,2.4104,30.7908,35.9469,157.9216,266.2196,59.1302,585.6681,26.3406,33.1751,6.3825,1.7349,9.4878,64.1572,66.8433,15.4842,60.1431,0.1171,19.3934,1.9276,4.9868,0.5938,0.0376,5.3361,0.0,1.5341,0.6541,0.3827,1.737,1.2036,0.0246,0.0689,3.2621,13.1403,4.3892,41.6209,272.8462,0.6409,0.012,0.7624,10.5189,5.4356,2.5583,4.3989,30.7477,10.9776,2.547,0.3873,2.0862,21.1718,74.1596,9.1372,16.532,45.5921,24.1576,2.9848,9.4064,60.0276,0.264,0.606,9.0984,27.3683,1.0957,0.3974,0.0863,0.0,0.1008,0.0189,15.831,2.445,5.9973,117.4137,4.6397,0.9343,53.9591,70.2381,173.8663
10.3298,155.1618,84.7741,8.2366,165.0078,20.0464,6.1795,0.9737,8.6594,14.3238,24.6841,21.8576,7.6688,26.2394,43.9591,4.0032,0.6541,12.0446,3.5297,21.0041,172.0488,207.2929,0.9099,1.3318,29.2949,35.4001,63.7783,43.6858,4.2412,0.0,2.9474,31.5095,9.55,199.2002,2.4411,116.0833,30.9528,78.0283,0.0637,44.9055,49.5629,110.5136,44.668,5.6309,17.2026,0.047,9.9542,25.9373,141.8589,44.8147,59.6239,26.236,55.9443,1.5156,7.8428,1.8864,0.0372,0.0,0.0299,0.0,2.3646,0.0,0.0123,0.3733,0.3057,0.1299,0.2419,0.0552,20.0658,13.8337,2.6315,105.2372,3.4985,0.1871,13.2934,0.5887,0.063,916.2132,101.3893,3.5406,0.6011,15.7723,25.3503,113.8325,24.2263,5.1171,0.0,0.0,1.4403,6.5073,0.956,1.1372,34.2507,5.2915,88.0353,0.0161,11.2616,2073.8535,11.4316,72.9863,6.3525,0.7042,28.0456,2.746,80.9399,110.4401,2.2639,6.4128,18.0335,221.7156,2871.818,0.7727,26.8079,0.0,0.9743,11.4975,0.9595,5.5997,3.0674,42.347,0.5265,4.7876,0.1154,73.3555,5.2164,33.3565,77.7629,35.1554,91.6401,426.1133,382.6792,4.7026,362.0247,8.1699,7.4568,30.5254,35.6583,66.2826,291.189,68.9346,136.5093,30.5658,34.7411,9.0943,27.1141,10.567,41.0701,3.0508,4.7287,1.5303,60.2964,13.5251,110.5929,798.6841,8.1297,3.5988,5.3456,73.3474,21.0838,32.4952,89.215,1.0385,0.991,14.6746,0.2983,15.3728,0.0183,20.228,27.5712,15.8949,39.6007,119.4571,22.6121,31.0331,0.9763,11.8435,36.5129,1.069,12.5495,0.0116,53.4684,6.7244,5.164,24.7326,39.3116,14.7567,1.0543,72.2484,1.4749,10.8378,0.6918,0.0176,92.8325,75.0205,2.8706,7.6426,0.0659,25.7293,153.2121,11.3636,2.0976,17.3566,1.3044,18.5827,80.381,450.1551,27.2682,42.0839,7.9975,17.7634,40.1472,40.3346,1.2338,37.0182,1.5184,9.876,142.6711,16.7815,58.3417,0.5908,66.0664,20.8391,20.571,70.5087,70.2172,16.2271,0.02,0.0,2.3585,1.3884,81.9324,10.0305,56.3255,7.2291,10.9848,38.4083,2.0541,0.2426,39.0534,74.4211,68.6864,39.6743,13.1251,15.0208,364.2876,5.201,10.138,3.5222,53.2615,2.9909,12.1201,13.061,82.4836,71.62,94.4978,8.5929,129.0057,6.9113,20.7758,8.1116,3.0582,8.7204,3.5548,154.9693,5.9606,14.1912,0.1233,2.082,1.0919,6.1782,4.7248,0.7384,1.6458,0.0,0.0557,0.2755,33.2478,0.2944,0.8201,0.1124,0.2661,0.9479,2.961,1.3732,13.8505,77.9481,5.2971,0.0127,6.1833,27.8911,3.439,16.9874,6.8799,8.756,20.4587,3.8233,25.4378,26.0526,6.7811,6.3655,4.0731,10.5975,3.6496,9.6318,11.8169,4.4368,13.0607,1.0236,0.9293,7.8383,5.3397,7.3077,1.8233,0.0,0.0,0.3184,0.6179,13.7592,3.1299,0.2581,32.7658,42.9395,0.0,37.8562,32.641,110.291
1.2343,28.7691,41.74,9.2465,127.1689,79.2842,0.2729,0.649,3.2692,3.7957,59.6179,17.2671,4.4569,26.6358,20.4017,132.2618,3.3655,46.9256,15.5442,67.5747,45.3901,39.4274,26.8258,1.5231,12.0969,58.65,52.9286,5.8596,5.2046,0.0,13.8454,50.9694,29.0775,145.0466,0.0,59.5653,258.4311,47.7017,0.0215,128.5715,25.0012,59.9071,40.3357,8.3472,25.3598,16.5225,6.1338,22.3206,169.953,117.1549,23.7288,36.4943,23.2654,25.9157,0.7523,0.5947,0.0,0.0,0.0825,0.0,0.9763,0.0996,0.0146,0.011,0.5705,16.0209,0.0818,0.0503,3.7508,34.1037,1.7532,103.0508,2.6851,0.5437,5.4584,0.068,0.0745,97.682,197.2821,1.6009,0.9555,56.3122,20.5148,61.4902,4.5079,10.4863,0.0,0.0,0.0509,12.9141,0.5425,2.6736,0.9887,0.1471,131.3448,0.0,7.5982,2286.6786,10.6916,180.1016,38.8628,0.4276,122.5445,3.3127,48.9163,40.8176,20.8448,30.8721,96.4221,464.5838,1552.7454,0.1655,29.1192,0.0,3.3835,20.4483,2.7413,4.6122,49.0288,56.6015,0.3198,27.4204,0.9433,128.7594,30.5618,94.342,92.3618,37.7123,122.3743,568.8642,2.5667,27.3141,266.0768,1.1806,29.6835,8.4531,72.16,34.6587,38.5504,359.7886,49.4786,118.5166,21.6838,9.2117,24.3878,9.3562,19.2164,29.8713,79.3359,20.1065,4.8238,10.696,74.0931,56.1163,21.454,6.3015,6.5792,42.5751,32.5807,58.3453,126.2869,15.1162,1.2855,60.2613,0.5296,1.3713,0.2166,16.7903,20.0797,2.125,22.8795,22.36,6.9864,8.988,3.9519,15.3254,10.2351,1.147,2.1737,0.178,20.2358,3.9901,4.0895,21.8384,82.1721,1.7938,5.1494,49.2598,9.8197,10.4179,0.595,2.9132,46.4224,41.248,10.6095,11.5955,0.1791,49.8681,92.6124,17.9612,1.1181,13.072,75.4656,26.6655,66.287,288.1028,40.9604,28.1689,17.3506,12.7209,86.0518,110.8525,3.9095,19.9107,21.9496,13.4363,54.2654,0.8575,62.7098,0.7404,76.3282,28.2479,21.5857,57.4812,1.3396,37.1822,0.1303,1.8907,22.6913,8.9125,197.0532,0.9133,22.4559,11.5014,9.7361,14.7956,3.5746,1.9986,117.5907,98.379,13.1071,33.3448,9.188,43.9532,275.9366,4.034,15.377,12.8951,44.2005,1.2852,3.7759,21.9767,12.0734,34.0728,89.295,34.8451,987.0005,7.5803,59.2876,9.4475,7.6312,4.5826,53.6158,67.1697,100.231,19.7748,0.321,0.4539,7.4066,9.2397,0.1234,2.3567,41.5211,0.0,0.2638,0.7609,0.0298,0.8512,6.3891,0.0512,0.2463,3.2126,22.203,4.6249,32.0283,66.6484,4.4058,0.06,0.9836,19.226,5.2741,4.6755,6.8323,20.2407,10.7156,1.7014,0.6336,7.9604,5.1887,75.1969,17.225,41.9636,21.2098,4.9118,5.9566,12.6209,9.9171,0.2193,0.9144,6.3821,4.8165,4.9662,0.283,2.215,0.0,4.6475,3.3739,25.6205,1.556,1.897,143.7835,10.1685,3.2218,72.5378,39.3989,119.1228
2.6735,19.8489,35.7513,58.2069,388.3912,45.0235,25.0495,1.4495,183.4565,1.5584,52.2218,40.3564,5.1123,29.6388,15.1293,8.6225,1.341,35.8938,10.0548,49.5816,32.0176,29.9306,0.1116,17.4112,16.6522,70.1727,65.6666,5.0495,1.8694,0.0,0.5721,23.3346,14.243,156.487,0.0194,100.1031,8.7649,49.5995,0.0111,73.8139,18.4175,60.8186,12.874,6.1085,11.3744,0.8429,114.3914,30.0026,165.5758,54.2478,32.1036,17.6489,40.6883,16.327,1.6725,0.8196,0.0,0.0,1.7297,0.0,0.4186,0.0,0.1306,0.1979,1.1793,0.6357,0.2983,0.0624,1.876,282.941,26.5385,112.2596,0.1115,1.4152,13.295,0.1288,0.0685,31.4408,2186.3604,0.9928,1.9466,91.617,18.7894,30.3016,3.5702,13.5248,0.0,0.0,0.0351,6.2488,0.4593,2.4858,6.0042,0.1321,79.9913,0.0044,20.553,2044.9657,12.9205,166.9267,23.6818,0.2098,149.1576,6.4565,113.9702,48.8364,7.7616,22.8756,47.7499,1212.3721,1403.9339,0.1801,19.7331,0.0,10.103,12.2694,0.7826,5.3439,178.0355,670.7831,0.4218,67.2996,0.2651,303.6039,79.0162,101.0342,61.9624,28.1129,602.136,1328.8884,4.5967,30.733,245.8381,1.0204,139.8523,6.8572,77.2788,24.6759,28.3518,1036.0833,122.6393,1374.7505,22.0498,5.8554,35.8754,8.8262,24.342,9.6379,80.1002,21.5553,1.226,10.756,2614.2115,131.2802,22.2686,6.198,7.9519,118.2409,31.9405,24.5294,225.5209,13.0907,7.6842,37.8986,0.2339,3.8432,0.6864,18.739,18.5825,1.9285,20.0665,16.1038,7.738,6.5206,5.8571,16.9771,15.1514,0.6085,14.8877,0.0283,20.1786,4.3591,13.8055,23.9809,81.9809,28.0408,1.5297,109.0316,5.9609,3.6699,0.3086,0.0287,74.618,46.3444,7.6027,8.001,1.2924,42.0677,57.0163,12.8898,1.6173,15.3528,73.519,30.2304,52.7366,404.1615,40.6571,12.1025,8.2443,13.7457,83.1932,109.8084,8.241,14.9727,11.0142,30.4554,126.2239,1.3247,54.4534,0.3472,56.2973,31.9739,41.8633,41.5707,0.0181,18.392,0.0122,0.1954,29.1145,5.8694,823.74,5.3647,8.1726,13.7203,23.6877,6.2794,2.1784,1.6739,105.6557,83.252,7.7277,17.3177,12.1449,45.9433,320.8288,3.4553,10.4151,81.7536,145.973,4.919,6.9662,29.9656,22.9671,23.3154,78.0006,33.4484,542.3173,3.4931,19.257,15.188,2.4132,6.4292,34.0186,50.2898,49.1358,16.7737,0.0603,0.0447,5.7773,18.0448,1.0767,10.518,52.581,0.0245,0.0454,1.161,5.7931,4.7747,23.1436,0.1621,0.1894,0.4758,8.4351,2.5156,26.5171,146.2536,21.4012,0.0,12.062,15.8265,3.6808,12.9152,3.2968,139.1966,22.1512,7.5418,0.1247,14.9717,25.691,56.2009,9.7173,7.4231,19.2833,10.0352,6.5139,6.885,27.3717,0.1763,0.4018,9.6143,12.954,6.9297,0.39,0.0741,0.0,3.2241,9.7707,8.4906,2.5888,4.1762,48.2388,0.9128,0.0,64.5389,60.6135,286.8414
8.1496,27.4485,54.8462,20.4554,141.0754,33.8379,1.8263,0.798,39.2628,0.2686,80.2607,30.214,9.5986,32.7468,17.3379,0.4551,2.0287,3.1951,18.0371,18.9219,71.2289,40.1225,3.8302,0.3966,24.6208,71.7233,47.8338,79.7759,12.1735,0.0,13.3919,23.8412,26.5862,193.9373,0.0779,86.3184,64.8023,24.8919,0.0447,42.8748,13.0232,112.9819,26.4153,6.8856,17.9568,0.0839,19.8551,45.1107,62.6823,66.8313,23.3133,18.9875,62.1663,54.6136,0.8248,1.8031,0.0996,0.0,0.0445,0.0,7.6548,0.2254,0.22,1.2255,0.0315,0.2901,0.2573,0.3719,8.2699,29.9522,14.3007,71.8276,0.8545,0.152,42.2238,1.5777,0.3936,389.1397,94.7037,7.3275,1.2894,81.1934,19.3595,43.016,3.8115,25.3103,0.029,0.0395,0.192,19.7003,11.6753,9.4047,2.7719,0.5921,91.0596,0.1004,28.5313,1183.8985,13.1186,142.6466,13.0573,3.9491,111.1871,13.6367,23.0694,42.9877,27.1698,18.0509,24.9601,663.9231,1026.055,0.8743,6.4822,0.2645,13.1022,22.5012,3.6057,1.4697,124.0138,160.4918,1.3776,53.4475,0.2248,93.647,66.8061,77.9548,74.413,30.7649,38.4051,318.5983,5.2454,28.4149,366.7065,12.0361,77.7953,36.5094,30.419,28.8939,107.9823,183.4228,91.7421,214.5431,29.9741,9.0302,31.2415,12.9392,22.7043,25.3918,78.2618,17.0484,7.9896,5.4082,410.9633,341.2071,26.7644,7.5295,9.7102,108.9733,35.6452,56.4809,115.5122,1.8227,1.1763,81.2648,0.3382,13.8814,0.6864,19.7783,9.7017,16.4391,14.5817,141.8777,9.3511,1.9394,9.1367,50.7337,10.959,8.1617,28.7685,0.2066,22.1944,7.0596,25.7149,19.6133,110.0363,1.044,5.3931,40.3238,40.3126,16.2163,7.6864,3.6747,107.1241,83.2835,8.9057,22.1129,0.6859,33.613,31.7384,13.7113,5.2273,30.4057,1.1044,38.1948,65.4094,487.6187,59.4145,11.6978,13.5787,25.2475,75.3912,107.6793,5.8731,20.009,3.3332,63.2045,130.9957,3.6419,49.9455,0.4113,128.5545,16.7399,22.7573,28.3363,0.2775,39.6355,1.7113,0.8561,27.8092,6.4346,64.0896,8.064,6.7722,28.9979,24.554,73.5602,6.4585,4.4875,119.5839,58.696,18.4772,32.5148,28.1569,31.1925,218.2344,10.0688,21.3654,21.102,88.7142,3.8092,28.7618,23.7954,59.3584,47.8292,78.1538,32.0639,468.049,14.0278,14.7302,22.3359,6.4214,10.7165,15.0897,79.7756,8.466,17.9893,0.3524,7.7572,0.8753,16.8548,0.2172,0.0236,2.3313,0.0268,0.0249,0.7999,0.3375,3.0911,1.2388,0.1158,0.5143,2.3521,27.7606,10.3163,44.6621,260.4927,47.5731,0.1585,2.7176,16.0952,6.94,19.8481,11.3741,14.5012,18.0263,9.3323,0.2505,4.587,16.9331,75.3177,24.0253,6.7429,23.1042,7.5725,2.9611,28.1938,33.397,2.3569,9.7011,14.2903,16.0573,8.9951,3.3642,0.5193,0.064,0.237,0.0712,18.2084,5.8929,4.1735,53.1012,1.7996,0.293,42.8564,58.7568,214.2327
10.2198,50.9767,20.8363,6.4242,55.7019,79.6878,13.3381,0.5574,9.3252,0.3377,24.8144,13.4289,6.3553,18.1173,37.2914,0.3285,3.881,2.694,6.9549,16.954,21.3082,22.511,4.8596,0.0697,18.8045,25.4835,43.3347,48.4158,17.7142,0.0,5.2097,43.7546,4.3359,80.1398,0.9443,43.3887,11.7148,37.5248,0.0055,46.8212,18.8962,38.1248,34.8664,10.5661,17.1713,0.2355,1.6711,17.9061,77.8833,2.9734,20.9198,24.8803,248.7462,0.8848,5.4696,2.2171,0.0,0.0,0.3355,0.0,6.0223,0.1518,0.163,0.3931,0.0849,0.9478,0.7036,0.138,6.9696,1.1119,1.4791,85.1946,2.5985,0.0512,24.8053,4.5621,0.5051,127.0588,355.3812,18.9107,1.2408,0.0446,16.4977,22.8371,1.9209,17.8815,0.3125,0.0,0.3363,7.6296,0.8669,0.5586,1.0156,2.0079,161.4034,0.0773,7.8019,587.674,12.7143,137.4705,10.5089,0.6337,73.6841,6.7711,50.0034,29.2746,110.8932,15.0835,32.0261,265.4421,844.0176,0.6465,6.4802,0.0,9.6506,24.05,5.0568,10.1084,6.7087,12.4889,0.2131,0.8283,0.2398,51.758,17.0758,11.8607,47.656,51.75,84.047,28.3729,1.8604,12.9566,256.8185,0.6314,2.5448,6.4055,10.0531,9.0302,42.0857,6.5266,20.38,8.2911,19.7175,4.4315,20.6906,9.3377,34.2524,51.0595,5.1535,2.2007,62.3425,12.7329,1.6409,28.0242,246.5619,8.3938,9.4002,50.6573,27.1477,134.0288,238.345,3.0037,1.2744,41.9493,0.2209,63.5987,1.3872,4.4497,7.6335,3.2822,20.0291,19.199,8.2943,10.9836,4.0808,6.8653,73.1867,15.7254,18.0094,0.0418,48.7553,45.9432,4.661,25.6412,48.6747,0.2628,2.2038,41.7644,2.0761,3.7945,35.1708,0.1481,46.0137,57.8645,6.3148,14.4944,0.1703,48.9618,86.7556,14.8538,1.1619,28.043,3.4672,12.3898,95.7067,158.2306,631.2507,6.7333,10.3937,10.865,30.4229,41.9431,7.5648,17.6531,7.2706,34.9186,93.9099,19.5404,48.1066,1.3383,50.2595,6.7852,9.4264,46.0693,0.1335,21.6099,0.0843,0.0824,2.0071,3.6355,17.5275,2.7392,4.6602,19.2766,13.6851,160.7569,3.524,2.9752,116.5814,37.2433,27.6702,51.3854,46.8747,27.6323,333.4755,46.1143,5.1938,2.7626,102.6089,0.3801,10.8019,20.6277,44.5071,37.8725,93.3896,29.9702,180.2191,86.2251,31.5916,24.3267,43.6782,6.5071,5.7174,111.0524,11.0485,39.0804,0.7122,0.2802,0.8929,2.11,2.8012,0.3015,0.0141,0.1083,0.1341,2.5974,0.2122,1.0803,0.4486,0.0936,9.1883,1.2578,1.1231,2.0175,33.4755,91.2695,5.7349,0.1372,2.7629,19.3002,1.3062,2.502,7.0732,5.64,5.5872,2.4254,0.184,7.8342,47.3571,41.6991,23.2192,8.6888,21.1423,7.8409,5.4983,10.1389,6.1284,0.6106,2.4523,16.4925,13.7016,3.7029,1.4388,0.3061,0.0,9.7062,0.024,9.5204,4.0823,1.8634,21.6255,10.9891,0.0,62.0381,34.4693,21.5034
5.2596,12.7541,29.5378,7.9755,338.8042,34.4037,22.4044,0.1959,16.9098,0.8457,25.7369,1.6983,1.9034,10.9578,13.1699,0.1427,0.519,72.4824,3.7217,22.1582,9.6919,22.5765,0.1066,1.7587,7.257,34.2419,16.8824,40.9135,11.8784,0.0,2.6352,32.8597,3.5037,73.3891,0.0533,19.7712,14.2173,113.6358,0.0153,42.2584,14.4972,27.0395,17.1362,2.4498,3.1454,0.0877,12.4077,3.2158,26.0695,29.3322,8.9668,16.1011,4.2768,0.2384,4.6886,2.2614,0.0,0.0,0.0335,0.0,5.6061,0.0471,15.6462,0.0732,0.0132,0.0364,0.5517,0.1285,11.5366,0.6072,3.0186,73.7315,0.3062,0.0286,3.2682,0.6756,0.094,144.6295,95.6302,1.6579,0.7569,0.0,7.2002,21.9261,5.5768,4.5308,0.4363,0.0,0.0722,6.8833,0.0734,5.0264,1.1345,3.4682,56.2067,0.9714,4.455,2157.2912,5.8445,22.8578,6.3487,0.3361,8.3645,1.9899,188.0055,19.7374,5.731,6.195,19.1678,471.7492,790.6717,0.1814,1.5357,0.0,11.9821,8.811,0.2595,1.1318,1.1654,6.132,1.0126,0.9829,0.2702,182.3153,11.8098,6.4785,77.6722,14.266,79.0693,115.1788,0.1563,7.1253,161.125,0.3553,4.2669,15.0579,54.0386,16.5135,132.5397,110.6129,43.4959,32.0088,14.9412,3.8038,11.6238,9.7477,28.1321,23.9097,72.4323,0.5499,1.0011,5.1374,228.2045,87.3895,22.1388,2.9993,8.9263,22.2281,14.2245,77.789,60.4133,5.3065,0.0304,23.2136,0.18,2.2588,0.0,24.2728,4.4245,7.0498,17.7418,12.3961,15.7631,2.1325,1.5647,6.6298,20.5263,0.8013,5.4116,0.013,15.866,1.5957,0.5879,28.4835,50.0706,3.9566,0.6341,14.2603,0.9442,1.814,0.9264,0.0985,16.1655,54.7408,2.4344,5.4165,0.0188,12.7682,142.7374,55.0738,0.4708,21.9103,0.5464,11.4557,257.9929,322.9489,24.6346,51.824,3.3191,0.6132,33.9657,39.0678,4.2864,30.7786,1.1944,7.6532,47.2441,1.3262,45.4438,8.195,110.8998,21.716,12.6472,28.2069,0.0746,23.2043,0.0392,0.0128,0.8493,8.0467,68.9568,39.2214,15.8314,10.6363,4.7953,56.6711,1.2363,0.6062,63.904,39.5522,31.1008,7.6485,4.3811,30.116,1402.0795,0.9545,4.4973,0.6531,71.7612,3.4502,74.9732,13.2394,6.3094,44.4018,34.3743,9.3881,719.9625,3.3631,34.5013,6.6096,10.8861,2.7983,15.3918,346.1653,6.524,20.5772,0.0276,1.9181,2.1799,13.4686,0.4281,0.0,9.7589,0.0,0.0,0.3858,1.4391,4.2713,8.6198,0.0194,0.1409,0.5627,1.3687,0.8978,33.7788,50.2062,36.2699,0.0,5.2229,21.8188,0.448,7.6375,9.2562,9.6117,3.7101,2.6894,0.0286,7.4287,4.0765,30.8554,4.9048,9.0787,12.9134,22.7654,1.2122,2.2622,7.028,0.1977,0.4892,1.4787,1.4178,2.977,33.4852,0.1628,0.9638,0.6836,0.0223,8.1013,3.7238,0.1369,44.6656,8.2581,0.0,60.9097,30.3116,120.8601
12.1145,35.7494,72.7923,51.9977,385.059,69.8412,64.2424,0.4663,52.5479,0.7184,36.4895,40.3053,2.1635,58.2901,38.3048,6.7775,0.6244,1.8342,23.2565,87.3358,150.5823,125.6949,0.0989,26.197,17.3471,88.2097,81.4327,8.6753,1.6421,0.0,0.4006,28.9377,28.0832,269.1642,0.0088,150.2002,7.0527,83.0464,0.005,114.0544,35.1103,46.2637,36.2265,5.7815,19.3759,0.0434,85.5998,23.4017,123.197,29.7239,32.6087,13.4677,105.438,2.2735,10.8077,1.0456,0.0,0.0,0.1435,0.0,0.1727,0.0932,0.0683,0.0207,0.0782,0.216,0.0064,0.0141,3.9198,48.9278,19.9742,146.5991,0.1515,0.1697,21.3042,0.0796,0.3257,309.8145,1536.2157,1.2789,1.2742,55.6951,27.2472,60.5987,7.5154,14.6127,0.036,0.049,0.143,2.1465,3.8327,0.9347,10.3868,9.4604,88.7186,0.0059,21.3339,2735.9384,30.5116,187.0216,16.0313,0.6788,108.229,11.0266,435.6306,81.0581,20.4999,24.226,120.309,683.5423,1772.3043,0.0163,43.2039,0.0,26.0987,15.0225,0.4768,6.3994,251.0001,890.4915,0.3822,100.4769,0.2209,392.2954,69.5283,78.8596,62.288,33.5574,337.002,1037.1698,0.5117,23.2602,483.5849,2.237,513.6233,20.6125,40.7515,84.2445,30.7046,1383.6897,119.3534,1616.8065,24.1071,10.065,43.6238,15.336,27.869,16.8311,86.1525,18.2656,1.3053,19.3622,987.4215,67.651,147.3959,11.1063,19.2183,289.6051,46.1093,97.4493,368.1459,10.9866,0.2558,124.2168,0.4324,2.4327,0.3651,53.4592,18.6566,4.9858,37.2898,73.0403,15.6171,24.3866,5.5152,13.6778,43.2461,0.4007,12.1657,0.0128,19.8716,4.4003,7.9587,51.0412,117.9542,3.7301,1.3041,112.9906,0.0876,5.4976,0.2277,0.1169,78.3732,38.3066,12.8722,18.4005,0.5731,77.2097,91.2953,20.0389,1.5284,41.3097,76.3241,27.0888,79.7649,384.1,200.4691,31.955,30.9329,19.7683,85.7168,162.79,3.6702,21.8021,1.6474,50.0991,99.4908,1.496,68.8579,1.5602,86.6289,33.6963,57.5136,45.4428,0.615,13.51,0.0166,0.0253,28.6471,10.3359,251.1153,7.2489,1.8676,12.8987,14.6449,12.5589,3.0031,6.8617,87.8922,64.4537,7.734,12.4322,17.1522,41.6077,369.8615,5.9164,14.3525,122.0638,116.9488,5.4931,26.5036,65.6683,144.0499,36.5767,157.2233,48.8984,523.3698,11.4478,50.7037,18.6388,4.1165,12.4114,37.099,84.416,155.1887,29.7842,0.0547,1.898,1.3191,30.0422,0.2696,36.6896,54.5385,0.0,0.0,0.8399,0.1675,0.9202,25.4064,0.0192,0.2574,3.6554,5.6054,1.4502,60.5674,193.656,8.7287,0.014,3.232,24.1198,1.4692,10.8224,3.8716,18.3216,4.8378,6.6531,0.1695,12.1019,9.89,49.2119,21.0132,5.4153,16.1327,10.0238,7.635,11.2109,15.3072,0.3913,0.3227,16.1127,8.5201,9.1861,0.1325,0.0201,0.0,14.2345,7.756,6.214,2.2804,3.4629,57.7332,1.7455,0.0364,94.6783,72.4936,251.2814
4.1445,30.1335,97.1271,3.2962,85.5028,110.7317,9.2182,1.0421,17.722,2.1799,40.7104,55.4054,5.4265,33.5932,30.3583,0.3691,3.6371,16.7446,22.5907,56.9646,115.9747,95.7883,4.4893,0.1702,38.0117,63.8236,62.1401,67.8081,57.4511,0.0,4.3237,72.1479,22.6983,547.8796,0.2237,106.3528,26.6403,76.5724,0.0361,148.6636,21.6166,71.4858,50.2968,6.1228,16.7739,3.2312,58.4984,35.2922,143.4929,115.2668,39.9217,24.3756,36.1051,3.384,4.4523,0.824,0.0328,0.0,0.1317,0.0,6.9752,0.0,1.2599,0.6255,0.5287,0.179,0.3378,0.7455,25.4319,239.0385,17.3491,150.9951,0.3374,0.12,7.9127,0.2913,0.3331,1090.2736,177.7182,4.2169,5.7262,27.6226,26.9759,41.882,23.901,27.5171,0.1431,0.117,0.1896,16.3129,3.8113,2.3399,2.7518,0.4982,127.097,0.0094,14.1751,1112.1325,31.388,126.2333,19.8188,1.5876,52.9828,5.6264,64.7678,45.2285,13.7514,33.0127,25.5253,479.1174,3222.229,0.4867,22.7724,0.0,7.0152,85.4246,0.496,3.2582,44.3155,8.673,0.7601,3.8486,1.3594,86.2361,35.8474,73.586,82.7159,43.7685,383.7164,469.5165,59.1982,19.2736,391.404,6.1167,0.2145,24.5859,87.8894,22.0895,172.4738,17.4873,77.7516,22.7544,73.5835,8.6562,18.8253,10.0692,19.5529,22.9728,62.3183,29.1296,5.3248,15.7601,138.358,525.6174,110.2465,11.7009,7.9063,21.3581,40.2758,67.1338,618.5068,2.2975,0.2035,113.391,0.1518,6.9455,0.1452,15.5422,14.6177,18.7891,29.6504,69.5543,18.8158,5.3809,4.9666,26.2489,18.3619,2.1568,17.0743,0.0204,41.3117,2.9729,6.36,17.468,71.5186,11.5752,3.8464,97.3555,12.3564,4.5667,3.4367,0.2636,72.2184,73.1637,14.6935,20.0901,0.1841,66.6521,95.4411,39.7769,3.4486,32.0258,89.4269,42.3641,73.8584,415.8051,42.5418,62.7842,7.4627,30.46,86.9082,65.5703,3.6497,74.7182,3.8748,12.0901,453.1074,1.1525,134.2453,0.2375,143.0899,39.1313,25.5937,106.1695,3.1705,16.0738,0.4147,4.6689,2.169,7.5739,70.7174,155.4458,12.4291,20.2771,14.4247,77.269,5.0794,1.6413,45.8845,176.126,14.0116,30.6604,21.2463,92.8857,530.6875,1.9307,39.685,9.7041,82.0967,8.4265,18.13,29.5367,58.6244,75.111,102.649,54.5336,715.7503,10.2367,22.1297,10.2409,3.0822,7.2433,190.4414,286.6678,10.654,34.4859,0.1087,15.4736,17.8639,34.5313,0.2757,1.6629,31.9209,0.0,0.7861,0.7492,1.3327,2.6516,13.8338,0.1296,6.5795,0.6002,36.5346,2.8575,91.8479,160.9284,4.0582,0.0,4.7946,40.144,17.5318,38.701,26.0513,60.1155,13.6612,23.4317,7.7549,53.4384,25.0531,40.8573,23.2244,12.7342,30.2861,31.6977,8.1036,10.1206,48.9088,1.1051,0.8788,11.1192,5.9367,12.7348,2.1615,0.032,0.1581,0.234,0.7207,7.8539,3.2738,3.8808,145.0297,3.5601,0.0,65.4064,105.0631,615.145
6.4538,22.7425,64.0164,4.4682,74.4519,109.6961,11.8816,0.7601,14.6762,3.9579,44.9807,39.112,18.2369,34.9676,22.4854,51.0029,1.7442,18.2086,19.0387,13.7374,81.3606,69.6725,4.0502,0.2217,28.3269,81.823,60.4501,41.7056,9.4678,0.0,86.8308,35.1522,23.4285,199.7158,0.013,78.8602,157.6673,35.6229,0.1641,57.9897,26.1357,77.43,14.2817,1.902,7.2512,10.8694,11.6525,25.9763,295.8411,147.9988,21.1514,20.2455,41.2498,127.9666,0.7085,0.8535,0.0,0.0,0.049,0.0,1.7597,0.0,0.4042,0.0306,0.0193,0.3331,0.5246,0.0906,9.4571,1.7183,7.8998,77.4032,2.4669,0.0698,8.8183,1.6731,0.0689,241.9596,100.3729,6.9984,2.9375,17.6201,20.4985,52.5911,16.7015,34.4762,0.0533,0.0,0.0353,10.6025,1.5474,2.412,0.8594,0.1483,123.9393,0.0264,16.6275,931.6524,13.7412,97.1147,22.4414,2.7634,113.9674,3.8603,46.4478,35.1189,14.0788,36.7462,14.9254,985.8695,2767.5703,0.2778,25.9123,0.0211,3.6369,29.6994,1.7375,0.8053,17.2022,15.3652,4.3123,17.0539,9.4304,131.9489,69.4257,65.0984,110.4801,38.9921,222.4298,321.9151,244.4031,35.5221,314.2054,7.03,51.6944,10.7385,66.8769,14.0691,79.7882,412.6854,93.4209,6.5288,53.5011,7.6868,29.6534,14.6749,24.4189,18.9916,24.7317,100.9737,3.5359,12.9238,3.9281,62.7886,47.8694,6.8733,7.3747,39.8944,39.1,25.3431,579.7591,1.4949,0.1782,42.8627,0.3577,8.9394,0.0901,51.5166,12.3978,6.6007,25.9067,49.5585,11.1679,4.9306,6.6138,36.572,10.7862,6.2097,10.1648,0.019,25.3137,6.2796,4.4201,11.1678,50.0768,1.9601,4.3165,43.6479,3.2848,7.3141,4.0536,0.1154,70.2161,62.6117,13.5245,36.3891,0.1426,50.5031,84.7159,16.2958,5.9329,15.8574,6.8315,59.4145,88.7987,248.8678,67.2396,3.3932,3.0825,21.395,51.8089,38.2439,2.8832,29.8786,5.5139,20.8682,125.8556,6.0922,68.095,18.3633,64.8225,17.4876,19.906,48.2603,0.4006,11.6851,0.156,1.5729,6.4138,2.3857,32.7916,2.0259,2.6822,20.6084,18.9718,52.8455,6.9928,1.3243,69.7667,148.9215,9.3323,51.179,16.2053,45.9433,261.1097,12.4969,17.8586,11.5803,53.8964,2.2355,6.3047,28.6169,113.5992,29.94,67.3279,24.9812,1251.8463,14.7576,26.2058,8.2281,17.5217,6.8961,115.5733,165.1647,4.5723,25.3929,0.526,3.8437,14.5192,2.0278,0.2851,0.2164,12.9836,0.0,0.32,1.6579,19.7579,1.2672,6.9007,0.993,10.5285,6.9937,36.367,2.5166,23.5124,147.0666,1.2754,0.0,6.7956,19.9858,33.1681,24.1244,9.8708,91.0368,24.8884,14.4453,0.7947,28.2003,21.301,29.7495,9.8776,10.1371,16.2194,6.8498,7.7795,9.0116,19.2812,0.4996,0.588,6.6156,6.3345,4.3035,28.744,0.3578,0.0,0.0,0.0981,4.4602,5.0413,3.1873,61.8287,6.2448,0.1615,25.0716,36.0879,376.3283
8.0988,121.7689,59.4318,7.1877,45.3489,50.2744,3.0118,16.9525,2.9556,9.9225,22.0488,25.646,4.522,17.5601,76.5946,0.2956,0.5718,21.8778,2.5119,22.4631,32.3149,34.2791,0.3441,0.0588,30.6328,30.045,85.6746,9.9692,1.0289,0.0,0.7193,33.1477,18.7266,103.2034,1.5046,229.1393,57.7278,112.8665,0.0,68.5764,53.6654,129.9605,56.435,4.9061,27.1128,0.0,0.2761,39.0146,108.4485,62.3188,81.4137,56.1245,54.343,0.7988,0.0974,0.1969,0.0377,0.0,0.0,0.0,0.093,0.0,1.3378,0.0379,0.0119,0.0659,1.301,0.0345,17.1617,38.2296,0.096,89.8053,0.4994,0.0345,7.1242,0.2478,0.0426,25.4468,145.7828,1.5266,0.1292,0.0,17.1518,123.7421,5.1499,6.9774,0.0,0.1347,0.1746,6.7668,0.585,0.4398,17.8863,4.9742,83.6129,0.038,16.233,5661.8267,14.5937,90.5279,10.5533,0.1741,16.5133,1.5498,45.5026,9.0566,0.8467,7.3863,19.7217,313.5432,2984.7646,0.0598,24.7101,0.0,0.4348,15.6891,0.5374,0.1465,0.0271,26.5548,0.0993,0.1996,0.0426,7.7933,5.989,15.3639,61.5875,23.9962,124.7506,31.1845,324.278,7.5906,415.8727,0.1639,0.9332,18.1178,43.8529,13.135,538.2165,0.5219,101.1911,1.4149,41.4084,5.0747,24.3808,5.0172,47.0618,1.4562,0.6043,0.3322,107.9096,11.3875,0.0615,12.1357,23.0466,4.7308,1.8544,285.2012,17.2566,25.1048,36.1819,0.1665,0.3997,12.473,0.1747,73.9942,0.0,26.538,6.1052,1.1431,69.271,23.3671,27.5642,9.1609,0.582,9.0001,32.0224,0.8354,6.435,0.0117,76.2489,2.3888,0.6223,18.4245,18.3839,5.6716,1.8816,289.2743,0.615,10.2429,1.0645,0.0357,116.9566,94.2041,2.2687,6.7837,0.0171,14.2028,247.5055,17.4285,7.3862,9.9959,0.1612,27.8473,79.8674,197.5269,59.6659,103.9674,6.5463,27.2689,17.4987,37.5824,2.1879,40.188,2.8042,5.8987,395.1775,14.7386,72.1106,0.1323,44.535,29.5999,48.1974,90.0461,0.3605,9.9445,0.0254,0.0232,0.1026,1.9468,34.7409,14.8826,74.6287,5.7806,11.3698,32.1264,2.4294,0.1231,14.5766,31.8011,90.2766,32.7902,16.6439,18.3577,456.8586,7.1842,8.2857,2.8236,29.422,0.7115,3.7377,13.1616,43.563,40.0442,67.5274,8.046,95.57,6.9621,47.2941,16.6085,2.8896,4.7732,3.1215,337.9729,2.898,22.044,0.1502,0.0139,0.2558,0.0593,1.1991,0.0535,0.0119,0.0,0.0,1.5151,24.4963,0.0686,0.333,0.2896,0.1031,0.0411,0.5254,4.1515,6.997,38.0647,1.1212,0.0129,7.3639,32.0309,14.3941,10.0605,2.0682,3.2663,19.9996,9.7786,42.7469,41.4169,5.3195,9.5782,1.1133,4.7521,2.2092,3.8932,8.2475,2.1524,1.5455,0.2867,0.7843,4.1701,1.685,22.8239,0.2124,0.1476,0.0,0.2155,0.0,25.2017,1.708,0.3861,81.6669,16.4086,0.0666,40.6664,19.7882,0.5861
1.7039,11.8062,3.1844,2.2902,7.5971,15.3235,2.1699,0.1668,1.0669,6.4953,7.1347,9.5925,3.4639,4.2394,13.1897,3.5318,0.5851,4.0072,3.4728,5.8542,21.4207,24.9179,0.32,3.0141,14.3096,24.036,30.6439,5.9019,2.8476,0.0,4.1755,15.2947,5.9759,14.0997,0.3496,12.9713,18.9209,21.9716,0.0562,92.3183,13.7338,33.032,43.0509,8.7009,9.1061,0.7114,0.842,16.0108,3.5843,24.1052,8.7513,8.0313,6.8614,0.3186,0.1481,0.5755,0.0,0.0999,0.0,0.0,0.1536,1.7068,2.2818,0.0165,0.0,0.2937,1.1433,0.0225,42.5407,64.4356,10.6417,42.8702,0.217,0.1726,3.3875,1.4695,0.2407,21.2757,22.2921,3.9519,1.0412,13.0004,29.2092,27.7176,2.2307,1.9137,0.3436,0.0,0.1897,17.0587,8.5155,6.4085,0.8171,7.7551,17.529,0.0708,2.6947,365.9147,23.6192,39.9075,9.2881,0.081,5.5439,2.0965,60.8988,6.2778,3.434,9.6285,13.2444,360.8628,621.7291,0.883,7.7589,0.0,0.6801,5.532,2.2476,5.7042,0.4471,21.4676,0.7358,0.6139,15.117,8.2025,1.1986,7.1825,17.3637,8.3624,21.7059,103.3172,23.9239,5.0494,77.4796,1.1445,2.6002,5.3905,27.2267,22.5803,12.7401,2.2676,65.6378,6.5062,8.7758,1.7849,13.5474,2.6458,11.9993,74.1103,1.2909,0.0509,0.7073,3.7879,0.5079,320.2893,98.428,12.985,3.8559,12.7006,1.9471,93.0133,72.6424,0.225,0.3833,10.8395,0.2733,1.3563,0.2744,5.991,5.6489,1.0817,44.2865,6.1955,9.787,13.7256,0.8674,3.017,31.7139,2.0695,1.6546,0.051,37.6151,4.4671,2.0813,12.6937,42.5703,0.8951,0.1567,44.0933,8.7251,1.3531,0.7153,11.7876,27.8913,12.3641,3.7797,4.1244,0.1558,10.7645,66.4815,5.8919,1.5963,5.7928,0.1101,14.6384,20.7124,144.4315,47.8217,26.7193,10.1309,1.6937,31.2827,19.1256,3.9474,23.5166,2.3657,1.8097,0.9074,0.7144,12.5469,2.6367,17.3365,11.0724,4.2143,11.8706,1.4097,5.1138,0.0441,0.8657,0.2972,2.2164,35.4967,6.4668,36.9921,15.1089,2.4797,34.1435,1.3198,1.4609,20.9348,13.012,8.2469,33.3736,8.6081,20.2997,358.9004,5.3716,1.5246,0.4929,16.3034,0.0174,2.653,7.7,1.1999,23.0484,15.727,15.2943,184.9053,8.1221,21.2619,6.4826,6.2253,2.8453,6.5462,18.5609,2.8006,9.9233,0.4133,0.3384,24.0095,0.6261,1.9003,0.57,0.1141,0.4234,0.0246,2.5118,7.422,4.9562,2.5258,0.999,0.3116,1.6798,10.5165,1.9759,8.9179,17.5926,1.8585,0.0112,10.4256,20.1187,3.9513,1.3222,4.0726,2.4756,0.8328,5.4387,0.9894,9.1558,5.9826,8.9054,6.605,13.3393,5.5297,9.801,0.3334,6.2352,3.3018,0.2686,35.8855,4.0107,3.7876,0.1542,8.4912,0.9938,2.0873,0.6086,1.0376,27.853,3.4133,0.8148,12.639,0.5788,0.3761,35.8179,11.089,22.679
0.9727,77.3362,94.9804,9.7912,204.6733,46.4781,0.6363,0.7435,0.4944,47.7188,75.5106,32.0841,2.6612,39.7591,19.8512,0.1883,2.6793,50.0343,14.5933,74.4267,38.7581,58.0628,0.4554,44.0645,9.0034,54.5939,443.0505,7.1629,4.9054,0.0,2.4416,34.0932,21.6777,109.5501,0.0164,62.1963,1.8038,82.8208,0.0235,119.3059,25.3899,154.829,40.4126,5.3859,35.6047,0.1296,24.5678,35.3782,163.4608,60.7124,53.1259,22.8678,61.3267,41.0457,2.1718,0.4105,0.0,0.0,0.0721,0.0,1.7452,0.1741,0.0255,0.029,1.0828,0.1176,0.0417,0.1231,33.0768,59.2016,9.89,130.9535,3.7053,0.044,10.3851,0.1189,0.2606,157.2983,20.4067,1.762,4.2679,94.6765,27.1842,33.9745,16.7139,19.2248,0.2015,0.0,0.2892,38.2181,0.4473,1.8333,2.4275,1.1614,83.3071,0.0,19.6705,1107.1487,39.005,104.7801,28.134,0.5513,65.1736,4.7147,117.8186,74.539,74.7578,22.5335,52.0499,988.7741,4894.8562,0.1904,25.0338,0.0,19.4226,39.3256,1.6435,5.4066,35.6349,239.9232,0.2218,131.0244,6.4678,528.7484,74.6889,167.0454,48.2004,64.7307,142.1416,493.8046,0.2888,37.7314,235.7614,1.7065,21.9387,4.6624,236.2546,91.8988,132.8229,947.6067,171.3353,1026.2903,29.425,5.4751,59.868,13.3419,26.9255,24.8256,167.706,3.5059,0.9334,63.733,148.8144,211.0414,17.3025,19.0731,10.0433,54.7645,35.3086,140.0316,154.2057,12.1229,0.8991,70.9311,0.5462,1.6255,0.6627,85.2664,142.6311,6.8813,33.2821,22.9019,10.6986,14.1408,7.4857,23.3857,16.3361,0.6845,3.1791,0.1556,26.968,5.2584,14.0953,31.54,45.8794,2.3126,3.3652,77.8455,5.6964,8.6938,0.4866,1.6556,67.0932,86.6477,14.1377,13.7614,0.0275,51.9213,75.2405,20.0097,4.1654,16.8227,97.7096,54.6424,82.6338,228.5285,147.0955,67.0887,27.4743,31.7708,42.7556,118.9665,9.8667,20.6789,1.3039,14.9366,109.8835,0.5831,64.791,5.0078,533.3658,38.8221,29.1842,137.576,0.0,97.639,0.0207,1.9365,4.0272,27.6486,201.7214,0.9582,54.542,38.7697,15.5573,13.2693,6.3456,4.47,186.5325,55.7973,10.0497,24.431,23.0574,38.2913,357.0174,4.7394,11.5277,82.8805,107.8698,25.5585,4.2598,65.0091,22.5014,58.3288,125.7696,48.2858,2662.3637,19.4133,43.5398,18.0188,21.6123,6.9945,188.5756,92.7346,2.0798,68.1467,0.6124,0.7654,8.8951,3.4733,2.301,63.467,26.9837,0.0,0.2018,2.3761,8.6799,1.5733,8.086,0.0089,0.681,2.4567,9.096,3.165,30.0712,140.4223,13.1012,0.0,2.6091,31.8072,1.3715,6.9834,4.6433,99.1267,17.4404,1.7636,2.585,125.6825,8.2226,53.8291,13.1318,17.2539,29.1358,21.5142,12.4422,11.5397,16.9525,0.2968,1.7727,10.928,4.0852,15.74,0.2784,1.0153,0.0,0.1647,9.1177,28.5279,3.1932,3.8372,58.6398,7.4607,0.543,117.7079,37.8832,415.1064
1.239,24.3415,62.7775,16.1811,745.3745,49.0344,0.6858,0.6068,63.8382,0.9185,34.6994,23.3415,3.4704,34.2179,31.9203,8.5492,1.0918,1.6026,13.8561,62.3008,88.2481,67.5483,0.0596,5.4365,12.5341,71.6102,81.3716,14.093,4.4154,0.0,0.9225,19.6014,13.5007,142.3585,0.0,88.5592,1.6481,84.4685,0.0041,107.3807,19.7027,39.8204,16.3534,4.4899,13.4632,0.0356,41.607,18.0961,97.3351,32.5754,28.3575,16.4135,56.7802,0.828,2.1292,0.618,0.0,0.0,0.0816,0.0,0.6926,0.2298,0.1234,0.0255,0.0749,0.4066,0.0131,0.0232,4.1443,104.3342,10.7964,93.81,0.0498,0.062,8.0237,0.2876,0.0191,81.126,906.3294,2.1444,1.7098,129.3511,13.7205,43.8004,5.0938,11.9229,0.0,0.0,0.137,2.2039,2.8739,0.5071,5.3435,5.2535,76.3072,0.0097,17.231,1955.3722,17.3181,129.2098,20.6931,0.1059,147.2425,3.8204,175.6251,29.636,12.0789,14.1503,40.2516,592.8627,1620.991,0.0804,19.3542,0.0,11.6201,12.408,2.9523,82.7608,539.4925,498.6691,0.0721,110.1996,0.3724,392.3254,49.2565,101.0754,35.9948,27.533,415.3125,1247.8471,0.7136,18.8193,378.8035,0.3832,213.9862,9.9923,44.7996,34.8453,58.7965,1616.6622,67.9741,1170.2313,16.3434,6.3071,32.3871,8.5317,35.8224,11.1923,84.4179,12.5229,0.5551,10.1044,3336.1796,143.9145,151.4679,7.1182,11.357,190.7217,62.1497,95.5456,591.6991,10.0857,2.4722,53.1826,0.3865,5.7207,0.0833,16.5973,27.3654,2.2954,20.6742,27.9924,10.2747,49.7672,3.2552,9.6118,27.2613,1.0364,7.7428,0.0421,17.3647,2.3418,4.4736,62.6327,97.833,14.0327,0.7478,183.5168,0.1079,5.4644,0.7185,0.016,49.6862,56.2589,8.4595,10.8996,0.1633,57.0122,69.7777,14.7084,1.4799,20.6621,51.5262,23.2155,95.8476,377.8654,139.5949,35.5866,13.2944,13.1905,78.9898,120.4069,8.5177,15.9702,0.8531,33.2903,42.9326,0.9615,70.2345,0.8781,91.7939,36.5667,30.4009,20.707,0.0404,15.1812,0.0,0.0104,109.3976,4.0743,601.7939,7.5523,0.2976,11.75,16.1299,18.7919,1.9655,1.0873,213.6776,74.8941,13.2013,15.1863,11.5935,33.0294,305.5079,0.6465,7.7704,112.6682,192.8173,11.9629,12.4099,83.9483,39.0798,29.4684,84.1985,25.8366,629.1597,21.3449,35.1779,15.6636,2.7544,5.6858,53.7361,82.3655,93.7608,20.8833,0.0,2.0703,1.8865,28.4161,0.0633,18.4537,51.7007,0.0,0.0254,3.3032,0.2523,0.5098,35.0563,0.0394,0.0881,2.0361,2.9355,2.2364,20.1151,109.2866,3.9107,0.0,6.1815,25.7562,0.8114,6.5624,1.6121,52.6912,2.79,2.1589,0.4177,4.8719,15.9895,46.2361,7.7252,5.9857,24.9128,3.9696,6.3025,7.5791,18.9763,0.0562,0.2447,8.1208,5.3362,5.4759,0.0544,0.0,0.0,29.8577,11.2892,11.9315,1.4761,2.1766,73.7112,0.6325,0.0,63.6622,54.6172,194.9827
1.2666,57.6501,137.564,17.4223,284.0575,95.2802,66.2596,1.0863,143.9402,1.2377,58.1693,29.3891,27.4615,77.9431,37.0764,1.5149,2.695,29.074,22.9872,99.6236,45.5399,29.51,0.1395,53.2331,20.2403,50.4179,588.0052,5.7506,1.4079,0.0,1.6283,27.2354,18.8621,109.4417,0.0,79.573,0.4402,37.1345,0.0,90.9158,39.2313,96.4286,45.8168,9.4617,23.4637,0.6518,102.2509,49.6153,58.4726,37.6493,51.921,28.1305,5.789,2.0796,0.2953,0.4445,0.0,0.0,0.0584,0.0,0.0967,0.2466,0.0144,0.0,2.5088,1.3329,0.0304,0.005,2.0946,214.6016,15.271,117.0392,0.1282,0.1596,5.3957,0.0505,0.2214,27.4315,21.9576,0.6157,1.0032,143.2229,24.2673,21.0839,7.2825,19.8826,0.0,0.0,0.0756,20.0529,1.8275,0.0726,21.8824,0.0662,162.0299,0.0,25.4112,2877.174,24.8913,168.9402,23.831,0.1077,253.7198,4.7848,85.0007,27.1949,6.2501,23.3293,101.8923,670.9909,2496.2922,0.0259,203.4902,0.0,3.0381,24.2571,0.3104,0.2031,18.0149,227.3524,0.0601,70.3904,1.1804,33.0202,44.9807,57.7537,68.5411,26.1186,111.842,1098.2679,1.007,27.2946,368.9634,0.2772,2.8566,5.3413,218.8614,35.1151,93.9165,129.4148,17.7679,37.8476,43.7776,6.9688,42.7216,16.0566,48.9751,19.7458,32.8517,12.6398,0.5876,12.4941,13.3232,31.0552,8.6634,13.4072,5.0066,204.9782,54.5326,86.2189,476.1293,1.2177,0.5572,99.8765,0.148,3.7881,0.1716,15.3516,4.3504,0.4841,24.1628,13.5833,21.6289,18.6046,6.3431,35.8038,4.6331,0.2796,3.7066,0.1356,59.1105,5.4608,20.3328,42.7831,130.9239,13.5235,3.5658,93.5786,0.2625,2.2246,0.2599,0.1031,117.3196,84.6277,18.4586,9.3213,0.5882,95.2233,61.1211,9.7578,1.8244,30.8475,10.9995,39.513,148.0931,403.9645,5.4123,146.329,19.5049,24.7707,72.3161,61.6432,4.807,11.7819,0.4357,53.8969,158.4686,0.9883,49.5665,0.5399,154.7198,56.1234,31.4561,53.495,0.026,172.5797,0.0176,0.0535,1.8173,10.0505,727.4681,1.5381,28.8805,28.1951,44.3866,6.6251,7.1632,1.433,238.0697,71.6638,3.5365,15.4781,24.9603,46.3676,285.1498,0.7216,16.969,6.5085,158.9549,0.1968,6.6233,14.186,7.9841,47.6715,96.3678,51.8312,631.6734,2.7379,20.0814,14.9852,5.1849,4.4451,146.0029,67.894,2.062,37.6913,0.1157,0.53,2.4951,2.467,4.4811,0.1701,65.8638,0.0,0.1633,6.8115,1.5653,1.5167,5.0531,0.0304,0.0794,4.1611,14.3357,1.4274,47.6329,140.5515,41.6804,0.0,0.0826,19.725,0.6163,8.5832,6.2377,219.7275,16.0414,1.7898,1.2553,54.9974,4.056,55.7268,20.806,9.6089,34.3555,10.1864,7.4518,11.6679,15.634,0.0673,0.6433,7.6433,9.2806,7.8719,0.0,0.0,0.042,0.0622,3.506,13.3168,6.4096,3.2011,43.7955,1.24,0.0385,121.9355,50.8918,497.8526
5.2466,15.6136,44.4518,3.0905,110.493,41.4675,4.7436,0.5762,6.0008,3.6587,14.8229,32.5464,4.7235,32.4256,27.1192,0.8839,3.4522,5.562,11.5357,22.3871,85.0705,93.5138,3.3702,1.0724,17.9688,38.6146,30.4733,28.2353,5.7176,0.0,8.6105,24.4545,13.5098,136.4586,0.0,91.4256,27.303,62.3283,0.2685,36.0294,23.3674,46.0756,20.3623,2.6138,13.765,3.7134,8.358,15.3582,157.0322,73.9248,24.4292,19.1648,37.7683,31.1423,3.5864,0.9907,0.0,0.0,0.0095,0.0,18.1828,0.1202,0.2463,0.2578,0.2351,0.1779,0.4773,0.8375,20.6533,2.499,15.9307,96.5562,5.4667,0.0648,14.3606,0.9573,0.3198,475.022,856.7587,4.2966,3.6437,62.0276,8.3334,42.785,8.7148,9.1872,0.0927,0.0421,0.0819,15.7116,2.3949,3.1239,3.7057,0.3802,89.1662,0.0255,6.7888,1187.7242,7.8348,47.4997,12.0154,4.2398,55.5762,5.3541,44.8983,23.4821,14.0723,17.6404,20.3215,405.5308,1211.5843,3.6868,10.2408,0.0123,6.5975,16.9381,1.0399,19.4637,41.8401,14.0715,7.0245,5.5683,0.2097,89.9204,24.1633,47.6565,88.0622,23.8604,262.1089,291.8656,15.3777,23.8485,218.0468,13.3,38.5372,21.9106,26.8854,27.7696,74.8751,199.1813,60.7246,29.1285,29.7099,5.7026,12.7353,10.9008,23.4171,9.8549,4.1022,11.3667,3.2055,7.7718,20.8355,523.8543,115.4628,3.8726,5.9131,51.5561,24.7678,45.7543,270.1462,1.4402,0.8534,23.062,0.5682,7.6391,0.2265,19.5946,14.0061,19.1603,26.4562,102.3507,11.0865,6.811,2.6108,9.6987,15.1786,3.2157,10.9931,0.0771,35.4021,7.1317,2.4857,13.1066,30.016,9.9202,1.6701,32.8488,1.919,9.0447,3.9124,0.2177,36.5264,50.4611,10.4774,16.527,0.5792,23.1078,84.6172,18.4158,1.7365,15.4826,9.1288,27.2517,72.1818,244.6907,56.8116,20.5429,3.246,9.8103,43.9268,42.7438,4.797,34.2019,5.4002,11.3776,25.2916,5.9937,41.5419,19.6686,49.5067,20.2197,15.316,48.0488,0.4861,15.9571,0.0905,2.8364,17.7778,1.869,7.4732,7.2385,11.3758,10.7581,12.9427,40.9865,3.2793,0.8174,19.5963,84.4612,13.7483,36.3204,13.572,30.7798,291.6147,4.824,9.4447,1.4576,63.78,1.7581,24.4701,31.3911,39.0349,36.3762,56.0573,29.3838,476.4285,17.8669,56.8326,9.1254,19.7016,4.9399,56.5481,116.2992,9.9838,16.5636,0.4697,16.3854,13.9598,2.807,0.2978,0.0628,13.5144,0.0,1.0612,2.7773,2.5189,1.1538,7.1578,1.0291,9.1335,2.477,13.535,3.6225,31.0991,78.995,2.7271,0.0121,13.0393,21.1684,10.4683,20.7914,13.367,34.6732,16.6702,11.8416,0.2428,23.4526,12.8763,27.5469,9.0152,6.6282,13.0189,9.981,4.7277,4.5463,24.4478,1.7566,1.1943,6.2228,7.1441,2.7973,3.2169,1.0729,0.0683,0.2274,0.1139,3.2357,3.3313,1.6687,79.8772,3.5435,0.9995,39.0171,20.6265,67.3641
0.771,56.4631,59.007,7.5229,533.0556,29.42,127.4169,0.5711,15.8967,10.6869,29.103,10.4939,8.4091,14.8716,33.5095,14.9545,1.0747,70.6905,4.9324,97.2605,49.6686,88.2782,0.1422,0.2996,9.5463,30.8118,38.4954,24.9517,11.8335,0.0,2.6484,29.4033,20.6123,87.4616,0.0698,39.981,13.5676,80.3291,0.0057,83.0031,14.1396,37.1038,50.4058,13.3342,16.1185,0.0099,21.8668,6.0428,193.8884,42.369,15.6963,23.3208,17.0425,7.6704,1.3734,0.2663,0.5613,3.0397,0.2632,0.0,0.3114,0.1059,0.0,0.1175,0.1775,0.0204,0.0652,0.0,3.1773,6.8216,11.1652,114.8186,0.1376,0.2248,9.7658,0.1988,0.1585,83.3868,186.1348,1.7223,2.2253,129.0283,8.7935,24.9004,33.3543,12.8703,0.6127,0.167,0.1353,3.5384,0.6428,0.4673,2.2278,0.1327,72.9304,0.0067,6.6409,2309.9423,17.0975,82.3443,10.3725,0.1464,132.0108,1.3051,151.2828,277.3617,75.5815,8.1378,60.8189,350.135,1304.1554,0.2871,20.3903,168.7127,5.5381,8.3951,2.5817,1.3078,15.6097,166.6774,0.6391,21.5414,3.7482,378.216,28.6748,20.0228,59.0449,20.5474,196.8638,606.6314,0.7296,5.3256,325.8152,1.415,80.1991,13.5546,66.4101,28.4807,77.6032,673.8507,52.4156,330.3338,13.1603,3.4335,30.9266,7.5545,29.5505,14.0732,40.0675,6.7106,1.5135,11.4581,23.2235,48.7449,106.9509,8.2945,6.7277,42.1555,21.2991,86.4821,174.5107,18.2286,0.1367,40.2044,0.5343,2.6498,0.1151,24.6072,31.7818,2.8972,20.2066,21.3634,5.4077,14.0378,1.5916,6.8538,9.9456,1.5971,3.418,0.0146,9.4497,1.5847,5.0205,70.0014,56.4848,4.9784,0.6705,57.6402,0.8453,1.5066,0.7755,1.3718,27.8313,56.3354,8.5697,10.1978,0.0988,46.3973,100.8336,22.8389,1.0228,16.1201,42.2704,8.5543,131.6418,304.6714,59.9684,32.5547,16.6457,3.3961,62.8552,91.4532,6.0243,23.2473,0.8945,9.1119,8.2092,1.1204,40.1073,2.3399,170.7568,37.3412,22.6786,54.0423,0.0838,18.5693,0.0063,0.6606,3.0955,12.4657,170.3467,1.3595,2.8957,7.9999,7.7563,38.8704,1.5139,2.8296,133.8216,47.1839,24.7071,16.2045,9.0783,31.2894,690.5941,2.6064,8.6326,34.7605,85.4089,3.9755,9.2387,14.2787,7.7905,42.4671,79.3125,15.5862,779.1197,7.1199,35.4582,8.3594,2.291,4.808,51.9897,102.9371,2.8455,19.6281,0.4345,3.2409,2.0614,6.1995,0.8308,13.2931,19.2639,0.0,0.1402,1.5604,6.2767,0.2733,4.2038,0.0109,0.3106,15.4484,2.7976,1.423,36.437,64.2347,1.9563,0.0,8.7748,19.0771,1.2366,4.7535,2.3606,13.1094,7.0117,9.3626,7.6349,28.3786,17.8017,32.901,13.5941,6.9042,16.5045,9.4193,3.8694,8.8384,10.8201,0.1833,0.4932,2.2642,2.2115,2.3323,0.1881,0.1372,0.0,0.5342,1.1791,19.5158,1.1788,0.6154,64.166,5.7413,3.2607,111.6243,35.9878,91.1226
3.8213,18.2831,46.1108,27.7808,356.7337,42.34,0.2611,1.7748,2.4694,3.106,18.5106,11.543,8.4165,65.9764,23.79,1.7082,0.7066,22.7917,15.8409,40.4101,87.0673,88.9048,0.0532,46.8241,14.9842,60.12,80.7197,5.245,1.6868,0.0,0.9755,19.981,15.8693,87.8601,0.0071,45.6879,1.8701,71.6575,0.0081,104.8336,10.9175,53.6051,15.4027,7.2534,10.3186,4.0038,76.1756,27.2721,53.9352,83.1448,75.1965,15.7776,11.7482,0.6285,3.1307,3.0657,0.0332,0.0,0.0534,0.0,0.2049,0.0,0.1101,0.0751,0.7988,1.1833,0.1365,0.0076,6.3592,156.9971,10.9182,88.7889,0.6353,2.464,3.4329,0.0257,0.2064,43.962,306.3999,0.8536,2.1966,72.5593,17.2212,32.1668,2.6986,7.5515,0.058,1.0283,0.5382,4.2032,1.2295,9.4614,5.8737,0.165,142.1671,0.0048,8.9691,2136.096,13.6712,154.6064,32.3988,0.3339,232.4387,5.6312,168.6718,45.3348,8.7426,20.435,81.7765,944.1305,1251.4462,0.0592,22.3975,0.0,3.0439,13.7108,1.2128,8.3354,113.8215,671.2041,0.1,62.7858,0.75,135.2482,74.7961,55.3844,38.9839,33.9145,194.8178,1214.5846,0.883,18.3776,188.9157,1.433,282.2055,9.1254,68.9506,31.0331,35.5048,1454.7295,81.2152,1722.7981,16.9835,4.7345,36.803,8.5768,37.837,8.2345,29.4905,36.7429,0.4629,7.3625,581.0418,43.9763,80.3871,7.2667,4.9796,119.7389,48.8088,54.5033,259.4226,3.9581,0.2549,47.9503,0.3077,3.0476,0.9488,36.5817,42.0245,2.5894,35.09,23.3703,10.0501,26.7427,5.0942,17.6911,9.3837,0.4263,5.8812,0.1655,23.8576,12.1477,15.4492,28.5295,103.3015,75.7841,2.0738,212.7467,5.4276,4.3145,0.1498,0.0157,69.4917,36.0176,9.2889,9.7783,0.5362,61.5344,89.7343,14.1611,1.4438,18.0647,104.7381,29.77,34.6324,416.244,82.365,190.0483,11.1842,7.4927,106.1302,186.9978,7.7353,17.1449,0.5344,27.9829,73.4677,0.7028,71.2628,0.9865,85.1214,26.6967,45.5592,38.3769,0.0794,44.9978,0.0805,0.6019,8.0128,7.6202,1176.3725,3.1215,11.5892,14.3983,25.0906,9.1868,1.9596,1.9768,132.9149,84.811,14.1727,24.1837,12.1907,62.7864,390.718,4.1051,6.1245,99.0768,184.701,1.4474,7.7999,52.1176,30.3134,4.8633,61.6651,25.1143,594.9687,19.2173,44.6523,24.9706,3.3497,6.8178,87.9393,114.4839,43.6539,17.7978,0.2205,0.5878,11.8151,12.7866,0.2795,25.2289,69.9789,0.0268,0.0498,8.5396,1.4863,5.8986,37.9286,0.1236,0.0346,3.9188,5.7497,3.2843,26.0165,88.1729,12.5803,0.0,3.7401,21.7271,1.0011,13.4684,2.3708,168.4155,15.2612,3.2195,1.5724,23.0877,21.2119,59.7843,8.0573,7.0529,18.7165,12.5309,6.4035,5.4612,10.4668,0.1933,0.5305,9.596,10.4141,5.6269,0.0534,0.3899,0.032,11.5041,27.7303,24.9718,2.9871,2.8051,54.9812,3.4298,0.088,62.5282,53.1768,255.3046
5.832,37.7761,58.4248,10.3749,189.0191,91.3217,55.3258,0.5156,47.2643,6.2744,37.0787,74.1597,20.8537,43.2715,27.2506,3.5877,15.6801,7.7025,11.8544,45.5554,145.9676,106.5521,1.9808,1.1672,19.7667,61.2038,43.5879,42.8845,16.5087,0.0,57.1501,19.5341,17.7239,121.1898,0.0139,82.8651,11.6187,51.4056,0.0663,27.0561,21.9455,68.6668,102.9164,19.0255,19.9823,0.2923,14.2575,34.613,94.3417,434.0835,46.1719,35.7916,49.5721,25.4013,2.8331,2.3241,0.0217,0.011,0.0,0.0,9.618,0.0245,0.3233,1.1378,0.0891,0.3552,3.6303,0.052,17.0768,24.1584,23.3836,103.5471,0.574,0.1389,13.386,1.96,0.6977,139.6695,95.4339,8.3262,3.112,47.2117,24.305,43.5977,20.7046,20.519,0.0568,0.0258,0.2006,21.2603,2.6433,2.5541,2.517,0.4943,95.8002,0.0624,12.1053,967.4618,25.0644,159.3991,27.0322,2.9754,143.7012,7.6282,46.9366,35.5513,20.3375,26.774,43.4291,1229.3978,1109.798,1.0646,11.0224,0.0075,10.7732,16.0497,4.0723,27.4954,340.1805,38.7199,6.4167,24.2523,3.1747,55.4639,45.3764,103.8706,77.1132,57.3973,123.8693,475.0995,8.3287,21.2225,398.2085,8.0348,24.7616,22.106,61.3313,27.201,35.6991,197.6164,68.1757,59.4895,34.5123,6.5721,34.6759,12.0864,26.8024,9.437,15.3928,15.5234,5.8312,17.3133,213.7554,315.6822,106.955,15.5916,10.7928,12.6457,37.2852,67.1455,232.865,15.6222,2.7717,58.2137,0.2409,11.1573,0.7578,11.3464,21.4935,19.3686,19.1228,90.233,11.7573,6.9985,4.8843,17.2205,18.2681,4.6972,22.8153,0.0877,55.7968,7.7877,8.8635,27.6091,43.2884,7.237,3.5801,90.8624,2.3429,13.8753,10.7829,0.1743,82.2848,84.9785,10.1657,12.7714,0.6784,48.2621,56.9282,9.7085,1.9124,27.4405,56.7176,15.4815,81.7115,319.4839,172.76,15.3488,19.4176,18.8799,42.4189,89.4561,3.9401,25.6995,12.8717,58.1889,25.4779,3.182,60.1581,0.6892,112.2701,23.5176,15.9716,53.3766,0.9839,31.6917,0.5836,0.2862,9.768,14.9895,51.9123,13.5588,16.3328,20.8752,24.563,107.9418,3.5665,7.2922,83.907,110.9588,20.2162,41.4163,29.8277,15.0953,111.8466,9.975,8.9689,26.2566,111.8203,6.5873,24.765,22.9741,46.3147,44.3127,100.3835,43.6401,556.3814,32.3148,22.3752,13.632,10.3366,9.0637,28.519,132.3078,10.8173,21.8636,0.6904,15.6205,1.4209,21.4775,2.1684,5.6458,34.4661,0.07,0.13,2.3305,2.5859,1.1909,4.5666,0.3882,0.4742,11.683,10.6405,2.5573,33.2388,154.804,8.3989,0.0,7.3206,15.7936,8.8974,12.3701,10.4316,35.8391,9.8849,14.2631,0.4609,14.5054,24.6128,53.919,20.8066,12.9587,24.7207,35.3215,7.6045,15.3258,26.4774,1.6884,2.6581,12.9589,9.9407,9.8105,0.959,1.452,0.0209,1.6869,1.1744,30.5049,3.586,3.5019,54.262,4.0253,0.0191,40.0867,52.5864,204.652
4.7969,15.5502,51.716,5.6838,233.2385,94.6516,1.2628,0.6422,4.8116,16.9291,22.3298,16.7123,7.3512,28.4799,27.9218,1.1882,4.0566,23.7133,16.2185,29.4056,128.8606,87.2806,16.0154,0.5353,20.8978,45.3618,50.2279,64.191,35.6196,0.0,20.4905,30.3354,15.0017,160.5397,0.0083,172.4832,21.4716,73.5656,1.5227,68.1624,15.272,45.2713,27.263,4.4795,18.566,4.2464,25.7065,25.5094,204.6149,88.8269,31.1384,25.2623,96.2586,19.1679,3.6879,1.7917,0.0,0.0,0.021,0.0,7.587,0.0886,0.2335,0.2359,0.1733,0.3164,0.3882,0.6129,11.2023,12.9348,10.6875,88.5442,2.6771,0.1075,18.3506,2.7826,0.3315,657.8471,926.7097,17.6389,3.5764,5.4981,16.9665,47.0874,3.7116,16.879,1.0597,0.0466,0.1132,14.3638,1.9172,2.0775,2.5799,0.6227,123.9529,0.0113,8.1582,498.8237,17.6317,66.354,16.7117,13.962,115.8052,5.4858,44.6299,37.5826,79.194,23.8345,30.286,374.7765,1248.4785,0.6046,14.5861,0.0,19.5411,15.912,1.7423,44.1098,115.6243,22.4591,1.1777,68.162,1.5462,199.4702,81.8346,76.892,81.401,43.7237,506.0373,202.4353,24.0032,17.1553,302.2314,10.2804,12.5984,18.8013,31.028,29.219,82.1001,402.8935,83.0183,157.056,26.8638,4.726,29.1158,10.4532,23.6127,16.1404,181.1937,24.6417,5.8402,11.514,141.2065,323.5451,98.2761,6.573,7.2115,51.2339,52.3925,71.7962,342.8414,5.3917,1.2582,48.6919,0.9667,8.1422,0.1542,23.1828,27.1471,12.7151,20.093,88.9105,10.1019,5.3534,3.7067,16.1714,22.9022,12.4011,14.0904,0.0365,29.9424,9.5321,3.7024,31.4384,52.0247,1.6096,2.2325,60.1449,9.8471,19.9862,8.2086,0.611,56.4635,49.4739,8.3611,18.9006,0.6847,49.9829,69.5244,16.3134,2.4689,18.5752,59.4443,26.6059,65.1092,249.4565,128.7849,38.1736,7.2197,18.3753,57.0622,75.5639,9.2519,58.2421,5.7333,15.1523,138.7532,4.9222,46.7549,0.6222,101.0214,25.0939,18.9206,34.4261,0.7012,18.314,4.8098,1.6704,11.3906,4.2095,36.4694,3.5755,5.8527,14.6014,11.6687,98.384,4.1604,2.0731,217.6535,97.6897,24.8468,39.1468,22.35,35.4256,287.2528,8.1635,10.7706,99.1611,154.4091,5.957,11.5726,22.4592,85.0529,25.5975,95.9677,41.1604,428.1933,31.884,25.8966,14.8099,13.9918,4.89,151.9833,95.3348,7.7208,18.6889,0.3116,6.6936,9.9815,10.7187,1.1343,0.4166,23.351,0.0,0.44,1.3542,1.5121,0.9708,8.1821,0.1548,8.1838,1.9455,11.1961,2.1717,46.8542,110.2813,36.3595,0.0,4.1536,24.2341,6.6543,14.4241,10.6261,50.4721,7.1225,9.9261,1.1275,14.1663,27.9,47.3407,19.9727,10.3375,15.948,10.1016,5.5896,7.7329,50.882,0.711,0.9551,10.4291,14.5541,5.3396,0.9444,0.2296,0.1133,3.2412,0.3569,10.9897,2.7332,2.3173,59.1006,6.3653,0.0345,42.0667,35.548,188.7313
5.9463,58.8175,58.5291,32.7741,204.499,55.3279,66.2774,4.9406,94.6967,0.551,30.4896,110.0364,15.8094,68.6447,33.5879,0.2443,39.1153,130.5483,25.1549,49.977,16.7179,9.8606,2.2698,1.5795,45.9599,86.1029,120.3515,39.8258,25.3904,0.0,69.9421,36.2494,24.7191,136.1648,0.0,73.591,12.5882,29.2726,0.1482,35.2592,34.8724,236.3882,81.9244,26.9261,37.0547,1.5466,69.356,81.0956,83.8437,70.2494,68.0555,49.6137,29.945,63.6283,0.391,2.164,0.0,0.0,0.0764,0.0947,0.2461,1.6939,0.0236,0.0,1.6685,24.6368,0.1491,0.0489,9.2224,81.6293,87.6283,68.5315,3.1453,1.7782,13.2673,0.8538,3.2599,94.5681,51.1587,35.2656,7.6321,63.4839,45.3059,49.2568,1.0608,35.8131,0.0,0.1697,1.3606,15.8911,3.5668,0.2226,3.9013,0.065,182.0607,0.0308,47.0444,363.0374,94.6962,129.3278,14.3353,0.599,250.5845,17.9453,37.043,50.497,18.7702,115.0502,72.4475,1182.3978,819.8896,0.127,33.8586,0.0988,10.3493,61.7077,13.7068,1.2179,355.1841,110.3587,0.3842,39.1957,0.8648,26.8999,48.6729,51.0207,82.6897,68.1709,117.5434,431.9734,2.8208,32.2957,177.1867,2.7314,107.9236,4.1293,135.1311,32.498,5.2557,175.8906,123.6949,158.0224,89.5295,25.3571,77.846,28.2621,54.0943,62.2445,67.973,49.379,12.1252,18.6398,24.2331,4.1133,28.39,37.4599,21.15,36.0564,52.6322,63.5636,284.4439,7.3728,38.8746,70.8268,1.0343,3.4185,1.895,5.3256,10.5302,24.4511,33.7567,12.3772,15.8992,11.2686,38.4491,51.566,24.7964,9.7061,32.4805,0.4881,41.5757,11.3727,41.5411,34.5015,25.6337,10.5427,20.456,57.2062,15.4068,17.6706,8.6147,0.1012,88.2367,29.1269,11.8282,15.2721,9.2201,42.0227,57.0185,14.4182,2.6444,63.3188,23.2998,42.5673,61.0117,205.4346,59.5177,21.1508,12.1449,37.3818,35.332,66.8055,20.7875,21.6138,35.8153,17.4464,15.301,20.9247,48.7412,0.15,46.8316,34.2855,41.5883,40.7962,0.298,26.4066,0.5085,3.589,0.9693,32.7335,285.6421,0.5919,26.9111,80.5668,54.5174,70.0721,28.2527,9.5995,157.5318,103.3811,24.1836,56.1318,47.6877,17.0859,94.6431,11.8592,32.3957,73.6118,69.8685,2.2908,16.7327,24.7987,38.2918,38.3417,87.4776,110.052,254.8199,34.2906,30.7213,48.1652,36.5256,40.8199,111.8422,35.7577,1.2264,37.9226,0.2838,0.6042,6.5513,3.0265,2.5987,0.1265,69.9421,0.0,0.5342,1.1009,0.3865,21.5678,23.28,0.0332,0.9373,12.1673,50.6232,12.8283,63.4463,126.6436,3.5696,0.2916,4.6735,18.5253,1.8626,21.5491,1.9072,67.6256,2.2558,2.8706,3.0798,49.3991,54.8318,78.8234,32.8773,14.304,30.1732,34.2213,10.5086,21.9034,57.4543,0.3808,1.5676,45.9512,28.1568,4.359,0.0,4.5649,0.0,0.3053,3.7084,31.1369,27.5003,25.0599,51.2215,0.5922,0.0629,32.4878,75.1925,210.3888
2.2438,14.5039,83.4137,17.4415,51.8099,83.6229,0.5526,0.362,0.3967,14.6498,20.6816,17.9453,4.3063,14.5098,17.4614,28.3827,0.8093,5.2355,7.1934,241.3248,33.8164,44.5891,0.2045,1.7497,13.7786,41.4559,64.2993,13.8078,7.1893,0.0,1.8161,32.4521,18.5648,119.0361,0.4212,58.2227,18.0223,65.4871,0.0995,96.3203,45.4152,36.124,67.0374,7.5191,17.6606,0.1346,1.6184,14.2659,7.4507,31.0285,8.5294,15.8304,23.449,0.9677,0.2999,18.9984,0.3485,163.2324,0.0156,0.4632,0.0859,17.3531,0.154,0.3938,0.0,1.0279,3.1147,0.0066,66.1397,145.9767,9.7279,146.4319,0.1709,0.0399,1.8803,0.4937,0.0328,88.5353,38.7887,5.8943,0.4457,23.6096,49.4436,24.6448,6.9158,15.5482,0.0,0.1383,0.1344,8.0753,46.608,19.1635,2.2728,3.7672,130.0331,0.0586,5.5572,2604.5985,107.6784,219.6734,60.424,2.2299,23.0312,2.5286,60.2234,14.9729,2.3217,21.7991,148.2901,1209.6877,3617.2565,0.3566,9.0185,0.0,0.9873,6.8686,1.965,4.376,2.5846,20.49,0.4515,1.0521,3.8024,3.8185,8.7888,9.1666,58.0892,9.43,40.9516,54.4508,3.2047,39.2719,265.4087,2.4691,1.2821,9.6431,32.1928,24.4442,28.797,8.3356,81.5472,23.7828,21.8148,3.3901,5.8624,9.5025,14.5446,29.7341,7.8558,3.5801,1.0964,13.5617,16.5273,31.9328,113.3971,45.2564,8.2672,30.3799,4.9319,148.3046,121.2106,3.844,0.8699,63.5205,0.3587,2.1241,0.143,135.4774,11.0127,3.3534,45.9607,36.1189,1.9807,26.2777,1.9114,21.9747,17.7304,0.8895,1.7918,0.0181,25.4534,1.9052,2.729,13.2878,183.2124,0.3613,0.6418,25.6959,3.4783,3.3828,1.7064,4.0666,39.5621,40.3476,7.5933,13.8106,0.1577,41.8784,107.8689,14.0445,16.3001,9.36,0.6028,26.3267,272.4037,335.4779,45.3561,118.432,82.3827,9.17,87.158,36.2279,2.9901,10.9417,4.5697,2.1616,30.7405,0.444,19.6116,2.3627,60.1132,16.2889,9.0657,27.3526,1.4568,11.5512,0.4065,1.2305,2.475,5.7474,244.6088,12.4512,36.9229,10.8633,2.9958,26.812,2.6927,1.7789,21.5052,20.5116,8.3627,11.0621,5.3252,107.1675,943.8902,26.7819,7.4516,1.2529,36.3747,0.1543,2.7164,13.8599,7.5352,76.2202,106.7275,21.7589,1416.3053,7.5489,50.4514,6.0012,4.2314,2.1816,9.0551,35.393,4.6045,45.6578,0.1156,0.3425,31.1348,2.923,4.3982,0.1855,0.4226,1.2189,0.2177,0.7536,2.4014,0.3093,5.6166,0.2026,0.2042,1.2283,72.5733,4.0217,20.3877,65.399,0.8311,0.2377,124.9288,31.6042,30.1784,1.5976,5.6355,14.6036,35.4586,18.9457,5.8959,30.8602,3.4124,53.7045,9.4975,12.3472,16.4215,5.1105,3.8388,4.8743,1.8219,2.2274,84.292,5.767,3.2181,7.4868,19.0135,84.7915,1.1765,23.2207,4.0812,63.1488,6.0416,0.3609,129.9151,0.4946,86.2141,59.9216,54.7143,91.0754
3.2618,35.2175,65.7355,19.2877,1352.7888,36.0812,112.0059,1.2611,71.38,0.4487,137.0369,88.1986,7.7389,48.7703,11.9598,18.915,1.2763,25.0438,7.3565,63.4382,66.399,36.1512,2.0411,0.2696,22.7177,46.6682,52.8488,10.4516,5.4285,0.0,0.4584,13.4717,8.6738,202.1086,0.0,77.0363,10.2778,56.5095,0.0,28.5421,18.0016,127.4285,62.8174,22.8862,15.627,0.0482,36.9985,34.3059,61.2821,26.3056,19.9257,17.506,11.6176,7.4153,0.5616,0.1249,0.0,0.0,0.0,0.0,0.0452,0.0518,0.0076,0.0,0.5143,0.1351,0.0373,0.0079,1.5606,124.6733,7.6947,153.1206,0.0842,0.0577,12.4103,0.2654,0.1681,48.7598,11.2036,0.7109,2.1816,29.2928,28.2426,21.9543,6.5632,10.737,0.0,0.0,0.0397,4.9677,1.1056,0.1668,5.3842,0.0255,55.19,0.0,30.4173,2086.2315,38.6695,290.2409,33.0522,0.034,127.4197,11.8649,103.3687,42.8234,6.4219,31.0636,59.7651,789.3964,1190.643,0.0227,31.5616,0.0079,4.3013,13.0367,2.4261,0.1956,33.8895,291.3447,0.2096,56.5307,1.2148,120.0552,20.9018,39.7731,72.9413,46.2577,202.8997,1045.2888,0.2448,14.7194,322.6019,0.3872,29.702,7.5544,26.37,11.6955,35.9891,275.7318,70.2205,236.4837,26.7771,9.7073,24.9504,7.086,20.0784,10.7512,6.1942,6.6065,2.223,15.7029,1.923,13.4417,4.8204,14.0396,23.8994,38.8376,31.8971,16.9863,162.1868,5.4446,0.4935,62.8195,0.0353,1.97,0.2029,6.1523,12.6103,0.0501,30.4447,18.3296,10.1143,6.8981,7.9467,30.8712,5.3283,0.9004,5.1781,0.0713,23.7352,1.538,27.5331,36.1423,42.1808,27.0331,3.3509,79.8389,0.1461,0.9187,0.6827,0.1517,70.798,97.3572,7.3376,22.1038,0.2599,53.309,104.3716,10.2553,0.4151,11.6622,29.2152,22.8525,69.3298,645.2091,76.0182,3.9472,24.4369,23.511,54.8534,51.107,1.6119,7.9137,6.868,68.6899,12.2121,2.2875,46.8762,0.5782,92.7022,19.2475,34.751,31.7939,0.1778,10.6566,0.0247,0.007,70.4311,8.9408,1341.3555,10.1386,2.9439,17.4287,16.0689,16.0362,3.2836,4.7022,206.6933,54.1603,107.2106,62.4284,21.764,39.3194,375.7692,12.5566,6.1213,31.2604,180.8811,1.2773,1.7332,13.0915,57.3842,46.5557,87.6187,44.2208,519.4591,3.6174,16.0749,10.9064,1.2155,7.4059,69.5733,47.9875,6.0932,14.9151,0.1064,0.0084,4.0542,13.5712,1.37,3.9,33.6113,0.0,0.0687,0.1273,117.7833,10.3133,7.0841,0.1385,0.0477,0.0998,5.1233,0.7234,19.2634,90.4402,38.3738,0.0078,0.46,11.8251,0.6054,10.8143,5.0812,151.9015,7.3235,1.0866,0.4712,2.6741,30.858,31.7084,9.2263,11.4607,21.0008,13.1981,7.6412,13.7385,30.4378,0.0517,0.1242,10.762,12.4891,10.9017,0.2026,0.0896,0.0,0.3596,0.3071,57.1491,4.5098,18.5206,43.9201,0.566,0.0404,45.5816,66.7135,107.5919
2.4634,20.2941,79.6049,20.9171,289.1946,54.6452,36.8462,0.6063,68.3721,3.3951,34.025,17.8005,16.5241,41.8729,24.4665,4.7037,0.7739,8.6962,13.6891,47.5049,80.1791,79.2909,0.4542,47.1355,13.256,44.3888,57.2164,25.2019,5.191,0.0,4.8978,24.3297,16.2425,107.2884,0.0078,51.3691,3.2428,31.3219,0.0178,84.7303,14.0776,76.0493,37.5198,10.6202,11.819,0.3066,34.1133,18.7149,63.3435,39.9938,26.2829,22.17,36.6687,1.5787,11.5072,7.6126,0.0,0.0,0.0585,0.0484,1.1756,0.0824,0.1447,0.4204,0.6446,2.9575,1.3733,0.0541,7.7711,93.0441,14.0094,93.1333,0.562,0.05,6.302,0.478,0.0411,43.2484,475.1982,3.942,1.336,124.8897,11.5287,29.2959,6.2514,9.165,0.0,0.3032,0.2315,5.1046,8.1814,6.8019,4.1444,0.1586,108.4073,0.0367,10.7324,2182.2455,11.7377,171.312,27.6492,0.8634,251.633,10.1297,206.5605,25.0055,11.4337,17.3749,73.6956,1161.1292,1427.5799,0.1369,17.0589,0.063,4.3505,12.4117,2.3649,26.8212,286.2647,277.5001,0.333,54.765,0.2259,92.7239,73.3714,60.2623,54.1743,24.0573,214.6511,1063.1317,1.6293,18.7343,222.8386,2.1453,41.0553,13.9661,52.0225,26.0515,61.976,496.6303,50.4925,524.8257,12.5058,4.1786,31.732,6.5279,43.9522,8.6487,43.1522,13.7118,1.9053,9.8461,1505.1061,169.8465,69.2891,6.9192,3.9503,146.9279,28.3594,56.292,244.9744,15.6445,17.4136,53.1359,0.4606,3.2068,0.0537,16.9326,23.144,9.5488,16.033,50.2715,8.1338,14.2662,5.3818,8.0393,13.2038,1.604,8.4789,0.0453,15.8007,6.6148,20.6982,33.3491,122.4031,10.1483,0.9889,110.4692,0.3739,4.6728,1.376,0.0861,63.9262,36.7203,8.1058,9.07,0.2497,59.3018,52.8502,12.5646,1.8567,19.9954,8.6297,21.608,95.0928,345.3432,43.2248,145.9697,17.6525,8.9683,73.1961,153.4234,5.3903,15.8917,1.6766,26.2384,72.2312,1.2055,41.2615,0.2127,121.2695,33.3243,42.0274,23.153,0.5867,42.9965,0.0343,2.335,6.3011,4.0549,187.6352,5.5529,3.5824,10.5751,16.3862,33.4799,3.269,1.8132,144.1291,99.483,14.6677,19.3555,18.2111,63.3462,394.2208,1.4021,8.7205,79.7984,121.1605,1.5851,27.5079,52.5865,44.6973,21.5213,75.6211,22.2821,582.0992,14.7364,48.3916,16.4069,1.8407,6.4525,16.9133,75.3944,10.2863,15.6412,0.1449,1.6899,0.8224,35.2012,0.4422,8.7668,53.9745,0.0294,0.2182,6.3174,10.087,2.4762,43.8017,0.0508,0.7059,1.063,9.9688,0.6235,44.3416,112.2483,5.1066,0.0,3.1582,20.9632,1.6109,12.6043,4.425,59.1369,43.1101,3.8742,0.6489,20.9698,9.8255,52.0205,10.0029,5.4935,29.4762,15.3441,6.7607,7.3321,17.08,0.4709,0.581,10.3347,5.2665,3.5606,0.0585,0.0534,0.0351,2.286,0.4879,19.8165,1.9875,1.8751,39.3969,1.6098,0.0,88.9799,42.8021,240.4257
4.0999,15.8737,42.7768,17.5678,262.96,73.5117,5.6375,0.5964,134.8438,5.2164,35.0345,27.3591,22.7865,46.655,21.3781,7.2234,2.2807,65.3333,8.1878,22.1746,74.292,63.0698,0.5941,7.5439,14.1847,40.2545,60.1463,54.0861,11.5803,0.0,4.7124,24.9748,8.7901,86.2169,0.0,69.8284,12.7691,77.2173,0.1016,37.9357,21.5688,37.581,12.4025,4.6853,8.9239,0.566,32.0838,14.7171,79.34,26.4532,25.5994,25.8821,60.1297,3.5605,1.2138,1.1123,0.0,0.0,0.4188,0.0,0.2771,0.0,0.0,0.0613,1.5144,0.3095,0.2233,0.1508,31.533,86.9688,7.5393,72.1055,0.2874,0.0894,17.3156,1.0759,0.2758,674.3332,107.9193,8.8896,2.0069,120.3054,15.296,32.4605,13.5023,9.6611,0.0,0.0,1.4694,4.6256,0.2754,1.0473,10.8315,5.0248,85.4248,0.0211,7.5421,1461.3324,10.3329,100.6093,12.6559,0.5715,134.1865,3.824,63.9693,56.4848,78.3854,17.0159,20.9883,470.4777,1409.9747,0.3773,17.208,0.0,9.8512,7.9367,1.6091,0.7209,29.4858,299.1783,0.5083,11.8307,0.4549,72.3897,87.5726,64.2892,48.1438,43.3182,291.3,1136.7125,4.191,12.9133,236.9383,2.5389,78.8145,29.5252,32.7272,42.0537,93.3998,352.5838,105.9465,382.6335,19.272,4.9157,40.2429,8.1533,24.678,10.9566,23.7544,6.8696,4.4459,7.8402,530.8623,901.2847,286.8148,3.4962,7.0708,58.2758,30.1212,40.4824,381.2773,1.4369,0.3747,42.462,1.0708,8.0243,0.0962,14.9776,21.8865,17.1028,15.5411,111.1216,14.8557,19.9091,4.8044,8.8001,13.6598,6.1466,12.8237,0.0152,26.5898,7.7414,13.1973,53.4485,44.5842,24.563,3.7346,81.9699,1.8175,4.573,2.9485,0.3235,49.4454,51.3707,6.4916,9.5463,0.4568,56.9926,49.0908,16.9134,0.7806,25.0486,7.6935,18.8682,66.1198,302.7576,73.8331,10.2855,7.5853,9.1918,41.6957,80.062,5.6966,13.3399,7.729,17.5692,112.1361,2.2905,49.7115,3.0263,61.9847,24.3958,25.5449,35.9365,0.2042,20.3177,0.3485,0.015,46.9894,4.5491,723.6524,8.1898,18.8235,10.5518,12.4507,50.0247,2.2277,0.981,330.8821,77.6387,20.0012,21.4967,13.7539,29.0359,281.3572,2.4655,9.1442,40.2799,209.0934,3.0103,43.4209,21.8862,41.0722,11.7004,54.11,17.162,597.5046,8.8041,20.7977,15.2455,4.6985,6.248,51.0243,135.0443,12.8182,16.7114,0.2917,2.9528,2.8522,44.5892,1.096,4.1772,20.6449,0.0,0.0,1.5694,39.9951,1.5987,4.9981,0.0909,1.3292,1.7359,3.446,1.5317,42.6178,174.4941,5.4574,0.0333,8.8313,18.4247,6.9084,48.758,3.475,77.2836,11.2288,3.3504,0.4356,13.2694,19.2227,32.819,8.9631,6.6745,13.066,3.2368,5.1476,9.8798,12.949,1.1194,0.3238,6.9738,8.1578,9.1921,0.3929,0.0,0.801,3.6617,7.7295,23.7638,2.3234,1.1069,22.951,3.5917,0.388,44.6578,42.6017,251.283
5.0125,53.5611,52.5584,23.373,558.5625,59.9255,128.039,0.8781,76.6591,6.4213,23.5578,17.9801,6.5885,45.4474,21.7088,18.267,1.4816,35.5618,15.8382,55.7821,125.6491,137.8033,0.7625,43.4676,27.3407,41.7824,48.4404,30.7406,5.0727,0.0,2.5089,46.0713,18.0109,137.314,0.0,44.5081,7.6774,62.6835,0.0198,44.9355,13.5479,97.8265,34.7183,6.6945,16.6899,0.2936,55.4624,18.5815,103.574,38.3096,30.0007,33.4331,59.1471,1.3781,2.2487,1.9067,0.0,0.0,2.5357,0.0431,10.3519,0.1467,0.0859,0.9117,0.4922,0.1133,0.1934,0.063,7.5802,192.1785,29.1152,96.1757,0.5006,0.1632,15.3717,0.4383,0.4026,301.7819,260.1574,2.4218,2.5638,51.9902,18.8212,77.047,11.0818,10.6794,0.0,0.0,0.15,5.2777,0.9595,4.642,13.4115,7.036,164.611,0.1214,7.17,2734.069,29.2363,130.6379,24.1089,1.4526,163.7542,8.5081,222.8384,48.8345,15.8658,37.8957,88.35,573.0906,1261.1537,0.5199,39.7051,0.0,31.8611,14.5163,1.818,19.6868,35.3373,640.8339,0.703,48.7624,1.2713,386.2424,99.6118,66.9359,74.248,41.4096,589.0984,667.0454,5.337,20.9185,228.9771,3.5251,107.6615,17.9912,90.612,45.1195,51.5939,966.2504,172.0366,1345.5543,22.0853,5.0591,41.558,11.066,43.6542,14.5517,84.4324,50.9538,3.2195,19.1095,794.3079,398.0134,75.3657,12.1933,11.6216,135.615,49.941,55.0925,218.3658,11.2818,0.1184,95.7819,0.5704,5.5964,0.4309,77.1456,13.0348,5.7068,18.5732,85.1863,17.0191,13.623,7.1817,15.2256,22.3959,3.9376,20.7601,0.1009,27.6848,11.134,8.3842,90.0508,93.3718,43.5403,1.6165,100.3643,0.5169,8.4365,4.4266,0.0613,45.9334,46.8202,11.8184,23.3999,0.6709,92.9538,58.781,19.7309,1.3237,43.4851,14.1867,21.1843,100.3889,572.6553,108.8812,35.6795,18.5108,13.2672,101.0597,125.5544,7.8934,26.9495,4.7339,77.3615,76.8998,2.2095,53.2702,17.0188,75.3817,14.5949,50.7759,31.5303,3.4067,14.1295,0.4799,0.1493,36.6299,30.4483,420.9728,9.0345,39.7836,19.2229,17.3324,47.7975,4.5857,5.9235,247.235,82.3689,18.9919,34.4092,20.1515,40.7069,541.6867,6.1671,12.0034,73.8668,146.8619,7.5763,20.6533,88.0639,60.7328,36.7528,80.7219,41.9143,567.8544,12.8239,39.2678,11.3285,4.8612,6.6767,36.2707,119.3508,30.5551,30.496,0.0215,2.7836,13.1133,24.7146,3.2725,37.1015,28.3505,0.0,0.0972,0.5207,2.8559,0.7535,22.3175,0.2714,0.9453,1.696,14.0152,2.0478,39.7486,154.9204,107.5634,0.0,5.1719,32.8611,5.7199,60.3754,3.857,94.423,12.1478,2.7918,0.6225,30.3753,25.1213,77.0615,18.9708,7.691,16.6374,7.7529,10.0968,10.298,30.0469,0.8505,0.332,11.7038,4.7931,6.4956,0.2346,0.1268,0.0313,0.1388,27.5387,8.7411,2.1417,3.8737,72.5551,1.7773,0.0858,59.7182,61.0754,227.4915
4.5338,44.4787,81.9613,8.3012,240.8817,85.1091,71.1886,3.1863,130.4356,1.1437,46.5699,127.4792,26.5741,47.2097,31.344,70.2647,3.3992,5.0869,14.9408,55.0168,59.1371,51.3546,1.3334,0.8577,39.1596,70.5464,95.2123,70.8869,9.1651,0.0,6.0321,23.656,20.1627,167.949,0.024,108.3428,44.0367,42.7242,0.0482,56.7945,44.0705,258.1605,100.3245,29.4501,13.8059,2.5262,35.1038,48.4386,91.7484,70.7038,36.3437,28.2471,44.5328,8.8809,2.9067,1.963,0.0,0.0286,0.0453,0.6735,3.3739,0.0637,0.3732,1.4138,0.089,0.4428,0.938,0.2188,11.0037,79.4601,49.8183,90.9362,1.9046,0.0644,14.8379,1.2834,0.1907,374.6404,160.4386,9.8232,1.7879,73.4756,19.3318,49.1283,3.8065,41.1426,0.0983,0.0,0.3257,5.7258,1.0912,2.3321,4.8976,0.4336,177.2765,1.7434,44.534,1812.6374,39.7888,211.3483,23.0468,1.2245,151.7147,11.7451,53.2235,26.2308,20.0845,25.182,75.8148,1039.104,944.5647,0.4794,13.8292,0.0585,5.0928,21.5203,1.0024,0.6122,8.445,78.4975,1.4257,54.3784,5.9413,13.817,50.309,44.2504,58.8377,36.0161,153.9293,1583.0474,10.0017,31.2714,334.4672,8.2015,25.1216,16.2398,53.0819,17.3087,67.4739,40.6503,45.2137,14.6597,45.2211,12.4233,37.4293,18.2347,34.8463,20.7608,25.9989,19.4063,9.1976,16.5503,107.6831,130.6302,306.2668,21.0462,8.879,41.3274,33.3484,39.4968,219.2503,107.775,7.7329,22.1052,0.3302,5.6196,0.2772,6.6474,15.3654,12.414,44.5991,44.1637,16.0164,10.3969,14.9477,20.5378,9.5856,4.9633,26.7929,0.1051,30.1474,5.1543,76.2455,20.6114,85.6117,32.1413,3.3626,49.5486,13.7052,4.4689,4.6754,0.0,98.1864,62.4095,11.7834,17.2252,0.1847,72.1083,84.9684,15.4139,2.9936,26.1954,0.7045,39.0203,102.1856,417.0973,54.8631,32.4907,18.1879,40.1428,102.2499,125.8374,7.204,12.5701,6.5583,22.2731,30.0238,8.4072,63.9706,1.6452,103.7703,19.508,50.3329,33.6159,0.6724,20.2023,0.1288,4.0101,3.8281,8.8299,71.2792,10.7536,11.1612,23.731,21.1983,75.9685,5.2121,2.4167,171.6621,69.5317,19.9959,39.2347,26.402,30.5479,314.2439,4.0516,17.9356,27.3416,95.7367,5.7722,26.5885,28.446,44.0201,69.4945,175.6578,63.9519,331.8401,13.9667,29.5479,14.1981,6.879,10.8066,18.2997,99.8388,19.4433,35.7811,0.1868,4.067,0.5514,17.8715,0.6316,0.2797,45.4845,0.0,0.1688,1.3565,1.9079,12.0929,18.975,0.3143,10.2835,1.8043,8.3029,0.9253,40.9428,220.0653,1.6421,0.0,5.185,20.73,3.9117,26.1411,12.7126,99.0388,65.0336,7.4531,4.6722,15.0273,36.9404,56.2046,12.9529,6.8509,28.6572,14.3588,7.2074,12.8224,25.769,1.1163,1.4078,10.9015,6.8725,8.8458,2.3093,0.2477,0.543,0.6431,0.8757,17.6823,6.9291,16.4192,20.5354,3.7886,0.0,57.056,64.5319,514.1821
25.2509,28.8131,64.5277,8.3082,67.5098,99.4894,24.9304,0.3099,14.4727,3.0957,58.287,57.2809,21.4542,39.1466,21.5486,13.9004,5.2916,6.4974,12.4141,38.4623,41.4067,31.9574,2.2423,28.4985,27.0062,30.2723,146.818,101.1364,13.5303,0.0,14.0613,32.5082,8.6541,149.9197,0.0346,135.0944,20.4488,24.4403,36.1634,44.5026,17.9325,173.0969,31.4684,12.9887,14.688,5.9123,84.3582,41.3913,70.8787,69.4712,20.5411,36.5198,60.1901,25.9373,14.2327,7.4755,0.4874,0.0,0.0,0.0,3.1151,2.436,0.0808,0.0306,0.0642,4.987,0.6295,0.13,8.638,244.5861,37.6098,135.4209,3.226,0.2696,20.0717,2.0714,0.8256,139.8314,85.526,10.1908,5.4708,79.6302,17.6969,55.1478,10.2933,29.4374,0.2128,0.0483,0.0705,15.9324,1.145,14.7102,3.4622,0.9672,188.5186,0.0409,14.747,904.4008,28.698,175.2441,30.9581,2.3622,140.2884,8.919,98.767,52.5786,46.1151,35.0344,93.3912,481.7932,1837.1294,0.7078,82.7705,0.0,32.75,22.9093,12.9447,37.6644,7.6372,115.1056,0.2139,129.2509,0.4813,54.3529,101.1862,49.7799,72.1896,42.2988,104.2023,760.0548,4.1884,40.9903,324.3742,3.5412,61.1441,7.745,77.8114,10.075,57.86,245.8677,101.9637,42.9772,28.6247,13.0224,105.7408,20.2567,32.6695,25.6153,28.8475,55.5787,6.4527,19.113,4.2385,70.3974,175.7377,9.6176,13.1169,85.1562,40.6437,89.232,358.7292,9.9153,31.0381,82.1483,0.9279,12.6247,0.3599,6.7137,10.2183,5.2981,20.7031,27.7438,13.7837,2.0466,11.9035,14.1253,34.3283,8.195,14.1954,0.354,33.3163,8.0027,19.9249,100.6957,95.8873,10.0355,1.88,43.1251,15.4854,3.329,10.5262,0.2306,97.9466,40.2554,13.1962,19.7001,1.7073,80.7533,59.5994,23.08,4.9492,21.262,5.0205,36.936,76.1143,363.995,162.5572,40.542,32.3579,22.8086,75.8975,73.6492,10.7952,13.2926,29.623,40.4641,31.1868,23.8253,52.5452,0.7691,39.7474,18.7732,47.1675,46.0061,0.6548,51.4302,0.4209,0.187,9.0581,15.1437,347.4375,2.7405,18.8516,22.2469,15.1799,129.5403,2.9468,6.5404,421.3901,173.6701,33.606,46.3188,23.928,37.9241,305.7693,5.8004,9.0844,4.8448,74.1241,2.5891,12.021,28.701,34.7006,51.9162,71.2216,44.9728,663.0306,34.966,71.6235,17.7297,12.8405,9.6506,26.5976,75.3375,7.762,50.2241,0.4042,1.946,20.103,220.6527,0.3797,0.0865,25.0529,0.0,0.274,4.7174,198.7435,4.3145,2.2978,0.2173,0.9042,1.036,3.5327,3.2856,29.3926,173.2854,2.5034,0.0,28.1229,26.1514,2.6471,15.4408,4.0819,128.7178,33.6901,9.2636,0.4735,75.0316,25.6011,72.02,19.0671,13.514,23.3243,7.4292,8.6721,19.7386,34.2381,0.5835,1.7253,11.4291,15.7194,3.6683,0.2287,3.4152,0.0,2.7834,10.4347,10.2102,7.9242,5.1209,62.0263,19.444,0.0,59.1447,47.7928,268.6035
18.1266,42.5859,94.312,18.5883,178.774,176.7732,3.7683,1.264,14.8479,36.6915,36.0439,35.6196,21.7788,37.8616,29.2028,12.3176,2.4041,13.3534,13.6407,31.0687,404.3122,402.3678,2.8163,42.9172,58.994,103.1993,58.8282,84.5059,8.3833,0.0,4.352,38.1697,17.0411,200.4179,0.2981,139.709,32.2623,93.6351,1.1019,52.7117,55.3867,109.4614,24.8308,4.3251,15.851,1.6466,27.4038,40.3031,100.3177,120.6501,41.3226,36.7627,63.0989,19.969,2.6892,5.6846,0.0518,0.1051,0.5131,0.2064,28.9527,0.0586,1.8355,4.0297,0.4585,1.7643,3.566,0.6804,76.2399,67.2248,29.6513,84.1552,0.7995,0.4502,13.4889,1.7,0.5553,1774.5296,233.9844,5.0202,3.3366,37.1816,22.4043,112.0072,95.5302,20.7069,0.4521,0.0,0.1797,19.6706,29.3142,21.6251,18.4038,1.8203,100.6964,1.6999,13.1817,750.7571,26.0973,87.1667,26.2028,8.3156,69.423,13.0456,32.0338,39.3149,11.0422,27.4252,24.3985,596.7637,1154.1598,3.9054,22.0052,0.0,17.4476,15.2088,1.3825,0.5226,11.8884,46.2396,5.0488,11.3037,1.3292,75.5526,63.3274,139.1884,72.1928,65.181,247.8236,300.7972,24.2532,43.1402,318.1158,26.2282,19.1361,123.4224,66.4592,129.3316,274.966,83.3428,245.6548,50.2285,46.3124,6.9969,42.3932,18.7116,39.5768,17.1522,21.3366,40.82,18.216,18.8489,41.9074,1330.1292,207.5981,7.4945,11.4572,29.9955,32.5715,76.3352,164.3285,4.0094,8.4713,41.2832,0.5114,10.8457,0.5607,39.4567,39.0487,95.7805,31.6961,216.4589,39.608,13.2139,5.449,10.7783,11.217,3.8565,38.4166,0.0967,51.592,7.6061,18.7838,34.5474,28.7279,5.3487,2.427,45.986,8.0889,33.7044,3.448,1.5672,76.9353,123.8997,18.3406,15.0387,2.58,36.8172,71.1554,18.7013,15.2471,40.9483,2.9386,39.5449,79.6126,271.4406,47.6737,22.4754,10.7079,24.4305,62.1016,91.8337,4.2417,63.364,26.7297,20.2977,122.6323,7.1692,64.3786,11.9315,185.8854,19.0786,26.8823,56.6071,1.5456,18.7065,3.2398,2.813,22.5494,5.256,109.3536,94.2511,102.795,27.664,22.0525,45.546,4.029,2.8847,44.9879,113.0389,30.8104,57.47,15.6216,19.5057,425.1924,9.8486,28.2292,11.7236,104.971,33.2727,86.8924,35.2504,110.4434,59.2354,53.9397,46.6087,634.1119,12.73,28.6199,14.6596,19.9702,9.9769,18.6641,159.7764,19.6264,32.6773,0.4465,3.8729,5.9471,21.6879,0.6291,5.2161,8.8094,0.0,0.0776,2.2386,13.9279,11.7506,12.9394,1.2521,5.1016,2.6068,10.3756,2.2687,52.2506,190.4471,3.3899,1.9414,42.2579,19.998,19.765,49.6629,51.6747,37.4062,90.1225,31.6627,1.4201,63.1888,10.9716,46.4543,13.1382,13.1821,22.6543,12.4711,7.0335,14.2972,28.3664,11.013,7.657,11.4146,10.6647,3.9935,33.8056,0.3037,2.3467,0.8499,0.0278,11.4244,4.5445,3.3863,39.5081,16.3418,1.142,35.1881,49.9407,144.1607
5.0764,24.5984,126.7563,11.6052,47.1825,116.966,0.4596,0.8868,2.1241,10.1522,22.8025,31.1936,9.5393,31.6757,18.7226,7.2598,0.9553,6.3047,12.0227,108.2165,64.2968,62.0594,0.2759,1.9103,28.606,70.2328,114.7444,36.0846,23.8393,0.0,5.186,20.4856,22.6868,102.9772,0.0817,60.0699,51.6356,91.9954,0.1172,84.2626,69.5164,75.5768,46.8507,12.3315,22.4679,0.4358,3.6355,33.3639,17.9272,38.452,24.435,20.9032,33.7247,1.4361,0.5934,6.6974,0.0766,128.6009,0.0205,0.3055,0.7653,3.9455,0.0508,0.0289,0.0727,7.0901,3.0462,0.035,80.3407,116.7468,33.5696,152.189,0.1409,0.0438,6.0565,1.8652,0.0433,255.0954,31.3441,10.1464,0.7961,11.9852,73.1641,38.144,7.1196,19.0534,0.0335,0.0456,0.1773,11.229,19.9959,24.2441,1.4991,2.5897,176.5949,0.3421,7.2416,1259.3735,113.1648,248.2099,53.6491,1.0605,83.2731,3.6871,96.3464,27.401,8.9509,27.7108,133.0759,2885.6088,3805.8334,0.1669,20.1427,0.0,3.9735,8.4148,4.4683,1.9937,2.2823,58.3376,0.7877,21.926,9.3405,4.0827,15.287,42.9589,71.1116,21.7632,39.1591,263.3618,11.4436,55.523,305.2229,3.5248,1.2069,33.0007,37.2652,54.0006,25.3982,11.1688,266.5853,35.8036,24.4341,5.6115,7.2587,14.6846,32.8648,32.3952,6.767,3.0759,5.2605,12.6611,1.6868,93.6201,197.8009,69.4377,10.1784,21.9327,21.7262,271.9856,133.2358,2.7234,0.9797,55.5757,0.4731,3.1697,1.5845,124.3658,8.4825,3.405,56.9446,36.7592,5.405,8.5923,4.7208,40.6654,28.8345,2.7672,3.1211,0.0358,46.3925,3.8252,4.8833,17.7482,132.2353,0.6091,1.1098,35.7497,8.1592,7.2779,4.4411,3.6067,98.7429,58.5637,15.675,15.6136,0.1083,49.0301,95.1945,12.6523,38.8323,19.1004,0.4794,22.9657,174.897,380.9033,72.8657,148.0041,36.9923,17.057,114.3959,60.4284,2.1896,13.8114,6.1784,5.4257,10.591,1.1228,31.0713,4.7291,84.6716,20.613,8.1923,24.3931,1.2812,15.8654,0.0722,0.1647,3.8903,10.9976,199.8472,9.9232,37.42,15.0138,12.3259,68.72,3.2422,3.5633,95.3632,78.7994,32.9752,61.5291,14.5356,42.9249,518.9169,7.5457,16.9198,2.9049,49.7783,0.4376,14.7818,83.5248,14.4346,45.9477,156.5548,46.7613,1112.33,14.6353,29.9689,13.1081,6.1076,6.9073,4.1853,49.3476,7.8166,34.6489,0.2796,0.466,53.6153,1.2653,1.361,0.6933,0.2909,0.5257,0.5456,1.5623,6.7773,0.6717,17.0944,1.8535,0.6185,1.5035,83.2589,5.7343,37.8765,269.5741,0.6536,0.2221,90.6376,35.256,32.1441,3.8044,8.7263,10.6171,37.636,37.8418,2.3649,35.751,8.5797,70.6145,13.0139,15.237,36.7371,4.3198,7.6494,7.1531,7.1988,1.9787,8.8184,18.8832,5.7508,11.1744,2.0029,5.9563,1.1456,2.2428,1.8289,69.4228,6.0672,1.0782,45.9096,0.7639,24.2415,44.7817,73.5344,131.3968
3.734,19.4976,65.6377,25.0245,257.4689,57.2476,0.2683,1.2443,3.7676,6.4959,49.9307,31.3035,6.796,40.9788,25.2944,0.569,1.4468,23.3936,8.3867,31.4967,80.126,74.1916,3.1918,0.0795,26.0715,37.4677,41.9025,59.8978,4.4565,0.0,12.4589,16.5852,10.0564,89.0162,0.0,73.3033,9.3756,42.097,0.0794,83.5615,15.753,76.7657,18.5833,10.7663,18.0837,0.4555,45.0967,25.5675,60.5686,19.4999,32.7463,23.5262,28.2978,3.3628,1.4651,0.4487,0.0,0.0,0.0724,0.0,3.8525,0.0306,0.0985,0.1086,0.9832,3.9445,0.1466,0.2039,9.4496,34.6785,14.3471,57.1963,0.0596,0.0866,11.5704,0.3028,0.1679,671.8122,444.874,6.2664,0.7626,52.5048,24.3239,29.1726,6.4819,11.2044,0.0,0.0643,0.1876,3.8929,2.0192,2.2222,5.2026,0.7888,98.3274,0.0,11.4051,812.8528,17.0354,152.3587,21.2778,1.2201,182.5853,4.4443,70.7601,28.8166,5.2223,24.5156,27.5841,438.6805,1457.4139,0.4175,67.4533,0.0,3.3714,15.2724,1.6602,13.8123,206.6024,22.7511,0.6878,35.7634,0.4042,10.0402,49.0262,70.3199,54.5743,38.4202,216.4116,512.2161,5.8709,19.3139,266.741,7.3461,11.1725,22.7937,20.9268,23.4908,56.0711,481.46,42.2482,92.8537,24.9081,7.2933,29.2705,8.5948,18.9216,7.7477,21.469,21.586,4.4882,7.1113,339.0081,653.4482,130.739,6.1935,12.9747,51.9201,19.2465,56.053,225.6723,0.424,0.6516,59.6648,0.5674,5.8653,0.4657,7.0833,18.7236,19.1247,12.4699,76.2096,14.4433,13.3196,5.4627,16.2347,17.1927,3.5964,17.646,0.0673,26.4466,7.3646,12.982,16.8521,55.003,13.104,2.1469,67.8992,4.8746,2.5145,2.1305,0.1662,56.6732,49.4798,4.5927,8.0023,0.3505,60.8267,43.6552,8.1878,1.528,12.2575,7.4901,14.478,62.5526,496.7378,79.0467,20.9931,16.012,11.2642,75.6492,53.2844,2.8167,15.0813,9.3746,18.5496,114.1191,2.872,36.3582,0.4612,58.239,28.8333,18.79,28.954,0.0,17.1071,0.0582,0.0498,13.697,6.7557,482.1201,3.3247,8.8508,14.4665,21.5029,71.8314,2.7875,1.2178,36.5985,49.0342,19.7996,23.2131,12.4272,28.4229,335.0945,2.6249,6.3029,68.2423,88.0594,0.9619,21.8444,19.0544,30.8899,27.592,66.4416,27.3351,548.2658,10.1785,16.5429,18.9807,3.6297,3.2537,65.9123,96.5842,7.5734,13.9174,0.1076,14.4039,1.0384,7.4136,0.1769,1.8795,108.6115,0.0218,0.081,1.2857,3.7368,1.1442,4.4786,0.0126,0.6967,0.6894,6.0837,3.7962,23.5368,80.2392,1.1453,0.0092,2.991,14.2734,3.2737,23.1581,7.5903,46.0592,10.8718,2.3925,2.3912,52.5072,23.9104,18.0825,8.2808,13.0565,24.3655,9.4589,8.906,6.7592,22.3513,1.1167,0.6351,13.0315,8.1488,2.8734,0.5652,0.0396,0.0261,0.0772,0.2754,19.4654,3.7623,1.9557,25.6521,3.1884,0.0239,48.1505,42.321,261.4111
1.8438,35.4672,113.2858,6.7176,103.907,111.648,13.8149,0.8537,8.5999,0.0662,38.9082,41.5087,3.692,49.8228,44.7002,26.1129,2.6113,27.4778,17.875,82.6945,32.2362,32.8781,0.393,0.0992,28.4781,89.532,70.292,26.2276,2.9194,0.0,2.0288,53.6866,25.6526,290.4605,0.2444,109.7658,22.6456,94.4994,0.03,118.1108,58.8017,88.2544,59.8807,17.2321,23.8888,0.2932,13.2703,34.5406,35.6246,118.0683,75.2605,33.1183,10.3688,29.8182,0.2774,0.3398,0.0,0.0,0.0,0.0,2.251,0.1853,2.2924,0.0308,0.1036,0.2683,0.0952,0.0327,19.5887,39.928,17.1462,172.4395,0.2408,0.0281,6.4482,0.1265,0.0924,134.6986,36.3343,1.884,4.3826,95.7037,35.7338,81.4529,19.1455,33.4117,0.6792,0.7795,0.4025,26.9655,0.5193,0.3067,0.5672,0.0871,139.3291,0.0177,20.0805,470.9283,31.3587,209.3437,39.1217,0.2563,85.9995,7.2753,89.9835,43.4667,9.2737,26.3357,66.2561,1285.6839,2026.636,1.0618,16.5979,9.6696,10.6242,17.2351,1.3118,2.3525,19.0064,74.5856,2.3245,24.8149,0.589,14.5813,59.3721,71.7675,88.1009,8.3181,268.7379,383.6735,1.206,27.7795,404.975,0.2794,39.306,6.2793,99.3297,13.362,141.5876,123.295,69.6048,71.3792,30.9894,14.1565,13.5072,25.7921,38.7786,13.0735,23.8183,6.8688,12.1319,2.4428,2.5362,287.2308,89.115,22.2131,7.6153,28.8261,25.5998,56.6762,133.9047,3.4111,0.0897,31.0774,0.139,91.268,0.1814,16.2096,8.8972,3.5412,47.4249,12.9242,16.1948,5.4509,4.2895,25.0813,5.4941,1.5755,42.1143,0.2166,65.3098,3.521,2.6135,13.3498,89.7157,0.8204,4.4248,71.3221,1.1603,9.3996,1.5239,1.4909,85.9237,44.4046,16.5079,27.9472,0.3163,72.7248,107.094,31.6929,5.1063,29.2115,5.4093,29.8378,103.5288,324.3263,31.2834,140.254,37.8773,16.8637,94.8467,44.0326,6.8887,23.4776,6.1379,55.3461,360.7519,4.5424,83.533,0.1531,84.2814,40.6984,8.2564,54.8533,0.3177,40.461,0.0275,0.2388,92.8805,9.8564,94.7817,30.5073,29.4388,17.6823,22.9752,38.9159,4.6791,6.4268,49.293,38.3678,8.3042,16.8367,16.9763,43.1379,533.5279,34.4344,13.0981,3.5047,62.4484,0.8045,36.7716,32.2889,22.8622,97.1536,76.0456,42.7553,1047.5966,6.5832,51.3804,20.1763,8.2527,8.5443,79.7247,144.7014,12.7774,62.5049,0.0272,1.2823,1.7577,10.2159,0.2678,0.0436,0.4014,0.0,0.3375,2.1495,36.2572,0.2658,5.7973,0.0571,0.1119,102.1713,12.7267,5.5201,62.8837,93.1695,7.7261,0.1116,0.5895,40.1866,72.1657,43.1811,14.2641,76.0641,13.5501,46.89,2.1616,39.9301,13.9751,45.9438,6.8561,22.7691,35.0899,72.3978,7.3018,9.5259,14.8364,0.1992,1.3071,13.5947,11.3706,7.3937,1.646,0.4602,0.0,1.0811,0.1098,17.1315,9.49,3.8444,87.9951,81.713,0.0,77.2816,54.6495,275.6058
1.6784,23.8538,67.2781,0.9943,17.0669,45.8542,1.9541,0.7952,32.4463,8.6926,28.2907,39.1889,55.1562,18.2994,17.4603,0.5953,7.9223,0.5459,18.033,100.8127,67.6125,53.8141,65.6551,0.0241,24.2414,47.539,83.8577,18.0003,3.2502,0.0,2.0596,34.2911,23.604,111.1942,0.037,71.8289,117.1074,37.6862,0.1105,118.157,43.9879,80.1538,61.3207,7.7467,18.5857,1.8075,75.3044,38.9108,145.5678,262.0707,21.7945,24.5127,17.5765,37.3148,1.3227,0.4614,0.0,0.0,0.0186,0.0,0.6596,0.3145,6.5618,0.0523,0.2857,4.1515,1.459,0.1072,2.4322,4.4906,56.3959,73.4618,2.8613,0.0,3.9638,0.2147,0.1373,162.7566,109.8559,2.3649,14.9273,29.1393,23.9661,43.2859,1.9055,15.1363,0.0,0.124,0.1005,36.0164,0.0612,0.3905,0.4773,0.0528,188.5811,0.0801,12.1601,736.091,19.363,82.6485,18.9093,0.8471,67.0704,6.1251,29.8705,29.2903,10.7218,26.3347,51.6221,229.8353,2325.6972,0.0894,42.1314,0.0241,6.4648,21.4838,1.5772,1.1871,3.2411,19.2921,0.4268,58.8049,20.2114,262.7177,73.3557,58.8693,122.7442,33.6522,280.1089,417.5884,37.8198,29.6763,227.5845,3.6916,20.3436,6.2981,72.0512,22.5844,74.3772,17.478,94.4921,85.2577,141.9692,11.1257,43.4367,28.7892,22.1609,18.7206,74.2742,19.1619,1.8422,10.7371,2.5206,39.2388,5.52,11.8305,4.0329,13.6875,19.9005,85.8401,252.8802,0.4768,4.2637,57.9635,0.2145,2.801,0.3249,34.0093,11.0888,2.9995,25.7131,30.4652,13.785,2.2313,4.9849,15.8615,21.084,1.6462,5.4464,0.0865,29.0216,11.398,3.0515,11.3167,33.9016,0.3841,0.6224,71.2391,1.1817,107.7118,1.6571,0.0822,56.3907,64.1894,31.2691,14.6115,0.7229,26.5674,57.0705,20.4919,1.7822,31.1005,0.6892,29.7468,91.8131,249.3062,17.7885,340.6136,3.4572,28.4008,72.6195,42.9232,11.4373,51.973,3.9258,17.9941,40.5676,5.9796,81.6309,0.5847,50.2354,37.6889,22.7548,63.9434,5.1859,24.1599,0.0421,1.5251,12.361,9.0236,14.331,4.6338,1.9038,34.7055,23.2429,22.7938,18.4595,3.2613,62.255,67.0327,20.3535,56.4892,14.6094,26.0553,272.5759,1.532,19.4493,0.6471,30.2538,5.0193,3.4094,21.2256,51.5432,47.6293,113.0132,44.0787,358.6251,8.0939,30.4772,7.9928,25.7514,6.4137,117.0043,210.535,4.0772,23.2875,0.1383,0.7298,9.7354,10.2544,17.7629,0.0123,24.3835,0.0,2.2391,0.1502,0.6357,3.1398,0.892,0.1454,1.0402,0.2651,62.594,4.118,101.326,209.56,1.0132,0.0,0.8163,30.7437,3.4601,3.7004,18.8994,49.2987,2.7339,7.8676,12.5795,2.7086,20.8801,21.9705,32.8394,12.9463,26.2633,23.8922,7.2887,9.4635,41.0185,0.3341,3.8931,10.9042,9.2907,5.0004,0.6147,2.4455,0.0335,0.1736,0.3167,5.4892,6.6311,4.3418,238.3004,0.4618,0.0,83.0282,45.2663,189.0414
12.6445,25.7196,61.9408,11.2179,32.7512,37.8476,0.7813,1.4789,1.8733,1.7349,53.2389,29.357,35.7922,33.7655,13.1858,158.8494,0.6493,5.5908,8.0244,80.2781,62.1294,59.7889,0.7367,4.159,27.8839,92.5279,56.0631,24.9969,4.693,0.0,1.9692,23.2873,20.2895,84.9193,0.0252,65.6385,5.0204,25.2426,9.207,38.0305,34.9739,144.0662,37.5698,7.8839,11.3034,2.033,28.455,25.6636,34.1232,18.7201,27.1711,16.7876,15.4302,13.3159,0.619,1.876,0.118,0.015,0.1344,0.0,3.348,0.7348,0.0782,0.2668,0.1214,0.8511,0.7959,0.8197,4.3464,108.4672,26.8096,123.5139,1.8883,0.0608,12.8176,0.1824,0.3333,242.172,94.3887,2.7295,0.5052,69.7998,9.1941,58.0075,24.2333,19.5417,0.1289,0.0351,0.1195,7.3263,12.9587,57.3401,2.9557,0.4965,58.7383,0.0298,12.0666,2378.4316,23.7493,104.5002,26.3524,0.6224,142.5146,5.8214,85.2138,28.432,3.6146,13.4167,47.0024,2113.0068,1853.047,0.4968,11.6955,0.0307,9.973,17.8488,8.1976,9.077,15.5683,48.7326,1.2099,9.3457,0.508,49.0217,25.4491,27.5118,48.6191,21.1609,90.885,1018.8808,2.1568,61.9193,204.2584,1.9322,8.2326,10.5789,55.8973,18.5905,33.9885,127.4058,61.0697,14.9771,19.9468,7.041,57.2303,11.3657,33.3878,10.0789,10.7205,9.1793,3.0242,14.0907,16.0008,239.8362,22.3929,13.0823,10.003,114.983,23.9922,37.6865,175.1787,16.4064,0.1186,30.7616,0.3371,25.5747,0.3923,4.7985,8.5417,5.6282,30.1808,47.5846,7.7893,8.8411,6.7045,10.5544,9.4581,2.3819,8.4986,0.2388,17.4895,3.0813,6.0037,54.0568,91.1813,5.7012,6.0813,31.1024,5.2183,3.2381,3.3437,0.1256,52.8898,56.0983,6.2897,10.4806,2.4779,40.6888,122.8027,25.8783,6.1529,22.198,1.2431,45.1128,70.9634,439.3091,65.1131,14.1342,25.3426,12.5267,37.3809,120.6898,10.5479,23.9975,22.0128,52.4889,181.9007,3.2828,59.0316,0.5864,30.9726,16.0099,49.0076,18.583,0.1762,24.925,1.287,0.9786,2.0201,10.3382,132.9824,16.4058,26.2585,15.9935,16.3817,74.183,3.5539,4.734,152.8378,48.5041,6.2979,26.998,16.7224,48.6073,626.3012,1.5083,12.3084,11.0533,153.2016,1.0034,12.0855,30.9702,16.0968,97.3484,66.5284,37.2488,374.2186,10.0868,20.1734,14.6909,3.9319,6.4525,12.5242,114.1813,7.9435,20.386,0.1958,5.6888,3.424,166.9259,1.1311,0.1047,38.1268,0.0476,0.7521,0.3464,29.5832,1.6825,14.8374,0.1304,0.1883,0.5662,6.7846,7.3446,31.6842,182.794,2.8747,0.0403,11.0733,19.6634,3.72,23.3548,2.2342,148.4819,81.3932,6.9196,1.2752,6.9677,14.7477,28.8738,11.6942,4.3834,18.2086,3.693,5.2922,12.5433,21.6936,1.0021,1.387,7.0947,8.7591,39.9559,1.2105,0.303,0.1139,19.1723,7.2182,10.9843,5.4984,4.7026,24.537,3.3958,10.1569,53.7597,29.4812,69.8205
3.6373,8.0334,20.802,3.5887,57.1945,44.8921,23.621,0.1103,8.4387,0.4677,11.2696,5.7348,3.175,11.7142,22.7024,0.4246,0.3926,13.4167,2.8786,13.6973,30.2207,38.2644,1.1821,0.0945,4.5814,14.7066,12.1255,40.9616,8.7459,0.0,6.9376,16.7353,2.6796,33.224,0.0068,28.9074,5.4348,31.1801,0.1768,19.757,7.7502,13.4888,20.2039,2.5136,4.0475,0.0203,2.7095,4.2819,22.3696,9.4914,9.493,9.0295,21.2112,1.5885,2.5288,0.6628,0.0,0.0,0.0258,0.0,5.1328,0.0727,0.4577,0.2581,0.0406,0.1193,0.0772,0.6351,10.8703,0.5962,1.0826,40.3769,0.3779,0.1323,8.283,1.1789,0.1269,328.6424,141.8625,5.7966,2.0892,29.3422,4.0907,14.1424,5.9548,4.8413,4.7686,0.1147,0.0186,3.3711,1.9921,1.277,1.0959,0.4915,77.0034,0.0093,2.3278,423.2314,6.8126,37.3367,5.8806,0.6245,34.7092,1.2156,29.6774,13.541,42.4821,6.7184,13.2989,153.1273,403.9314,0.8904,1.529,0.0223,5.7276,5.7135,5.6617,3.2928,6.7542,10.1149,0.9422,2.2486,0.0453,12.6742,17.581,14.4159,38.4724,14.5432,81.8343,47.592,3.4235,7.3065,169.2967,2.6509,3.2917,12.5339,8.498,17.9529,40.4332,24.9901,22.0299,12.6402,7.5402,1.8831,4.4034,3.6616,16.1677,3.8955,7.5662,2.3041,3.3201,5.6599,39.1745,367.2235,95.581,2.6195,2.5957,12.2389,13.3679,53.5837,92.7334,0.6928,2.3583,15.2357,0.3768,4.7849,0.0474,5.1725,6.4775,12.4072,10.131,41.3916,4.186,4.8465,0.9789,5.9834,11.1164,5.1114,2.9483,0.0,8.3133,6.6566,1.2121,19.8599,27.0854,0.5217,0.3933,15.9807,1.7754,1.1639,2.7234,1.3067,12.4459,25.9823,2.4969,4.8818,0.069,15.4787,63.3489,12.3593,0.5943,9.1811,9.9599,4.3418,57.8774,133.5941,119.8368,7.989,5.4726,1.8524,28.1643,25.8875,2.308,11.9048,2.9457,4.3078,19.7952,2.0257,24.0526,2.8081,40.1761,7.8723,6.7438,13.178,0.1151,12.6113,0.1643,0.5029,19.6406,1.3306,31.9166,4.7345,4.1399,4.8088,3.6251,85.2118,0.9141,1.2981,90.5576,20.8515,26.5366,14.4866,8.5343,15.1052,249.6093,4.6177,4.4421,1.1861,89.5793,0.5801,14.1903,10.259,17.0209,20.0595,34.2281,6.8831,363.9615,12.5688,28.3624,7.1162,3.0206,1.5048,6.6452,77.6027,10.0463,10.1748,0.4049,20.8937,0.5444,3.6944,0.6906,0.0228,0.508,0.0,0.0,2.6193,1.0013,0.2461,0.9665,0.1419,0.5687,1.2114,1.4958,0.3819,12.6455,29.8618,3.0402,0.0,23.0189,7.0397,1.4219,12.4653,4.3669,5.4851,26.201,10.9373,0.0,5.8008,12.2391,19.3526,4.247,4.2709,9.0021,3.2725,4.186,3.9072,9.339,0.5834,0.6386,2.4137,3.5463,0.8763,2.5057,0.0,0.0929,0.2064,0.0,7.613,0.9507,0.3874,9.6725,4.643,0.0,33.3013,15.4002,17.3537
8.4964,25.5041,86.4822,50.1051,161.0834,38.0141,0.9405,0.8707,48.2368,6.8291,86.807,61.9148,39.1066,46.1138,6.3625,80.1972,1.6614,20.8216,17.6522,83.2707,84.3053,78.2909,0.4509,26.4996,38.9476,64.0521,149.3751,4.102,1.4518,0.0,0.7304,25.4621,20.7999,125.9891,0.0053,106.6043,11.3204,26.5118,2.2285,71.9046,44.711,250.0014,51.7507,12.7907,12.6269,3.1449,206.3241,68.0821,74.4667,35.0533,55.2777,25.9979,11.2391,10.873,1.2442,2.3215,0.0,0.0,0.0331,0.0,0.8351,0.6153,0.4341,0.0124,0.258,3.2562,0.3486,0.6526,11.9046,137.9376,86.2936,135.701,0.9998,0.0566,21.4355,0.1432,0.0558,92.8385,173.2057,0.9101,1.3043,131.0698,27.6157,42.6263,9.5326,22.0464,0.0,0.0588,0.0858,7.7887,10.1297,72.69,8.4247,10.0414,80.9254,0.0107,29.9097,2040.0188,34.7033,86.7954,26.5223,0.1995,356.5543,10.8776,104.913,31.4093,3.8143,18.958,58.5506,1520.1385,1696.6518,0.5237,53.9024,0.0171,8.1884,13.9018,0.044,6.3348,109.8747,260.0571,0.1797,53.1879,0.5091,153.4034,87.3203,53.3038,63.1995,26.4331,105.4527,2073.4369,9.0387,33.2129,190.4864,1.5108,98.6657,9.1844,125.7666,20.835,35.6039,669.452,145.7871,313.5092,25.4455,8.8766,99.0082,10.7927,24.8702,17.1091,88.8913,46.0222,1.9384,10.774,146.7991,153.907,32.4574,11.0374,9.3014,157.232,29.2056,38.4788,449.6557,7.2577,6.0131,57.9051,0.1145,29.2491,0.7179,17.3088,27.4102,3.4405,27.0628,42.0164,9.8485,22.0964,12.8402,26.7906,13.8161,0.711,8.905,0.2308,30.5126,3.9762,18.4442,61.5601,146.634,3.4763,17.9212,55.5348,10.3519,12.0876,0.7693,0.0117,151.0276,62.147,7.8211,9.5889,1.4518,69.4753,85.8151,21.6492,7.7351,30.1406,34.4519,33.1537,75.2281,575.3639,106.3538,22.4607,26.1177,19.0434,58.3054,200.7357,4.6531,24.2759,1.2784,50.3968,111.3855,4.0687,77.1939,0.3698,40.9665,60.9266,38.665,22.4423,0.1624,56.8623,0.1098,5.4029,13.5342,17.901,768.9643,5.1828,42.1422,27.5828,15.8172,8.5081,6.6221,7.0947,65.9788,71.4615,4.1808,25.1704,16.5707,36.2399,404.8956,3.0301,16.2488,37.8838,237.5498,4.3919,4.4561,44.0897,20.9371,12.5044,80.0611,45.0077,486.5654,3.4251,11.6822,24.7695,6.0663,9.5519,42.0843,125.8456,4.435,15.7408,0.0,1.002,3.752,194.5502,0.8549,3.3587,234.5436,0.0,0.389,5.0391,23.6026,8.3389,13.5466,0.092,0.3668,0.2964,10.8053,4.4569,77.6516,195.9676,15.9142,0.0169,6.0325,24.1508,3.8676,40.789,2.1292,199.4663,81.1433,5.1445,3.153,15.1035,16.4962,36.0457,9.1191,3.6634,17.8498,2.8082,5.3002,15.6266,27.3283,0.1086,0.5882,15.5507,13.729,25.7884,0.1193,0.3142,0.0,95.6852,7.1189,25.5153,6.5686,3.2789,36.5473,5.3234,4.5148,59.666,30.6115,247.6105
2.1033,33.8894,101.9325,17.0464,514.5568,60.1226,282.0837,1.1455,117.245,1.3584,58.5417,28.2428,15.9543,40.2383,25.343,4.6838,1.76,35.2536,14.4986,60.3825,32.87,19.2041,0.5741,0.0396,24.1252,60.4608,81.1633,46.9876,8.6038,0.0,3.9628,12.3033,28.5996,201.1788,0.0,94.1524,3.8644,56.7929,0.0031,28.583,31.6868,162.4849,39.6225,17.2683,11.9895,0.0268,30.1427,39.8489,185.248,35.2749,15.4679,23.4758,14.0969,12.6846,1.2561,0.3922,0.0,0.0,0.0068,0.0,1.3741,0.4319,0.4384,0.115,0.7324,0.1278,0.9069,0.0204,4.3807,43.1356,17.2975,149.8696,1.0104,0.0116,7.1308,1.0322,0.2873,92.4782,39.8574,3.5895,2.3067,70.6662,27.3781,35.7109,8.4386,22.0956,0.0,0.0,0.0589,8.0366,0.2241,10.9465,1.1674,0.1341,96.9044,0.011,28.3632,4540.2771,27.5421,364.9972,25.1042,0.5408,113.0084,13.1657,46.2337,29.7158,18.3755,15.5701,54.9013,517.19,1469.0931,0.1965,10.9769,0.0,35.8413,12.4302,6.7045,1.1263,15.0097,178.8537,0.488,33.8214,0.7969,22.3273,59.0679,54.2041,61.112,48.8794,136.9117,1644.9473,1.6536,13.8808,419.5011,1.6894,19.6744,5.6568,19.6853,7.3513,35.0894,179.9441,43.7448,50.5343,26.4972,7.4414,38.062,8.1749,26.1691,20.2261,6.2707,18.1326,3.6362,25.1511,9.8943,106.2844,52.9427,10.952,17.308,97.26,31.7351,54.856,226.8362,4.7519,6.7195,39.8822,0.1885,7.7253,0.3632,2.9154,6.2268,4.034,25.7192,22.2613,11.3738,5.6564,8.5745,29.5693,18.9927,3.2381,12.0774,0.0554,16.9969,3.8056,24.3142,72.1955,36.6763,8.2647,7.2787,75.5762,1.3974,1.2951,4.0407,0.012,89.2116,75.8287,9.7625,12.5186,0.211,65.9428,89.1879,10.8434,1.4408,18.6562,10.5297,19.609,70.0575,332.967,65.4176,14.7105,25.3735,42.7999,41.4551,157.0145,2.9829,8.1889,30.2123,47.537,19.5618,3.8803,57.5476,0.2557,55.5932,25.8558,26.4661,34.904,0.0304,36.8973,0.0034,0.0078,4.8899,6.0772,386.1354,2.2449,1.5579,18.5162,10.68,72.4488,2.3118,2.9474,345.1662,73.1009,33.8191,18.3527,15.0785,30.2445,302.3427,6.9429,10.0162,20.6457,112.7942,0.6623,5.7612,19.573,13.9304,62.9466,78.7062,41.9996,360.0315,12.1026,29.5168,10.8695,3.3217,5.0093,22.1376,76.4966,3.5803,29.4214,2.1269,5.5887,0.3546,14.0433,0.8562,0.677,41.5922,0.0,0.0763,1.0217,1.414,15.2646,17.5275,0.0414,0.106,0.2052,15.6764,0.7473,38.5585,224.6965,1.8202,0.0,0.9546,15.7688,1.7599,18.6214,1.8098,47.1197,12.4061,3.9159,1.6751,9.965,25.6558,67.7357,20.3376,9.8001,32.3797,20.8482,7.1374,17.4257,17.0031,0.2809,0.4752,8.091,6.9512,15.0083,0.1637,0.1866,0.0,0.0727,0.9279,16.7955,4.0732,9.2796,32.802,1.4267,0.0,56.7642,55.0796,205.5386
5.9689,36.8222,134.6543,16.844,940.3001,67.7086,6.2988,0.1463,22.2482,0.5022,30.3089,38.5359,0.6092,42.2334,20.8649,63.5912,0.8302,44.7236,17.6738,60.6768,40.152,35.0847,0.8152,24.7042,16.3664,75.5053,44.8527,6.9552,0.8274,0.0,1.0652,41.7285,15.175,269.9554,7.9321,388.5913,1.0672,48.5884,0.0268,86.1879,39.1735,58.6086,40.1183,17.0828,20.6578,0.45,0.2462,26.1695,80.491,10.3879,30.117,26.5757,8.6436,1.2548,0.6363,0.3378,370.7769,59.0168,0.0294,0.0,2.1885,23.4319,20.7672,0.0413,0.1213,0.2394,2.0418,0.2442,28.6983,3.1411,0.3948,168.1369,3.7466,0.1379,13.4763,0.0635,0.1856,155.2292,42.5204,3.5182,2.1987,16.5899,26.0101,48.0636,7.8265,26.9133,584.3111,2.8689,1.1407,11.7595,0.8494,0.5815,0.3764,0.0777,137.3191,0.0079,20.0618,1366.3273,13.4508,171.4105,60.1355,0.2978,85.1878,8.7034,85.7303,29.9307,4.5195,18.7967,138.0244,1653.3149,2816.1371,4.5558,3.5738,0.0,2.4776,9.7601,6.3885,1.1912,15.136,95.5152,0.1923,8.4056,0.1855,5.2535,27.6817,42.2985,59.5131,15.0869,62.2293,268.5267,1.0127,23.6361,398.1166,14.2175,21.3864,9.3879,29.1526,19.44,108.3863,5.6448,136.8831,26.4464,26.8934,7.6387,13.3405,12.5634,37.3229,17.8104,12.5871,25.3363,5.5639,19.7365,2.1883,41.0944,9.4581,18.9259,14.7341,61.5826,36.8488,24.0508,74.4367,4.4039,0.1001,75.3683,0.4059,75.9563,0.1888,7.3371,7.034,1.844,37.4773,27.2278,23.1192,3.8522,2.9599,16.3004,2.5714,0.9296,7.0626,0.0341,38.6567,6.193,0.8008,9.9958,133.5949,1.1547,3.9915,78.9792,2.9891,12.2644,0.7887,0.0,76.1436,53.261,12.3293,16.0813,0.1466,122.63,104.4713,12.9872,22.5488,18.6483,22.5537,20.3247,174.7562,340.9959,17.3398,176.4077,18.6096,17.364,59.9128,37.4527,1.9796,11.0054,2.8572,33.9293,315.0655,1.0609,54.7271,0.3586,123.5113,39.4074,3.6443,41.7648,0.0654,32.7205,0.3539,47.46,82.1894,10.6124,123.5592,596.3268,33.857,12.644,12.327,17.8638,4.7669,3.5133,48.2829,28.6504,3.6688,17.9659,10.8151,51.2733,513.8861,45.9964,16.9283,90.8531,70.4952,20.1365,10.1625,24.5803,5.8469,44.2604,83.3086,34.7608,825.3876,3.8742,26.6836,16.5219,3.4051,6.1831,33.8594,108.6232,6.564,32.7077,0.2908,0.7268,1.3618,124.9671,1.229,0.1749,1.0397,0.0,0.2463,2.369,6.7197,0.5264,1.4726,0.0127,0.107,0.7165,4.5394,14.1557,32.5137,113.0789,2.08,0.1868,2.0761,31.1479,291.7257,36.5812,2.8122,31.6369,5.3376,34.904,3.0807,3.8142,5.679,68.3489,15.0576,13.5654,32.5101,27.5605,4.2531,7.8046,24.7559,0.0976,8.8124,10.7571,3.3792,3.6591,6.6966,1.4997,0.0528,0.5866,0.1469,20.9599,5.8532,2.7226,63.2514,9.8184,469.0294,111.7104,52.221,243.2179
0.7628,32.5703,9.0662,1.7645,373.6368,35.0502,249.0253,1.3624,93.4933,0.3808,39.2735,8.7753,9.4761,15.0827,35.7765,8.6661,0.9284,7.6513,9.1473,43.6201,7.1484,5.5971,0.1558,0.0379,9.0155,36.6197,45.9482,28.7401,10.0309,0.0,3.857,30.6096,16.3306,110.9124,0.0,23.5454,3.4608,47.3131,0.006,66.7463,10.3523,72.3911,36.6938,23.9306,14.3374,0.0154,22.2106,15.372,13.1679,12.2891,9.0989,14.5178,12.9478,2.0998,0.1257,0.1617,0.0,0.0,0.0,0.0,0.2882,0.1653,0.0726,0.1223,0.0693,0.0372,0.1415,0.0056,1.1034,83.2647,1.2594,167.9929,0.2865,0.0056,3.7172,0.4327,0.5086,22.1837,89.2846,4.274,5.1533,100.1471,12.7182,20.3473,3.5717,9.9004,0.0,0.029,0.0845,4.2385,0.7207,0.1216,2.2738,0.0419,74.8025,0.0,12.2856,2037.7034,8.2138,178.37,19.4835,0.2768,75.1692,4.9752,139.1142,21.7971,10.9385,24.0276,34.2208,567.4969,662.6297,0.1784,4.2375,0.0084,15.1988,10.5385,14.5653,0.3782,3.7568,73.4701,0.0946,10.8856,1.3396,94.7413,16.2297,15.5808,38.4918,18.839,160.9922,579.4614,0.1899,12.5741,174.5333,0.1171,14.6872,1.4855,9.1517,2.2937,7.6536,363.0566,18.0559,100.9156,14.2645,4.4841,24.7986,6.5915,38.4536,11.6862,23.179,2.4085,1.313,7.1078,15.9984,19.7026,37.8163,5.0126,13.3541,18.3921,25.3722,115.401,227.6076,3.7476,1.3162,37.3953,0.2029,4.6997,0.0479,2.4787,2.9891,0.6475,24.2041,4.9897,6.329,10.0772,4.2812,11.1765,15.4872,2.9827,85.6534,0.0455,10.2551,2.2201,4.7489,60.5765,92.1216,7.8077,0.3853,50.5513,1.5787,2.3351,1.7173,0.0461,28.1247,24.493,9.2044,9.8429,0.1257,53.8183,95.6855,11.1321,0.2207,3.0078,0.7877,11.7066,103.8481,500.8075,91.038,4.648,10.9985,1.99,93.5052,58.2128,9.1003,5.345,5.1536,55.674,6.1712,1.7868,44.0748,0.387,61.9232,21.7806,20.7129,20.4297,0.0,24.279,0.0,0.3663,6.0367,4.469,226.0819,2.6031,0.4942,9.8486,8.4856,73.2782,1.7447,2.5607,111.942,50.7673,30.4935,16.4561,11.0873,56.3369,387.6345,2.5234,7.0942,24.6018,114.2994,0.1681,2.8389,21.2531,5.0031,41.8314,63.382,21.1611,287.7992,13.6877,44.492,10.0095,5.3684,3.5133,18.3183,46.1726,1.7803,24.1856,0.5169,0.8255,1.1739,1.8651,0.1821,1.1402,4.1279,0.0393,0.146,1.3988,0.363,3.794,11.898,0.034,0.1331,0.4883,3.1236,0.1759,52.8137,58.5641,1.2192,0.0083,0.8212,15.92,0.4042,5.6862,1.0857,37.8811,2.6663,1.9513,5.3099,3.8319,23.4119,32.9958,10.9757,7.5958,27.4579,15.4544,3.7581,5.4273,9.1991,0.0607,0.8875,4.5272,6.2531,0.5726,0.4699,0.0952,0.0,0.0348,5.0666,26.707,3.3757,1.3613,34.4344,0.3337,0.1934,83.3444,39.4663,70.8989
2.7547,53.973,77.4228,1.9716,466.1908,57.4803,308.4166,1.4493,74.9387,1.4939,30.3021,27.3711,39.4061,27.5472,48.6615,15.4066,1.5799,27.0187,11.341,126.999,29.2058,22.2876,0.1478,0.2103,14.0882,70.7321,77.4338,24.5297,5.9843,0.0,3.1314,32.0994,13.8546,180.7074,0.0104,57.2588,1.9155,50.8289,0.0416,56.0542,25.1549,74.9751,108.4283,23.1544,8.6442,0.3941,31.87,12.8839,54.1104,68.2971,14.1148,12.8,14.1786,10.6807,0.8076,0.3977,0.0,0.0,0.0,0.0,0.3416,0.2475,0.0242,2.1601,0.0999,0.0531,0.1318,0.1722,2.1252,102.7691,7.2374,173.1469,0.8935,0.0222,8.9405,0.4412,0.5488,48.8957,203.4157,3.168,1.1158,49.3096,13.897,22.7832,10.0637,19.8034,0.0637,0.0,0.3373,5.6423,1.6526,0.1568,5.2008,0.0837,115.3739,0.0105,7.6317,2953.802,27.0345,150.1088,29.2901,0.3243,56.1013,4.8682,103.9906,18.2047,6.1181,16.3588,136.2663,404.9059,1194.2252,0.0962,9.8196,0.0084,14.1889,21.2299,6.4896,1.3965,45.9865,50.649,3.5244,24.8685,8.1314,61.9347,26.3393,13.0457,63.0918,31.8028,178.8738,1305.2692,11.2582,11.6824,394.0498,1.1045,7.1068,4.5488,38.4666,5.536,82.255,195.4391,12.9814,25.9594,21.8361,8.2249,59.7531,10.3543,49.2176,21.0182,9.0372,4.9271,3.0577,20.973,31.8745,48.4629,80.0138,8.9776,11.6427,77.9298,36.995,81.5539,339.9669,9.1004,10.669,40.0477,0.2175,9.024,0.1316,13.7427,8.7247,1.8118,26.2648,14.2721,9.8239,11.4231,5.5199,13.4103,23.811,1.6694,7.4009,0.0076,19.2598,2.1982,7.3719,63.4371,95.6019,24.8886,0.7909,45.7827,0.8007,3.522,1.5231,0.069,54.7109,75.9313,10.603,14.5152,0.2941,54.1595,90.9949,20.6202,0.7425,18.6075,1.283,13.4083,68.0245,880.3948,76.2345,22.3725,28.1449,9.0532,81.5609,125.0692,8.0154,10.6032,1.2251,29.2449,22.1924,3.13,70.7245,0.9145,56.1917,37.2202,43.8211,51.6002,0.058,20.3091,0.0065,0.0075,2.9959,5.7186,245.9343,5.9653,2.614,9.8859,9.1939,42.2422,1.5413,5.1449,250.9642,81.1155,42.1521,19.8929,10.6294,36.8142,502.6049,7.2382,4.9539,20.3527,58.8438,1.1101,7.4533,15.3562,8.4248,72.2513,69.5951,22.7635,682.3494,14.6291,70.4849,4.1542,4.3668,4.9906,26.8864,107.485,2.7773,39.0538,0.1128,1.0209,0.8695,33.1013,0.318,7.3971,19.5613,0.0,0.2732,0.8407,0.5764,3.4489,3.3537,0.0565,0.2088,1.7428,2.1966,0.1105,39.8686,107.7948,14.9765,0.0,2.9745,21.8723,0.8292,10.0871,4.7836,27.0487,5.2412,2.7225,2.7164,4.4853,12.0524,50.0093,11.2399,10.597,25.492,20.0745,13.5992,7.0009,15.2232,0.2135,0.2928,4.5217,2.8992,7.6126,0.3322,0.1188,0.0234,0.1214,2.0331,35.6981,4.498,2.4775,44.5189,3.1945,1.3294,85.138,50.5355,141.8202
2.5032,31.2563,140.8037,5.2066,272.3174,76.6033,149.7574,0.4825,53.1799,4.9005,94.3303,28.6275,12.5633,47.2142,8.3143,1.7278,0.992,290.2129,7.3933,64.4308,63.8391,40.556,1.6376,5.4754,23.2537,37.4298,86.8854,39.6455,4.4788,0.0,3.8936,16.6021,10.9376,177.9861,0.0,121.3733,7.822,61.6556,1.3707,48.1865,20.5948,211.1417,37.4968,10.0965,39.5797,5.0086,22.8083,36.2417,65.3511,39.648,36.9973,27.5785,21.6446,9.9971,2.0496,0.6801,0.0,0.0,0.0355,0.0,1.8493,0.0499,0.0146,0.144,0.5581,1.966,0.3794,0.3832,5.1215,43.6293,25.0896,109.112,0.4217,0.0606,14.0647,0.9544,0.1245,143.874,162.657,3.0408,3.7337,94.7889,18.7887,42.8247,7.2027,14.7971,0.0385,0.0,0.1021,6.8728,1.1037,9.0807,4.7772,2.4988,110.3075,0.0064,44.3321,3069.0231,39.2687,133.7768,19.5549,1.628,305.1504,6.0057,143.6888,34.6125,10.013,14.8763,59.5863,712.2645,1181.8663,0.428,24.1666,0.0,6.7859,6.5763,1.2567,6.5778,198.6559,208.9304,0.7134,74.2135,0.2863,26.8143,87.9052,68.7605,65.7297,31.3132,160.269,833.9003,4.1921,27.1727,251.7857,3.4285,16.8548,7.6426,44.9721,11.491,24.8839,359.845,111.0242,105.1727,32.0996,11.8177,65.0634,19.1643,32.6263,11.87,60.59,44.6774,3.0926,8.867,88.9723,174.3305,42.6936,13.8511,15.8419,67.3419,37.0968,18.5252,210.0778,3.1787,0.29,84.8924,0.3405,14.6235,0.0,5.5839,10.0323,8.7833,26.1725,40.1554,7.1089,44.8331,14.1609,27.1653,8.193,4.8199,14.6707,0.0412,16.3909,6.243,16.7121,24.3604,58.7529,8.9938,9.8138,40.475,7.0023,1.5223,3.7915,0.1461,74.3588,54.6353,8.2577,18.9338,2.3183,81.81,85.0623,21.3728,2.1352,11.1873,5.9237,21.236,40.1131,255.4759,136.5122,16.1207,10.6416,12.4635,47.6514,112.5468,3.5775,8.2495,7.861,35.3754,71.538,8.8351,69.7793,0.8456,90.9133,19.3517,82.1461,36.1418,1.0273,48.7681,0.0712,0.2031,13.6767,9.9408,1835.9586,3.1595,28.8456,16.5656,18.4349,33.8431,4.1109,1.2845,86.438,78.3077,7.4614,15.8876,12.0312,38.875,372.1515,2.3457,7.7204,13.9834,52.2718,1.2653,6.2564,21.1859,20.9855,17.2087,131.6779,28.445,429.5251,6.2236,24.9879,18.7254,2.5456,9.7749,43.6958,103.9497,4.1473,9.509,0.2341,4.4058,2.7416,57.1979,0.2886,0.0313,169.0028,0.0,0.0661,1.2263,23.4981,6.095,26.3001,0.1026,1.3036,1.4713,8.5897,0.6376,54.3947,173.6189,3.7869,0.0,2.0228,12.6963,2.6579,19.9262,2.7252,80.4561,23.7134,29.7251,0.8773,14.0934,15.0506,63.6455,16.588,8.8923,28.5604,8.0303,7.4206,8.8213,19.671,0.4923,0.3189,9.4184,18.2104,6.3496,0.2129,0.0863,0.1276,2.2987,2.1057,19.1249,5.5906,8.3989,30.2876,6.5963,0.0,82.6433,71.9411,227.5618
4.9027,33.029,82.5348,7.8219,20.625,106.8568,2.922,0.9262,2.0481,22.846,24.5224,19.0669,12.9135,13.1717,23.6732,10.341,1.1215,5.7061,10.3926,52.064,42.8232,56.6605,2.8087,0.8574,19.877,43.0229,41.8001,39.0105,8.1586,0.0,5.0539,17.4204,16.0262,44.2149,1.5376,46.319,23.3853,57.9717,0.0089,83.6887,35.3888,72.5365,67.0865,15.5556,11.7257,0.3836,5.3396,19.8489,22.761,14.4121,21.2947,18.1486,18.5312,1.4155,0.658,3.0575,0.0,0.5916,0.0585,0.0,1.7601,1.0714,1.2792,0.7681,0.0461,0.4933,8.1042,0.1332,34.1991,109.2584,24.0702,102.5122,11.1943,0.05,8.1531,0.7316,0.1234,88.0048,69.0214,9.854,1.5476,29.8927,45.5021,38.3879,8.8571,11.3824,0.0,0.0,0.3792,19.2103,12.5501,6.8824,0.916,26.5179,74.9438,0.2098,9.9344,1051.3597,103.0048,82.6834,45.1166,1.5239,75.3855,3.4902,82.9803,22.9053,5.246,19.553,77.3359,1760.9145,2002.26,2.4517,11.3581,0.0252,3.315,9.6396,3.6309,2.4323,3.0316,53.0566,3.3325,1.5859,10.4804,6.6862,13.9954,22.8582,49.5273,21.3569,66.0724,245.1931,104.1566,51.5828,337.4064,10.9484,2.2618,15.558,19.1791,42.7286,66.656,4.508,74.8941,4.8057,19.8562,4.302,16.7833,9.2658,22.632,18.2405,1.2798,2.3387,4.2387,11.8353,0.0594,361.7383,82.9641,30.6401,7.0496,20.2967,12.662,137.5381,201.387,10.1394,0.6651,40.9854,1.1917,1.8774,0.2151,26.1636,11.1696,16.8922,60.5233,40.3992,14.2037,7.0775,2.7098,10.1643,22.4343,4.8079,5.9219,0.1813,47.9383,5.9238,4.4592,13.299,151.0436,0.6795,0.8265,54.669,13.4709,3.8644,3.1988,7.8549,126.3501,63.8586,6.0609,9.109,0.4421,36.9884,125.6035,12.7446,2.8584,16.092,0.2223,33.631,127.934,374.1988,56.0341,89.6209,62.1588,19.0973,90.9373,45.9139,3.0757,20.4799,10.0032,6.8393,3.5397,1.5033,24.654,5.5332,42.6355,38.1687,8.9249,24.0249,5.4362,15.7278,0.4999,0.246,1.5186,7.0649,31.7263,8.354,73.5943,11.11,8.742,59.3189,5.0492,2.6874,59.7136,23.0241,22.8936,30.8667,12.021,75.0482,688.6004,5.4382,4.2895,0.8092,54.3207,0.5997,17.3654,19.4366,21.7149,35.9796,62.338,27.2063,946.9457,7.0334,20.5005,8.7103,3.0095,7.0544,2.141,75.5061,8.8613,57.5824,0.145,0.7247,43.7565,2.6178,1.6339,0.3359,0.0461,0.8817,0.1092,1.8448,4.9853,10.2618,4.1787,0.4235,1.6308,1.7465,17.391,8.5825,24.2412,75.8022,1.6833,0.1987,10.8751,19.5648,17.1282,5.5341,10.3771,11.8615,10.0382,16.7852,2.1978,36.3693,6.5773,29.2276,7.1741,6.7745,21.234,17.2138,4.14,7.1228,6.5001,1.3143,20.9095,9.438,9.3194,2.8778,9.8991,0.9257,0.4917,2.3396,0.1953,41.4199,5.7198,1.038,42.201,4.0084,1.4139,49.0533,32.9929,23.7975
0.6371,23.4995,31.3787,1.3239,149.7483,63.4658,20.1503,0.4545,12.2383,0.6195,27.1889,16.9574,46.9997,195.5624,11.0826,5.9579,1.3624,47.2269,4.9324,15.4564,15.9804,10.6932,0.2383,3.683,12.2129,48.0308,50.0683,7.3799,1.7316,0.0,1.1437,20.0599,4.7864,109.5551,0.0,84.4643,48.8677,28.4924,0.0625,25.9779,13.6072,54.0713,12.1745,2.3658,12.5807,0.009,3.8788,25.6242,112.8846,167.3453,21.4752,16.3896,18.6969,58.7054,0.0961,0.2826,0.0,0.0,0.0,0.0,0.1994,0.0963,0.0282,0.0641,0.148,4.118,0.0231,0.0146,0.8218,191.9953,12.4654,60.1761,2.3781,0.0097,8.3096,0.2795,0.1922,10.2659,69.6364,6.7678,0.5274,97.3207,11.4672,35.8705,11.38,17.6566,0.0,0.0,0.1477,11.9155,0.3149,0.0797,1.204,0.0172,102.3235,0.0061,8.8949,669.3236,14.9035,111.175,13.7784,0.5959,53.6769,7.0184,63.4244,25.058,7.2481,31.3275,15.8784,994.3003,1284.5128,0.1095,5.2034,0.0,1.7037,20.1311,2.5,0.3965,2.2597,25.3408,18.2794,5.8187,0.1681,24.5385,18.0657,27.9895,39.4749,25.6632,22.5448,377.0051,1.3273,24.7711,217.2767,0.5281,2.8975,2.054,26.155,22.7705,13.7836,15.3601,22.6255,8.8366,12.8724,7.0292,39.8644,12.6289,37.7528,11.7187,18.8245,2.1596,0.1721,9.6679,2.116,13.1046,6.2048,10.23,10.0073,5.7423,17.2565,16.7953,140.9218,2.0649,16.1328,30.4711,0.2233,2.4231,0.0838,2.9153,3.2712,3.2871,23.6104,4.4271,12.3126,0.483,2.9951,10.6902,5.4735,1.3119,51.3717,0.0132,17.5745,2.7399,4.1628,22.4178,109.9403,2.132,0.9021,34.3309,120.7599,8.749,2.2029,0.0,42.6332,15.8767,9.1311,11.0095,1.7773,27.2469,44.6649,15.8116,3.4392,1.6924,2.6621,32.9762,61.6575,237.9728,35.6891,9.2831,4.1013,10.6624,28.502,40.1154,1.8326,9.9031,0.9062,18.1712,146.5775,0.9649,52.0636,0.0597,78.8775,15.8827,63.2979,24.913,0.0,43.0795,0.2462,20.7828,26.6152,3.6709,47.1894,13.4046,0.7341,54.3335,18.5883,11.9983,9.1441,1.5914,98.3567,45.2996,12.4281,16.5032,20.297,23.737,146.6485,2.2219,8.4106,24.2501,17.9514,0.4068,2.2515,13.8504,22.8067,7.42,44.6599,23.257,281.7526,9.7759,21.8636,8.9319,5.3275,8.4023,11.6454,41.5775,4.7323,40.8264,0.0847,1.1604,0.5129,198.1429,9.4263,0.0453,43.6332,0.0,2.3917,0.7623,0.1153,0.5525,1.0755,0.0099,0.1108,2.0777,11.1992,7.8954,43.6719,143.3782,0.4449,0.0,0.8708,11.7564,19.9473,38.2612,1.5272,36.5483,11.2858,0.3902,0.0875,0.8178,23.3978,88.1102,16.538,10.77,27.8594,41.1128,4.7193,4.5721,11.3614,0.0707,0.4102,3.9384,7.2611,10.5678,0.1369,0.312,0.0,0.1215,0.0913,11.3904,3.1037,1.2284,147.9239,7.962,0.0,45.8824,40.5358,277.9287
3.9469,61.7002,76.3986,2.4361,30.55,127.1189,69.4829,0.179,12.2295,5.1928,47.0646,28.5172,40.4061,204.3914,22.7023,2.4298,4.9245,19.8585,11.1815,81.7384,26.7641,22.3548,3.0224,7.7386,20.8301,76.1311,112.7832,2.6573,0.6992,0.0,1.8639,40.8977,15.8574,164.1435,0.0237,138.0101,54.614,54.4133,0.0951,80.9268,24.5157,85.6684,120.2164,11.353,97.2355,0.0468,26.1581,18.7918,76.2761,258.7203,40.4559,49.3541,13.5854,33.9006,0.1195,0.6676,0.0,0.0,0.0298,0.0,0.4658,0.0,0.2209,0.0837,0.082,2.0471,0.089,0.0127,2.7514,35.2057,2.7086,115.0933,0.572,0.017,11.0091,0.1431,0.6482,65.3147,21.9663,0.6105,1.4602,209.4871,19.9479,46.5623,19.417,27.1267,0.0323,0.0,0.5998,18.7299,0.2088,0.1542,1.1903,1.3848,138.0132,0.0267,17.1629,1266.6299,16.9922,166.5434,47.4053,0.3112,77.7535,6.2716,85.2461,47.5351,2.7784,33.3607,124.419,710.4758,1707.9616,0.0513,6.7276,5.3238,2.2298,31.8616,0.6264,0.2589,6.3524,37.2231,19.6203,21.3895,0.3135,131.4557,17.9763,34.151,87.7932,25.7707,47.7039,819.7976,1.5512,34.6024,328.8641,1.7983,3.397,2.9947,39.9848,26.6186,66.6539,39.1104,44.538,24.657,29.7923,8.1932,30.1254,13.9719,20.8768,10.9614,17.5221,3.2705,1.1235,15.2473,31.3708,37.6084,1.07,13.7527,9.0232,55.733,26.9619,42.8721,101.7533,3.1771,0.2976,97.8366,0.1372,1.9204,0.3646,7.9138,15.0715,4.6876,37.621,10.2924,18.7615,1.3945,6.7858,16.4089,4.1816,1.7321,16.4485,0.0807,77.2074,6.0823,2.721,20.7997,77.9365,1.9965,2.3778,43.4882,245.6545,5.2242,0.2208,0.0175,108.5045,92.0642,8.0648,15.1319,2.2563,56.6064,86.9047,29.6161,1.8619,14.9893,11.1336,58.0038,161.7398,407.2462,53.7555,27.7152,43.4753,32.4675,100.8143,74.3834,5.9371,20.3388,2.1892,31.855,35.6865,2.147,61.9746,0.355,143.2543,61.1356,53.711,44.0261,0.0442,113.663,0.0548,3.7294,5.0026,13.4316,47.283,31.101,48.7864,23.8315,15.9055,6.5345,4.8481,6.805,66.9726,54.5463,21.5811,38.4353,24.2879,53.3354,487.4962,2.4587,25.2208,66.5427,65.7646,0.7082,1.7661,16.714,29.1386,65.875,139.7618,41.195,678.8674,9.3202,35.1382,13.6681,7.8033,5.8347,24.747,89.659,7.3734,62.1396,0.0983,1.8017,12.7922,65.9253,1.7656,0.3154,73.7911,0.0,0.6662,0.2517,3.037,0.529,7.1324,0.0,0.1157,0.3068,11.7601,4.7441,22.3504,67.8707,3.2201,0.0,6.5406,45.251,2.6983,8.4855,8.6281,44.6807,19.0299,0.4578,0.1778,5.2514,9.9057,56.2264,11.585,15.3041,17.4275,20.0086,7.8389,10.5808,27.1991,0.1715,0.6583,14.0321,8.663,7.6653,0.3276,0.1086,0.0,0.5552,0.0795,438.5087,4.1405,3.1941,142.8235,19.7293,0.0,86.822,53.9904,304.8578
3.0801,38.1184,56.882,16.1613,56.7002,51.3273,70.0947,0.6688,40.7687,3.7268,59.4687,27.7222,21.4062,21.9111,23.1212,65.2317,4.1516,56.5438,13.9822,124.2822,60.4787,49.6178,2.0408,0.3035,34.4607,57.9675,65.122,84.3892,17.4599,0.0,11.5891,18.6408,20.9982,183.2777,0.0032,116.1856,26.713,19.3691,0.2662,24.2691,17.9522,88.615,91.6381,9.1978,9.2869,0.0255,56.4364,32.3415,277.2181,52.7344,29.5786,30.0504,23.317,42.1676,2.3306,2.412,0.0302,0.0077,0.1457,0.0,8.4404,0.0171,3.0246,0.1821,0.0382,0.6372,0.1229,0.0397,16.4464,55.7254,15.4819,184.7491,1.1668,0.0484,14.8045,1.1793,1.0494,144.0082,50.8114,4.833,3.2573,152.87,18.3484,46.9993,15.9286,27.9516,0.0,1.4029,0.0961,8.1797,0.6922,3.4,5.2719,0.6309,67.5312,0.0044,18.2068,781.9104,32.9768,77.7365,12.9619,1.7925,107.233,7.4016,60.2389,211.2635,77.3406,23.65,51.5737,801.1677,860.5614,2.0915,16.9314,0.0,16.89,10.9144,7.6679,60.9328,28.7496,69.4793,2.3812,23.3867,1.002,92.2858,49.0417,66.6913,62.8848,36.988,62.982,385.6553,13.3258,18.4178,356.8859,5.7621,19.5888,9.1084,133.0975,15.0415,18.4526,317.3794,143.5217,65.901,44.8388,11.6808,14.3737,13.3648,21.3012,17.2687,17.5356,18.2982,5.528,19.1754,81.2589,207.3427,35.3413,12.3823,14.0887,58.5056,32.4225,86.0826,138.4899,7.6371,0.0442,49.3602,0.3032,5.7749,0.0893,87.065,20.0055,25.744,10.0377,99.8488,10.842,4.0706,6.3822,25.0557,14.7307,5.6756,16.8394,0.0894,21.9032,9.0373,21.5777,33.916,55.0664,21.608,13.6637,26.3518,1.4189,4.3761,15.8691,0.9936,62.8829,49.4632,9.548,19.5093,0.2672,42.9402,35.3241,7.4636,2.1703,53.5998,5.502,17.3851,45.4564,368.2808,105.7783,30.4632,22.5652,27.8708,39.0106,59.2928,3.5559,13.5921,9.9307,51.1143,137.9933,3.9949,44.9958,2.1018,56.6338,20.0362,44.168,21.7394,0.1083,26.7921,0.0651,0.1206,12.4524,8.7082,247.0119,8.5095,11.1388,23.1189,17.0404,90.0798,3.7998,5.1036,259.0149,79.4935,16.1003,24.7643,20.583,17.4558,215.2776,15.3104,17.5365,3.8815,58.9036,25.0802,11.7712,35.6713,53.4726,34.5828,98.2862,79.618,452.2112,15.7646,38.2874,17.3779,8.8412,7.8619,11.0614,74.7552,4.457,30.5133,0.381,11.194,3.3867,19.2508,2.9522,1.0615,27.9381,0.0,0.1699,3.006,26.7804,1.0871,11.9013,0.1054,0.3069,0.9421,5.954,1.719,47.9746,154.2734,11.3092,0.0103,22.26,14.9678,6.0483,34.2809,5.4138,51.1974,13.3017,2.2956,0.9431,22.3362,30.1196,35.6895,21.5695,4.1107,19.0833,9.362,4.5951,15.8844,28.8591,1.4083,0.6237,7.4163,9.5551,7.5631,1.2031,0.0665,0.0146,4.2609,4.7331,14.2078,4.6126,5.3069,40.864,7.9746,0.36,39.6578,39.355,83.2647
3.9924,28.9054,45.3924,7.9627,232.939,65.2049,33.9499,0.1208,50.911,2.466,32.84,19.9858,9.2733,26.9128,33.955,45.1551,0.4087,20.4012,7.9789,65.8903,58.6388,56.6044,0.3709,2.1578,5.9055,36.9922,30.5656,47.1099,8.6094,0.0,3.3614,35.6418,12.7693,136.3779,0.1135,78.3029,6.7109,61.4412,0.0279,41.259,14.1726,26.2583,40.2242,2.9626,8.93,0.1121,29.9336,9.7558,70.9536,53.2708,11.8383,13.1249,29.579,5.4534,10.4959,2.1631,0.0,0.0,0.0713,0.0,2.5958,0.0,0.0378,0.1241,0.0601,0.1743,0.0559,0.0695,5.4878,1.0202,31.4014,152.9712,0.0559,0.0609,10.4351,0.2202,0.1073,865.1563,273.6704,3.669,1.0677,4.6942,9.0618,17.4713,15.7221,10.6592,0.2323,0.0,0.4616,4.3977,0.7365,0.4904,6.9563,0.9396,115.1593,0.0,6.9636,1050.0081,9.0744,65.3737,15.878,0.3944,143.0486,2.6948,139.145,326.265,349.1489,14.9738,73.9315,673.4386,2428.8604,0.3988,7.8184,0.0,19.4639,10.6561,1.387,16.6454,67.7989,49.5418,0.2906,71.9822,1.04,361.5917,50.1799,47.2658,73.9489,27.3476,280.5109,567.1342,1.1745,15.2456,301.3358,1.857,55.8112,19.5678,42.8733,35.8947,86.0037,322.0672,48.5407,235.4205,14.5365,4.8162,9.8826,6.761,24.7686,45.2794,46.1774,10.1952,4.7477,15.078,529.7056,417.9667,50.9466,4.278,8.1929,144.2646,16.2859,56.0367,354.7353,6.8551,0.4026,46.4534,0.4693,5.1825,0.449,14.7398,24.1069,8.027,21.9111,52.4275,5.8755,17.3383,1.9467,10.8637,7.6172,1.8401,5.6391,0.0118,15.5758,3.9263,4.8812,33.7984,101.3951,9.77,1.1688,26.5925,7.5133,1.9343,1.3208,0.1258,34.005,54.6052,9.9036,11.217,0.1218,32.1653,80.9381,17.804,0.6356,19.7934,59.0563,12.6551,176.8859,523.4845,67.7667,8.1251,17.6614,3.7445,90.6642,103.3696,1.7006,17.0327,2.2298,12.5751,45.3257,1.5396,40.179,0.3198,293.936,17.045,23.3946,34.4095,0.0908,33.1286,0.0205,0.0117,10.4211,2.5898,211.1436,3.5699,9.3844,10.214,6.7232,73.2453,1.6469,2.0222,339.3073,63.5579,15.1774,18.6185,12.0828,46.026,397.5395,2.0147,4.8114,32.5866,94.8492,6.2476,14.6139,18.1076,19.6916,26.6369,108.0724,20.7069,710.5381,9.495,44.7682,6.8429,3.6074,2.9446,46.2953,108.704,26.3165,14.5477,0.0,8.6832,1.5602,7.6318,0.4263,7.0784,14.0156,0.0,0.0,1.1504,8.8851,0.6316,0.1982,0.1944,0.1682,2.6675,4.7452,2.8436,42.3848,118.2032,58.5323,0.0,22.4665,13.2139,2.3832,12.8786,3.9595,23.3285,12.6746,1.5455,0.3127,5.1127,15.2241,35.5971,12.3677,3.0595,27.8021,15.5525,5.4617,5.0068,16.6556,0.379,0.767,3.3142,2.8319,4.8979,0.1834,0.0557,0.11,0.1899,0.0,13.2497,1.5949,0.8749,43.7707,1.9731,0.0335,82.2332,29.1246,142.5363
5.1122,28.0827,74.3799,3.3611,36.9767,143.88,1.825,0.6839,2.4741,5.9239,24.965,38.7561,35.4934,19.0584,34.5511,4.118,2.0447,17.9446,20.6917,76.0641,63.0501,67.3166,0.9929,1.1458,19.6052,81.4692,79.7167,61.6388,19.3218,0.0,7.8245,22.0575,16.6267,52.9028,0.2548,66.544,45.8483,59.1213,0.0112,90.1401,49.454,73.5383,91.1516,27.2459,21.8291,0.0678,2.3428,45.1896,24.1894,12.8518,29.5234,22.711,56.7057,0.8374,0.2669,2.5945,0.0,0.42,0.0,0.1222,1.7228,3.7968,0.3046,0.0808,0.2472,0.6828,4.954,0.0473,25.1277,138.4015,39.1099,67.7002,0.7436,0.0736,9.2861,3.1964,0.9083,70.9162,116.7397,13.5292,2.2083,1.9231,70.1265,44.6307,4.925,13.1673,0.0401,0.0,0.319,25.1325,8.1791,13.2785,1.0062,10.9452,159.7211,0.0265,12.6211,753.2432,110.3675,121.7319,34.4444,0.5528,79.676,5.6519,53.7411,24.4281,26.8188,24.4157,95.1884,1648.5391,2621.2243,1.4653,8.6935,0.0,5.5742,15.1079,14.8528,9.5308,1.4184,71.3012,0.3976,1.0008,7.0548,4.5359,19.8294,28.3175,48.9719,36.547,55.6764,257.8789,190.0469,43.0073,345.4804,3.6079,2.1512,35.6608,27.9119,13.7564,34.0603,3.9574,145.4185,7.7018,19.1395,6.3259,26.1302,7.9466,34.7496,20.0948,2.3514,0.7618,5.763,27.5589,0.6745,311.1128,599.6589,85.8182,8.6758,19.2531,21.6837,229.7425,225.7071,0.5182,0.4701,61.5968,0.6385,11.3792,0.2036,30.4244,12.6175,5.0206,66.7933,32.2125,17.4761,5.7771,3.0721,12.6686,47.8604,8.9691,7.7014,0.186,63.0383,7.4214,1.9354,22.2695,284.821,0.5082,1.5098,84.0456,15.7155,3.245,11.4569,2.7176,114.5651,44.4256,8.8864,12.0576,0.1542,54.1916,96.9759,8.994,3.1825,27.6563,0.505,23.0722,192.4163,532.6596,203.064,146.5062,96.0303,28.4035,196.1,50.2676,5.8713,17.8136,15.3822,9.0568,9.4005,4.0933,37.9894,6.3283,37.7632,28.2343,7.8276,28.1622,5.3518,19.4161,0.0309,0.0141,0.7708,7.9393,40.1768,4.5324,29.5575,22.7404,6.9199,132.0335,4.2139,2.9362,171.8616,44.8875,32.4224,41.952,26.8342,64.6341,416.937,17.1301,3.1892,1.9977,102.6138,0.4517,25.8909,28.0609,29.3371,56.9265,105.1587,66.5949,552.8017,29.3538,36.1717,14.6106,9.2994,5.8873,5.7063,66.1319,3.6151,60.3223,0.7623,1.1349,103.5282,1.0738,0.6874,0.5381,0.3198,1.5951,0.2756,2.7827,1.9001,13.5486,7.8188,0.1817,1.7532,2.2745,33.4177,2.5125,23.4146,142.5674,3.7939,0.0157,6.8107,21.4793,25.8428,8.6775,7.1285,7.0857,6.5836,22.6879,9.4249,6.5004,24.7877,53.6014,29.805,9.0689,35.8271,33.1483,7.2644,12.7288,7.5021,0.6166,7.8092,10.5381,17.2161,4.2376,4.2139,1.6852,0.0887,2.4607,0.0493,31.0604,5.0416,1.4277,48.5474,1.2791,0.1217,98.6243,42.8528,16.0585
5.042,29.4041,79.894,4.2762,29.3274,95.0832,1.2979,0.5917,2.3473,14.9062,15.4689,38.7594,11.6095,17.6304,28.9241,5.4744,2.4509,2.2906,13.3078,108.5355,61.176,58.3914,4.2537,0.8804,22.8478,53.6228,73.0066,40.5854,7.1729,0.0,4.0294,22.7495,11.7584,39.816,0.2538,52.0979,23.7676,55.182,0.2206,39.893,36.2607,52.8449,55.5882,15.2058,14.5398,0.152,3.6771,22.6142,33.1724,11.6804,15.4372,17.7607,51.4401,1.233,0.3142,1.4286,0.0,4.4865,0.0,0.0,1.948,0.7347,1.4702,0.3623,0.0342,0.4649,2.6943,0.0412,17.6768,45.7641,24.3379,75.2969,0.557,0.0248,8.0949,1.6444,0.7331,113.3412,45.9882,14.6247,2.0566,4.5634,45.9454,49.6337,4.1256,8.7523,0.0,0.0,0.3129,21.4667,10.3206,6.0586,0.7014,4.832,133.7489,0.0831,6.4247,714.0302,59.7042,75.2318,22.0788,1.2479,49.3056,4.659,33.1102,18.4796,16.5287,18.3938,67.9699,867.9527,1745.9444,5.8137,14.4511,0.025,5.2368,11.3367,9.633,1.6527,1.0095,45.7534,1.4062,1.2405,3.45,9.8095,15.0043,29.0249,51.023,27.5325,27.8276,229.0771,32.3287,195.6526,246.0302,9.9096,1.0961,11.0229,24.7715,14.1997,40.6426,1.8459,123.0121,3.8097,27.4421,4.7972,20.2512,7.9895,22.157,18.7433,3.2012,1.5505,3.4284,17.6711,0.4999,130.8803,278.8001,35.6591,5.9166,10.8356,14.9749,121.1788,116.4543,1.9095,0.1449,27.9475,0.3675,7.1353,0.2664,18.9471,13.9669,9.5555,58.5124,38.471,11.3474,3.8346,2.4749,8.4117,36.5522,8.0985,7.1833,0.0674,47.6858,9.7673,1.9019,19.3423,84.3803,0.9099,1.2063,57.2691,13.2275,4.1388,9.8879,6.1763,102.7284,55.3834,5.5837,6.1486,0.3495,40.3425,75.9698,8.9584,7.8869,15.4988,0.2202,18.5954,124.4523,175.6884,164.6401,154.4767,96.5595,21.0254,46.6225,37.5869,4.6076,16.6311,3.5273,8.2875,5.4781,3.102,29.6639,3.0438,39.4812,13.6818,8.5855,26.9342,6.6552,12.9685,0.4612,0.2879,1.357,3.9124,39.5385,2.4336,17.3753,11.2685,6.0561,67.0782,2.9656,3.7121,111.1945,30.8614,22.9135,36.4782,20.043,30.4357,403.4126,14.1493,2.4769,0.9783,67.2629,0.6323,25.234,32.7173,25.4086,55.6608,127.7675,56.602,517.3903,23.6054,31.9601,10.3122,7.8438,4.6843,2.9519,60.5767,4.876,29.2517,0.67,0.771,37.4569,0.9237,1.8544,0.2048,0.057,1.863,0.1622,3.1642,1.4422,8.1031,16.3817,0.1929,1.7374,1.2188,32.425,6.1969,19.4046,74.4691,2.362,0.0,13.0133,20.1474,23.3408,4.338,9.6741,6.9008,7.3743,22.9101,3.7353,6.4485,20.0174,36.5063,15.1877,9.0859,24.2327,9.2066,5.1841,10.6423,8.0235,0.6894,14.7666,9.3333,10.0857,3.6648,0.3481,0.3703,0.0348,1.2874,0.2128,19.9239,4.6373,0.9622,45.0308,0.869,2.6735,50.198,31.6745,21.548
11.6214,58.5432,38.991,42.9107,72.4342,66.2168,39.0781,3.7779,55.0752,6.5322,54.9914,44.6355,18.57,24.5771,39.9284,33.6138,32.8211,68.217,22.3052,63.7652,74.1676,54.717,9.2358,0.5008,61.0456,77.0572,105.8259,108.9355,36.8269,0.0,22.3562,33.0765,33.5141,183.3498,0.0301,174.4647,67.4589,22.1396,3.7204,35.3113,23.2474,94.5448,103.6032,17.8729,22.5234,0.1338,126.3009,87.5286,184.0764,73.5482,39.0772,60.9119,49.8474,66.5965,4.3941,5.8741,0.2117,0.0,0.1323,0.2813,8.1608,0.0798,4.1387,0.3012,0.3348,0.7554,0.1312,0.5081,29.3772,50.3062,27.448,98.0413,3.9437,0.2261,34.5646,3.0806,6.175,291.2917,49.5734,16.9937,13.5355,144.0997,54.4583,67.5153,14.0715,38.9656,0.0,0.9239,0.6938,25.1861,3.1081,5.8453,20.9443,2.7743,88.1378,0.1118,40.9154,339.6956,56.8617,63.009,12.2603,4.592,129.1421,30.9157,50.8409,477.8449,248.315,48.1457,43.7479,535.8776,647.532,3.982,65.4542,0.0733,26.0587,43.7189,11.244,46.5255,57.6277,88.9481,7.4568,47.5871,3.2452,95.2213,82.3053,59.2021,47.8866,67.8314,71.99,195.0571,16.5497,29.3683,229.1705,31.9632,35.8583,23.4087,428.0678,38.3835,39.5061,337.4372,175.8855,70.2733,68.525,34.1054,37.3929,28.2958,28.2684,63.6297,38.767,35.321,13.9527,36.3761,68.3973,187.0583,19.5603,20.5553,33.0635,45.5358,46.6258,89.1132,140.6872,10.5496,0.2577,61.5397,1.2199,13.028,0.7642,130.2075,25.1928,54.1078,12.8176,147.452,18.3092,4.5908,19.6039,33.9958,31.0086,16.1786,41.2173,0.7906,61.4034,29.5513,65.0138,49.7835,41.4291,25.2122,15.4238,30.3742,3.3502,17.6236,35.2798,2.2029,80.7013,31.3044,23.1124,33.0333,2.2451,41.8265,29.8795,13.1438,5.8814,103.0772,12.5334,42.8379,51.322,172.9987,59.8591,14.2401,22.9411,58.5938,36.7802,50.9724,18.4127,14.4148,17.6038,54.7172,162.4163,19.1667,36.4508,1.5999,53.8138,35.6809,73.463,40.3252,0.0843,29.3202,0.6838,0.13,16.3756,21.5123,141.6673,8.4597,18.523,53.7709,38.153,54.968,17.6898,23.1935,306.7344,120.7666,29.9063,44.0812,54.4188,15.3045,72.7644,32.5216,23.6219,10.2844,35.2234,24.9815,26.6142,65.915,77.3976,38.4132,68.3987,142.4388,361.2521,41.9482,69.9472,41.701,22.2692,18.2716,52.6486,49.7269,5.203,49.735,1.4512,10.35,6.5648,41.2759,6.8596,0.4757,21.8282,0.0569,2.1153,5.7977,15.4459,5.7177,19.1659,0.3118,1.2401,7.6449,15.4634,4.3754,70.5025,143.9024,14.4057,0.3368,31.6881,20.4891,12.234,33.7646,13.4456,50.2618,13.3978,3.2355,0.6291,27.8657,45.6778,36.7249,38.4932,8.8011,23.3262,18.2864,6.0653,26.7614,74.0833,6.9277,2.9121,31.6401,25.6816,4.5804,0.9647,0.8968,0.4083,1.36,3.3682,18.6589,16.9798,11.5264,68.7035,13.614,1.4321,35.6427,51.7455,83.0439
1.8725,8.2979,4.2604,0.9531,28.4814,12.4155,1.186,0.1893,2.0268,2.5251,5.654,3.7743,10.5394,5.607,15.3138,10.5384,0.142,9.3314,3.5572,3.689,20.2918,26.9064,0.4124,2.2559,6.1344,22.6327,15.0891,27.1642,9.792,0.0,7.8814,16.513,4.0779,12.5502,0.1935,5.709,13.8546,14.3636,0.0888,32.1226,6.7632,26.7934,14.809,6.4498,7.2148,0.2523,0.3635,7.6075,3.8478,3.3398,11.8093,4.0933,6.5595,0.063,0.0,0.2755,0.0363,0.0,0.0,0.0,0.4834,0.6161,0.1925,0.0,0.0115,0.0476,0.6047,0.0373,16.2354,46.7759,2.6624,22.6639,0.4538,0.0083,1.1553,0.7012,0.2869,7.7379,1.5378,5.2917,1.4954,1.0848,9.0056,14.3445,4.1055,2.6307,0.4121,0.0,0.147,6.819,3.1209,3.5509,0.2578,1.6,45.8342,0.047,2.81,143.5654,4.5468,15.1917,3.5719,0.0299,6.0013,1.6175,37.2601,5.1865,9.1856,11.6184,9.326,284.8989,224.3966,2.4796,2.2425,0.0,1.0352,5.3743,3.0374,1.043,1.7714,10.2309,0.2139,0.1256,6.104,1.2972,0.6954,3.4688,12.5561,5.338,18.5406,37.4596,13.1057,2.4711,95.8699,0.6307,0.8052,6.016,9.4808,3.5638,7.1367,1.4685,16.5668,0.8271,7.4716,1.8158,10.171,1.4578,17.2823,14.4122,0.4279,0.0846,4.6735,3.1688,0.3551,94.937,403.2848,4.8967,2.4626,2.7738,3.3295,69.2507,144.8913,0.089,0.2519,12.6466,0.1681,0.7942,0.1251,1.7142,14.6983,0.9225,21.0274,7.3162,7.4433,3.4368,0.7058,4.4557,36.572,2.9294,2.3045,0.0339,13.7229,2.3069,1.7053,12.6897,38.7863,0.3261,0.3794,36.4714,2.5851,1.0439,1.7103,4.4298,14.1778,11.096,2.6407,2.3187,0.0588,9.6784,58.292,8.0932,0.4952,7.5403,0.421,9.0871,20.4263,142.3895,104.1675,13.8191,5.6737,2.2589,22.7989,25.651,6.9246,9.6779,1.1359,3.191,3.4547,1.096,13.0882,2.9612,23.5831,5.2061,4.757,11.1502,0.5202,12.2985,0.0,0.39,0.4113,0.6209,5.4586,0.7912,7.0605,5.7606,1.7545,193.9323,0.7243,0.4191,61.8895,11.8077,26.581,14.8033,8.3222,9.1968,386.1242,1.306,2.0339,0.1423,21.9435,0.0,1.34,11.7985,1.9839,19.2877,17.3406,8.6142,81.9042,10.8806,26.3857,4.4184,3.672,1.5713,3.7709,40.7094,1.7397,7.9676,0.0482,0.1739,20.2211,0.2038,0.1357,0.0901,0.1033,0.0879,0.1088,1.323,0.6888,3.1864,2.3447,0.5825,0.2741,0.3482,1.218,0.2538,5.8478,37.6635,1.7178,0.0,2.6824,7.8469,1.8523,1.0745,1.7055,0.8178,0.5895,3.5314,0.697,2.3167,12.9612,12.3934,3.511,5.6898,4.9149,7.5933,0.6039,6.7326,3.8537,0.0689,8.2119,4.9227,3.7175,0.8879,4.5539,0.3194,0.175,0.4146,0.915,7.3944,2.4248,0.199,6.2879,0.1432,0.2562,25.6542,10.3838,0.6308
10.7631,61.0384,107.1493,30.6823,150.3634,164.6191,1.6556,1.5103,10.9364,3.8979,95.993,54.4097,19.1933,84.6822,12.4328,37.7285,1.8207,1.2438,19.8137,71.2654,233.6006,232.0256,75.2058,0.4818,62.4965,105.2098,110.9617,25.6928,3.9704,0.0,1.9658,26.6603,22.1299,166.8504,0.017,130.6659,4.8678,70.2842,0.0973,45.0093,42.1391,232.4159,49.3093,22.4129,32.9601,1.2341,2977.8616,85.3365,150.5006,205.5235,55.3641,35.2131,86.3109,52.0712,19.2535,18.8363,0.0795,0.0538,0.5184,0.0705,3.2293,0.09,0.0088,0.1997,1.35,0.5618,0.0945,0.2454,12.1302,74.6737,27.1532,128.8829,0.3899,3.992,59.2417,0.338,0.2245,1624.9115,171.3174,5.3173,2.2875,48.7483,39.1809,116.2481,5.3202,35.2959,0.0694,0.4102,0.1227,16.9186,1.1022,3.5754,17.0116,34.3379,107.3014,0.1069,37.3207,2409.3196,59.2953,220.4628,44.015,0.6027,338.6461,10.3338,81.2484,78.903,173.1408,45.6589,83.1252,1502.5215,2256.4262,0.2415,50.4142,0.0092,102.0212,18.595,2.1475,5.3321,22.3535,191.8506,0.658,74.4178,0.2319,75.1438,395.3339,138.6654,82.0579,86.5375,161.7073,1052.1284,4.3721,74.2572,255.8117,8.6194,156.4928,35.9304,130.57,72.1249,80.773,627.4822,225.7162,322.5547,32.9903,16.9418,83.182,28.6122,32.8673,45.3257,45.3431,158.8077,4.1458,15.7662,122.4698,516.6116,17.3408,27.154,16.4978,44.1565,141.7725,317.8028,499.4493,8.8751,1.8688,164.4343,0.4337,6.2769,0.2219,18.4296,22.6741,19.3457,36.5103,203.6638,28.0028,5.695,13.2551,45.4691,16.1893,4.4159,38.7808,0.4455,54.476,5.3185,29.2802,87.2715,39.3516,47.3221,8.3433,86.3949,0.6293,4.2576,1.7348,0.1254,150.7486,51.407,32.8382,17.8563,3.6177,67.6566,97.5238,28.8043,7.337,36.8347,71.7043,51.9005,32.1235,340.6944,74.7403,8.0101,34.9299,21.7321,63.0302,23.3568,5.6697,76.8028,32.3988,171.9108,2301.2155,29.8391,102.0214,2.2556,49.8519,77.3639,51.0743,38.9993,0.3641,54.6898,0.107,0.2848,20.1142,11.3272,158.3062,2.3939,60.1357,64.0056,35.9069,26.5177,11.0374,11.6544,123.0514,235.639,25.7361,17.017,27.5247,38.8918,255.879,8.2802,22.4386,18.4086,129.2217,6.2239,35.5329,49.9943,30.8366,136.0036,87.9506,114.0004,867.2493,79.7379,72.1623,107.0331,15.5377,20.8968,27.4858,137.1917,14.155,26.9335,0.5276,13.57,5.0024,70.506,1.3876,0.2163,46.9472,0.0214,0.1192,12.2988,0.6647,2.4027,12.5925,0.2219,1.3459,4.7733,27.346,9.4701,66.6649,248.0119,9.1609,0.0633,414.9735,31.4393,1.4016,29.3731,6.5966,208.9427,102.1119,10.2208,0.2545,93.2657,91.3648,164.8716,19.7481,13.258,48.61,36.6008,6.5418,30.1052,77.9894,0.7931,0.7906,14.711,18.2061,121.6263,0.469,0.1944,0.0256,1.1543,1.4075,10.7311,7.6251,8.738,146.704,115.6467,0.2339,62.4466,70.1576,324.3824
5.6756,54.9152,167.7838,2.4995,25.673,78.5452,2.1695,0.7955,4.2766,10.1202,21.1136,53.4168,41.0934,21.4758,35.2081,94.9798,3.4568,5.079,15.6736,93.835,69.5559,88.2719,1.4983,5.3204,32.9403,103.4493,72.7985,41.4881,16.6431,0.0,5.2663,26.0358,19.6851,46.4246,1.6323,48.9093,43.0675,81.3078,0.2709,51.673,42.169,159.8053,92.6734,27.4326,21.9655,0.5402,3.1578,45.0086,14.0089,9.872,30.1925,26.7482,20.1208,0.5663,0.2507,0.3962,0.0,0.1381,0.0,0.0,0.3066,0.6155,1.7639,0.0,0.0614,0.9252,4.236,0.0844,51.4704,176.3888,29.2887,62.2568,0.2,0.0534,15.0395,0.5104,0.4168,42.1859,7.1525,10.4636,1.1512,10.4892,46.1761,71.3014,2.5607,12.003,0.0,0.0925,0.2922,30.5689,14.7866,3.526,0.5339,3.5947,103.0607,0.3861,17.3766,485.4063,112.7255,73.1208,46.0637,0.4097,69.4983,7.4728,57.949,28.516,11.7091,25.7612,98.1731,3021.1299,4622.7854,8.709,51.3483,0.0538,2.2833,13.1894,3.5626,4.1943,1.1432,85.7767,1.8216,1.099,10.6447,6.898,9.7066,35.5058,90.3014,35.0698,19.6392,419.7809,479.7163,27.3078,446.2761,5.3584,3.6542,21.3821,45.5736,8.3178,24.1998,2.3914,91.0167,5.6346,24.5062,7.3905,36.0273,8.611,25.793,32.9245,2.1087,1.1269,5.9106,19.654,0.9503,282.4172,456.535,56.2273,9.8411,5.6385,10.083,129.5129,135.8709,6.6851,0.8941,48.7219,0.3239,4.3089,0.0765,16.5894,40.3651,4.2637,96.0535,24.7804,19.9093,3.4099,4.3331,21.6733,69.3723,6.593,6.8768,0.133,75.4712,6.2269,1.5438,14.8345,151.5793,0.4296,2.5989,66.7185,13.2161,1.8716,4.8538,39.6243,144.7892,43.9186,8.5381,11.594,0.1392,51.8832,106.7161,7.7126,5.4496,17.2818,0.1067,44.1732,219.9484,402.788,84.6286,259.7736,101.1182,23.1481,108.2227,68.8606,3.6326,16.5722,24.8411,6.4528,4.1962,1.4653,23.8681,4.7682,71.5954,36.6765,7.6043,31.8649,1.6008,12.8819,0.0941,4.0675,0.7925,5.5509,27.5158,5.2228,31.663,20.4333,4.5917,87.7416,5.8215,2.9356,88.0121,29.9906,19.6109,34.7847,19.7169,56.523,526.8238,10.7755,2.4736,1.9808,85.1939,0.3509,5.7615,38.0706,12.7052,40.5985,124.8519,69.6055,609.9866,14.6038,40.3892,11.3191,4.0067,9.1164,3.0024,37.903,1.5757,48.0817,0.5155,1.1455,25.6548,1.1958,3.414,0.4135,0.6268,4.5468,0.4368,3.5525,1.7642,30.7519,13.0632,0.4609,0.8042,2.5325,52.7556,7.2504,25.5283,97.115,1.1332,0.0265,23.0587,27.0122,20.2692,7.9874,4.809,5.6519,2.815,19.3648,3.091,4.7765,11.3855,64.5857,13.4553,16.9796,30.7362,36.4026,5.1353,23.9948,8.3703,0.4659,16.2928,28.0087,13.495,3.1801,13.7801,0.3229,0.1124,2.9399,0.6043,48.5301,9.7983,3.5497,50.2406,2.2433,0.5486,112.5273,43.6925,23.9171
1.7348,31.3885,65.6499,2.4446,345.3792,53.701,209.9727,0.381,39.0039,0.2548,24.5316,10.1244,26.4689,15.495,42.1502,2.7759,0.5591,49.9077,9.1934,38.314,7.6858,9.6458,0.4227,1.0429,12.9451,26.5824,55.6397,41.9456,14.0559,0.0,4.0286,27.9242,12.5195,90.7594,0.0137,43.9985,2.6498,120.1548,0.0355,70.3917,13.921,57.9076,55.6893,17.3051,8.0688,0.0204,21.6402,8.4251,51.7353,21.6664,20.2148,14.6092,21.0342,6.6633,2.4635,0.6265,0.0,0.0,0.0,0.0,0.3893,0.0365,0.032,0.0566,0.1019,0.3871,0.0349,0.0479,1.9195,116.2654,12.0805,116.0078,0.2132,0.0442,8.0118,1.4064,0.2183,21.6303,70.3993,5.6136,5.0045,112.9944,8.1755,20.1729,7.8214,12.5001,0.0281,0.0383,0.1304,3.8893,0.5222,0.1073,2.0895,0.0588,99.993,0.0093,14.332,2742.9765,15.0968,162.065,29.0198,0.3184,23.877,2.7047,183.3481,14.6542,18.067,12.7223,54.4909,678.9706,1206.4934,0.2679,6.0226,0.0223,15.015,10.692,13.8801,3.4025,21.5239,78.6947,0.101,50.2493,1.5452,95.5584,18.2306,10.1707,52.4226,21.5586,255.1904,764.0224,2.2053,12.7424,260.1112,0.4398,10.9973,3.3176,27.7164,6.593,33.2524,356.5646,20.6233,116.2351,9.2481,7.8457,56.0524,13.4665,26.9449,11.3974,16.6168,5.1972,1.8459,10.1124,43.6748,40.4892,87.1961,4.2701,6.6052,70.3507,46.3586,121.3054,206.9237,5.1953,7.2486,35.3228,0.1591,2.2015,0.0952,3.1425,5.7054,1.4206,39.1139,6.6745,6.9746,27.2999,3.1982,13.6853,19.7884,4.4531,6.5748,0.0501,14.47,5.3989,5.7278,53.0137,116.1577,8.5828,1.2506,34.8072,1.1871,0.7597,4.0806,0.0914,32.5879,41.7185,8.2242,8.8787,0.5672,41.397,161.4979,40.8836,0.4184,26.0993,1.2585,10.2382,123.4165,375.1364,157.8556,18.4494,18.8995,4.0497,76.5536,62.532,8.0813,14.1223,6.0767,13.0576,26.4853,4.3752,65.9017,0.6175,120.5106,31.1158,16.6216,41.5358,0.0962,57.4788,0.013,0.1088,11.7399,3.0801,566.1369,0.6855,12.2707,5.7885,4.6265,94.0881,1.3453,1.8517,140.9382,56.6362,63.8267,17.4395,12.5158,39.0273,718.4949,8.2828,4.2938,9.38,152.6267,0.3594,3.7463,15.3804,9.6122,44.0849,63.0618,12.6245,526.7658,17.1158,61.9893,15.117,3.8785,4.4129,17.092,136.1621,4.7706,31.6298,0.2778,2.422,1.6745,2.4315,0.6625,0.5943,4.6465,0.026,0.0966,1.5125,0.1747,6.208,9.0215,0.045,0.3942,2.8371,2.971,0.169,30.6405,115.3674,7.6405,0.022,6.153,42.7323,0.3268,5.0457,1.7028,23.7234,2.3876,1.8625,7.7767,22.0443,19.1173,51.478,11.0059,12.4178,18.4204,20.399,4.8831,5.0903,8.5519,0.0841,0.4561,3.3573,6.202,6.5765,0.1554,0.2677,0.1554,0.2989,0.3628,18.5516,3.9321,0.7417,111.3151,3.8403,0.0853,80.977,44.0395,105.1983
5.4028,10.9143,25.7539,6.2617,94.7446,25.8332,6.8633,1.0656,11.3454,0.2864,33.4086,20.1805,19.4165,42.2898,17.0804,0.5784,0.967,25.2414,5.3783,21.0728,151.8021,126.7825,0.3341,0.3187,15.0754,40.0068,23.304,37.1092,3.8036,0.0,10.9041,34.9458,13.1166,96.6299,0.0937,34.5159,4.8318,40.1276,0.0235,40.3813,13.5398,63.2199,39.0252,3.8068,6.7366,0.0116,7.4287,17.6929,59.2521,1032.41,27.4791,14.0248,20.7358,24.218,1.1347,1.7267,0.0275,0.0,0.1472,0.0,2.7167,0.0311,0.1275,1.6005,0.0348,0.3181,0.2214,0.1256,8.975,41.359,7.4896,84.2193,0.101,0.1069,4.3723,0.2229,0.1086,281.4627,138.4635,2.8289,1.7221,143.8214,8.4603,30.5332,7.6866,10.7955,3.1909,0.0,0.1907,6.4687,3.0786,2.3845,1.6188,0.0612,68.6144,0.7716,7.1217,1178.6617,6.1937,84.0499,7.4051,0.7423,58.8177,3.3003,29.2111,22.0435,20.8689,19.1284,15.1008,437.3918,821.0893,0.3046,2.9038,0.0,2.9124,3.82,0.7093,1.6856,47.6944,30.7505,0.6337,6.3177,0.0543,65.0336,25.8589,41.7867,59.3059,20.9323,155.459,411.9402,2.3965,15.8588,214.3876,1.8113,6.347,21.4593,48.4391,17.2217,66.6007,56.6091,61.3467,21.7271,14.4664,2.1015,15.5053,3.5658,16.954,7.0348,11.5313,17.2455,3.5435,6.1704,15.9246,174.2833,81.1285,2.9572,4.2994,15.6878,14.2176,48.809,104.2658,3.1513,0.6724,20.3991,0.1187,6.777,0.1217,19.8128,24.1959,5.0725,16.3993,50.6048,6.6988,9.1729,2.1393,12.7746,5.479,2.2229,9.4124,0.0257,13.5712,2.6372,3.0414,29.6532,88.8015,8.174,5.2751,36.0928,11.7202,8.4064,3.2922,0.1949,36.0793,178.2299,4.901,15.0898,0.2341,31.1291,44.3564,33.6518,1.6866,14.6287,2.9514,13.8296,51.1076,485.1578,59.4554,7.8521,7.6582,8.9761,39.2609,59.9545,2.7014,33.6838,4.5614,16.6866,28.6236,1.6311,47.9623,0.4817,109.9164,12.7052,25.8249,14.7265,0.5085,38.9718,1.113,16.059,35.0299,3.7827,25.8972,27.6336,5.1859,8.7568,7.9485,107.81,1.6804,5.1066,34.6928,58.9984,7.0106,14.6191,20.8642,27.942,598.4461,5.8522,12.8984,3.9145,95.9459,2.6122,11.1821,17.2065,40.3173,33.9335,83.8925,14.6305,345.0862,6.0458,24.2348,6.6298,2.7891,3.7743,21.5848,123.6295,20.6124,20.0144,0.0729,2.6123,2.1214,4.6534,1.1813,0.0097,5.5356,0.0,0.0618,0.1867,0.2793,0.4638,4.6074,0.46,2.7075,3.4976,11.6588,1.2328,21.2671,87.6414,1.3153,0.0,4.5291,18.7605,4.1721,8.9904,8.9402,11.0228,19.7104,17.8334,0.1507,8.2791,5.4873,39.6227,11.7936,7.0713,9.5345,5.7949,4.3041,7.4923,14.8361,1.2264,2.5408,4.2194,5.6922,11.7083,3.8003,0.0134,0.1325,0.1569,0.1916,12.0005,1.5181,0.9638,43.3924,1.8943,1.8182,33.1804,56.4387,108.8336
13.5278,29.9827,121.3394,20.5145,105.5717,71.5318,33.948,0.7329,56.188,2.5306,48.3695,43.1591,23.0392,36.9002,13.0022,53.4057,4.7489,18.3434,10.5782,52.2921,56.5337,37.4044,1.5281,8.0095,26.9116,58.428,148.8514,10.401,1.2434,0.0,1.3811,32.4069,11.7257,135.8204,0.2282,129.4161,39.6646,36.1183,7.2714,56.9758,59.9396,660.7313,47.6029,5.0618,17.1282,3.3643,12.9484,55.3261,15.0592,45.2826,34.7482,37.0933,7.4201,6.1285,0.9828,3.5341,0.0,0.0836,0.0221,0.0,2.1926,4.0058,0.191,0.062,0.4427,15.9533,0.6124,0.5457,47.6272,51.2986,66.1075,97.913,1.0292,0.0942,36.219,0.8588,0.3254,78.8745,43.4306,4.0359,1.8076,108.0093,18.6958,55.5491,19.813,22.4405,0.0719,0.196,0.1429,11.0942,9.6893,28.1876,0.6711,1.1012,120.8964,0.1067,23.9461,1195.9626,33.4486,115.1405,22.4745,0.7189,165.4138,9.8895,109.6979,30.7069,2.8153,26.6011,78.4693,1193.47,2604.9451,4.2546,38.7242,0.0,4.0079,11.2911,0.4397,13.7464,3.7813,196.3769,0.4954,67.3654,0.6736,28.7053,37.0784,31.3882,59.2007,22.6624,119.1804,1381.3616,1.617,40.3715,186.0246,2.567,25.6845,4.3495,100.3498,27.9341,42.7782,326.2285,111.4538,48.6738,24.7624,32.9568,31.1358,24.9187,29.049,17.3225,53.4157,9.5723,2.1274,8.2823,3.9598,57.7657,73.674,12.7893,11.7664,146.3963,14.666,22.0568,121.74,6.8201,19.0954,39.5081,0.305,11.5728,0.2837,17.7187,21.937,4.2954,34.0012,22.1,10.402,10.5755,39.8648,19.992,9.5459,3.9694,8.4935,0.1281,39.2001,9.6729,23.0315,22.6112,46.3716,0.569,2.7534,39.2966,18.3478,4.3444,2.4065,1.0904,123.5714,46.4024,7.4251,15.6437,1.5301,54.499,70.0763,18.7429,9.8698,14.0065,1.2563,37.9084,93.167,177.7737,63.7568,47.1483,16.3855,15.0456,38.8834,227.7238,7.1089,13.75,3.0414,23.6238,11.6142,14.1494,46.8897,0.7698,77.3474,31.3357,24.6124,45.4188,0.8848,54.0213,0.3102,33.7157,12.5008,15.644,414.475,17.1765,64.0815,26.9395,13.3465,21.0748,4.4541,4.6599,49.2175,46.6207,10.3027,41.0334,21.7577,27.9637,218.3711,2.3461,8.2445,25.9888,59.4552,0.809,13.4235,29.2415,12.8229,40.6923,64.0127,34.3619,732.8775,10.1962,24.2913,17.6965,7.2726,8.6085,81.0337,68.8284,3.2376,30.2443,0.1639,1.4563,12.4657,111.7014,0.6156,2.2198,114.8378,0.0,0.5553,3.0516,98.5859,3.9234,6.0775,0.0766,0.3215,0.3051,3.6271,2.9171,23.1375,76.277,1.7668,0.0,24.8658,23.0976,8.6047,13.4511,3.3488,171.9865,109.1461,5.1207,2.4842,17.1961,10.2983,63.1992,11.7436,9.3897,18.8297,5.5439,11.68,10.1136,18.5253,0.4398,2.4304,10.9165,9.9949,3.4078,0.1324,1.811,0.0,8.58,9.6255,35.2079,19.5843,4.5128,68.4132,10.2073,7.555,66.4847,30.1334,490.3186
7.7579,31.4132,20.9853,13.1762,120.2269,41.4355,71.4669,0.186,19.2279,14.6234,25.2484,14.6017,18.2178,28.9383,22.2864,1.6466,0.4051,11.3179,6.8757,28.8517,61.468,138.4838,0.9047,0.9619,43.9043,77.1072,43.2365,15.57,1.6564,0.0,2.4345,88.9589,32.3883,114.4662,2.0373,40.4228,14.7446,32.7718,0.2743,146.8575,32.9565,75.2765,108.427,11.8013,48.019,0.2259,7.2845,20.4311,16.4356,119.1704,25.2534,27.9754,14.6476,52.3552,1.7929,1.3988,0.7798,0.0742,0.1959,0.0648,1.5145,2.7578,4.6841,2.5948,0.2929,2.2469,1.6618,0.9526,58.4294,46.1559,10.0123,73.2612,0.5377,0.3904,14.6335,0.2448,0.1101,142.9582,74.4126,3.9755,6.6745,18.0629,14.9907,127.526,82.5078,14.37,2.8094,0.0,0.141,54.8677,1.0992,13.5946,22.4935,6.4358,246.3069,0.2036,16.7503,1464.0403,14.1843,187.0746,25.2234,0.3774,58.3419,6.4218,154.9762,38.5385,1.3752,32.9183,76.3299,756.8602,1294.6145,0.7432,30.1577,0.3883,1.6428,14.4265,0.2603,0.1893,6.8212,45.6388,1.4787,5.7233,7.7977,128.0292,26.1929,28.2819,39.5927,26.8911,218.1067,507.1709,7.2788,50.6886,128.6719,1.0435,3.8436,6.8432,92.1156,97.2318,34.8196,39.9612,221.1005,65.1559,29.0304,10.5336,44.6003,21.0978,46.2893,13.7388,43.6383,1.8176,5.1039,8.3137,0.7947,206.5046,263.0939,14.3996,10.9935,4.9036,7.5008,58.1179,91.4024,4.7547,0.3917,68.1826,0.2408,57.9703,0.5519,33.604,14.5381,2.6662,33.9187,65.1049,33.6281,62.2225,3.4401,11.6168,30.2377,0.8069,10.9625,0.0303,65.0486,3.2383,1.279,51.5158,57.3716,3.0655,0.9606,84.0851,4.6803,8.3753,0.3048,6.1329,37.1389,80.2852,20.645,16.9499,0.8122,40.3338,101.5226,52.0461,3.047,18.8851,3.4958,48.1372,45.3519,427.2301,20.8919,396.9237,8.7616,3.9939,59.5014,57.463,9.6775,112.0079,6.9911,17.6752,111.4857,3.1733,49.0244,13.627,190.9234,41.6638,25.2273,64.494,9.4009,16.816,0.164,0.2544,20.6132,6.1929,328.123,8.8542,141.1927,34.8059,10.6638,13.3607,6.2067,2.5326,65.7594,51.739,14.4872,32.494,23.4398,25.8902,1206.1905,7.6901,62.0969,23.3833,31.5541,3.7284,18.7443,49.2752,25.3715,188.1036,46.3024,15.3028,334.8883,16.1682,51.395,12.1119,27.9967,6.7251,36.7211,235.123,8.2964,60.3827,0.194,2.3712,12.2457,12.9094,5.3763,0.4496,3.469,0.1574,0.0731,2.951,74.8859,0.7595,21.179,0.0567,0.3998,133.0325,10.5816,7.4538,32.2519,47.6379,27.2247,0.0166,40.2874,59.6269,5.4392,51.01,29.1253,34.4884,487.9911,61.0829,2.6742,138.7901,4.0873,56.3838,13.3762,22.2522,16.7523,35.7565,1.7345,9.9382,45.2206,4.0217,3.6562,16.4489,12.1864,1.0547,32.8495,4.3366,0.0,2.1224,1.3071,108.8415,9.688,0.9797,90.9952,31.7861,5.2042,50.9646,40.301,184.0031
2.3071,10.8313,50.1921,8.1608,502.0756,32.4849,0.2087,0.6579,0.6758,0.6502,54.5239,10.4615,18.5508,28.9104,17.7064,5.1888,0.4729,61.6123,6.099,49.2684,17.3347,34.2747,0.1817,10.6806,6.8063,33.1072,34.1812,21.1091,6.4578,0.0,1.5153,19.9163,9.3885,79.6777,0.0717,47.2741,2.0103,64.7789,0.0463,78.6669,16.1039,50.3564,29.1163,7.6214,6.5104,1.2491,19.4607,6.6468,41.1808,46.8155,22.1405,12.3537,4.4995,5.1158,4.3831,0.1097,0.0,0.0,0.0,0.1118,0.1659,0.1428,0.0418,0.0422,0.3592,0.7075,0.0228,0.0529,2.1783,95.7216,9.2897,112.282,0.2165,0.539,5.6041,0.13,0.1662,23.7324,1339.2364,0.9093,3.2915,71.2229,9.6397,20.414,2.3784,6.9592,0.1836,0.2002,0.9487,3.8661,1.0374,3.7115,1.7239,5.3485,73.7397,0.0,9.9527,4252.1653,11.4182,112.647,10.419,0.1455,65.6626,2.4011,201.9791,21.517,5.2135,8.9543,54.1864,758.6581,1712.1724,0.0666,6.3841,0.0291,4.6764,12.784,0.4867,9.1781,213.6298,103.7136,0.1582,14.2585,0.3916,28.7768,37.9654,11.5283,51.539,17.7888,589.163,1049.4007,0.5224,12.1433,210.4974,0.5807,22.5711,4.3255,39.2625,19.0645,58.246,693.2161,24.4836,171.2309,8.9189,3.8867,31.6523,5.922,28.5886,5.4874,12.3856,11.4137,0.5387,8.2671,416.611,78.4341,94.2794,4.1711,6.125,250.6607,26.1534,43.7092,885.3829,3.7727,4.5626,21.1201,0.2856,3.1136,0.7039,16.3125,7.313,0.7078,25.2182,8.4011,8.7026,19.2465,2.068,10.0406,5.9863,0.8355,5.7055,0.0262,10.5205,4.9161,13.2056,14.964,61.3815,96.4403,1.0047,56.0699,2.3395,2.1286,0.8869,0.0,32.0337,66.7676,5.9656,6.8899,1.2066,33.0498,91.5385,30.6633,1.0768,8.5472,4.9288,15.3233,46.2362,333.3557,39.8022,49.8233,15.514,2.5126,45.5807,81.6833,9.1453,12.182,15.519,19.0844,52.9297,1.1145,45.1221,4.2273,87.9303,25.6967,37.138,42.8497,0.0,116.9008,0.0962,2.2078,25.8493,5.919,672.6534,1.4624,15.0094,7.0667,9.4442,48.3315,1.9812,1.1348,20.5916,53.6922,14.9774,10.3288,5.8609,49.2248,555.9522,1.4061,3.8607,35.9536,114.7832,0.7484,6.4434,15.7405,11.3156,24.0857,41.3645,6.8016,417.1268,6.6883,46.65,11.494,2.2621,3.1756,50.8837,136.5624,3.7988,17.2193,0.1116,1.023,3.7702,23.5054,1.6118,7.0876,42.9812,0.0,0.0,2.1045,19.2103,5.6087,27.3012,0.0391,0.1205,1.036,3.5714,0.9167,24.4215,60.7688,81.2787,0.0287,64.8047,18.6496,0.6464,18.8207,1.2259,31.686,20.734,6.6907,0.3173,14.3056,13.6512,41.0969,4.0213,8.3238,11.8252,7.5371,4.0232,3.6496,11.9761,0.1098,0.8362,3.5179,5.6017,3.4818,0.4397,0.9252,0.0406,101.2319,13.263,20.1004,2.5243,0.4611,59.1695,2.3496,0.0371,66.9223,43.9477,150.2373
3.8572,25.7364,34.2546,67.2184,610.1914,36.7964,12.7698,0.1799,200.4977,3.5282,82.0762,27.1955,2.443,52.0837,6.5056,7.5669,0.2749,30.8309,18.3429,36.747,143.3965,113.7896,0.0755,36.39,20.6237,96.7121,125.4552,22.3183,3.0442,0.0,0.6017,27.9287,14.3633,233.2405,0.0,61.1674,4.424,39.6531,0.0044,58.7775,18.5376,90.4241,16.0587,4.1625,22.9144,0.1452,92.758,37.4652,160.5784,25.8018,26.9236,13.1866,57.3265,1.108,4.0738,0.3786,0.0,0.0,1.2344,0.0,0.7247,0.1232,0.0361,0.0182,0.6541,0.0555,0.1125,0.0,1.9787,145.6461,18.4043,77.0196,0.2668,0.1993,21.4418,0.4626,0.1229,141.8177,1996.7156,1.5611,1.6574,54.6827,22.3592,61.52,9.549,8.8655,0.0,0.0432,0.042,5.9887,2.0583,2.2654,14.795,0.8529,91.3393,0.0314,23.9731,1934.4072,14.98,124.2815,24.2191,0.275,294.9818,12.7981,127.9432,94.9576,5.87,31.5073,24.9233,955.9004,1345.4071,0.0287,66.1418,0.0,20.1291,8.2053,1.518,9.5518,34.9938,2405.6997,0.1046,192.2928,0.1945,420.1518,177.4865,169.2136,51.5685,79.3707,592.7337,1218.3021,0.4087,34.7738,204.203,3.3769,500.9319,14.6825,55.009,43.4719,63.7063,1475.5007,176.2022,3044.2106,28.2986,5.6319,43.9258,11.5146,34.1098,51.5257,37.9931,7.9107,1.2555,7.3438,4390.6373,447.4717,172.6947,9.3111,15.4685,200.4784,45.7648,33.1429,279.363,5.0685,0.1458,113.4001,0.4704,2.7403,0.0893,27.1331,22.6645,2.2105,8.5576,37.2904,18.5483,5.5043,13.3151,33.3083,28.4443,1.5541,7.2851,0.0113,28.7134,2.6936,32.8068,89.5202,80.0111,44.7821,1.2351,57.8522,0.1157,4.8568,1.3454,0.0,70.9866,28.9181,17.0781,21.164,0.5936,64.3994,21.283,7.7479,0.8747,51.682,208.5845,78.4561,58.0941,488.359,51.2726,9.261,10.0942,8.9334,145.2781,142.5986,8.5601,11.5168,0.5677,63.525,82.9087,1.0446,49.7003,19.8111,69.9508,21.7863,71.277,32.7761,0.7366,17.3968,0.0146,0.0223,169.02,5.7837,884.2289,2.7491,10.6285,29.0729,47.1712,15.2601,2.3908,2.9051,629.6188,61.2097,12.5834,22.8642,23.186,46.3044,245.099,2.0967,16.9726,52.4755,132.2397,9.0577,11.4071,145.7851,61.7182,11.6676,98.1386,41.6858,630.861,6.0172,16.654,8.9661,2.9336,11.1588,19.2007,37.02,127.3838,10.6341,0.0,0.6819,28.6702,29.6986,1.3904,12.6145,46.7408,0.0,0.0,0.4707,1.3031,0.7397,14.3523,1.4935,0.052,0.1265,15.9263,1.0783,40.7621,261.0714,88.9427,0.0,10.9582,24.3413,0.9145,17.555,1.8704,242.9397,10.8769,2.4447,0.0249,17.4457,15.5124,58.5986,18.3028,6.8487,23.7658,4.5474,6.0695,13.0151,23.2866,0.2412,0.2842,11.9101,25.2356,1.2629,0.9045,0.0177,0.0,10.1003,15.9363,10.8729,1.9948,4.6802,50.4569,0.4069,1.7287,98.7013,73.4316,213.5771
4.6922,20.0679,63.0539,6.3024,119.1911,103.36,1.8696,0.8311,3.1975,28.3338,27.4829,15.442,9.258,16.2105,32.0693,6.6394,1.6693,11.1838,8.1433,116.3688,52.6844,56.4552,2.2564,1.0973,13.547,52.7443,52.4667,27.7579,7.7714,0.0,2.7632,25.1655,14.8034,82.2953,5.5009,54.5186,12.1334,95.6581,0.0541,75.8803,28.2806,45.3513,41.4127,7.9645,10.8159,0.207,4.2583,14.6194,42.0149,18.2901,14.8891,15.1081,22.8383,1.6029,2.3463,17.9694,0.0983,68.7238,0.0132,0.1959,5.8886,4.9484,0.1791,1.2955,0.0622,1.7604,2.6346,0.0786,58.8293,123.4265,12.1552,128.0741,0.9756,0.0787,6.8918,1.6895,0.1942,124.8518,178.5697,6.5635,1.0904,6.9015,39.0959,24.2884,9.3806,15.0949,0.1716,0.1754,0.4547,10.412,11.3579,10.0019,1.0356,4.3516,116.485,0.2335,6.6179,1564.1216,90.0643,153.0054,42.923,2.2828,47.8674,2.9829,89.6181,22.6994,9.4305,16.9031,113.7395,1020.4806,1914.9131,4.7089,9.939,0.0,5.1379,11.1266,3.7179,6.7923,3.9493,56.9838,3.4123,1.6698,3.0776,23.4953,18.4892,19.4437,60.2129,20.8577,124.5923,68.9666,42.5057,35.3176,313.7348,12.4624,2.6212,15.3778,21.043,27.6873,80.2393,11.1623,89.3927,12.4083,19.4929,4.6557,15.2571,11.3467,32.5042,34.3915,5.8689,3.9571,3.1576,10.3023,2.8841,186.0875,66.4124,33.3381,6.741,27.3333,14.8119,131.2561,146.9473,29.9861,0.341,47.5241,0.4399,4.3886,0.1935,87.7194,9.8689,28.6464,45.7367,33.6497,7.6197,17.9966,2.7237,12.8783,26.7659,2.3894,5.6798,0.0153,27.8228,3.4886,4.187,18.1802,150.0633,0.798,0.807,23.7368,5.0835,4.896,3.8086,3.9511,49.4867,52.0962,7.443,12.0962,0.8021,32.0748,101.0256,22.6037,4.325,16.9329,0.9447,17.9194,261.4212,359.6358,60.4886,160.5289,46.5157,4.7089,92.6282,62.4721,4.6248,21.1902,3.9721,6.884,8.0759,1.9406,35.1586,1.2634,59.7637,23.7938,10.3028,22.2855,3.7261,13.6289,0.6282,0.362,3.9197,3.971,136.4995,4.1057,21.0426,10.6043,8.386,51.8602,2.7291,1.6033,48.5668,46.5057,21.4252,26.4765,10.0461,64.806,1000.0733,14.401,5.8109,1.3809,67.9455,1.1614,12.894,19.0377,23.8813,29.2381,106.4665,25.0215,1080.6993,11.2712,32.7007,8.9237,4.9443,5.4,4.2728,88.8903,9.1481,36.8439,0.5868,0.5432,17.4707,1.7881,22.1835,0.8542,0.3575,0.4362,0.0736,5.8887,3.9625,3.6496,10.9802,0.3085,0.7612,2.5921,76.2145,4.9939,25.4219,80.19,1.433,0.201,47.2777,24.3024,22.0979,4.4778,9.6191,5.982,14.5463,25.1155,3.1001,28.0633,8.7724,60.3777,9.7231,10.8485,18.6702,12.6693,6.1762,5.0202,5.6119,2.3682,17.5842,5.9089,5.4698,5.9167,8.6538,1.6093,0.7582,77.4782,0.7642,51.4258,5.2724,0.5746,84.1652,6.1124,17.169,68.3547,53.8564,60.4909
5.9829,38.6035,46.413,18.6885,391.4223,51.5362,197.7328,0.7405,45.6641,5.828,22.3307,20.7801,6.1859,29.6264,25.134,2.3972,1.5202,27.7049,5.7808,77.5131,57.1503,63.5896,0.3317,14.6157,11.9148,32.283,47.1026,65.3478,5.2188,0.0,5.777,27.745,9.001,113.0379,0.0,64.2912,21.4596,95.7243,0.0486,57.0943,14.8526,51.6806,55.8341,14.2486,9.1228,0.0372,30.5266,11.5728,45.205,16.6056,33.4141,15.0121,33.8187,3.2301,0.6262,0.8997,0.0,0.0,0.52,0.0,0.2393,0.2995,0.0,0.0111,0.0698,0.0867,0.0308,0.0403,5.6924,11.5501,4.5913,141.2281,0.0324,0.0,8.448,0.1704,0.1992,99.2132,26.8746,6.3741,1.7652,29.09,17.8437,21.4416,9.5844,5.2151,0.0,0.0525,0.0765,6.3532,0.1399,0.3673,4.1093,2.892,106.3944,0.0,13.9847,1753.1022,20.9177,159.041,28.4572,0.625,63.2425,4.2676,121.9655,26.6971,8.834,10.9912,68.1855,1105.3418,1787.0908,0.131,10.4837,0.0,9.3777,13.9539,11.0737,8.0506,13.4225,160.1074,0.4866,19.4972,0.3609,189.7013,29.8091,29.7226,69.9572,29.1325,104.7155,572.1705,0.5606,18.1315,227.9797,2.1692,182.7613,12.9539,62.1504,30.8916,24.6142,1012.3855,50.6965,1184.1587,15.9831,4.275,13.7581,7.513,42.4575,14.9844,29.8863,9.7438,2.2896,10.9921,92.8877,165.1345,179.171,8.2314,11.0662,86.4346,33.818,69.1053,134.8235,5.4273,0.0483,51.7424,0.4358,4.3366,0.0434,19.2268,14.6659,3.2964,23.5401,44.6735,6.614,7.4616,3.0679,10.7029,21.4664,2.8845,6.8825,0.0412,21.7384,4.3455,3.0149,52.5164,87.3417,17.1178,1.3831,61.3377,2.1412,5.4611,2.5275,0.1252,39.5177,52.3338,4.1177,13.8751,0.1646,32.1117,88.7857,16.0599,0.6471,18.3074,1.427,16.0668,98.6888,337.9351,134.9604,10.5862,17.2602,5.3073,76.7218,91.8094,4.8563,12.7921,2.1281,16.9983,77.8617,1.4106,54.6106,0.763,91.3479,25.5848,23.3526,44.743,0.4478,30.7412,0.0119,0.0,18.4946,6.0123,103.34,7.555,2.7904,8.455,7.7531,99.1618,2.3533,3.8033,272.8099,50.1494,30.685,17.8355,14.9179,40.482,514.7854,10.3163,6.3317,31.6702,133.4854,5.2837,14.8734,25.3616,21.895,50.0377,103.5647,23.9096,1345.5328,18.7808,36.3197,22.3839,4.9338,4.3858,25.4422,67.5334,135.1725,17.6112,0.1756,3.0238,1.4621,5.8067,0.9071,3.0674,12.683,0.0,0.0331,1.2535,0.8968,0.4124,3.805,0.0,0.0574,2.029,2.8295,2.4833,13.8323,56.4568,31.653,0.0,7.439,19.9557,2.1968,8.04,4.9319,37.2619,6.8143,0.5101,0.4538,27.1457,12.6211,37.0167,11.0679,10.1026,17.6492,18.8386,7.5629,4.0276,12.2335,0.3352,0.6777,7.5307,4.5119,4.0669,0.1419,0.1294,0.0,0.2834,0.2602,24.7977,2.6638,2.7726,45.5842,1.0993,0.0,80.9888,46.0991,140.133
5.4663,43.6712,46.1558,4.3699,244.1155,113.5177,101.8174,0.4641,44.2446,3.6702,38.1965,20.8472,22.9918,27.2903,26.7372,20.5315,1.2149,30.9017,10.904,67.9628,34.7154,33.2275,0.5588,0.0926,15.4471,46.9685,49.5951,47.3712,10.4533,0.0,6.0092,37.0731,7.9649,102.7848,0.0067,34.5288,5.6577,38.7856,0.0115,70.7999,24.7292,69.8905,125.851,8.0241,10.4706,0.0,21.1494,16.8748,38.3482,40.8188,17.0873,22.1156,42.9354,3.996,1.1775,0.9401,0.0,0.0,0.0253,0.0,4.8099,0.2848,0.1564,0.474,0.0697,0.0893,0.1901,0.0827,7.2531,84.4808,1.6472,145.3574,0.7635,0.0432,8.8509,1.7867,0.6394,115.4307,171.3271,6.9772,3.9811,84.9618,16.4998,29.3091,4.5481,11.0706,0.0275,0.0374,0.2366,4.405,0.4767,0.5107,0.9342,0.2965,134.5129,0.0181,10.3529,1966.8126,16.981,130.953,27.1728,1.2543,48.1563,6.0182,167.3556,37.9243,34.3192,27.0399,95.3907,1199.0383,1317.4437,1.0154,7.8613,0.0,20.0373,17.8493,11.0904,1.8813,7.8569,13.651,1.9285,20.7556,2.3522,14.6619,28.5102,20.5974,83.6985,33.7673,155.1398,544.235,4.3617,18.7064,221.5085,3.7969,6.6433,8.8041,11.1671,12.1782,20.8389,8.1478,21.7142,3.7185,20.1404,6.3477,10.9446,10.1194,61.3768,16.7162,26.584,4.8799,4.0859,9.1905,20.4409,275.4839,74.1817,10.7246,10.4346,125.7706,30.5817,58.2611,250.3025,2.3595,0.1839,45.2925,0.4662,13.3803,0.1858,6.0403,9.6366,10.4628,29.4975,37.8193,8.0602,11.0438,5.0524,16.6913,22.2143,5.5401,11.7674,0.1273,24.2747,7.2113,9.6227,56.0041,82.8228,3.2831,0.9582,53.0347,4.2804,5.3469,9.9144,0.119,46.8121,59.4376,8.9407,14.0278,0.1815,39.3381,79.6788,17.4619,0.926,24.2365,0.8257,10.8849,103.1339,485.3209,187.3568,45.1629,15.7521,5.3905,78.1215,78.0583,7.2508,13.1306,5.4147,26.7211,6.1583,6.2287,50.0045,0.3824,63.0892,21.3583,16.115,34.7772,0.3569,20.472,0.0169,0.0193,3.679,7.1447,46.3243,2.4002,16.8467,13.9147,12.7541,99.268,2.8174,2.29,236.7819,47.0599,42.3231,39.0713,22.0648,32.898,627.9045,26.1845,5.5509,10.1369,64.6444,0.8356,18.0601,17.3097,25.5411,70.162,73.785,27.0437,382.1624,29.8381,44.9648,9.4577,6.606,6.5357,17.9946,118.1402,16.6441,23.456,0.6888,7.9536,1.1376,1.8869,0.8234,0.3125,15.5434,0.0,0.9431,1.6326,4.9677,0.6536,3.774,0.0659,0.2703,0.8024,5.2425,2.0424,45.4617,115.019,5.2628,0.0,3.2548,22.3813,2.7949,11.3142,4.1675,25.4682,11.4882,2.0321,3.9914,12.5037,38.1288,25.8073,17.4412,10.6781,21.481,5.4193,7.72,9.1777,19.1051,0.9486,1.7343,5.1767,5.0308,1.5982,0.9867,0.323,0.0303,0.1123,1.0799,30.8112,4.4828,3.2536,18.9469,0.7187,1.277,100.7911,48.4081,187.0539
24.94,48.874,87.8695,10.9122,362.159,145.544,62.5605,1.5478,60.1507,8.6434,43.5024,37.5472,8.5084,60.556,26.2884,15.544,0.9394,7.5839,17.1199,116.3205,163.4326,117.992,15.6186,2.5436,18.3118,52.8557,92.3798,17.6099,8.2977,0.0,0.7098,28.1665,22.8561,346.6221,0.0171,172.5357,11.165,37.9758,0.1224,41.1647,18.1233,110.5858,115.1046,20.3055,22.1506,0.4386,80.468,36.2983,333.9349,41.5875,17.0542,28.1206,40.6295,39.8985,11.2646,9.8184,3.7631,0.061,0.5363,0.0,1.0465,0.1812,1.9901,3.0663,0.3419,3.8136,1.486,0.2608,15.5482,74.0193,21.5827,146.6451,0.3828,0.4673,13.9313,1.7015,0.113,116.7891,849.7677,1.6799,2.9727,56.4353,25.3299,47.8505,19.7474,45.7841,0.2447,0.2383,0.1853,9.3264,5.0224,4.8166,9.189,11.522,92.2423,0.1787,24.4607,1032.8176,60.1805,203.1836,65.6749,4.4788,117.6365,13.0992,97.7303,51.4005,84.8094,26.1377,113.8589,1452.3294,3842.1701,0.1823,54.2817,0.0,66.489,16.6421,1.1405,13.1836,117.8898,186.0555,4.4869,69.7666,7.1618,89.6137,168.3909,105.845,71.175,64.7656,451.4621,582.8828,45.1933,38.3174,440.1105,6.6519,39.3329,19.6653,51.2101,46.5018,56.395,257.4537,108.556,163.5579,31.1984,12.9827,27.7877,29.4527,21.7868,15.7578,16.1899,34.5559,4.0303,26.0477,250.4422,111.317,46.2113,25.3114,23.1905,79.4751,49.3089,169.3328,326.7624,16.034,6.5663,139.8179,0.4079,14.9161,0.4139,15.2501,20.0636,9.353,28.8555,38.7617,15.7558,13.3231,12.7325,57.3091,18.7014,1.9884,9.8378,0.0748,30.8192,2.9869,10.8154,35.7452,149.294,12.2716,1.1119,47.9353,5.9296,7.8638,1.2751,15.5481,86.7169,45.9216,23.6807,20.0432,0.1645,66.6059,81.5442,15.3674,6.3075,46.0363,64.4178,39.8765,73.956,420.5049,66.0407,52.7149,37.6732,28.5451,121.924,97.7896,2.9609,13.2924,55.7187,63.7824,53.1035,60.4352,75.6927,11.3241,46.6129,34.4904,25.9684,68.3768,0.4064,45.4401,0.4903,3.5276,81.0278,12.5429,105.2427,9.413,28.401,28.3225,17.0831,21.318,4.6397,7.6628,230.7007,217.3453,25.727,34.0048,21.0496,40.0545,202.8407,9.5546,21.1736,28.9018,71.8219,20.161,14.1647,53.1953,29.9591,72.7648,69.0948,53.7109,751.2832,19.0582,71.1254,2.7006,6.2179,10.3672,52.9869,98.915,11.0952,44.7037,3.1874,7.2595,6.3337,73.2721,6.8861,4.1335,21.7945,0.0,1.6803,49.591,15.6829,0.6759,3.8391,0.2142,0.0782,4.6955,4.9079,8.591,37.4511,181.389,21.5689,0.0546,10.2719,11.6083,4.9969,13.4655,4.3718,124.7556,33.5415,5.6031,1.8396,34.4093,19.6825,193.7957,18.0038,12.698,44.7237,23.5952,5.7912,16.8097,16.9691,2.6569,2.6051,9.0311,8.8405,1.7703,1.3523,0.5872,0.1158,5.4587,1.0522,16.3118,9.1133,8.72,65.4999,64.9226,0.5299,98.7247,59.9494,96.3561
1.2781,40.3536,85.2577,11.638,854.6154,70.2561,135.5984,5.5164,201.0722,16.5009,32.5964,78.7483,34.4243,50.2822,11.7107,107.5646,1.5677,54.176,10.0539,58.1978,11.9454,9.2214,1.2221,0.706,20.8094,56.333,90.329,15.0579,2.022,0.0,1.1025,24.1951,9.548,107.2238,0.0,149.5063,5.671,41.7629,0.0,82.223,43.8761,167.5631,45.222,11.6266,17.6996,0.8434,33.9823,23.7027,79.5417,55.2205,36.4683,19.6565,3.8248,21.4423,1.9499,3.3501,0.0,0.0,0.0,0.0,0.0457,0.4615,0.0,0.0093,0.0704,0.0729,0.0172,0.0085,2.9739,105.7265,11.3722,100.8773,0.8179,0.0848,9.5004,0.0286,0.1047,12.336,156.9155,1.0873,3.3305,53.0724,22.0501,52.7647,6.8416,16.193,0.0,0.0883,0.6433,7.5499,0.196,8.1796,4.5805,1.6004,101.6497,0.0053,8.3637,2651.7209,31.6488,248.2189,27.0336,0.2688,214.8474,5.5358,84.1304,12.1459,1.0063,23.6939,38.242,1564.4774,1798.291,0.1028,38.4288,0.0128,11.7265,25.7206,1.5182,1.2957,9.9509,153.983,0.1115,38.953,2.8871,20.6395,75.8137,28.2091,40.1757,36.4799,254.6134,1198.2976,0.5461,25.8046,199.3107,0.6096,39.6177,1.7151,70.4941,22.1282,4.0438,338.0136,72.1204,59.5021,37.3529,10.3098,55.0008,15.6388,48.9281,46.6418,14.8354,41.8016,1.008,17.0496,3.8385,74.0669,7.5486,10.4385,9.8486,96.0516,28.5262,20.839,151.557,6.6515,0.1625,53.3481,0.206,4.3004,0.1278,21.9863,3.9844,0.5491,34.1587,6.1702,7.715,29.5502,10.314,22.618,7.3654,0.6828,9.9704,0.0808,19.8328,2.4542,26.349,21.4418,68.728,31.7464,2.2806,50.3767,2.5616,8.2522,1.2293,0.0,58.001,48.8238,6.2196,9.5529,0.7603,81.3483,89.6607,13.8817,2.8858,17.3083,12.0616,22.2129,94.7127,263.08,53.9057,15.1661,23.4311,17.4272,66.5967,44.0816,12.0111,8.8549,42.5403,27.203,71.1592,0.6944,66.8841,0.4507,47.7631,31.0621,88.1232,44.1176,0.0664,33.4927,0.1247,0.3756,5.0414,7.0313,724.1747,5.0029,21.3332,14.1939,19.0516,15.7984,3.3329,2.3451,78.5601,57.1222,8.1103,26.0109,12.8969,33.9035,448.3222,7.9092,8.0444,22.1958,73.1881,0.9945,4.9843,30.1356,33.5693,75.8931,75.2675,42.3857,407.0346,12.1514,37.4502,17.8933,6.3587,6.3097,32.29,79.2285,3.3944,47.7068,0.2706,0.7925,10.8644,74.1554,0.5891,22.7951,52.595,0.0,0.3056,1.672,8.1658,3.8226,41.7231,0.0517,0.2172,0.4607,6.0173,2.5236,30.2662,103.8394,1.5913,0.0,35.027,24.6605,8.639,13.7741,1.2016,202.6199,30.1799,1.153,11.3653,6.1979,23.3336,101.3699,7.1967,12.256,22.7821,9.0523,21.468,10.7261,15.1284,0.0616,0.5473,4.3162,3.933,3.5576,0.4174,0.9606,0.0,5.1077,7.8343,15.5891,7.2771,4.0103,35.681,6.6987,0.3271,54.7751,61.6366,207.5424
1.2615,11.3212,13.409,12.6123,51.588,74.3436,145.5655,0.3522,69.3456,0.2051,23.3723,9.2988,125.4526,13.8398,11.2779,0.7002,2.5325,7.5172,6.6546,34.2998,39.8495,31.2081,0.8643,0.1633,15.9678,63.9283,22.0358,8.1207,2.515,0.0,2.3174,18.818,11.2199,63.4143,0.0,56.7416,4.3006,16.2915,0.0354,25.4363,9.428,41.5089,34.5902,12.0045,10.5374,0.0224,12.2013,27.0571,34.0275,22.5929,16.3283,5.9113,13.7746,21.422,0.4762,1.0753,0.0609,0.0,0.0,0.0,2.8852,0.0,0.2773,0.3591,0.0096,0.0765,1.6965,0.3147,3.072,156.2065,5.0637,63.0991,0.3133,0.0244,2.5732,0.288,0.4553,43.1923,207.2752,0.8175,3.6585,50.2896,11.1474,17.6163,25.7997,15.779,0.9832,0.0181,0.0352,8.7882,1.855,1.4536,0.7494,0.0093,17.9365,0.0066,10.1205,659.5725,5.3358,72.0976,20.3068,0.4061,47.8938,4.5672,33.9666,28.8387,8.2012,19.9853,16.5526,273.1973,522.145,0.3736,7.1251,0.0422,2.8006,6.2225,0.4741,0.7326,81.5648,56.0437,4.2742,10.4683,0.0644,41.5948,19.106,43.7961,31.9237,18.1362,369.4327,212.1826,1.96,13.9971,139.4404,1.6168,7.6238,10.5519,61.6416,18.2318,23.4255,82.802,39.3981,26.2279,28.0419,3.1659,14.3489,6.5911,12.5891,4.9284,22.2208,7.8603,1.6991,3.7178,6.5987,66.9686,4.2595,4.4805,5.129,2.0213,13.1484,22.0775,155.2129,1.1784,23.0749,17.6886,0.1033,10.2332,0.3071,102.6964,5.7383,13.5234,14.3619,33.6339,3.9869,2.9233,2.7706,12.8708,2.7408,1.7316,19.1872,0.1989,19.6838,1.7511,5.1195,13.7614,112.2285,1.9979,2.8305,19.1324,21.8169,9.2321,1.5843,0.3023,33.8603,61.5888,5.9059,6.7296,0.1927,22.7113,38.6842,19.5094,4.3134,16.9823,1.9827,13.6808,45.8901,412.4468,57.7033,58.5382,10.0438,9.3549,39.2569,51.2845,2.7267,13.8552,1.6598,34.8931,35.9962,1.952,34.7076,43.1799,68.0653,7.144,17.4232,17.6221,0.0454,17.5337,0.9071,8.5898,11.1583,11.0371,16.2306,22.0471,12.7539,22.7298,11.5588,17.1253,4.5446,5.2283,43.7705,31.8857,6.0394,14.5706,18.5124,15.3206,295.1757,11.2295,17.8886,2.2076,23.2043,1.0991,0.8613,20.0039,22.9236,12.3789,29.0545,23.9369,408.3505,4.2221,11.1732,8.3281,13.0557,6.066,34.4665,122.9578,3.5433,28.8822,0.1514,3.2354,1.5015,14.6214,0.2276,0.2591,0.0481,0.0,0.0228,0.8553,10.0018,1.466,0.5555,0.0531,0.7408,2.2852,36.687,6.1944,9.4376,58.8265,0.7786,2.6818,4.607,8.0151,5.2478,8.4187,3.8755,9.8753,5.8031,8.1957,0.3861,4.0994,4.2656,31.4471,26.9724,5.9019,14.0914,3.3811,2.3977,12.6934,8.4987,1.1939,0.9946,8.748,11.2265,6.0117,1.0156,0.1041,0.0587,0.0869,0.1877,49.6999,2.221,0.8451,30.2802,0.297,0.4162,30.006,30.9823,109.6357
0.7112,14.7837,49.6073,12.4649,226.9668,44.4691,1.7018,0.2201,35.0037,0.4839,29.4094,12.9596,5.0363,21.0857,8.7576,3.9536,0.4136,15.6257,13.8026,110.2439,13.7385,6.2395,0.08,5.1192,3.3292,89.8258,49.3321,2.0033,0.9518,0.0,0.4838,6.7818,11.0378,48.8647,0.0246,118.6395,0.8324,11.752,0.0282,27.8227,26.3601,25.3354,21.9134,1.7195,5.9408,0.1944,31.7809,8.6036,21.0598,15.9667,11.5641,10.2814,5.013,1.9685,0.3598,0.5655,1.4611,0.0,0.0721,0.0,0.0569,0.087,0.6371,0.0579,0.6447,1.0417,0.2414,0.1055,3.3294,49.7196,12.0644,76.8318,2.6865,0.1056,8.7545,0.1337,0.0434,21.7569,700.9588,0.3128,2.9687,69.9105,7.6252,6.4977,4.5455,11.1806,0.0336,0.0458,0.089,2.8222,1.3686,4.13,1.8941,0.4637,25.0119,0.0,5.4629,2865.7468,11.5062,162.2323,21.3299,0.1964,127.5134,2.6921,130.8424,41.7065,7.2573,12.0131,77.2084,712.6452,811.0586,0.0152,10.3802,0.0533,5.4833,12.0973,0.1369,21.4725,809.9684,289.6367,0.0241,32.3346,0.6293,90.0176,155.0974,81.1015,18.2834,12.3481,129.0007,400.7435,0.8775,12.1232,247.0805,0.8709,70.5196,1.9027,15.6257,13.8654,15.2201,283.6835,24.7055,501.407,12.1701,4.9125,22.5833,7.2605,16.8768,10.577,56.0159,63.8607,0.3802,10.7996,442.8712,24.356,5.8192,8.8748,6.3076,137.4491,12.3307,16.6729,231.5995,8.5389,0.5338,103.6394,0.1187,5.5669,0.6058,19.9018,5.8508,2.084,8.4795,4.304,2.5237,53.262,4.4359,5.0907,5.9809,0.3024,2.5105,0.0479,8.5498,1.1503,12.8672,9.1329,152.6436,5.2089,0.9875,26.1465,5.3819,0.7741,0.179,0.0364,57.4495,26.6424,10.6027,7.1277,1.283,49.0613,36.2654,18.4862,0.6109,19.8782,13.0268,30.6429,65.8737,326.5471,72.9326,108.1,15.3071,6.0545,118.952,143.0323,2.9651,4.2991,0.8357,43.2449,21.5049,0.4899,29.1912,0.1798,38.7932,12.6973,13.0158,24.3067,0.2296,59.9441,0.0725,0.4486,15.8439,13.0534,241.3935,1.3571,8.6505,5.7826,13.5709,2.9077,2.0066,2.5868,32.1343,34.0371,2.9701,11.1812,6.773,88.1132,333.8074,1.7142,4.9237,85.6783,87.9136,2.7882,4.4482,30.7679,9.3721,5.9656,59.1557,11.5424,238.7348,5.7151,9.6941,6.1491,3.0819,4.9635,15.6026,84.686,19.99,11.5745,0.0,0.5385,2.245,51.4581,0.2876,7.108,30.0433,0.031,0.0,2.4706,2.9188,3.845,9.7197,0.0089,0.025,1.7939,1.0885,1.0309,15.0027,146.4677,3.5973,0.0524,2.8563,4.2794,0.2719,6.6056,0.5521,170.4567,11.8327,1.9165,2.057,4.295,5.457,69.8888,4.5214,3.4595,44.2107,1.6205,4.1051,5.3334,5.5465,0.1233,0.2548,2.1883,10.5358,2.6409,0.3093,0.1128,0.0,110.7598,4.1248,23.1491,1.8923,7.6165,50.7503,0.4313,1.968,184.7488,88.8199,104.5753
2.4142,35.6361,54.8116,7.3865,149.7155,40.9077,104.2894,1.0028,42.682,0.7818,28.6442,55.5365,19.8874,57.5356,27.1344,0.2607,3.4099,114.8227,10.6237,81.3418,11.3816,8.2537,0.3906,0.566,13.9813,63.1025,69.2992,44.4282,12.3203,0.0,3.6578,19.2896,11.6493,94.0367,0.0032,25.0877,5.4332,36.3173,0.0235,29.5339,19.9564,157.4467,35.2598,9.5618,12.1836,0.2805,25.8763,18.4387,52.5187,31.172,31.7942,20.8985,19.0466,26.0307,0.463,1.3193,0.0,0.0,0.004,0.0,1.2076,0.7031,0.0343,0.0706,0.2387,9.5992,0.0791,0.0287,3.7209,49.7155,38.4957,92.3489,1.5014,1.6184,7.7855,0.6402,0.9188,81.8518,32.4715,3.3444,2.4152,59.186,15.4575,23.8394,4.9632,17.0254,0.0129,0.0352,0.3337,3.4574,0.6881,0.3079,1.1749,0.0285,124.1611,0.0149,12.0554,770.6386,34.8405,122.0351,13.8587,0.2145,133.3585,3.9116,45.2294,19.5807,10.7791,27.117,74.1439,1518.9147,991.2465,0.3252,7.1463,0.0,7.2406,13.0563,18.2271,0.2413,7.0497,65.6962,0.3598,12.2411,0.3172,28.2874,23.7543,21.5302,62.6469,28.2849,125.5884,555.5989,0.5812,14.7006,236.1533,1.0098,30.2872,2.4619,27.2831,14.6271,5.3499,199.4426,60.2003,123.0508,40.0115,5.8525,23.0048,10.8289,47.3382,16.1247,28.8755,23.9172,6.5255,8.7749,3.4494,22.3371,59.5309,14.4674,10.1037,25.4415,29.9062,35.839,237.7568,3.5824,44.6144,39.4106,1.7401,3.7336,0.1966,5.4977,10.0339,22.1681,21.3049,12.3106,7.0348,17.4069,8.1041,17.0079,12.98,5.2993,11.5059,0.1565,12.9231,4.4522,9.8543,27.9024,34.3254,1.9426,5.6061,43.5698,9.9804,2.8079,8.3456,0.077,56.084,36.367,5.5436,11.1147,0.6592,33.1171,81.762,18.0514,0.6718,26.9007,1.0294,15.8022,75.1376,497.3569,124.455,28.7261,12.8185,11.226,40.9013,95.1281,4.74,12.9208,20.5181,6.5507,12.2928,3.3513,42.3875,0.1798,50.2734,17.1283,13.5461,21.9966,0.1678,15.4354,0.0299,1.4988,0.8583,7.8564,284.5052,0.9751,13.5924,25.2671,19.2931,94.6905,5.7408,1.7268,153.5669,62.4409,14.0699,26.9767,14.9002,35.1661,322.4687,3.3539,18.4663,27.678,129.4624,0.4204,9.881,14.3668,22.1129,25.5767,100.8774,37.3225,347.9827,12.948,19.1211,13.5691,10.5315,17.7768,19.105,86.1451,2.2363,17.3402,0.4319,4.7107,3.4214,1.3459,0.8989,0.0157,61.3337,0.0,0.0998,0.4753,0.2306,6.6278,10.12,0.0172,0.0674,2.4317,20.5836,5.7886,35.8785,125.7468,4.0542,0.0101,3.5097,12.4646,0.8095,21.6614,1.2132,37.5844,3.4127,3.1381,2.6988,56.4704,21.5973,56.6863,14.4639,9.2939,26.6907,18.8611,4.3756,12.4786,20.3083,0.3899,1.1676,8.1186,8.3799,4.4259,0.119,1.1788,0.0285,0.2006,6.6173,30.3593,4.5537,3.8439,27.1557,0.338,0.0,52.3945,50.0435,129.784
1.9879,33.521,51.9669,6.7516,59.8143,75.2504,121.0516,0.1182,23.8316,18.3768,43.7019,65.6156,0.8134,44.557,27.2344,27.2631,2.7827,20.975,8.7976,38.1318,101.301,127.6113,1.0162,0.3486,27.0698,50.2504,51.4608,8.8666,1.6571,0.0,2.0079,47.4637,30.4927,156.7638,1.536,74.9286,7.7814,38.5369,0.1137,70.6546,22.7564,82.4644,41.8679,3.2126,26.1123,0.1958,8.2335,37.9131,64.3998,2279.3546,42.2108,39.1059,19.8621,77.8399,4.3232,1.8369,0.3098,0.0,0.0415,0.1029,0.6494,0.3506,7.2117,0.5251,0.0,3.5871,0.3121,0.0797,31.2754,24.2066,49.7296,96.0153,0.9682,0.1772,9.192,0.2095,0.3935,49.906,298.8135,0.7627,1.5176,85.8708,18.3248,46.7075,26.6743,13.362,0.0,0.4609,0.224,29.1379,1.0916,0.5158,3.5443,6.2235,78.3731,0.0446,8.7324,1824.0239,15.3471,78.6658,28.7885,0.6252,68.2272,4.7018,81.2877,24.5214,6.4723,20.9441,61.9462,617.7915,1319.765,1.2728,21.2723,1.1804,6.9162,11.7486,0.6205,3.1277,8.8375,63.4847,9.2816,2.3799,1.3985,46.5819,44.2075,30.2721,47.0329,35.1548,361.0475,475.1248,2.0581,26.9075,255.4466,2.0905,10.299,7.737,122.897,33.5348,145.1127,35.6175,139.5056,37.3893,23.3338,7.1096,9.577,11.5884,21.5599,7.653,25.3063,5.0741,3.8982,11.0706,7.7661,285.2815,14.4904,8.8917,7.4495,13.7098,13.5817,77.6672,269.9939,5.353,0.0849,51.1481,0.3347,16.5047,0.4194,12.2019,32.4211,6.9347,27.3322,46.3951,13.6747,2.1227,4.4019,12.459,5.0502,0.6411,11.9333,0.1928,21.9666,8.0949,3.087,29.3342,33.7604,6.1287,3.3072,78.3204,8.1776,3.0959,3.0974,14.6171,56.0706,47.1807,11.3461,15.9259,0.5226,25.2999,79.728,64.1908,2.3737,18.5619,1.6309,16.4819,59.1689,262.9044,16.1293,70.5453,8.3933,13.5276,46.9762,45.3048,5.1256,41.2724,6.5304,15.3383,200.0667,4.4304,82.7291,14.2479,86.167,69.8222,11.0876,31.7425,3.8384,22.3273,0.4586,2.0448,4.2126,5.3569,157.3933,5.1049,44.6175,18.0822,8.2392,19.5211,3.3086,2.294,185.0529,51.2645,8.6132,15.9473,12.333,31.1244,794.736,8.6927,12.7605,17.4889,37.174,2.2421,11.0794,14.3382,30.1216,113.4625,70.9847,34.7444,599.1482,6.784,18.5397,9.3073,12.1799,4.4855,61.5552,205.1165,9.28,42.9075,0.2055,5.623,0.671,17.3457,13.4655,133.9818,33.684,0.0,0.1741,0.622,6.8758,1.0359,12.2427,0.054,0.2722,152.4227,26.2012,9.1354,181.2289,89.4835,10.0154,0.0792,7.6312,33.6834,9.2139,8.9174,11.6243,32.0838,8.1911,21.7396,2.4964,43.9258,3.9252,21.4638,16.2882,9.8018,19.6508,30.2327,2.398,5.4936,7.7829,0.708,2.1231,9.7068,11.2894,5.8289,67.5178,0.1136,0.0747,10.3383,0.2908,49.0506,6.657,1.0189,53.4472,13.4307,1.8452,103.84,19.1739,116.7188
6.4988,24.7299,59.3237,2.6979,22.0923,48.9335,51.3284,0.5313,11.2759,15.1928,46.8016,63.5522,16.7482,21.033,19.2271,9.1972,4.1226,10.0699,7.845,137.3906,31.2982,28.0395,0.8864,0.0054,11.6008,38.4098,27.1077,19.8585,9.3095,0.0,31.4807,30.2092,20.0425,67.322,0.0,58.3893,27.2758,27.2252,0.0151,77.8335,33.0837,83.028,35.1057,9.5779,47.6588,16.3436,14.7139,13.7719,61.7189,42.53,35.1021,28.2603,9.794,9.6503,1.8473,0.323,0.0309,0.0,0.0,0.0,1.8316,0.1051,0.1128,0.0389,0.0196,0.1217,1.2494,0.0814,2.9749,1.4566,12.3337,65.3966,0.9559,0.0212,3.6731,0.287,0.1398,262.4346,38.8337,1.961,2.1481,44.5798,13.8804,59.0038,6.8428,21.0069,0.0811,0.0,0.0358,24.0154,0.4362,4.8827,0.3496,0.0564,73.9283,0.0045,11.573,1711.1474,21.0988,77.953,10.9362,0.4946,111.7272,3.086,34.6247,32.0623,4.5773,24.6431,61.0558,716.0031,1351.244,0.337,22.6223,0.7611,3.6374,43.976,1.0469,0.4807,9.9945,2.6235,0.1319,15.9904,1.1701,25.5237,29.7826,24.8283,89.2298,23.0555,105.0416,121.5035,53.3756,32.6922,179.1361,1.181,10.2972,4.1292,33.5165,5.2612,48.5332,145.5896,56.9586,10.7904,142.9229,2.4573,21.4584,5.4037,48.2104,8.627,21.6632,108.7774,1.8985,7.1941,0.9335,24.5578,14.0926,13.7322,4.0406,50.7156,14.7332,21.1931,153.9881,0.1062,0.3052,37.9688,0.3153,12.6617,0.4723,12.9263,4.9081,1.9168,21.5219,18.4696,5.1246,1.6365,4.1862,11.4348,15.9951,1.7291,8.967,0.1348,21.8953,3.0004,2.0147,14.3118,64.4468,2.2779,0.4436,51.0784,0.5592,4.5568,3.4565,0.0293,41.946,37.0286,14.2492,10.3677,0.0502,37.5934,61.7111,12.8688,2.5275,19.4484,1.4168,54.0853,137.1327,213.03,43.6971,44.4618,13.2867,8.731,49.784,40.1299,5.2082,14.993,1.0761,4.9929,53.7288,2.5629,31.9012,3.7908,43.188,14.8202,23.0133,55.0241,0.2957,11.5208,0.025,8.2279,1.7535,4.1209,46.548,11.115,5.8522,17.0176,22.0371,28.7888,6.7888,2.6024,70.7904,45.9837,9.5992,32.3489,5.097,45.6264,203.3448,1.4584,11.7772,7.5953,16.6218,0.3123,11.749,21.7443,45.83,53.0314,147.561,25.9312,658.4273,8.4436,25.4409,10.6835,24.2358,5.0591,88.13,193.9155,2.0538,21.1727,0.0,0.6957,6.2947,1.7102,0.6075,0.011,8.722,0.0749,0.116,0.4397,0.6921,0.643,7.1023,0.2663,0.4311,4.3178,24.1683,1.9875,35.4283,72.0995,0.3576,0.0,12.7605,25.0258,30.5011,4.4073,3.5477,23.6715,30.4504,8.4649,0.5094,30.4812,14.7724,42.318,26.1721,10.1363,16.7712,7.7379,6.2357,3.9701,22.4407,0.1727,3.1791,6.7051,9.0224,1.6887,1.7173,0.6354,0.2985,0.0663,0.0166,20.1055,3.3124,3.5965,62.7559,2.7252,0.0273,40.3521,39.1705,117.2443
9.2982,41.8705,118.2871,62.8932,101.6963,200.6917,7.3759,0.5798,27.1947,2.7751,38.5637,31.3749,19.663,48.9453,19.7028,6.1174,1.6434,34.7364,16.5978,71.969,191.1885,249.7759,2.5626,0.4896,29.3142,99.5696,99.6012,67.0266,17.0096,0.0,4.5493,29.0103,16.1717,140.1953,0.0123,197.4738,25.4221,47.0993,0.2083,51.2768,37.8627,124.6454,43.3512,11.2396,58.7056,0.2128,91.0385,53.4268,42.8,52.3832,35.5048,35.9086,61.4085,8.8079,5.2233,6.1938,112.1827,10.1232,0.0232,0.0,2.4906,0.0327,0.5068,0.3768,0.2008,2.3074,0.1163,0.2869,175.1985,14.2795,30.2246,141.7949,0.2759,0.9048,16.7662,1.4493,0.0978,594.8645,70.4248,8.5187,4.3602,40.446,48.9447,70.9126,23.1041,30.3216,0.126,0.0343,0.2337,8.1677,2.1557,3.2974,10.0639,40.9347,150.2919,0.0291,15.9748,757.6283,46.2407,181.4256,45.1853,1.5736,144.4231,7.3316,46.269,48.9664,28.6483,25.7713,119.6566,1493.6095,2627.5394,0.4228,33.087,0.0,14.1979,15.7175,10.7892,4.9752,36.0131,92.6387,0.9369,38.1347,1.0666,23.2453,80.9686,74.3616,72.1815,54.2598,110.2129,415.9676,7.1431,47.0857,325.3266,12.8565,22.4574,31.1259,47.4514,84.4929,55.5805,296.3362,210.1699,152.486,39.3205,10.088,28.1536,24.182,38.4607,14.6709,19.7435,88.4611,6.3933,17.1217,429.7775,401.8009,168.2814,23.1398,13.7824,67.5285,44.8948,92.8141,383.4576,19.3081,1.834,101.5995,0.579,21.4584,0.1989,159.0755,20.9073,27.5865,28.1257,97.213,14.8538,8.7638,6.5739,24.9904,27.5292,7.3687,43.9566,0.0539,47.3433,6.8087,14.855,29.7189,67.8341,1.8148,5.3683,59.7048,6.1858,7.2155,7.8685,0.1774,94.8591,30.8865,8.7473,13.9181,0.1577,76.9882,77.8381,20.0348,7.8061,34.471,10.7355,32.122,93.9721,252.1057,109.0367,49.1063,43.5562,21.2264,72.6414,51.8703,3.9832,18.4865,10.7359,36.8117,2635.3625,14.9118,56.1611,1.2277,47.5277,30.7109,22.606,57.0048,0.0172,28.7123,0.0466,0.3101,15.421,31.7986,376.4379,4.7476,59.5557,28.7942,23.3907,86.0985,5.208,4.4111,165.2532,195.1804,30.0396,47.1671,26.9361,31.4537,249.4925,10.479,17.4902,37.3714,68.202,7.5108,50.1052,28.9203,43.8699,78.268,95.2991,78.4947,756.0651,30.8186,74.8209,37.3626,8.0689,5.7097,33.0945,85.439,7.7309,31.8411,0.4212,9.6883,3.2499,18.9218,2.2118,0.0205,6.7635,0.0,1.0165,6.6316,6.1602,1.289,2.4776,0.1544,0.139,0.6542,2.4834,6.3972,26.9483,130.1456,4.6209,0.0098,32.6105,18.3084,4.329,92.1772,6.9109,83.9409,133.6481,17.4886,13.1603,70.9276,21.8443,53.0214,7.394,10.7977,29.8411,24.2275,6.0277,16.3617,63.9394,1.1613,4.2247,10.9727,14.8903,63.2534,1.1836,0.5219,0.4175,1.4419,8.1871,11.9452,6.9571,6.0003,42.4336,45.6545,764.8506,70.8412,39.0072,103.3036
16.2741,28.3888,85.6557,12.5921,27.5463,69.2905,4.2168,0.4061,9.3811,2.462,31.6173,16.4517,4.7773,34.3884,18.5642,7.0823,1.9559,47.9659,21.4661,83.7729,52.4295,30.0996,3.4351,1.392,17.4966,48.9959,202.8506,23.1267,2.6794,0.0,3.2783,25.9871,29.3328,110.7704,0.0,77.7694,25.906,39.5232,0.0753,36.9609,22.3413,53.8245,59.2912,18.0862,24.3108,10.0331,5.0384,18.035,112.0223,51.7086,14.7985,14.9086,14.6311,1.6823,0.3476,1.4782,0.0,0.0,0.0103,0.0,0.8918,0.3047,5.9537,0.0,0.0852,0.3362,1.1656,0.2418,23.4519,1.3517,1.4925,257.522,3.678,0.0088,6.0397,0.8621,0.2172,386.6714,115.0426,1.6225,2.6659,21.8456,21.8703,36.3357,2.0285,26.4434,0.1008,14.3787,0.0445,12.624,1.1252,1.049,2.1235,4.9278,110.8052,0.0222,11.4465,1452.1896,22.905,95.9865,28.803,1.5212,73.8086,6.8776,35.6775,36.0521,7.1374,20.8148,98.0032,785.3714,2346.7633,0.9751,17.7994,0.2532,2.0725,52.6985,2.3974,3.4062,26.7543,14.621,2.2957,7.0932,0.152,18.2519,40.1298,47.3292,61.1546,35.8914,185.6963,224.6355,31.9708,33.8673,231.1947,1.3548,3.4391,4.6894,9.8497,6.7631,19.6759,144.9099,62.5657,4.4287,35.8471,7.615,39.1853,15.927,16.0945,13.3264,4.9034,29.2607,1.6252,11.945,6.5238,41.5237,6.9864,15.0818,11.9021,101.6699,27.9397,20.4053,252.1002,1.2447,0.1967,39.8695,0.095,15.0137,123.2217,22.8452,33.8209,14.0319,19.8704,18.836,8.9135,2.29,4.7617,17.479,5.1931,2.1416,6.648,0.0359,16.6914,3.582,6.0906,7.1322,74.5758,4.1877,5.0549,21.3323,0.8179,5.5153,1.7792,0.0546,239.1828,28.9467,18.864,20.9101,0.1871,62.9844,54.5366,16.7578,1.8442,17.8381,41.7177,65.4585,77.9729,188.9872,31.6569,36.7222,15.5751,16.4644,48.8128,47.3192,2.7644,12.343,3.7456,16.2955,123.924,22.1896,53.3486,33.9583,37.0002,21.6119,14.6857,41.4349,0.3905,12.182,0.3366,4.0984,22.6699,15.9306,26.096,34.5836,1.8611,18.2017,13.186,22.8488,4.8436,3.0419,74.5816,63.6834,4.4291,17.6873,10.1069,97.3896,253.7869,3.5341,10.9621,2.0368,18.0116,7.7759,5.0895,37.0172,35.2144,64.8143,86.1944,40.205,1209.4435,6.5465,43.6698,6.1223,20.7274,5.1332,49.1735,151.504,2.104,23.9312,0.1531,2.5805,8.8106,2.2643,0.036,0.0546,7.4962,0.0,0.8362,0.4991,1.8773,0.7594,16.6858,0.2326,0.4207,1.3754,30.2114,4.3586,49.8316,150.4484,0.2329,0.0,3.5429,19.8081,22.2464,7.0033,21.8171,72.6014,5.1583,6.8569,0.8179,2.3439,12.9045,60.1772,13.4341,9.9141,21.8227,5.9421,5.725,10.0332,14.1429,0.9454,0.6374,7.275,8.4548,4.4518,17.9764,0.3573,0.0,0.1099,0.1238,2.5622,4.6677,13.6657,50.5855,0.5034,5.194,172.8817,38.4253,123.1622
1.5648,56.3546,76.2989,24.6081,609.7337,61.7032,93.7182,1.2109,56.2895,5.4795,66.5684,27.2064,6.6344,59.6603,29.2711,21.555,2.5347,199.6496,19.6976,80.5857,57.6811,47.3444,0.4842,0.2939,24.7669,92.6545,139.156,11.7424,1.2386,0.0,1.3789,30.1386,25.069,173.8338,0.0079,82.5011,2.7959,80.2014,0.0226,87.9402,28.5406,127.7533,27.5553,41.0923,21.0117,0.0078,73.869,37.9519,101.4043,51.6689,46.0334,22.1989,33.071,25.1092,0.643,0.3501,0.0,0.0375,0.0,0.0,0.5551,0.0,0.2568,0.0371,4.0155,0.0322,0.0286,0.0084,3.9808,332.5167,9.1843,126.149,0.0814,0.0253,19.9388,0.1426,0.3125,27.5828,648.5283,2.1252,2.3568,199.8443,29.7104,38.1581,10.8116,29.8309,0.0,0.0,0.0854,16.0749,0.8193,0.4455,14.7828,0.1197,109.6954,0.0,43.4149,1910.1375,32.7971,240.6794,34.0989,0.2554,592.3444,6.7593,130.9623,44.7882,11.1688,26.6898,41.6258,1018.3194,2121.5875,0.1023,46.2958,0.0383,21.2511,18.5068,9.9215,4.0412,619.0499,577.0376,0.9299,130.1106,1.3224,465.2804,45.7583,140.1044,53.1929,41.5985,594.069,1069.8641,2.5796,34.9556,405.0097,4.6029,88.1175,3.7312,122.0252,39.0776,16.9907,525.9827,127.2195,493.2408,31.6635,8.9813,61.1548,13.773,33.0376,15.6449,64.6591,56.9958,1.6585,22.9309,5650.4547,96.4962,18.6324,12.9144,14.8776,194.8818,86.8082,62.1544,239.4215,5.825,0.0944,80.5319,0.581,2.3892,0.0727,12.7712,7.9174,7.0436,30.7334,30.6177,17.7897,38.2521,11.7708,20.4495,25.066,2.2452,78.3524,0.0804,26.7853,2.2212,13.3861,65.3963,81.632,1.8364,4.3088,98.8005,4.4327,2.6797,1.5886,0.0873,88.9532,43.2984,13.1299,21.7396,0.1433,83.4895,76.0827,12.8805,1.3242,39.6112,35.0275,28.6009,81.877,516.3022,85.2466,7.7294,20.9007,20.3634,98.9641,149.4788,4.4273,18.391,2.2776,90.6534,109.3561,1.8384,41.8427,2.8813,68.6381,55.1207,44.6865,39.4717,0.022,21.8681,0.1838,0.6345,84.9756,12.79,2008.9544,2.5282,10.8111,24.5947,29.18,14.941,4.5348,6.7159,278.9901,67.3303,31.0115,34.264,22.5325,37.3773,305.3547,2.0211,12.2487,57.6226,162.7995,7.0963,7.1413,34.6475,62.9521,48.3919,93.6278,58.0841,877.3207,10.2541,32.9097,19.6638,5.7905,7.2364,166.1651,66.2522,2.2903,29.128,0.3428,6.1067,3.4056,22.1096,0.414,0.8118,40.377,0.0,0.083,0.8435,1.1004,5.0031,12.8518,0.0257,0.2738,5.0039,8.5254,0.899,61.7163,160.626,16.5712,0.0126,6.2795,24.9721,2.0534,7.8102,3.4679,131.7267,4.2719,4.0317,0.9364,14.6273,40.6803,65.4968,17.6841,8.6771,39.7502,15.8969,7.1459,15.1213,16.8865,0.333,0.4336,20.0092,11.2034,5.2077,0.4749,0.2526,0.0,3.7671,5.0471,33.7095,5.6982,10.6002,101.157,2.6902,0.1303,60.1619,69.1238,288.0316
6.742,35.4576,105.9294,23.4584,123.8142,168.7514,2.1154,1.8439,4.8819,17.3835,33.9219,26.4497,10.6963,30.7172,26.408,10.9579,2.9819,38.2457,13.8166,116.2191,190.5362,158.9255,0.2853,4.2401,37.1499,112.4073,132.5002,54.0256,12.7563,0.0,9.079,39.6811,26.4049,159.834,0.1801,140.4303,30.766,96.5976,0.0804,84.5435,87.6383,72.4647,57.1775,20.9816,44.6855,1.6012,7.639,59.0747,31.0745,57.1915,26.1609,29.9127,64.976,2.4915,0.6661,38.182,0.2815,171.6357,0.0,0.3742,1.1571,13.327,0.964,0.2946,0.3117,1.9989,3.9958,0.0429,142.0385,167.4011,26.8958,110.1287,0.276,0.1181,7.7332,1.0514,0.2384,570.8028,71.5385,13.5202,0.9915,17.3883,91.1531,55.0912,39.6831,30.8565,0.2868,0.0558,0.6514,25.939,29.2655,31.5354,8.2668,18.9334,205.484,0.2973,13.4203,915.0506,170.7986,238.2022,58.9035,8.9674,113.8915,7.1335,53.9802,30.6108,14.8826,36.3569,129.586,2876.8309,3321.8188,0.6968,27.1546,0.0,7.3801,17.566,14.3691,5.1017,10.843,65.182,0.7823,7.8872,6.7386,9.5995,40.5413,67.1681,80.4933,34.3224,66.8451,165.4223,11.3846,74.1401,391.1953,12.0103,3.0131,26.1743,45.5667,86.1545,56.1652,15.2349,332.5861,31.5616,33.1845,6.4496,32.5584,17.9024,29.3414,51.3609,11.0631,9.587,4.3544,22.7985,6.5412,199.5602,107.2841,69.2093,13.2144,56.8429,24.4956,166.8337,196.0419,9.0622,2.828,114.5403,1.4775,7.8898,1.0164,99.4622,15.8082,25.1214,58.7943,66.4455,7.8136,49.9348,5.0398,47.126,29.9655,4.1363,11.4102,0.0584,71.7151,4.7182,3.2304,22.3474,124.5965,5.1561,2.5641,42.0369,3.6742,5.89,6.2233,3.8397,96.3222,54.8053,13.9662,19.3225,0.6085,59.129,94.5296,8.961,23.5798,17.5122,2.6206,46.1911,199.7829,309.4391,81.0139,111.7885,70.922,45.3193,84.7071,49.106,3.1152,24.7186,24.391,12.3043,72.5295,2.8336,29.9014,2.9285,74.8389,21.9951,14.159,39.5456,1.9332,12.9469,1.9893,4.9697,14.9728,9.2547,447.7012,79.4384,71.8244,18.4172,15.3331,48.6747,5.1287,6.9843,140.0804,77.313,28.2706,42.9562,20.7314,69.8794,432.3554,17.861,13.8955,1.8707,72.0926,4.4739,26.6765,37.9411,31.4131,75.6748,137.4347,73.1431,1074.8282,26.8164,33.9024,16.0341,10.6216,5.4444,16.1492,48.8733,7.5828,54.0105,0.7471,0.9165,68.0436,23.8741,5.0001,0.8324,0.653,4.5063,1.266,4.2321,25.2803,6.3063,17.6018,0.8512,0.6414,1.4525,217.5007,8.302,26.0422,160.2369,1.2136,0.4959,246.1389,26.9392,62.8034,10.9036,14.0238,30.9188,41.4785,30.7383,3.8615,52.1186,15.1765,95.7077,25.1805,15.4541,34.9434,13.5054,6.0932,12.3925,8.2154,5.3532,38.2492,17.1793,13.8882,6.4007,8.2641,5.895,0.9956,31.1163,2.4411,75.1201,6.828,3.2237,117.2568,5.7202,17.4309,60.1313,69.1059,188.2363
7.6774,41.9015,51.6758,32.9583,57.389,62.6297,52.0265,1.0441,3.081,2.1439,19.1633,19.5088,2.5674,36.1418,14.6229,0.2812,0.9827,2.8977,14.6284,44.7083,95.8838,70.1822,6.6714,0.1228,41.4674,41.9067,80.1041,24.1993,5.3582,0.0,1.3075,33.6751,2.3276,82.8865,0.0144,56.7742,5.1255,50.5119,0.0413,22.4182,23.3751,49.1215,54.25,115.9757,31.026,0.0214,1.5921,75.0369,49.4428,3.1035,28.9496,37.6229,143.7566,2.2865,1.0248,0.593,0.0338,0.0,0.1539,0.0,3.4077,1.5675,0.0,0.0764,0.0321,0.1033,0.0733,0.0695,7.608,0.2464,0.3581,78.7921,282.7817,0.0232,25.8738,0.1828,0.1908,326.4767,20.2438,3.3778,0.1715,0.7741,27.7768,50.1129,3.8358,32.6854,0.0,0.0,0.1173,4.2061,0.4524,7.581,1.8452,0.3903,189.3369,0.2725,15.2168,709.2211,38.2584,369.5739,29.1545,0.9018,143.5094,15.1568,45.3671,38.7651,116.3364,25.9321,45.9226,537.8438,1337.9466,0.5553,2.4456,0.0936,64.8992,11.3465,0.3609,2.2304,18.5009,7.2576,0.1101,2.7296,0.0381,16.8155,23.6975,50.8713,208.7144,151.3934,36.3284,195.7725,0.566,35.4057,415.4085,2.0651,0.3522,17.0849,20.2976,13.7478,30.605,3.5165,43.9735,0.3368,25.7306,6.3611,7.5238,8.8408,24.1387,21.1663,33.2626,3.6923,2.2548,17.2544,207.8788,158.3718,47.597,10.7874,35.1374,42.2692,63.7499,187.229,139.7901,0.4637,1.0614,42.1296,0.1252,4.2533,0.0166,64.3872,9.1119,6.1871,58.0613,93.5909,9.1694,5.5095,8.7141,12.5946,23.1375,162.7801,17.2721,0.0841,25.8397,360.5283,0.8021,28.0234,74.7652,0.2102,19.4319,24.7151,3.3161,4.0032,9.6503,0.0479,92.5106,90.5874,9.9725,12.695,1.0241,134.6385,97.2948,19.4212,7.6403,86.2249,0.4331,3.8638,67.4065,332.3969,1463.2995,1.806,19.7339,24.3627,50.0126,70.6058,2.0586,50.4558,1.1454,55.2607,53.3667,8.6739,75.0955,0.8767,68.1442,5.3962,15.1898,33.2122,0.0403,38.1015,0.0136,0.0311,1.5315,3.4961,66.7589,2.3848,2.4459,74.3151,22.199,432.1137,5.8291,7.7939,23.6166,33.4616,42.291,101.3622,87.4697,43.5731,567.0919,0.6831,2.2638,2.8597,431.6779,0.8525,8.326,26.8666,37.1314,95.2089,99.0988,38.3329,372.8398,116.2099,16.1908,23.2027,2.8824,8.6087,3.1187,92.7069,9.384,64.8597,9.5714,1.9425,1.7562,3.0132,23.2131,0.0719,10.4306,0.0,0.1773,5.9488,0.1603,0.7503,0.3931,0.0314,0.1847,2.1728,2.7535,2.2683,16.2176,204.6768,4.8527,0.0,1.3188,18.1232,0.3428,9.1429,4.5861,12.434,4.8255,5.0518,0.1159,2.4872,59.731,28.0347,21.8421,20.2674,27.9437,12.6606,7.323,25.4089,16.7709,0.6257,0.4784,110.3783,5.2082,21.5191,0.4076,0.1487,0.1629,0.0241,0.0544,15.1333,5.6628,4.5808,59.7158,1.8384,0.0,84.4028,74.4216,0.6049
2.6692,9.3572,29.0689,2.5676,88.8909,34.263,1.9586,0.4216,5.4595,1.2002,22.5296,56.7592,0.6729,32.836,13.9661,22.0946,1.9098,27.1789,6.6688,14.8929,56.9097,55.7284,6.9483,0.1722,15.9958,36.6598,23.075,13.2209,2.98,0.0,46.9777,24.5812,9.1122,156.3175,0.1616,69.128,11.8731,29.7159,1.0833,62.8796,19.7198,28.8449,15.5576,1.8249,7.0373,0.1796,32.0778,16.2698,103.8823,62.4959,17.4104,16.6804,17.498,24.9718,1.3293,0.5728,0.0,0.0,0.0127,0.0,2.172,0.0536,0.5492,0.0951,0.1198,0.7863,0.2569,0.1624,11.8633,1.0673,4.0454,79.1542,0.0,0.0542,6.1567,1.2624,0.0802,385.5048,131.2599,3.7914,2.3198,26.7945,9.9156,32.1146,4.5707,16.6233,0.0414,0.0,0.1643,10.011,0.5006,1.2517,1.3234,0.3695,72.6701,0.0,6.5314,723.2057,9.342,90.0578,13.0515,1.3107,50.1066,5.2603,52.5349,18.6197,5.6779,16.9335,12.1466,228.2569,776.8135,1.3971,11.2818,0.0,2.6464,14.2842,1.0117,13.5705,262.3239,13.7553,3.259,16.0064,0.1737,66.8762,20.8555,37.609,54.1567,26.2458,166.6476,325.9332,53.6861,20.1982,153.7172,2.1818,5.1312,10.0519,41.6898,12.2084,41.3871,109.4774,72.2527,66.8743,26.3863,7.7812,10.3656,11.6893,13.2797,8.4476,2.5701,13.6975,2.9155,6.0433,19.4956,192.7973,115.1457,4.2514,5.9256,4.2494,13.7128,30.7494,171.1156,2.2748,0.3114,25.6274,0.1754,4.4141,2.1447,3.9228,6.4997,11.3096,15.1282,31.716,5.5741,5.5193,1.7131,10.0633,5.2385,4.3802,6.9702,0.0295,31.9252,9.7624,3.8341,12.2074,32.3493,1.8164,2.107,29.6031,2.3825,0.9941,2.7822,0.4256,23.422,38.5949,5.6789,9.5846,0.0482,24.3305,42.1416,12.2957,1.593,7.0942,25.3057,13.1838,67.0315,178.1011,61.4033,9.04,1.505,9.725,39.0126,22.3624,2.7062,21.1603,2.7374,7.6516,48.3617,6.4374,42.192,24.8396,48.1345,24.4803,9.5137,27.9409,0.0848,10.7938,0.0382,0.0727,22.3442,1.7866,37.6656,1.3763,5.7348,10.3462,11.3019,25.923,2.2243,0.9509,35.74,59.0503,6.4586,19.5604,10.957,14.5272,216.3548,1.7189,6.2778,9.3779,35.9472,0.9181,4.8076,13.5741,26.4373,45.0967,57.5449,26.6656,613.0681,4.0969,27.4881,8.995,7.8182,3.0608,46.4843,91.5791,5.645,16.1517,1.0053,7.5218,3.4246,5.1486,0.3541,0.0504,4.3438,0.0,0.1775,2.6036,0.3851,0.3013,21.1648,0.0441,1.2946,0.1032,14.7879,4.8129,16.8194,66.2785,1.6677,0.0161,3.6789,19.1514,8.0938,10.6509,12.9067,28.3959,8.3406,12.1972,0.2273,9.1357,11.3454,23.3862,8.9926,4.78,10.9175,23.752,3.392,3.6877,15.3168,0.4497,0.4993,5.3571,11.7525,4.1877,2.9324,0.3704,0.0457,0.2028,0.1524,3.1537,2.9942,0.6403,60.4831,2.3505,0.0,23.5753,18.3145,138.2173
8.4486,24.8,73.9443,3.7253,87.1333,67.832,4.6317,0.2731,15.8126,4.9114,28.6047,47.2096,9.545,35.3086,20.0022,50.8283,2.0683,19.1835,13.014,57.1534,112.3735,117.0517,2.3914,0.4373,29.2284,41.5805,93.05,37.6782,5.7756,0.0,5.642,23.4793,10.3588,113.6906,0.1616,67.9236,18.8939,38.5604,0.3966,24.2917,32.0756,96.265,39.9849,6.7623,14.5983,0.1242,52.7234,39.5748,68.6309,15.4617,30.7632,26.0048,33.0904,4.0764,0.9101,1.7374,0.0,0.0,0.0113,0.0,4.2669,0.3335,0.1256,0.0634,0.3729,6.2819,1.1385,0.2887,125.6903,98.7223,74.073,82.8491,2.4149,0.0482,16.4661,1.0247,0.1188,654.0103,73.2104,6.2817,1.5158,49.9912,22.2247,34.5659,14.4997,15.7148,0.0368,0.0,0.2679,6.6118,3.5901,3.7679,5.6377,0.8532,157.1842,0.0424,12.1244,1678.2238,24.8421,154.1597,41.2997,1.4982,263.5374,4.8506,114.0651,16.8074,9.493,12.5429,66.5658,502.173,1886.3191,28.3011,64.1925,0.0,4.4872,13.0666,3.7103,4.0543,22.9016,449.679,1.0661,12.9366,0.6296,11.9946,75.9182,51.5497,43.4972,29.8142,107.7618,711.8995,3.8062,19.133,222.244,10.4364,13.8769,21.7739,55.733,31.4077,90.755,210.5994,125.3472,103.1898,21.0349,6.0895,18.8296,9.9077,28.4018,15.9712,31.5295,11.1637,4.4367,9.9646,476.1404,870.5761,199.4093,8.3557,6.1567,128.7279,22.6803,39.9657,241.6306,0.9699,54.407,37.4047,0.4549,20.1264,1.3679,11.5217,8.7271,38.1354,26.4616,92.2698,11.3958,17.0983,6.1906,15.1152,13.6833,4.9048,15.6022,0.0393,34.4688,10.9298,5.3865,26.4888,82.4712,1.1638,4.0606,36.8972,18.4371,6.2956,3.8449,0.458,83.6752,32.5054,8.5311,9.6769,0.4682,66.008,53.7402,9.6243,4.1345,18.3771,2.9937,33.8877,88.1744,148.3006,89.7408,37.8881,15.5958,18.4795,92.6537,90.5744,3.3611,15.6603,6.6604,23.8879,218.6713,2.8642,56.7549,7.5875,63.0216,29.3006,12.2613,43.5533,0.2514,27.8854,0.5269,1.0469,6.8506,7.8443,281.1756,5.681,38.025,16.2721,9.4052,73.0526,4.593,3.4344,134.0208,57.5619,14.5297,27.6348,18.0452,17.6865,323.9283,3.6595,7.5788,14.1706,82.7355,1.5207,20.425,26.942,31.3647,30.4986,63.4429,34.0592,416.1578,11.9547,23.2751,13.3826,5.8185,7.165,26.3633,77.0906,8.2781,20.5294,0.3352,21.3803,2.1566,66.8247,0.7477,1.7028,28.91,0.0,0.4733,2.9909,0.7703,5.8496,6.1989,0.1371,1.9073,2.221,21.7867,1.2758,29.7291,94.6799,3.7994,0.0,2.9197,23.8296,5.5133,29.3296,5.3938,43.7337,84.774,8.0405,1.0683,10.5799,14.6351,71.1943,15.4759,8.5121,22.3651,9.7397,4.2413,12.1609,27.0651,1.7243,0.9765,8.6306,7.2395,8.8322,0.7787,0.1029,0.0812,0.5109,0.3838,8.1914,3.0246,1.877,45.4582,8.8833,0.1857,71.673,30.7152,269.3372
1.0828,37.8434,64.8515,5.5491,266.4832,39.3421,142.9033,1.4494,133.896,5.9013,43.7049,45.5495,23.0322,12.5298,30.0815,39.2231,2.1198,47.3451,9.5833,121.9822,15.5969,15.0501,0.218,0.4487,15.7464,34.0669,83.6875,28.5571,3.5828,0.0,2.3881,24.7047,16.8398,80.8452,0.0071,56.199,3.0329,50.2486,0.0935,91.0375,17.2591,72.82,52.4401,14.8292,15.9664,0.133,30.6022,18.3624,61.6241,60.7337,28.2702,29.6478,8.0287,9.3178,0.3431,0.331,0.0,0.0,0.0,0.0,0.9505,0.7144,0.0881,0.1168,0.3574,0.0653,0.085,0.0228,2.0602,84.6709,6.7129,128.8078,0.1711,0.038,4.123,0.5905,0.1688,46.1698,29.3778,2.6533,2.4084,113.4061,21.3651,19.7808,3.066,17.028,0.029,0.0,0.4228,5.4683,0.2225,0.1867,2.2906,0.0202,92.1469,0.0431,12.6498,2571.3939,19.6708,148.9104,22.2514,0.2245,119.95,4.1547,60.4078,47.785,5.2697,28.7085,55.0863,440.6353,929.717,0.4211,19.8351,0.0,5.1976,10.0716,2.1594,0.7742,36.7955,29.378,0.8456,25.8174,0.2063,31.3973,51.8405,17.8685,27.9274,41.4239,289.624,865.7598,0.3551,11.0998,357.0045,2.3609,8.362,2.3348,37.6265,5.3588,35.8467,76.1196,29.2251,66.9974,26.2907,6.4275,22.2499,8.8208,25.9071,14.3011,36.5857,3.3989,1.5904,14.5105,20.4795,47.652,45.7588,10.5427,7.2139,56.5261,34.5093,38.5213,165.4706,2.1175,0.1942,63.3902,0.1539,1.723,0.2944,19.2425,4.5341,4.9439,27.4322,17.4509,7.1242,15.9976,5.0725,15.6004,8.2623,1.6159,3.871,0.0207,19.8452,6.9221,10.0433,42.4758,59.5242,2.4572,2.044,52.0152,8.2768,1.8347,0.9375,0.1729,53.3842,34.0527,6.3029,8.1505,0.0965,62.8818,78.3381,14.9738,1.1737,24.1182,0.5578,13.2841,97.0648,426.368,54.5357,23.126,16.1529,13.2758,55.1383,75.4396,4.9218,11.7525,0.881,24.0575,4.2728,3.4842,48.6981,0.1165,83.1616,59.8957,31.6988,36.6776,0.0595,24.6187,0.0045,0.0612,3.4943,8.0226,539.612,0.3449,14.8151,12.0188,15.5153,46.8235,3.2993,2.5981,141.2917,57.7137,32.7147,23.9928,15.9851,35.8838,390.5225,4.3008,8.0022,22.771,33.4196,0.8384,5.0193,19.3708,11.7464,25.6993,99.6413,44.2318,334.0495,7.2049,22.4789,14.7426,1.7162,2.9031,18.3551,94.6165,2.2051,30.9002,0.1984,4.8984,5.5946,5.3072,1.1803,25.0283,39.3089,0.0,0.0498,0.8416,4.6615,2.6537,6.5325,0.0232,0.1687,0.2753,6.1289,0.4183,43.9217,108.9848,1.0971,0.0113,0.7178,22.4212,0.572,5.8319,2.9924,44.2379,20.9061,2.451,9.9585,2.3979,22.5284,53.7612,20.3679,9.7281,26.4583,5.6807,12.3462,2.8635,11.9169,0.3314,0.2603,6.8484,2.6503,6.6272,0.2405,0.0,0.0,0.8776,0.1247,20.242,2.7404,2.6593,41.3436,1.325,0.0,75.8586,40.0693,193.4847
1.9447,50.5089,49.8359,7.5494,991.1096,71.4572,279.9492,0.4149,183.2876,4.1859,29.5089,30.0108,21.9441,37.0965,18.0417,106.5213,0.5383,14.3467,11.9137,52.4521,14.6283,13.6154,0.0718,0.0918,19.5883,52.6305,56.5139,19.8079,10.1632,0.0,1.4849,15.0114,17.485,250.0681,0.1044,59.5282,2.6115,25.8871,0.005,66.678,17.8203,58.8856,50.0124,20.6476,9.4065,0.1375,36.5272,14.1687,90.0488,65.1872,20.5479,19.4505,18.1677,25.5468,3.1712,0.3966,0.0816,0.0,0.0,0.0,0.6939,0.0461,0.5541,0.2253,0.4902,0.0802,0.1011,0.0093,1.7319,66.9764,17.515,113.5118,0.3299,0.084,20.428,0.3466,0.1842,26.7777,1247.6837,1.327,3.3218,78.9774,12.6233,34.3244,3.3814,12.9386,0.0,0.0,0.0708,4.0043,0.7616,1.6383,4.5637,0.062,110.1339,0.0176,15.4374,2978.9811,21.8454,258.4853,27.442,0.3763,79.6513,6.7268,109.2052,17.2212,11.2268,48.1277,53.3344,653.4366,947.2395,0.2342,11.1121,0.0283,18.0566,15.7775,1.2707,2.0904,32.6041,167.1456,0.9458,66.8081,0.7134,50.2874,84.7985,33.4603,109.0376,40.1592,861.8363,2398.8624,0.4594,23.9719,236.1947,1.7271,28.0701,3.5655,47.8075,14.3453,34.0585,280.4242,28.4745,111.8561,18.659,7.205,70.9382,13.6074,40.5308,17.362,20.7095,18.0274,1.7503,9.7267,7.4474,63.1211,18.9633,11.5399,9.2104,35.0237,55.0189,60.2893,565.0622,4.298,0.8193,65.5604,0.2014,2.2613,0.5621,12.4556,2.3638,2.1965,13.2682,15.2827,12.706,3.2065,5.5202,26.5096,8.309,1.2996,14.4116,0.0254,15.255,1.8324,16.4793,39.1826,80.5915,59.1885,0.8646,84.4819,0.5491,4.5329,1.0438,0.0,65.6786,62.0473,11.949,16.9624,0.1445,67.3387,47.885,19.2216,0.6745,28.7601,4.4309,19.0982,86.7571,596.7254,58.8031,18.9072,22.9695,6.8863,99.7141,115.1179,3.9842,10.4174,18.9128,52.0757,46.5771,1.3873,47.6561,0.1621,65.5925,39.9587,36.6853,34.7577,0.0731,47.1016,0.1098,1.5775,23.162,6.3467,242.2651,0.508,14.0855,15.1855,14.7792,38.9968,2.7657,3.547,115.459,95.5939,27.3623,14.7692,13.548,28.9799,557.2121,7.064,9.9477,56.0411,98.2148,1.733,8.0799,27.7124,13.7852,44.5295,75.9848,24.01,373.7936,3.7626,37.4049,11.6436,2.6366,5.8686,33.5756,76.0082,1.7291,15.1027,0.1353,3.0961,2.4424,32.3299,0.2668,8.9129,51.2631,0.0,0.0611,2.1415,0.5528,6.9004,14.6277,0.0379,0.1274,1.5113,5.5857,0.4088,41.4786,183.8505,19.0082,0.0,21.2355,21.7448,1.7426,18.1553,1.8008,107.911,5.2132,3.9025,0.6712,19.5363,21.8997,45.4348,9.6988,13.8298,23.1078,18.0015,11.685,7.9028,19.999,0.184,0.2334,4.7702,2.4729,4.4889,0.3608,0.2392,0.0393,0.5822,6.8898,22.3404,3.696,4.7244,31.7548,3.6166,3.2027,73.7531,51.8267,252.6822
5.2529,71.8094,77.2651,5.7042,152.3654,99.2456,194.9821,0.9534,80.5956,4.3629,86.1695,35.3121,45.5201,31.617,41.7243,35.2637,5.487,34.1758,15.985,74.1468,39.9763,46.3187,42.1241,0.4804,27.1474,62.7864,83.783,81.1917,18.4541,0.0,3.8847,23.7837,14.122,131.4176,0.0,138.0695,6.7689,69.5909,0.0101,50.129,25.7532,156.6244,103.3426,17.0099,21.556,0.0523,117.2906,26.3776,31.9483,100.3743,38.2313,39.7761,38.9412,15.093,8.0719,2.1022,0.0414,0.021,0.0,0.0,0.3371,0.0,0.3157,0.0312,1.3363,0.0543,0.0899,0.0284,11.5353,132.7901,25.8398,87.6156,2.4367,0.237,12.8592,1.7122,0.7951,14.9605,114.995,6.9337,6.493,143.3797,27.4573,75.0214,6.5338,22.5001,0.0,0.0,0.2396,14.4207,0.7006,0.3621,5.9516,0.1637,116.2419,0.006,24.132,1064.7717,32.5566,160.0392,25.648,0.3412,127.9507,7.6236,127.371,37.8142,55.4608,40.5784,80.5264,813.5206,1534.425,0.2706,25.4019,0.0143,66.2069,28.0838,8.4436,2.6698,18.2805,59.858,33.8736,40.7864,1.4257,114.4138,152.926,40.962,185.5575,40.707,205.058,766.9614,8.1113,17.8414,324.0387,1.7798,57.2875,4.632,99.692,8.8453,72.7284,310.6663,48.5712,231.6278,25.0502,7.6445,24.4812,18.7391,52.6403,16.4056,21.6684,34.2042,3.2388,23.6651,14.2155,36.0908,94.5587,19.8676,9.1793,32.3618,38.9438,296.2975,372.2586,6.0909,0.817,102.4909,0.8823,8.7272,0.0816,17.5401,8.1857,2.4956,36.6266,25.7724,15.9708,108.2689,11.1238,56.5288,23.0671,4.3626,19.6849,0.1289,41.837,4.5331,30.6527,85.3813,60.4045,32.203,2.4613,65.7765,0.5136,2.8051,4.4332,0.098,70.2043,44.4412,15.08,19.0778,0.0921,64.1337,83.3916,22.7558,6.0647,35.6604,1.4284,19.159,129.1955,315.6756,92.694,11.5666,39.0815,18.8249,64.805,63.5795,8.0232,17.0908,2.1962,64.1635,113.5775,3.9366,63.7002,10.2531,54.6917,25.2416,113.4381,56.0841,0.0247,30.7017,0.039,0.9155,22.7538,10.1455,346.5704,2.73,18.5788,33.7007,16.3988,99.601,3.3684,6.9292,219.0729,100.2332,40.3732,26.1436,34.3478,27.9619,443.0473,21.4897,16.0482,10.4086,106.8028,2.0021,32.0468,26.2622,17.2163,111.8831,70.2415,35.8416,454.2044,258.6435,203.5993,7.153,5.8202,9.9473,76.1916,97.0254,3.2068,43.9603,0.7419,1.9233,1.6537,4.2241,2.1294,1.2344,24.1713,0.0,0.0931,21.8517,1.2631,0.6615,5.5835,0.1156,0.1779,3.4039,12.1023,0.309,48.313,124.2953,10.6895,0.0,14.1111,40.5569,1.8717,16.4403,8.2887,100.5907,25.2311,12.5014,0.3977,29.4089,48.9868,31.8416,10.622,14.3236,30.7313,38.1125,16.6335,12.833,17.0976,0.4966,1.1604,9.7518,10.4964,8.2996,0.5996,0.4859,0.0,1.4192,6.8863,6.8419,6.16,5.6609,57.3988,37.7882,0.0,71.1807,51.6053,226.3324
3.2975,38.0459,13.5636,7.2815,370.2352,84.1255,161.6256,0.2226,93.4733,6.7866,24.0972,35.4673,1.6008,23.9509,23.007,21.6449,3.1612,40.7748,8.3174,43.5163,42.3752,29.7481,0.742,0.4486,10.8658,58.7129,29.2217,6.8637,2.0026,0.0,0.78,52.148,11.559,189.7908,0.0,74.2432,38.0448,37.666,0.0028,52.838,15.7805,64.8351,45.8651,5.7173,21.6116,0.7134,17.8285,15.9908,40.0954,59.6036,24.9796,17.7405,21.3349,22.281,3.5204,2.841,0.0227,0.0,0.1949,0.0,18.0152,0.0257,1.9433,3.1278,0.0431,0.1142,1.8247,0.7482,9.578,17.5235,4.963,85.8888,0.234,0.052,13.9179,0.0439,0.1668,281.9851,1810.7428,1.4646,3.6357,83.6218,16.7439,39.2611,10.9697,17.1928,2.4415,0.0,0.2235,18.2305,3.5963,1.4997,3.6976,0.4722,80.5519,0.0458,10.9749,1216.5454,13.676,287.6678,25.3472,1.9698,208.3715,6.0276,111.5527,26.192,27.3563,27.0436,19.9037,858.5468,746.7379,1.4853,11.0873,2.1651,14.4576,37.5419,0.7285,6.0549,34.4031,111.3782,2.6927,42.8191,0.5964,321.1715,43.8151,24.1903,34.137,38.2081,501.6162,187.7918,1.2409,40.2641,390.6249,4.5628,46.4235,12.0364,53.1563,51.8997,33.3368,458.7272,35.1745,191.7251,25.2686,5.967,51.278,9.6298,37.9305,22.2244,97.5886,43.5989,13.5808,10.6088,37.302,835.8074,35.1634,13.6249,17.8609,6.5096,17.3917,38.9488,146.2796,2.663,4.5084,46.7142,0.2807,26.611,0.1567,20.7123,8.0605,30.1348,27.023,61.3967,4.8787,5.9027,3.9777,18.8651,5.2597,0.8325,8.0767,0.0354,18.8221,1.7641,4.2545,46.8767,85.2766,1.0918,0.8824,52.1837,43.9976,21.7639,0.3471,0.258,32.055,55.2385,9.869,19.9769,0.3188,53.1321,101.1963,21.8971,1.9073,14.5547,37.2035,21.8579,80.6571,448.1457,40.3744,20.6298,12.2812,5.9883,85.671,125.7358,12.3497,31.4798,7.607,45.4247,157.5636,1.1642,62.0013,0.526,217.3669,14.9182,19.597,47.4143,0.0679,17.5512,4.4083,4.7661,10.7871,5.2441,179.642,98.3875,9.4577,14.9252,14.251,15.7195,4.5918,4.4303,97.1298,56.1216,15.7229,28.9671,19.9896,37.7451,486.7744,18.4953,25.2886,52.6574,23.5435,3.3083,20.0765,25.7839,53.2233,39.0783,62.0729,37.5736,1055.1574,5.1571,28.9499,11.6488,20.452,7.7504,76.1933,109.3301,5.1538,37.3677,0.6635,30.1991,3.0993,24.2436,0.2337,42.1365,15.7526,0.0367,0.0341,1.1655,8.3492,0.9563,7.1497,0.0159,0.8433,57.7809,17.1073,1.1445,40.3315,48.4237,22.0643,0.0,9.2343,15.6717,5.7996,29.255,3.8665,19.0301,12.9475,11.1202,0.1403,10.2952,14.7875,67.3906,13.2671,13.8567,13.8498,25.1128,3.7816,11.6669,42.2553,2.1615,1.4037,4.8343,7.0731,1.39,9.725,0.4556,0.0,0.146,0.0731,12.0509,3.6055,3.3392,79.9879,3.5547,0.2006,49.3991,50.5134,113.4491
1.5428,11.5457,31.5695,16.6138,153.0819,39.7371,1.127,0.3058,66.2388,1.88,37.0752,19.7879,9.6049,36.3537,16.1712,13.1051,1.3124,37.4538,6.4546,39.2105,33.2522,31.0562,0.3398,13.9014,11.019,55.6896,50.1891,5.975,5.1611,0.0,2.1694,30.2231,9.2074,180.6501,0.0513,55.5227,4.0694,48.1683,0.0343,69.2143,15.7067,35.6574,14.5052,7.2852,9.5031,0.0675,74.3841,15.5352,105.6997,44.1,24.4006,23.1645,17.2205,6.5917,1.3834,0.3706,0.0,0.0,0.0644,0.0533,0.583,0.0907,0.0531,0.0604,0.6337,2.5125,0.0497,0.0229,1.3763,317.1705,10.5586,121.4202,0.1473,0.6695,12.1815,0.8824,0.0905,22.0921,70.6931,1.5441,4.4275,153.9237,12.3609,23.4412,3.3565,11.3595,0.035,0.0,0.1854,3.1516,0.2824,0.8591,3.8122,0.1056,63.5549,0.0058,12.1346,3937.2853,9.8036,116.4693,13.8157,0.2311,113.2503,7.122,179.3951,28.3437,13.4291,26.1101,42.8351,349.7046,1061.8567,0.127,20.077,0.0278,5.6677,9.5871,0.107,0.9025,28.7573,269.0945,0.3566,20.639,0.2148,157.5272,35.4837,32.3862,42.403,28.6785,91.4291,1254.8825,2.2107,22.5098,236.0033,1.753,60.4723,5.1207,96.0837,20.2943,23.4103,529.2344,85.4284,544.5277,16.8858,4.4951,35.9481,5.8044,17.1028,11.4144,36.3651,10.3041,0.6393,8.0141,82.0608,50.7056,13.313,4.6287,7.5637,89.418,35.6719,30.1723,165.8438,3.4178,0.2781,37.7604,0.1237,2.4621,0.2564,14.1464,9.3388,2.3605,17.8895,15.8014,9.1528,8.8749,3.7159,12.8595,6.8729,0.9619,14.5504,0.0249,15.6965,2.7296,10.4192,43.6822,112.6423,43.9913,2.6803,66.7858,4.4156,3.1171,1.014,0.0,54.5404,53.5072,5.0916,8.1033,0.219,89.1805,69.781,28.6126,0.805,14.9379,2.7027,19.4072,55.9006,490.9873,66.8121,12.4579,17.0156,10.7978,85.6883,101.0875,5.0092,9.5977,4.2496,33.0945,62.1427,0.873,63.0667,0.2435,72.1351,25.8993,43.3978,27.1628,0.3111,15.6016,0.0162,0.1353,19.4889,5.2468,427.8948,1.0399,6.981,9.6625,13.4002,11.11,1.9481,2.5196,50.225,63.4513,10.2938,16.3119,12.7125,36.3306,341.4112,2.0733,4.3091,42.0871,128.0455,3.6717,3.6367,29.3907,16.1392,15.144,73.649,24.3057,400.3419,3.8264,20.7306,16.6134,1.8413,4.6495,18.0969,94.359,18.7131,19.0661,0.1063,0.2067,2.43,15.2305,0.5618,4.1371,31.877,0.097,0.1502,0.3961,0.4888,1.7171,6.4307,0.1212,0.5686,0.6639,5.9915,1.5226,30.9125,121.6089,45.1155,0.0,3.9635,14.8817,0.9855,10.8434,3.042,56.4362,4.0378,3.4511,0.6046,11.3343,31.4323,35.0257,10.0008,7.442,14.9452,5.5622,8.2036,8.8838,10.7575,0.1855,0.1931,5.1431,5.9145,4.9007,0.3545,0.0784,0.0,4.4336,4.3412,10.4915,2.4015,1.6254,31.694,0.8655,0.0707,67.8861,48.5063,174.7214
1.1637,51.4879,56.4906,1.8143,270.7026,58.689,663.9723,0.3275,240.2303,2.797,52.0664,52.4351,4.3021,76.291,23.1823,2.1842,0.5053,101.9168,9.4474,75.9633,37.9166,26.3774,0.0871,13.6502,5.979,49.8478,45.712,20.5242,2.8151,0.0,1.0717,29.5511,19.3986,116.5139,0.0,68.6137,31.3383,69.2496,0.0044,72.6624,12.8148,65.8263,33.2781,5.7939,26.0856,2.0094,21.5052,14.7993,84.4345,40.2782,14.1079,17.3719,21.962,0.4783,2.481,0.2409,0.0,0.0,0.0777,0.0,0.4651,0.6977,0.0,0.0273,0.218,0.1109,0.0337,0.029,2.8935,49.6606,17.5686,169.5196,0.4268,0.0415,7.2398,0.1962,0.2048,1582.8533,499.2766,1.5374,3.3053,109.2615,10.9392,26.383,5.1972,24.1851,0.0,0.0,0.4615,6.6593,0.1661,1.1022,9.2621,0.2095,103.992,0.0,12.2195,1111.5496,27.4988,99.896,23.908,0.1793,69.2889,4.3288,118.7921,29.6801,24.1399,28.7967,54.2929,632.7334,996.5299,0.0718,15.2128,0.0251,26.8414,10.2338,4.1329,4.8731,30.8449,54.9708,0.1,12.3557,0.4605,152.496,35.1311,35.1257,48.0748,48.5128,182.4628,660.7979,0.7229,25.2362,328.6848,0.6527,3.1055,9.3964,22.3153,12.1406,66.8629,67.4227,25.2344,25.6708,45.1743,8.1918,5.5469,10.512,27.9617,638.5928,38.1757,11.4118,4.4091,13.8644,15.9967,343.1042,24.5994,18.6169,5.2495,123.4764,19.4389,61.4079,159.7723,4.3381,0.3842,43.5551,0.2127,4.468,10.499,20.4142,31.5927,4.4014,37.9902,32.8606,6.7259,2.5003,5.157,23.755,6.313,1.1408,7.7718,0.0226,7.8045,3.682,3.911,22.4253,99.5722,1.7797,2.1878,67.6163,92.9011,7.2961,0.6224,0.1201,54.1866,87.1421,8.0546,11.272,0.0287,58.2996,103.5198,18.6305,0.6134,25.7466,0.4871,12.6891,322.3987,505.8519,129.08,13.0171,12.359,8.2387,93.9906,133.3016,6.9878,52.1977,2.2858,4.7193,20.5773,1.7236,45.7785,0.3137,205.209,14.5295,15.8669,18.1106,0.0433,54.5881,0.0244,0.0334,1.1672,18.5502,153.4984,16.8666,2.1717,17.5704,10.5773,27.1116,2.7159,3.1773,65.7843,75.7464,22.3227,25.7815,14.1424,36.0264,792.4721,9.3197,11.3637,34.373,93.7587,0.4335,7.119,224.1757,16.5141,64.3791,135.6368,25.9924,447.2729,7.3696,45.7653,6.9106,3.9017,4.5454,53.4661,53.2804,10.1628,24.5277,0.2166,4.6651,4.1804,6.1922,0.4068,5.3274,11.0824,0.0,0.4349,0.9635,15.756,0.471,6.6938,0.0,0.0567,0.4981,7.286,1.5303,35.6695,86.1699,1.3772,0.0,1.3608,33.1339,1.2042,9.1977,2.8245,25.8497,7.7928,3.2972,0.4975,1.6441,10.8706,62.7832,14.4674,7.632,30.9595,9.4231,2.9333,5.1837,32.3059,0.4048,0.437,8.271,6.8688,6.1419,0.2917,0.0532,0.1049,0.5178,0.2723,27.3047,3.1176,2.4256,100.0434,14.1915,0.0,93.5082,52.6088,160.2582
3.3076,38.8533,40.4749,58.8263,8.0686,28.5161,17.833,7.6726,14.0805,0.3346,20.972,13.8192,1.2456,29.2416,33.1561,0.1519,23.3329,1.1677,21.8959,35.5713,24.068,14.7101,22.2609,0.094,39.5497,36.7012,64.9389,14.4418,5.0753,0.0,3.7105,42.6974,2.1076,7.3522,0.0,49.4758,7.3997,20.6448,0.0285,22.9825,25.3147,33.7319,146.5628,129.0548,43.7202,0.2614,1.5134,84.1081,15.4326,4.2739,18.6987,56.3321,344.9198,0.7536,0.2752,1.6921,0.0,0.0,0.0,0.0,1.1091,1.3163,0.0514,0.1753,1.0547,0.0169,0.1022,0.0266,4.9611,0.5912,0.2137,55.0694,0.057,0.0355,93.8364,1.1984,2.2329,24.6375,67.7786,5.1297,0.8422,0.1545,54.6657,24.6975,1.7476,28.2668,0.0,0.0,3.095,8.4689,9.0449,0.3874,0.5508,0.1022,139.4289,0.0335,28.434,255.6405,92.4508,128.9734,16.3427,0.3705,68.8225,21.8762,26.1806,36.5405,64.6069,24.2536,58.9879,420.5367,1034.3567,0.4914,6.8198,0.0269,2.6136,39.1932,2.071,1.5056,2.3931,8.6352,0.1944,1.9884,0.2407,9.5597,12.6577,16.0368,29.8914,66.7759,16.8136,6.7825,1.0528,35.5159,196.1024,1.0105,1.8663,3.7539,10.62,9.0077,7.2241,0.7776,10.2683,1.178,24.5425,24.2364,64.0393,22.6747,29.8123,87.4041,0.6727,2.1487,1.6902,35.7402,0.5058,2.7272,32.9118,24.112,40.4052,228.7165,45.9509,32.8301,53.0273,0.6082,0.4815,86.2104,0.6703,137.1807,0.4199,1.2007,4.3387,1.8142,25.0544,10.8976,11.0117,3.2633,12.6353,19.3401,47.0839,35.9617,22.9914,2.0756,46.3786,162.7753,1.6181,14.4253,64.2934,3.7784,9.7953,25.2735,1.6211,16.1235,87.5254,0.0367,93.2278,18.2375,15.9461,19.7032,0.7367,39.8857,62.7439,15.2475,1.2608,76.853,3.4554,15.7503,43.6868,89.837,273.215,5.9215,37.5354,35.0686,34.05,27.5743,7.9182,5.0179,5.0557,22.0395,6.7263,5.5525,30.0388,0.1631,16.0322,60.0012,2.6929,42.3348,0.1389,17.4223,0.574,0.2619,1.1248,20.2861,30.5393,0.6842,1.8363,41.3761,22.0769,66.2734,14.9104,32.7696,40.7234,20.701,4.9471,18.9677,115.1911,13.4607,82.3231,14.0001,2.3298,3.8773,60.7379,0.3501,5.0577,27.9094,43.6576,91.0837,55.8163,59.2762,85.6717,53.868,37.2629,17.1503,86.8597,10.5307,7.5985,50.6015,3.3355,84.6761,0.1029,0.0,20.8845,1.5504,3.6969,0.1101,0.0736,1.502,4.5914,0.2874,0.0526,1.2084,0.28,0.0721,2.12,0.5071,2.8855,4.908,42.1646,107.1326,8.62,0.0529,0.5584,14.8463,1.4065,1.1929,4.352,4.4447,3.4873,1.2986,0.1064,2.3341,35.7651,36.664,28.6785,8.017,23.1996,15.8853,6.164,24.6591,18.6981,0.5984,4.6254,51.3822,35.4451,6.2741,0.3118,0.0379,0.0,0.1107,0.0,15.6454,25.2197,12.5541,40.5726,0.8214,0.0,46.546,50.2467,1.9601
0.8052,23.4454,93.7961,6.5305,711.9468,100.6982,15.0785,0.1852,10.9217,14.138,30.3011,23.1088,0.409,27.7118,23.7042,159.7539,0.3129,22.7796,9.8526,54.2205,80.3377,149.0128,0.0847,0.2521,9.8827,59.6469,29.4859,4.8189,0.3518,0.0,0.5469,52.2319,27.9164,196.9699,6.5696,170.8559,7.3643,80.5919,0.0108,80.9863,22.245,44.3166,59.6098,9.907,13.5281,0.1859,5.0378,9.6445,33.607,92.9774,23.9916,20.4126,9.3151,43.4328,0.9257,1.2352,418.5035,451.8046,0.0118,0.0,0.1197,485.9025,107.733,0.0443,0.0,0.2025,0.2326,0.0,77.3616,15.5796,7.0639,126.5339,0.0974,0.1919,7.9528,0.0682,0.0997,30.9204,30.2735,2.0881,0.6877,107.941,20.4136,31.1349,26.8179,13.7575,112.2773,0.0,3.3954,15.3448,1.7263,0.4685,4.0037,22.6218,71.266,0.0254,9.3655,2402.1968,15.058,161.9574,45.9526,0.1163,51.0939,3.6714,154.4021,30.0299,0.849,16.0587,102.9875,922.796,1779.2374,3.0063,22.9685,0.0459,12.2565,7.5105,1.2966,0.3771,8.7106,101.0638,3.8121,15.9876,1.2079,24.0283,23.1655,26.8124,66.4462,22.4955,98.5132,390.9071,2.2565,13.2515,330.6603,2.8415,5.5168,11.8131,124.1337,99.1249,78.2859,3.0981,120.6296,127.9809,13.5285,6.6567,12.2761,14.3375,27.5656,12.0556,37.2664,2.7202,6.4166,13.4899,7.3403,549.6382,5.0093,10.5441,13.2285,20.0662,15.3907,26.5687,64.3695,3.3535,0.0806,50.7228,0.0136,89.5596,0.3042,30.7019,26.9148,6.1657,48.2041,38.2581,8.7929,3.4091,1.6875,6.7293,2.8892,0.2192,9.0938,0.0,41.8478,1.6119,2.5258,19.6161,67.9319,0.6863,0.7644,78.9079,8.7262,2.7226,0.2439,4.4886,47.3566,56.8868,13.4744,18.2151,0.5474,38.241,215.1473,51.8198,5.3574,17.8502,13.4836,17.6139,184.7705,410.6044,7.1679,83.8234,18.9948,3.9278,69.3547,83.2476,6.2037,42.3457,4.2203,17.1293,220.1934,7.417,51.1602,0.1341,105.0705,27.5646,6.254,35.7421,13.9416,22.6559,1.188,12.4388,1.2804,6.2076,142.1511,25.0374,38.5208,9.9813,8.6966,10.2208,2.7874,1.7726,46.1162,30.689,7.0338,14.585,6.4148,38.3348,1014.5211,44.8371,6.9563,54.5927,31.5925,1.817,26.4915,22.5277,19.0811,63.8856,66.1284,18.198,1671.0857,1.6161,38.8561,8.3239,3.3251,6.9358,18.1686,199.8002,34.2532,46.2793,0.0878,6.2462,0.5985,24.1424,379.5607,16.8179,0.6003,0.0356,0.2315,2.1813,529.074,0.6935,0.7614,0.2361,0.0172,48.0017,5.2795,12.9483,66.1146,64.8521,72.1588,0.0,62.8245,29.6967,61.8159,16.9328,5.9812,43.6163,38.9794,96.0677,3.6323,32.6671,0.9761,61.575,9.3705,12.8676,19.5437,38.3987,4.161,4.0433,16.694,0.2882,3.8691,3.4861,7.2255,7.2249,61.1588,20.5187,0.0,41.6825,0.0237,19.279,3.6441,1.1129,106.4344,11.8704,1246.2229,137.1611,46.3651,221.0806
40.9597,81.8308,83.5991,5.0225,114.1326,176.0869,411.0814,0.9317,168.1381,0.8989,60.4843,56.0764,16.7131,69.7953,24.468,91.7495,1.9495,1.5224,40.933,183.7125,58.1793,44.7088,3.5207,1.0561,50.8544,169.247,104.5022,15.7008,7.3325,0.0,1.5205,52.1611,40.8123,234.3425,0.0,319.2722,31.2824,60.757,0.1438,89.5948,120.9142,329.6095,118.5278,31.3202,508.7305,0.4003,101.0814,102.5852,26.2075,49.2814,79.6797,33.6378,13.6282,1.5619,2.2912,5.6514,0.0,0.0254,0.1809,0.0,1.3195,0.2829,4.3582,0.0816,0.2056,2.2997,3.4874,0.0943,37.7537,69.0739,9.5194,282.0623,0.2942,0.0172,8.0596,4.975,0.2541,401.6191,557.6017,1.5308,1.0094,59.3803,58.0828,208.7134,43.4402,70.6454,0.0218,1.7261,0.4339,22.6403,2.9427,3.4452,10.1031,7.0233,96.9736,0.09,41.0509,523.9556,58.033,161.2019,81.4087,1.1534,282.155,22.2327,143.0108,54.848,1.9826,31.7535,108.7448,3055.5882,3080.8946,0.2971,10.6659,0.0,7.0946,16.1316,0.5119,2.4855,16.1854,49.1457,5.9898,37.9834,3.1323,10.1404,62.0632,75.4828,92.4341,39.0176,309.0943,914.3419,73.5929,73.8025,379.7567,2.8044,7.7341,18.1084,59.2961,27.1739,73.2539,4.9713,69.5309,15.2338,63.5295,16.9889,14.1457,41.1622,32.8436,55.6608,34.7038,15.6562,6.4273,15.4203,26.9677,81.4285,1.7715,34.1884,17.5437,319.4653,40.8461,41.1991,367.6367,5.9443,0.6302,78.5603,0.1621,26.3196,0.1846,3.1649,4.5088,7.9073,73.201,59.8901,23.7438,2.1666,17.4599,32.4393,5.9443,1.2832,9.1128,0.6147,94.2488,7.1041,10.2315,41.8123,114.9026,0.5443,17.8894,69.4726,1.5681,4.5659,0.3963,0.0237,136.4202,37.0337,40.8367,58.6651,0.115,50.5078,136.9255,40.835,8.2591,64.4151,13.003,115.4508,61.4526,425.8696,11.736,40.531,27.9567,47.2355,88.4913,36.306,16.3479,34.1876,6.5095,14.6681,107.7362,8.8336,117.2909,1.1339,54.296,24.1538,32.7778,39.9805,0.0149,58.2648,0.2726,0.0537,0.9747,11.7429,61.686,9.6029,107.7911,57.86,55.1471,22.3924,10.3386,18.6337,331.3626,55.8125,15.3457,40.5571,39.4373,89.3342,204.9682,15.0746,38.9184,17.8371,71.2934,8.6329,12.6306,53.0974,14.3579,331.264,144.1642,204.867,593.7718,3.8417,45.2628,34.8502,14.4639,27.0841,15.1479,127.9322,4.517,38.9029,0.3318,5.2432,10.9435,13.042,32.7908,0.2218,7.1732,0.0,0.4872,2.4405,1.3895,1.8085,5.4572,0.0465,0.0944,0.1308,6.1757,41.6131,89.3608,249.8933,0.4816,0.0426,10.48,24.1048,2.0599,44.0926,7.239,209.7573,82.841,8.5337,14.5239,44.4198,4.5044,62.9739,7.6437,10.8199,37.7211,35.2066,5.3846,27.7993,36.1624,0.7629,3.397,21.8265,12.6139,120.5056,1.9304,0.9778,0.0,2.6415,0.8717,19.3617,12.911,94.1774,97.1156,29.2197,0.0221,76.0259,48.5755,47.635
1.9922,11.1782,19.1003,14.461,65.1607,38.8039,22.9885,0.4095,11.3459,0.5844,25.4632,15.8343,8.198,57.3958,10.5562,2.9845,1.5625,15.2166,8.5319,25.2012,92.7805,67.8861,0.2901,0.0406,21.278,44.953,25.4162,19.0401,7.3641,0.0,12.1271,64.8813,10.1361,93.837,0.0067,42.8151,18.4503,22.5536,0.021,49.9266,21.0089,48.0946,22.6131,5.4994,15.3934,0.0362,42.4964,24.3528,120.0549,51.3428,20.3092,8.7466,17.8467,13.8704,1.6693,0.2854,0.0469,0.0159,0.0754,0.0,0.9636,0.0707,0.1347,0.2276,0.5043,1.3386,0.2204,0.2894,5.7287,54.8258,9.632,56.1921,0.1149,0.2898,10.0343,0.0604,0.3883,303.3098,207.2213,3.0549,1.1144,54.5126,12.0445,25.5806,14.6146,16.5442,0.0546,0.0,0.4792,15.2219,1.8286,1.5648,2.0967,2.7369,60.8552,0.0158,8.5587,234.4099,4.0969,90.0125,11.8853,0.5717,248.6522,5.0816,32.9305,24.8272,41.5048,14.847,25.1548,343.2184,1561.9891,0.2136,10.0058,0.0433,2.4179,8.0179,0.2505,1.9058,39.2154,27.1029,0.3076,4.7743,1.0716,29.2893,23.9726,31.7456,34.2166,20.4585,118.3069,335.7386,3.851,10.5305,141.8168,1.2706,0.8009,12.4539,60.6048,15.512,86.7568,69.0118,55.161,11.6488,32.8237,3.9301,27.0616,1.3263,12.8126,6.6113,5.9103,2.38,3.4419,5.4768,15.6605,140.4666,105.9769,3.4494,3.9306,20.3213,17.9311,62.2982,373.563,3.9228,0.2912,20.5521,0.0676,6.2261,0.0846,30.2643,21.1077,4.6406,17.7347,47.7843,5.6108,8.6112,2.8799,11.6752,5.4212,2.2512,5.1209,0.0438,13.9842,1.8966,6.9194,24.1561,188.9788,2.6844,5.2648,44.4322,10.3341,27.3965,1.082,7.3564,33.3787,118.6698,7.1706,13.0078,0.0943,55.4719,36.9357,16.5573,1.3977,12.7585,2.1991,21.5113,29.0375,342.6787,38.4843,58.5343,10.1553,10.9203,43.1852,39.9128,3.7831,22.6213,3.2609,13.4633,24.8727,0.6452,45.2895,0.3983,42.5531,11.3465,17.714,30.8383,0.1307,19.5411,0.4838,1.5691,8.7,4.7753,32.8884,5.7515,6.9741,13.1368,10.2009,46.5988,2.2443,4.5334,38.8555,59.9335,7.4001,16.8762,13.666,37.9886,281.9881,4.0959,31.0262,5.2202,52.3698,2.3704,10.1173,15.7422,20.0556,28.1729,29.8829,18.2396,341.3868,7.1037,26.7532,10.7702,5.2976,4.1339,151.8999,142.8643,6.9824,51.186,0.7259,5.7546,0.942,11.5307,3.4627,2.1295,1.9974,0.0505,0.7146,2.5009,23.9819,0.4059,0.834,0.0582,0.3093,2.3306,18.0114,5.1648,20.5184,91.7674,12.6695,0.0746,3.7495,12.0595,3.3538,23.782,4.8823,15.3534,11.6953,5.5902,1.0505,6.8074,6.4166,52.7604,12.9408,6.4778,12.5315,4.3494,1.7914,14.229,24.1558,0.6457,1.276,5.6048,3.6499,5.4995,2.69,0.084,0.1357,0.2231,1.3413,98.9612,2.8474,2.1991,48.8357,2.5644,0.3172,59.2875,25.5458,73.9798
15.9395,15.7558,38.444,12.6325,239.1678,88.4751,3.9882,0.8352,89.8605,55.8032,21.5561,23.0958,18.1023,39.4935,39.5675,0.5087,5.5773,2.3039,16.9118,13.4714,493.0556,365.1655,29.7817,1.3239,31.0825,88.0181,57.1344,79.22,30.2368,0.0,72.9424,30.0713,16.7811,192.7944,0.0,147.3108,68.0455,94.7311,2.6236,48.1884,19.8312,46.6188,14.971,1.6507,14.1808,1.287,27.723,37.5514,682.3234,40.9607,46.7777,22.4692,184.6166,43.8076,3.5136,5.5203,0.0,0.0,0.0,0.0,8.8044,0.0941,0.8402,2.7658,0.0394,2.8149,0.9533,1.5819,25.2859,34.6742,47.1819,71.1008,71.7987,0.3139,27.1427,1.4774,0.1877,760.4003,671.1089,17.7064,16.1421,5.4654,19.8167,57.0126,8.7834,26.7375,0.1452,0.0,0.2885,11.4104,2.2848,2.578,5.411,1.3562,168.3244,0.0359,15.1988,845.0849,11.5953,81.066,16.4733,11.5521,159.2309,13.1317,42.807,48.2769,53.2564,33.3262,8.438,562.3937,908.334,0.6502,18.6115,0.2591,20.6536,22.0645,4.0701,19.2062,92.5578,100.6269,3.7098,20.2236,0.6567,126.7244,59.0349,142.0847,95.5219,77.6083,388.8661,175.1544,33.6151,24.6947,537.3595,20.2589,39.653,75.3801,53.3549,53.6996,202.9749,96.1045,152.3125,78.8015,45.8221,9.259,28.7115,19.39,26.3216,17.4663,37.507,86.1168,15.1018,17.9828,6.7769,253.3354,10.7784,5.8024,14.5002,51.4736,54.7185,65.8084,720.5618,5.0935,12.3127,73.1774,0.4106,6.2413,0.0614,69.1028,168.1862,12.1931,21.1101,101.7,11.5128,15.0395,7.965,20.2291,21.8823,14.4753,19.5672,0.0647,38.5016,14.256,6.8863,30.8632,47.0189,3.9497,2.6312,49.2841,56.1974,11.1878,9.7015,0.0393,96.2284,91.2869,14.2422,20.7182,1.6139,64.9202,72.0098,17.1266,3.9615,34.108,70.49,29.6945,90.5109,323.8473,135.2661,8.1612,3.27,23.7364,106.1597,134.1314,6.5581,72.1367,8.2737,41.0016,229.8442,7.0641,74.8605,0.4858,108.4934,27.3171,38.2345,41.4563,4.4921,21.5468,45.4563,5.0274,132.4416,2.2099,10.5723,9.8798,6.3974,21.9205,29.7596,249.2361,5.4893,2.4413,116.6533,127.9469,30.6094,53.9537,26.3867,22.8485,272.1934,5.909,31.9015,10.0919,159.4556,19.1968,24.3846,35.8404,251.125,29.9219,86.686,34.2204,344.6697,19.4718,20.3547,17.482,7.4988,10.968,60.9362,139.8776,8.7601,23.6278,0.3309,7.8581,2.1604,8.9726,0.1166,10.6616,18.6291,0.0,0.2492,0.5135,4.2533,2.2669,20.1275,0.116,16.1784,3.7511,25.295,1.681,38.1713,252.0151,3.1563,0.0,3.9536,17.6247,15.2942,22.7948,63.6126,68.9218,23.1735,9.6119,0.4276,42.5495,40.1578,34.4642,20.7098,12.4218,24.7928,15.9178,7.3951,16.4158,28.9117,2.2649,1.6152,22.547,10.6365,3.1281,4.0446,0.447,0.0,2.1659,24.075,2.8766,5.4693,1.1847,34.5394,13.1984,0.0,57.1741,67.0732,86.5602
2.0467,22.2765,48.1677,11.2445,169.4622,47.9921,0.1388,0.5911,0.5186,0.1671,61.8705,17.2053,17.2116,25.7782,10.5667,0.1138,0.7195,27.0136,5.4935,75.036,21.6051,15.6046,1.0453,8.6359,21.821,40.7444,46.0642,8.2077,1.2133,0.0,0.6448,47.7696,11.4382,164.6617,0.0,59.3571,0.9688,26.2335,0.0032,80.1257,14.199,95.442,19.0328,2.5143,15.021,3.6823,19.7188,20.3864,143.0257,60.5682,39.9917,31.4499,16.2732,58.547,0.0833,0.3491,0.0,0.0,0.0,0.0,0.2802,0.0292,0.0,0.013,0.1225,3.2492,0.1561,0.0266,0.5695,479.2875,5.6706,82.144,2.7723,0.0295,7.327,0.0499,0.1604,60.1258,152.4803,0.995,0.1768,188.6968,10.4074,27.3661,4.4685,12.9283,0.0,0.0,0.0,12.9805,0.091,0.0591,3.5299,0.0235,112.425,0.0074,19.5527,3463.5144,15.24,143.8328,13.2752,0.1234,224.1536,4.129,138.2179,31.7672,6.8101,30.1902,65.8179,929.2799,2444.2547,0.0102,1.7023,0.0,7.0959,21.2556,1.0114,0.0802,17.4557,130.108,0.0194,74.798,0.0437,708.0159,54.6785,58.9164,57.5104,26.005,60.0821,878.2505,0.082,20.0447,238.9302,0.3885,16.7356,16.9587,101.6701,27.1115,38.0992,807.9721,116.059,65.7154,32.906,6.104,94.0654,9.8262,29.4346,21.1613,52.0401,8.0906,3.7248,11.0153,5.5151,231.3581,4.1916,7.0424,7.155,27.9856,34.6454,27.0818,169.5808,0.2405,0.3018,38.8234,0.0638,0.3096,1.4491,7.0166,5.4564,0.4433,18.8664,6.4139,6.9773,7.4916,5.6481,15.0222,2.9743,4.2906,43.7862,0.0241,14.4706,1.0051,11.9371,27.6892,63.6208,6.4956,1.6115,73.9869,49.6686,2.2982,7.1459,0.0,65.0781,70.2463,7.9814,11.24,2.7684,55.5942,57.7713,28.9553,1.0061,18.4715,17.8173,37.9934,87.3415,417.7471,64.1831,40.8981,12.8612,9.8609,38.9277,93.4929,3.651,28.1409,34.8571,12.6004,334.3571,1.2764,58.9398,0.0604,81.5755,16.2818,53.3006,43.0121,0.1233,40.2036,0.0174,0.0159,3.6281,5.8735,404.433,0.1876,3.9481,20.0848,19.9028,14.2977,3.6969,2.6411,284.4397,87.8212,7.4914,32.506,15.1611,40.8001,554.191,2.1951,7.6219,17.1291,118.9141,0.5143,2.1368,14.0853,20.3027,34.5674,100.8196,30.6553,640.3278,4.1805,16.6072,12.3118,5.6564,5.0018,56.1322,54.2524,1.3486,36.2207,0.0,0.5805,5.8743,90.1949,1.4964,0.0183,74.763,0.0,0.0,0.0798,0.07,0.3219,5.6977,0.012,0.1782,2.8482,7.9985,4.409,22.839,81.9926,88.8049,0.0,3.4933,31.4599,4.6514,4.3211,8.2957,81.5299,21.6963,0.5148,0.1594,1.7416,11.9026,36.867,25.3818,9.3704,20.0401,5.2332,11.2166,5.666,11.7137,0.049,0.2256,3.5124,4.2981,4.9069,0.0415,0.0126,0.0,0.0,0.4985,16.0328,2.2218,1.6324,100.7346,1.657,0.0,78.7793,60.8504,344.9697
7.0925,25.2619,109.5885,5.7757,114.5277,152.5222,0.8124,0.682,13.5767,9.0232,37.0545,46.0435,5.3161,68.4034,23.6142,6.1822,1.989,18.2214,22.97,44.4678,258.741,168.4362,3.3575,10.4385,44.1886,99.1123,61.7088,31.2982,5.4546,0.0,60.8743,33.1654,38.0859,178.9476,0.0598,242.2274,39.2217,33.8225,0.3471,43.904,43.5738,64.8928,28.5692,7.8697,27.9934,0.8866,25.3235,55.746,420.3439,122.181,50.9244,30.6224,55.2422,19.5092,1.6197,0.9687,0.0,0.0,0.0,0.0,10.3488,0.1411,4.2463,0.1488,0.0888,0.3542,1.0968,0.1996,13.5416,2.0358,7.1711,179.8012,7.4517,0.1284,11.917,1.9876,0.088,535.0992,497.463,4.6721,2.9517,72.2748,23.3955,58.3008,10.6985,27.8022,0.1361,4.6016,0.0361,15.1975,1.9886,4.6659,7.0688,0.7709,110.767,0.0988,18.8497,1601.9318,37.6231,93.1231,28.3607,4.9415,244.1513,13.0603,54.0691,55.1393,14.4205,45.2312,63.4538,1456.6416,1760.0724,2.8831,32.5294,0.0108,5.1554,22.3648,0.9437,11.7922,13.6266,15.7911,2.9743,21.8261,0.431,98.5411,69.6077,155.1468,125.3243,46.2042,135.0061,408.7866,325.3658,65.1757,335.7801,12.1401,6.2969,31.2306,45.5027,46.8326,60.9502,305.6474,145.4079,61.7241,51.093,11.0317,14.2026,26.4484,47.0079,19.9083,8.8352,148.3175,2.7463,14.7278,9.7604,258.2746,11.4738,21.1583,16.4613,51.6286,30.5602,14.9212,281.4265,2.7357,4.1796,52.7621,0.2599,29.6143,0.1228,4.8759,24.8234,22.4491,24.8943,84.8972,13.3038,8.3037,5.4532,7.7119,12.048,5.7744,17.4512,0.1358,34.7076,5.7496,10.2457,18.7909,77.1851,21.3754,6.9827,25.7518,1.5797,6.9174,4.5614,0.059,94.9999,75.141,29.0679,30.2325,0.3432,54.1455,72.7574,24.8146,2.3773,25.2009,262.7865,54.2801,113.9466,291.2664,55.1421,46.2553,15.2862,19.5323,95.4938,65.0494,3.1836,37.0537,7.7512,30.7023,320.3107,24.3382,79.0711,78.1141,53.2618,35.8724,12.2291,50.3814,0.7633,17.0584,3.4073,0.3829,22.456,7.5391,22.3376,3.7703,7.9208,40.488,46.9908,30.9187,5.6314,6.1278,142.327,164.6797,9.1372,40.0991,16.7928,41.5491,289.1375,2.3875,10.3111,81.1847,43.8976,2.4677,28.7757,29.6097,63.1388,92.0768,96.7725,79.0908,1678.2848,6.3239,28.4325,10.1043,12.1276,9.0225,160.8423,200.0127,4.8853,28.2867,0.1034,12.2718,8.1149,5.2179,0.0291,0.1217,4.9605,0.0,1.1683,0.2504,0.6762,0.6559,12.4715,0.1305,8.2557,1.0875,19.9711,12.9734,57.2949,244.4744,0.3775,0.0,1.796,33.6871,9.8721,29.6783,23.3639,53.7835,10.957,18.5601,12.0382,26.2082,24.0832,47.1607,9.0472,9.7744,27.3455,11.2496,4.8269,9.4391,24.1164,1.3325,0.7138,14.3438,11.5191,9.1515,5.5414,0.2134,0.6315,0.2226,0.4682,16.652,7.4741,4.022,77.3005,7.6925,19.7533,47.7167,41.1702,274.5692
3.1781,44.2367,120.2221,48.9141,182.9059,161.8584,24.4913,0.3174,33.7517,2.5013,43.6486,26.5489,1.752,58.6509,12.0099,0.4073,1.3956,22.8661,24.962,117.4675,120.7681,140.7602,1.2404,93.266,46.3926,133.7029,118.4927,5.6147,1.9989,0.0,12.9462,21.4734,25.9006,127.3739,0.0,90.64,7.3459,40.0267,0.1712,88.9474,45.7777,71.8754,38.3076,9.689,46.8746,0.7726,145.7247,41.8225,136.86,52.4526,41.5548,20.3422,24.5365,20.931,9.3823,1.2286,0.0,0.0,0.0,0.0,1.4733,0.0,0.0,0.057,0.2871,0.1322,0.2754,0.0735,5.1162,75.8486,21.8268,125.8987,0.5561,2.8125,19.8586,0.2045,0.064,1076.2608,2240.1905,2.4041,2.8701,65.3923,35.2825,34.1369,3.3282,23.5082,3.071,0.4051,0.1312,8.3254,0.5729,0.2597,6.9129,50.4442,145.9197,0.0,20.7154,1151.7014,42.6062,217.0383,50.2026,1.2335,539.8841,6.0026,87.9391,54.3373,54.0593,39.4772,120.4829,1520.6338,3396.0449,0.0898,54.7098,0.0262,33.5166,16.4272,0.0,13.303,774.0744,840.4945,0.4835,92.8007,0.6721,257.1444,211.7032,270.2049,68.6139,61.8905,189.0338,945.245,13.7726,40.9558,313.4814,2.8567,187.8004,10.4705,89.9546,72.7168,35.3845,1439.573,155.0846,1391.7239,32.9897,8.1232,52.2215,15.2882,25.9758,18.1265,181.6548,178.7619,1.3849,13.524,213.412,191.3536,107.1347,15.4719,15.3123,355.0907,47.9652,41.9926,415.2425,4.3002,0.0829,150.9848,0.3152,2.6067,13.4214,47.4392,40.1661,10.2718,29.6277,42.2716,8.8578,23.8786,5.9914,33.0413,8.3372,1.7449,11.3127,0.0706,26.96,3.6069,9.7375,24.0073,117.5207,44.5697,4.0197,58.5234,13.9605,18.3609,1.0173,0.0358,153.8987,48.9352,15.0359,12.7625,0.3051,107.0595,85.7297,9.7115,2.1377,24.4376,709.029,64.2387,51.9752,402.2251,14.1121,98.2127,29.9264,14.3544,78.6524,63.6221,4.3138,36.1762,1.4298,61.7884,153.5121,2.8857,49.0391,0.3447,96.372,65.9887,48.3326,55.2086,2.3933,71.2751,2.0713,0.4411,4.3877,24.2589,681.7804,1.8644,26.9003,26.9257,22.7978,10.4244,6.98,3.583,85.9209,123.2691,5.4622,6.5685,27.4454,42.7432,435.3215,2.715,16.8059,60.0794,72.9518,22.1846,12.5055,25.962,79.6787,8.478,120.7805,53.3204,1100.3799,8.3754,34.1511,28.1221,9.0512,8.1321,133.9681,58.9394,1.3941,23.8315,0.0,0.6828,7.691,18.7977,0.2474,3.971,75.3269,0.0,0.0,0.2336,0.2306,4.6254,41.6894,0.1231,8.5505,0.7171,37.1684,1.9657,56.9768,293.7855,2.9547,0.0,8.3974,47.4577,2.6852,16.9128,6.4814,119.321,23.0189,2.6535,0.4149,78.5713,6.5245,55.8128,15.1164,10.5397,49.5159,29.0858,8.912,21.6911,16.4401,0.3546,0.6037,14.9227,34.3141,3.6996,0.152,0.1479,0.0,18.3006,61.0024,12.7641,3.7353,5.8037,58.6598,12.5099,0.0,78.2872,80.3626,269.1598
2.4332,76.7764,145.1299,12.3686,298.1243,137.548,135.1205,3.575,70.2791,1.3409,27.5948,48.6786,19.9264,49.3973,24.0164,0.8116,5.7398,126.567,11.8007,54.3051,25.8039,17.9681,1.4146,0.3707,22.7283,56.5559,62.8037,15.6421,3.796,0.0,2.9362,22.9951,20.4878,116.7507,0.0147,52.7302,5.5067,49.3773,0.0253,63.267,40.2754,111.2106,87.7127,33.3026,32.5247,0.1891,33.9729,37.4558,89.7321,893.5202,50.3902,34.728,23.6277,32.084,0.2451,0.3112,0.0,0.0,0.037,0.0,0.5791,2.4228,0.0,0.0347,0.3277,0.1056,0.0482,0.0,3.7517,139.3223,37.8333,123.2956,0.5587,0.1106,4.993,1.2275,0.234,15.9291,695.4294,3.8443,0.636,56.6261,30.0836,62.2275,4.1703,15.7406,0.0,0.0,0.2397,10.1899,0.4624,3.4358,2.2761,0.021,146.7048,0.0,15.3142,2868.3477,41.8701,170.4461,19.7021,0.2959,69.1185,8.2612,42.7397,93.9622,21.0656,30.0401,56.7272,981.1764,1091.4191,0.3009,15.5793,0.0,5.6705,19.8799,8.3621,1.0728,68.6014,72.3779,0.4589,24.4705,15.2003,76.9467,27.7724,50.045,49.3531,48.7106,280.7003,484.8206,39.4211,29.8167,184.3843,1.1679,9.3072,3.3805,67.524,17.508,28.6467,274.1465,36.7136,51.7204,35.1465,5.4476,40.1937,12.7955,30.508,26.6478,41.357,30.9067,11.9192,10.9868,31.1379,28.2996,45.3238,16.5896,10.8295,90.9837,30.9087,24.4376,585.0527,15.7094,330.0185,41.8169,0.3412,3.1674,0.68,5.7483,6.2274,1.6623,41.7586,15.5079,8.6301,6.9603,7.8899,19.1929,17.2264,3.0872,12.3382,0.1505,18.6005,4.1323,11.8403,23.5941,61.0773,11.0504,4.1043,46.6138,15.1483,4.767,3.9274,0.098,55.428,60.8297,6.4932,12.8766,0.2369,34.2545,77.1714,19.6882,2.1621,16.0823,11.446,34.5011,113.2983,320.0568,65.1462,52.8161,20.4402,14.1127,52.4674,50.6681,7.72,18.3449,12.1579,14.8344,56.1319,7.1981,65.8083,0.0484,109.3158,35.0889,41.0679,55.7329,0.2475,13.0064,0.0,2.1416,1.8471,10.2187,231.0244,1.864,1.1449,23.5329,23.6723,29.1055,4.7551,2.7132,114.2986,88.5635,12.8809,26.0819,16.2243,19.0743,225.5595,3.7936,10.5564,14.4454,77.898,0.3852,5.1422,27.7373,15.9587,76.8229,65.0249,52.058,439.7663,17.8275,35.3991,20.63,10.8497,4.874,97.0234,84.8982,2.4615,21.2885,0.3666,2.3927,4.7348,3.9254,0.3874,0.3186,21.4972,0.0,0.2588,0.512,2.1064,12.7897,19.8132,0.0482,0.1978,1.0088,34.056,2.1736,38.8841,134.6527,1.4823,0.0,4.6853,16.0943,10.5525,13.7801,7.3467,103.3645,4.8603,0.4131,2.8894,31.0077,30.0406,38.3976,12.871,12.7853,25.4232,14.6735,9.1607,7.8595,29.7585,0.2132,1.1652,10.7023,12.4831,6.0429,0.3888,2.1609,0.0666,0.1479,4.7786,31.0262,4.576,11.7367,66.9822,0.918,0.0,48.8506,50.8274,182.6479
1.503,13.6889,81.8404,0.8045,29.7438,142.2624,2.432,0.2361,5.3706,3.0597,21.0196,21.7495,6.6533,17.9221,24.0066,0.0909,0.4085,11.2382,21.1071,156.069,22.4457,11.6688,7.3587,0.0107,4.0543,61.9396,36.0997,29.4641,16.4894,0.0,3.9763,19.6795,15.3286,82.0988,0.0,239.2554,7.4692,14.9646,0.0151,53.0328,10.8222,16.7127,16.7485,1.6024,12.7817,6.1671,10.3469,6.2606,56.0641,27.6946,20.743,15.3856,16.1934,5.7783,2.3566,0.2202,0.0619,0.0,0.1327,0.0,9.3869,1.3307,0.0615,0.171,0.137,0.1217,0.1966,0.191,3.0225,11.9601,0.7872,89.445,2.3214,0.0425,1.6529,0.1435,0.1048,162.9385,71.9228,1.7888,3.1491,66.8382,6.1817,9.0698,1.9212,19.4651,1.1891,0.0,0.0,5.6433,0.0,0.4767,0.3604,0.1631,63.1826,0.0535,4.0459,2456.0605,17.2856,118.0128,13.3944,1.55,64.7978,1.527,16.2938,69.5883,27.6883,19.7563,94.1897,674.1019,780.06,0.5515,4.1734,0.0,22.4836,26.0342,1.5428,14.2286,928.7717,4.0316,0.1086,9.1823,1.5543,73.704,109.7038,62.743,31.1168,17.59,52.2252,52.9277,8.206,24.1629,535.8812,1.5171,0.3089,5.7683,10.9609,4.6593,55.1244,99.2845,28.5909,99.4264,17.6608,6.9214,6.0654,15.2787,19.853,7.1959,78.2815,79.2921,2.42,18.793,47.5329,48.1217,84.1712,17.7106,7.9878,56.3452,18.1113,17.4902,143.7515,0.4248,0.3617,194.2904,0.5732,1.1688,0.0914,9.5119,4.0609,5.8859,6.3209,15.0821,3.744,8.6364,3.4137,10.4263,8.182,3.5094,5.0974,0.0193,5.7727,1.7028,2.4361,5.023,128.5832,0.5347,2.3843,14.0358,58.0067,3.8714,1.0532,0.0,55.128,41.528,10.2293,16.0706,0.098,36.3209,35.2822,28.7653,0.7577,16.0294,11.9007,29.5863,72.5062,299.6826,33.8615,78.5923,10.5454,21.9686,76.0299,107.8565,1.3784,14.2169,2.179,54.3034,139.0208,0.8911,44.8544,0.217,49.8582,13.6656,16.7091,32.616,0.2218,109.2663,0.858,1.4631,2.048,7.9899,93.095,14.8091,1.005,10.4207,12.4678,35.5896,3.8877,1.4138,64.8244,39.7716,13.7217,11.3853,7.6563,128.5426,518.4052,0.7489,6.8626,5.9872,65.0545,2.8768,9.9779,20.206,39.7387,25.9328,97.5396,13.4084,229.0765,2.4442,11.4245,6.7424,6.526,2.973,63.3151,116.5197,5.3246,25.4436,0.0411,7.6189,3.2872,31.7847,0.3471,0.022,12.3341,0.0,0.0928,0.1912,1.6779,0.2009,3.8988,0.0144,0.2176,0.3373,14.0021,0.606,22.9566,180.2833,32.255,0.0422,9.8987,8.7487,2.3784,3.924,4.3353,73.4725,10.3347,1.3573,6.8341,1.459,3.3794,70.2606,12.6602,7.0406,35.3541,3.0521,4.8627,5.0816,20.3714,0.1764,0.0746,3.2422,6.4445,10.0154,0.1991,0.0605,0.0,0.0884,0.0996,8.2038,3.0968,6.1976,117.2242,0.6941,0.1092,191.8029,105.0768,43.462
2.0082,27.2849,68.6174,4.062,211.1531,45.3584,232.0059,0.4013,45.0913,0.5272,35.681,20.9819,15.409,31.9702,32.5378,38.2954,1.3569,41.2146,16.333,98.0191,23.2026,11.1968,0.2451,0.0567,22.0011,68.9455,104.8315,12.6167,10.7007,0.0,1.233,23.5944,20.3138,191.0287,0.0,61.8818,2.6452,34.9698,0.0064,29.2765,19.303,231.4131,35.9693,11.5132,16.1743,1.0729,31.7708,29.5554,86.8271,11.3704,35.424,15.8618,14.2907,10.8057,0.3211,0.2702,0.0,0.0,0.0,0.0174,0.3907,0.2519,0.0781,0.0822,0.1201,0.143,0.0659,0.012,0.8707,165.1422,19.4595,257.8136,0.5585,0.0539,12.506,0.3541,0.3179,15.685,137.4388,1.7126,2.864,36.1429,17.8716,33.8065,2.1545,24.9241,0.0,0.0156,0.1515,7.2152,0.1338,5.7257,0.9117,0.0398,66.4131,0.0075,18.9903,3354.0974,32.3158,214.5413,33.2658,0.2589,137.7384,11.0183,86.4044,39.7843,10.497,34.7972,79.0429,658.3645,858.0923,0.0933,2.6485,0.0,19.9487,14.0881,11.8307,0.3559,4.3506,137.1972,0.2347,10.2609,0.3214,25.9947,24.0641,40.7555,48.904,29.596,94.9415,574.5261,1.2707,27.1737,294.8011,0.7028,23.4856,2.1613,19.0881,3.6732,13.6009,468.1137,84.1277,60.8166,24.4615,7.8521,62.4128,12.816,31.8053,16.5144,19.0817,21.4287,2.7361,18.3172,1.0674,13.7606,19.913,11.6087,17.5843,62.0882,54.2396,27.3093,102.7182,11.3794,2.8026,49.1342,0.097,8.3551,0.0387,1.2823,3.1516,1.0644,27.9432,7.9113,7.2779,5.1364,13.5395,23.3758,10.8267,2.5225,49.9766,0.1141,13.7358,2.3107,12.1096,63.9464,96.0895,2.1401,14.6384,45.1222,0.3851,1.0053,2.3459,0.0124,67.495,43.081,10.7325,17.4583,3.2691,68.6115,106.763,13.1061,1.1476,21.5368,2.8212,24.2431,65.247,452.6864,56.6371,5.2704,24.2314,24.6892,49.8076,145.7586,4.3629,3.8768,22.8086,14.4073,4.198,2.4539,45.3958,0.1071,24.7984,16.6776,44.5025,24.1484,0.0547,24.6706,0.0476,0.0362,1.3294,7.7656,661.7669,0.9853,8.2738,20.6964,20.3453,32.1976,4.2045,8.2969,402.4391,73.0181,15.8575,18.114,13.4775,33.6006,240.2321,2.1366,10.9487,2.6785,110.0926,0.3651,1.8852,23.657,7.6323,76.0969,89.4356,43.9276,288.4395,7.8684,29.7815,14.6967,5.9255,8.225,38.6865,62.593,1.424,17.7431,0.139,1.7806,1.9283,236.6031,0.4651,0.1394,30.5683,0.0,0.1472,0.2265,0.2041,6.4337,43.1439,0.0244,0.1364,0.3225,5.8253,0.3418,55.719,147.6788,2.3128,0.0089,3.8207,16.3632,0.6521,7.4585,1.3044,66.201,4.3397,0.3028,0.018,5.5695,13.8841,79.7717,22.8891,9.8066,33.2731,18.4989,8.9855,12.1506,17.3779,0.1741,0.351,8.0884,19.2417,17.7869,0.1895,0.0832,0.0,0.1682,3.1881,36.5892,6.4274,9.5313,32.798,2.0041,0.4159,52.8147,30.8124,159.6437
19.5262,38.845,136.4695,62.6272,136.2297,55.6739,89.7522,0.7754,12.6161,11.9064,27.9537,55.1824,5.0569,37.672,20.6623,2.5763,1.6741,8.0204,21.5232,61.0271,380.4341,247.4434,1.831,1.0411,31.2579,97.4569,63.2126,106.4382,24.1795,0.0,10.9549,23.2034,22.0938,173.1859,0.1069,99.6188,22.2685,62.1717,0.235,81.3511,27.998,86.0399,64.5124,12.753,55.5216,0.3695,43.2079,34.7128,158.8439,24.7595,27.367,20.2561,291.1063,25.9006,1.5631,3.6054,0.0,0.0,17.8116,0.0,7.8271,0.0,0.3598,0.5034,0.317,2.1898,2.5177,0.2578,31.0352,0.9966,3.8069,87.2767,0.3686,0.2103,12.5269,1.5813,0.1886,724.3615,225.8802,7.653,0.9761,0.7489,55.6585,86.5753,26.3882,24.2321,0.4377,0.0,0.0,8.4315,2.2369,5.3373,15.9901,6.5342,161.6485,0.0361,14.84,816.6193,61.1098,68.0206,57.9554,182.0893,174.5743,10.066,57.255,99.3277,89.101,31.3006,108.532,788.9832,2692.2023,4.8955,59.1114,0.0,11.6697,26.7383,5.5024,25.4935,100.5854,118.2321,1.0994,236.7269,1.1076,73.7888,132.9239,360.0203,63.7848,108.509,198.6912,50.1876,31.0745,30.8427,334.9339,20.2655,4.5115,119.0037,10.3588,134.8202,75.5625,285.5545,358.2901,2231.8145,25.6855,13.3271,46.8238,9.9615,24.11,12.5351,190.2105,21.219,7.9203,17.1767,159.5448,494.8741,183.6821,26.6779,16.7736,47.3145,73.2382,92.5318,376.8854,11.8328,12.8447,73.0326,7.452,30.1174,0.0,26.028,16.7095,25.5578,18.5695,130.4328,13.3824,10.4291,13.4222,17.3052,61.1835,15.3832,16.2968,0.026,35.3619,9.0713,8.391,32.5155,166.5447,0.635,4.8388,57.275,12.4595,45.0021,8.9039,1.2248,81.0409,44.1161,13.5268,15.7669,0.0598,88.4067,63.1926,14.3015,2.8956,25.9843,20.3424,27.9718,75.1224,399.7839,134.3202,34.9885,14.2308,26.0769,260.29,85.5408,3.0184,30.5044,5.7359,46.4137,137.1738,4.3844,105.7926,0.781,73.7104,18.6609,14.725,40.8462,0.1995,38.2904,0.326,0.2308,12.9103,8.7972,177.7815,2.8178,54.8157,38.001,16.5932,96.8445,4.4618,6.8349,178.2419,74.8067,39.7497,48.8448,30.8051,48.5824,245.5955,6.9148,16.1319,4.613,191.4931,35.3614,36.9518,54.4567,123.0456,115.4626,136.4276,57.4131,1036.6049,64.2283,29.9921,29.5465,9.1638,7.6278,28.329,107.9842,169.6277,39.0839,0.3325,7.1417,6.4181,16.887,1.015,18.1362,34.6367,0.0,0.0,4.8505,1.0189,0.846,6.4677,1.6706,1.3266,3.1683,9.7052,6.5909,36.5248,153.9559,0.6435,0.0285,123.6096,20.8168,2.1825,14.1144,25.1276,31.7953,21.911,6.7273,4.2389,12.9034,21.6474,180.4641,26.5722,12.7107,51.2249,10.3786,8.0675,11.1813,46.7602,1.6064,0.8303,58.425,8.2044,13.3585,1.8809,0.0,0.0806,67.1367,0.1792,19.2513,9.3915,3.5713,42.028,15.5776,3.2429,36.2881,92.9305,8.0489
5.4177,42.3248,123.681,3.747,17.8223,215.6095,0.5778,0.6345,3.2871,9.1753,22.6977,103.8788,9.0007,20.3201,24.6203,4.2994,2.183,2.8746,15.3658,120.2263,44.9426,47.6982,3.0418,2.9454,34.4541,82.3635,62.7492,32.3746,3.3702,0.0,2.6252,20.5035,53.0745,38.053,1.2555,64.1512,30.2676,77.9824,0.3845,44.1761,68.8129,65.0092,61.6056,15.0307,19.6495,0.7357,3.2544,49.0423,16.2855,30.8468,14.7318,26.3733,28.8217,1.1342,0.5474,3.278,0.0,2.8371,0.0,0.2653,0.3322,1.5809,0.4299,0.2005,0.1263,0.9265,6.6074,0.0342,62.4887,110.1562,33.1272,87.7932,0.3669,0.0914,5.6123,1.041,0.3662,99.1693,7.2725,10.5638,0.9601,16.6014,54.3082,41.2521,2.7368,11.2538,0.0,0.2376,0.2597,33.0943,8.5624,10.6448,0.6043,4.9195,92.533,0.0862,10.8029,1628.8808,129.4196,109.3039,64.9317,0.559,85.2011,6.4062,24.905,37.7163,8.8407,22.6992,82.1071,1672.6216,3030.4588,1.3041,34.4596,0.0173,2.774,12.0464,6.5294,6.8587,0.1432,58.571,0.7193,1.6652,5.7438,3.5662,10.3875,41.0036,62.6648,23.7027,14.5127,670.7532,74.5098,496.5968,316.5402,6.3625,0.7747,19.8377,39.9719,11.3499,32.7118,2.1911,198.6022,21.4941,50.9043,4.8884,23.3904,6.0911,17.9516,21.671,6.104,1.2662,2.7805,14.3548,0.4474,80.9915,101.59,66.6473,6.2737,14.3067,9.2164,89.749,80.85,0.4158,0.893,50.6507,0.1848,2.9611,0.0491,15.8764,6.8686,5.8533,87.659,20.6755,16.8621,6.1056,4.7435,17.1574,36.0674,6.4944,6.9931,0.1087,55.2441,8.356,2.0137,16.937,78.2493,0.6552,2.0412,53.0654,7.4075,2.2456,4.3755,4.4607,67.8862,39.9885,6.7792,8.7918,0.1448,51.5152,77.9812,10.3268,8.1591,16.1738,0.3807,30.1279,189.1381,121.8382,99.0811,30.3713,82.4874,19.6967,90.523,30.3905,2.8199,13.5229,4.7059,7.0529,12.0404,1.5447,32.4425,11.5234,37.9569,27.334,6.4394,23.5563,91.7633,10.9559,0.0873,5.7136,2.239,6.0533,45.178,5.1792,39.5805,20.6147,6.0926,40.2834,3.7362,5.6171,84.0388,28.5343,25.9766,48.7667,18.9021,63.827,509.4026,8.4201,9.0536,1.7121,35.9111,0.6361,5.9712,22.1647,21.0324,51.9943,170.5464,91.002,552.063,11.4278,30.0569,4.942,4.9231,5.9669,4.689,37.9299,2.9433,27.3968,0.2317,0.1103,85.8118,5.9853,1.3526,0.4249,0.0,2.3758,0.4861,1.8803,1.1497,9.0255,8.0674,1.8567,0.6366,2.567,29.9669,3.1637,28.3551,86.6599,0.8512,0.068,14.9191,24.0936,37.7938,3.6051,8.6393,6.6269,10.4502,16.2934,2.19,14.276,12.1381,36.0353,17.8324,7.2277,30.7822,15.8245,5.9721,14.473,4.1132,0.7582,8.312,11.5355,14.7422,5.7736,4.2936,12.5127,0.1444,0.7836,0.8028,30.7859,4.8145,0.6929,70.2506,1.1813,21.7495,70.4243,39.9046,34.1819
13.8568,70.8336,102.4486,35.7906,372.0415,57.0779,137.3316,0.4364,46.6167,7.3426,38.7685,31.2685,3.067,61.1141,17.1365,31.0079,0.8565,50.0283,14.1478,55.4222,190.7774,203.9302,34.4388,12.6007,28.9168,65.5115,100.0838,21.0664,26.1577,0.0,51.0081,20.2883,24.0067,158.6165,0.0,115.1917,113.3279,163.8694,0.0134,61.3,15.1573,76.61,41.7132,7.5494,13.3247,0.0,125.5417,30.4818,196.4016,71.9885,43.9997,24.245,60.4034,27.0159,3.1095,4.173,0.0,0.0,23.2452,0.0,0.6121,0.0413,0.0121,0.0642,0.0346,1.4913,0.0905,0.0125,4.9951,40.592,10.4621,116.7075,0.0805,0.1337,16.877,0.5923,0.0412,958.5844,586.2083,7.5723,4.8133,124.4027,24.0159,59.642,30.7947,20.4156,0.0,0.0,0.0422,6.2268,0.849,0.5774,4.255,9.059,120.0852,0.0315,18.029,2131.7265,31.317,108.8224,23.343,0.3548,546.2814,6.7426,107.3277,580.1774,1636.6673,26.4525,63.5451,1243.1764,1791.817,0.0867,73.567,0.0,13.4073,9.3176,0.2275,103.6187,1600.4209,172.7418,0.5583,87.9689,1.2874,531.014,130.0133,139.6404,82.5827,63.0387,214.084,1128.9761,3.5849,22.9825,351.8861,2.1462,359.2223,25.2969,114.9762,62.0946,76.6242,1398.8661,160.5291,1511.6912,30.5196,5.5361,67.8471,3.3746,24.486,14.6378,117.5958,40.7518,8.0056,14.5499,1779.5537,100.6472,638.0326,9.1626,12.768,86.7809,46.4801,93.7075,545.9864,4.5808,0.3867,82.9262,0.4282,3.1948,0.018,45.3166,62.3585,4.4236,35.53,70.1239,10.2136,20.5962,7.2343,20.7813,16.301,2.6439,5.0779,0.0341,20.1903,4.2627,11.5578,83.8178,62.5858,17.8869,7.8593,92.2806,3.2076,6.4876,1.9536,0.3108,88.8618,51.5257,10.1741,14.9603,0.0716,172.1176,105.7128,12.2257,2.224,29.32,514.3775,18.6229,100.3973,424.46,204.3073,17.8795,30.7163,13.4259,103.9055,137.6825,3.735,32.0053,7.2824,57.9265,112.6916,1.2139,65.6399,1.2458,116.0398,44.5073,54.6295,31.0965,0.0218,44.2175,0.059,0.3698,35.9877,8.5535,392.0025,2.0082,18.4364,18.9299,23.1398,46.4646,3.3617,6.5789,99.5108,114.5013,19.2367,38.129,23.2516,19.3063,316.4563,3.7484,12.464,51.8681,182.1134,60.2943,21.9103,181.5304,68.0493,38.2772,124.3321,50.596,511.836,19.5913,32.5048,18.6722,4.8631,6.6817,43.2267,64.3725,33.9149,18.5563,0.0727,1.3722,5.0599,14.7193,0.546,78.7301,42.4793,0.0,0.1094,0.4059,0.8411,1.1661,19.1858,0.0934,0.3992,33.9951,10.0412,1.0084,51.6682,147.7108,6.8298,0.0,3.666,26.3745,2.6034,14.8894,4.3831,38.6133,9.515,6.5933,1.3018,49.4292,26.1113,39.1713,14.5526,14.6278,23.8341,9.1271,6.6298,16.1253,13.4154,0.078,0.1759,8.9901,8.0126,8.8945,0.0881,0.0357,0.0,20.2468,9.5932,20.6165,1.7428,1.6942,81.4614,22.4252,1.3529,67.7615,48.3934,512.1307
29.1464,25.4455,63.8809,22.21,92.6689,268.7242,2.926,1.2937,14.5415,8.9947,30.0133,35.9802,14.8979,28.0885,24.6246,21.4391,2.2088,11.6975,7.2602,30.2825,398.1602,395.9281,2.0574,61.7355,34.9077,69.9697,43.507,12.6614,3.098,0.0,1.2108,28.2934,9.5689,125.6379,0.033,214.1388,17.8097,116.3855,0.1516,45.5489,54.3918,139.6706,13.6339,5.8031,9.0969,2.0341,84.222,21.9148,132.4809,66.985,38.544,38.19,16.3769,14.8567,0.7498,10.251,0.0,0.0262,0.0,0.0686,20.9858,0.0,0.3251,2.36,0.343,3.7793,4.3374,0.1535,111.484,54.718,52.5439,67.2428,4.7469,3.1791,24.947,0.9576,0.2041,694.8331,285.2576,0.9728,3.0174,15.6897,18.4875,113.3967,26.1947,30.9778,0.0902,0.0,0.1195,20.6436,2.966,13.9726,19.9697,0.5494,116.5458,0.5206,12.6894,525.0882,30.6983,151.0338,23.5349,46.5371,73.5842,7.6172,41.4436,24.607,3.7084,19.8031,10.1572,702.6139,1782.5812,0.6748,18.2962,0.1431,13.3136,26.1214,0.1839,0.0,4.0024,28.1696,5.8066,21.5215,1.049,52.4755,50.5929,111.0633,71.5444,51.1134,319.1489,327.4527,3.6394,36.8026,374.5554,20.123,9.7477,56.8219,158.4321,36.3375,521.0959,54.6028,216.6244,14.4748,46.2491,6.3281,35.9116,24.4507,47.3161,10.1683,41.7175,27.3732,6.5443,23.3206,0.7578,236.7076,5.9319,10.5221,8.9998,29.1066,26.3971,29.8529,159.2318,21.845,1.6033,40.8548,0.1275,5.4172,5.3639,43.3967,13.7392,7.6396,38.6643,57.1932,17.8614,6.6335,3.9873,10.1061,4.2451,1.2823,40.6797,0.1286,46.5189,2.3698,8.2266,28.824,57.2991,5.0321,1.8196,48.7949,4.2997,41.1054,12.2785,0.0977,55.4737,63.2776,9.7951,15.3998,3.5723,42.2837,65.7742,20.2095,3.1606,24.9924,4.1921,40.9987,39.3548,393.1165,10.2609,32.5593,6.0806,21.6598,70.0157,67.1045,4.4699,65.1313,38.5588,19.1383,106.8172,5.8554,44.7481,0.3501,41.0627,10.2889,36.8879,75.4807,0.4317,11.0196,0.9243,0.3012,2.9258,3.0751,54.9239,19.4306,86.3819,41.8876,22.7263,9.4364,6.2002,1.0434,32.9694,71.271,36.6789,55.4846,12.9661,26.3019,359.2369,2.3266,13.6548,6.6151,32.9716,16.0876,59.2728,21.6743,37.9749,42.5695,20.6508,45.8482,451.2843,13.9961,17.5686,8.9481,23.6271,6.0632,6.9688,127.1168,13.1999,48.869,0.1028,0.4377,6.4575,20.8222,6.4681,0.8977,9.0652,0.125,0.0387,2.5202,9.9739,25.9709,6.174,0.0961,8.0401,0.7542,1.7918,3.202,37.1624,101.9954,9.349,0.0,53.5623,27.1374,32.7806,30.8962,27.1942,56.95,123.3989,4.0973,0.9208,40.4297,17.5706,28.6794,7.6297,11.2125,17.3069,15.2557,5.0115,17.8311,13.5433,8.0431,4.2001,8.306,11.0373,3.2549,0.5814,0.5806,0.0996,0.1843,1.634,3.3379,4.4954,1.2077,19.7958,13.8024,1.367,32.4442,55.6789,84.6206
57.6577,15.9442,16.5555,22.2713,737.7535,29.8675,0.788,4.2047,7.1309,0.2214,20.9718,19.0479,3.1004,58.0422,23.9334,0.7963,1.1585,14.1265,18.0696,5.4247,235.9004,322.3535,2.253,302.7378,48.4004,91.5538,54.527,20.867,2.3005,0.0,4.6109,20.0554,21.963,208.1425,4.5039,77.939,51.404,103.8505,0.1393,61.7528,23.4138,110.2734,2.4427,0.0889,6.4238,0.4845,103.1223,51.4194,165.5905,27.9872,53.7506,24.8841,58.3229,3.5681,12.055,29.0465,0.7667,0.3185,21.1819,0.0618,35.5181,0.0263,0.7006,5.3327,0.0073,19.9895,4.6576,0.7781,106.0983,1.055,34.2117,118.5577,14.8142,0.1329,30.4404,0.1795,0.1968,1866.3283,818.0878,1.7608,0.5431,0.4166,33.2059,243.9398,1.4128,37.8113,0.0,0.0277,0.2419,8.2875,1.0644,15.1127,11.3608,0.1154,74.1384,18.3309,13.6795,205.043,18.6178,43.7357,15.1792,2.8978,165.1093,20.9481,30.0463,30.5463,19.3575,22.7634,0.2153,1301.8629,1465.1128,0.9109,26.6625,0.0,6.5191,8.0022,0.1448,106.8425,17.3916,24.8099,3.5534,10.3076,0.4589,41.1547,108.1381,310.2595,54.4333,68.693,533.8904,43.0381,62.2598,47.0485,359.3816,26.6149,3.7546,186.8746,109.8689,36.0171,495.6096,1.2131,390.3935,25.4117,37.8497,10.2176,23.7692,25.7298,16.7966,11.1576,7.3335,98.1706,51.5613,15.7488,0.322,191.6542,1.5822,4.0218,11.847,232.8514,40.3111,46.474,211.6142,11.7538,0.8148,23.9489,0.3515,0.4666,0.5262,27.6118,26.6728,36.4936,17.1659,74.9462,11.6182,2.9397,11.1445,20.917,12.7042,1.178,88.7975,0.0506,30.8992,2.5206,6.3259,18.3254,126.8506,0.4737,21.7304,50.8123,1.309,47.1065,24.3997,0.1978,145.2169,52.5877,10.995,28.7377,1.5153,43.0898,49.5436,20.5908,2.9462,47.986,35.5687,27.812,10.6072,286.909,8.8046,2.1037,0.5569,28.3599,36.8128,61.1815,4.8425,53.6126,36.0317,34.3576,149.8003,9.1797,84.0178,15.3433,24.4893,17.0529,34.9046,30.7528,13.527,8.0159,0.4003,0.0285,11.0581,1.3772,14.6538,5.5953,25.3481,32.7764,48.8228,17.2946,7.5058,0.2683,38.6107,109.2485,21.0411,78.0729,23.1153,26.1583,196.2829,2.0049,14.4762,0.7137,66.0558,36.6494,18.3277,89.9266,165.7485,14.0432,19.6944,45.3545,187.4434,15.581,7.1511,19.6625,14.4215,10.3566,19.411,221.9408,18.5601,11.353,0.0771,0.8563,0.9014,7.2602,5.3428,0.0082,0.0367,0.0,0.0174,1.5789,5.8576,3.9796,55.997,0.1513,48.3838,0.0912,9.616,13.3999,60.7141,267.455,0.1151,0.0238,29.2424,15.4499,9.0354,20.3623,18.2199,33.3576,145.7581,19.3342,0.7489,90.1806,7.1885,21.4811,3.7164,8.6091,32.3036,32.0146,2.8884,19.0652,2.3301,7.591,4.2626,22.9716,7.8905,5.0056,4.877,0.0454,0.2465,1.4098,0.0,3.1251,6.6578,0.6198,4.2943,14.5053,0.6151,28.0129,43.8733,0.8993
10.7996,24.9634,61.3274,29.6808,246.6145,94.9406,8.3553,7.0292,58.0944,8.1432,66.9773,53.2649,12.2122,39.8748,15.9628,5.3272,0.6252,23.5471,15.8932,59.8638,126.4924,138.6571,0.4439,29.3204,31.2984,89.3515,88.8648,7.884,2.4189,0.0,0.9338,26.3672,22.3539,193.9524,1.4976,79.9352,2.6821,31.3449,0.2864,74.6997,48.7511,104.1878,45.9118,20.6728,15.636,0.1826,66.9413,30.8371,62.7691,74.0309,41.3377,16.2908,18.5812,1.3465,6.714,1.1001,0.0,0.0,0.0813,0.0,0.5452,0.1962,0.1437,0.0435,1.3301,0.9187,0.2855,0.1437,3.3109,233.5854,56.3417,192.9278,0.1913,0.4068,11.0152,0.1842,0.1469,161.4835,827.2539,0.6311,1.4584,44.3942,20.5313,33.4689,5.3824,16.8954,0.0379,0.258,0.3761,11.7055,6.645,13.9766,5.6538,5.3988,120.4679,0.2497,26.7662,2117.5643,25.7393,177.1647,27.6713,0.1071,247.3781,24.9233,81.9587,38.118,3.9934,15.3237,90.5274,1985.3685,2742.2848,0.0343,18.5773,0.0751,2.2853,10.1889,0.3859,2.5924,15.3999,410.0138,0.2554,133.4573,0.8195,120.1276,55.887,50.0055,43.2133,37.423,329.4123,1852.4074,1.9659,35.8617,256.6092,2.078,82.2928,10.1379,80.8438,24.7428,49.78,467.4262,60.7833,260.0478,18.9376,6.9302,24.4436,7.6064,36.3038,8.6657,33.8934,9.5309,1.1689,13.6431,460.8139,105.8776,23.2887,16.5662,16.3654,137.5371,22.3574,26.7163,176.0093,4.7812,0.3009,85.9689,0.1204,5.3403,0.4482,27.4535,17.1177,13.6732,18.8444,32.2074,15.3692,15.4821,8.2589,24.4303,14.4089,0.5113,24.7057,0.1349,27.4789,13.5409,48.939,29.8485,131.6047,17.1822,3.1457,102.0716,0.2918,6.2146,1.6581,0.4921,106.9607,63.0506,10.1887,15.5961,1.6751,33.7151,70.8431,11.0114,1.8593,25.6189,9.5523,27.2405,43.1085,330.244,12.3136,232.239,21.2315,12.0592,92.3317,140.8467,2.614,17.6383,2.5059,93.4108,77.7045,0.8174,48.8457,1.5606,69.3919,35.9561,56.8761,42.8277,0.673,56.9552,0.3267,0.3726,16.4663,19.4578,741.8829,7.7847,15.9259,17.6003,19.5398,8.2974,3.7277,7.7748,208.0599,105.8722,7.8516,17.5821,23.7531,26.8663,449.8583,5.4798,13.6441,28.0925,99.2363,5.1121,7.5219,49.6343,30.9137,109.2479,86.4009,39.3523,512.3647,3.0969,17.3336,18.5613,3.7369,6.2382,41.1931,80.1592,8.7372,16.4244,0.0288,0.7509,7.8377,24.0631,2.715,4.5064,67.2442,0.1399,0.1624,5.5705,5.1413,3.6084,36.4376,0.1512,1.1795,4.262,12.4491,1.4451,53.9052,206.0523,77.2196,0.0148,2.3164,26.1643,2.9985,20.9356,5.1109,60.6611,27.6356,3.7508,0.446,28.4069,16.4581,30.5397,13.8103,9.1616,35.4699,13.5981,4.9684,7.3603,19.3443,0.3397,1.5671,17.2866,15.5905,4.4861,0.2092,0.106,0.2091,157.6964,6.2775,15.7656,4.8226,3.612,40.1068,6.4013,0.0383,58.4609,39.7499,415.6965
1.4846,39.6507,75.2003,4.6906,334.7634,86.2023,211.2789,0.4183,102.0325,0.9164,53.7477,37.3471,15.4678,18.7481,21.4885,3.5426,0.4623,41.6935,7.9144,107.4211,8.6418,7.5726,0.5263,0.0498,9.5045,54.6181,60.2372,60.4188,7.7791,0.0,4.6554,25.7328,4.9056,137.6376,0.0,35.9214,5.5917,55.6379,0.0251,35.4474,22.1241,49.1533,38.5565,7.523,5.1933,0.0433,24.5192,11.6902,40.275,40.5678,15.5596,20.5805,44.6049,27.3807,0.1592,0.9653,0.0,0.0,0.0,0.0,0.1419,0.0465,0.0136,0.0723,0.013,0.0269,0.0223,0.0047,0.6948,170.7007,7.2337,160.7319,0.4535,0.0188,11.3449,1.1754,0.0696,12.6552,75.5585,6.7329,3.1352,40.4644,15.0721,21.688,5.629,8.3237,0.1077,0.0,0.0238,4.2943,0.029,0.0428,2.4177,0.0542,133.9588,0.0,9.4559,1055.3044,18.3562,198.7852,15.2003,0.3184,78.8869,4.3864,125.7635,48.9342,71.3517,21.6853,70.9277,564.2022,733.1314,0.0895,5.7433,0.0,4.5123,16.354,29.3527,1.8519,4.1602,69.7637,3.6438,13.6374,0.1276,53.6677,42.3696,14.2459,85.0114,35.6692,205.1126,462.9142,0.3206,18.2985,227.6625,0.5485,20.6603,1.5271,21.0514,8.3323,4.8596,308.7862,39.9218,84.8265,24.8654,6.0501,28.3861,10.8383,32.371,28.0743,21.0055,10.5507,1.3395,5.9348,3.888,27.2754,79.6079,7.7396,9.1239,46.3326,50.9151,57.2331,519.3002,5.6026,0.5256,42.8654,0.1777,5.8409,0.2429,12.0474,3.6903,0.8373,28.9624,6.759,8.1521,14.5236,3.874,19.7992,26.7147,7.274,23.2272,0.0256,14.4955,5.0874,8.5326,24.3666,126.1803,36.8099,2.0993,18.8833,0.9469,1.5488,5.6382,0.0,42.0598,51.8376,6.1528,14.1566,0.2557,35.7325,101.4616,39.6448,0.7069,6.3681,1.7817,25.6133,105.464,576.656,236.702,15.7867,11.4173,8.0509,56.2421,84.9927,4.8544,6.9781,18.1549,19.4982,39.2264,4.2585,47.1473,0.6631,56.114,21.7344,39.6688,30.2084,0.0,49.8752,0.0609,0.0,31.4935,7.5882,211.2201,3.0086,7.2181,15.8223,7.9107,111.107,2.6049,1.5738,301.714,82.7365,42.5272,26.6382,13.101,69.302,812.8997,1.6494,3.9114,20.1262,101.8251,2.5879,12.2815,23.5119,17.0121,45.7056,77.2029,19.8934,421.2903,22.5815,54.8503,13.9455,4.9352,6.5907,8.5696,134.5381,2.501,13.7392,0.5182,0.7879,3.1281,10.076,0.6149,0.0438,79.5863,0.0,0.0616,0.7874,0.2786,1.5696,4.5031,0.0,0.0803,0.242,6.3537,0.3115,17.4412,125.6617,26.5831,0.0,29.1981,14.9005,0.9226,20.9665,1.4935,93.2504,7.9774,17.6384,3.1015,19.9184,38.4911,72.6475,14.274,14.8824,18.4432,21.7914,12.0838,5.7828,11.3511,0.083,0.2229,5.5418,8.0013,9.4374,0.1323,0.0201,0.0,0.1174,15.6776,18.2267,4.0764,4.3871,56.9753,4.3888,0.0726,85.9317,53.2334,206.3905
5.1757,26.9075,88.1581,9.9003,113.1043,85.3026,1.2194,0.498,2.6462,29.8263,28.7423,18.3277,4.2118,17.9318,25.5641,5.8638,1.5088,18.9698,6.1978,134.2787,170.4838,148.1424,0.199,2.0335,14.3792,50.5058,82.139,20.6927,5.8752,0.0,3.3106,20.6996,17.1592,127.5513,0.0982,69.2983,9.1319,110.4346,0.0394,77.3371,44.6258,43.3404,60.7289,11.4241,14.7326,0.3105,6.3344,21.0751,27.421,36.5471,17.9113,20.5087,30.2538,1.5188,4.236,17.0763,0.3685,85.666,0.0247,0.1837,3.8282,18.2442,0.1679,0.3355,0.0729,1.4693,1.9132,0.0369,109.9902,95.2572,15.9561,102.4697,0.3049,0.2003,4.7217,0.267,0.13,424.8545,65.3303,7.3664,0.4894,17.805,60.8622,30.5865,23.4652,13.9845,0.0402,0.0548,0.1865,11.5269,22.6765,17.6994,3.1058,7.6694,112.5515,0.2985,7.4139,1492.052,89.9245,230.7365,55.0233,13.1524,33.5106,2.0111,45.4746,12.7721,1.3685,16.0776,94.9737,1378.6738,2434.367,1.1766,10.5818,0.4149,4.0208,7.4502,0.7792,23.3256,18.0172,43.6725,0.4793,7.1994,4.614,11.161,16.3347,36.758,62.2307,23.7308,110.3754,103.3904,4.5638,38.8426,299.1275,13.3918,5.4564,47.872,28.6112,63.6044,73.9978,40.6015,202.5322,23.9005,22.2127,3.5053,16.2716,7.4623,24.8663,25.3795,5.0514,6.0599,2.2047,16.2062,45.1777,265.9726,84.2224,37.1342,9.5563,58.195,11.9777,168.7968,153.0024,8.9871,3.1129,56.5497,0.5404,4.4182,0.3855,111.8225,31.9477,12.3508,43.9204,96.6453,4.7983,49.6863,2.4287,18.0966,19.2149,0.8103,3.5937,0.043,40.8457,2.2026,5.0478,14.1181,64.4586,4.9187,0.7291,29.1461,3.0522,3.59,1.7485,5.4692,49.0787,68.0881,9.679,10.5636,0.2692,35.2283,86.8443,10.5309,7.5156,13.1468,5.7641,19.5579,282.315,269.2155,34.7067,198.2392,42.5539,13.3877,83.9258,52.1623,2.0421,23.8148,8.0686,3.3248,34.4677,1.2149,27.6335,2.2936,58.8345,14.8716,8.1025,28.6998,2.008,11.3708,1.7731,1.0324,12.9873,3.9742,484.6174,31.2239,49.8033,7.7249,6.1044,27.213,2.1037,2.5669,26.3045,53.7446,14.367,17.7058,7.3517,52.0716,671.3708,17.9603,10.0391,1.3849,92.0253,2.3368,54.7032,15.9496,27.4682,32.8888,91.6939,30.0273,1277.3106,6.499,27.4467,8.3305,4.1104,4.0793,25.1535,45.2006,7.5859,37.3275,0.1834,1.9863,31.9258,5.1016,2.3683,2.4679,0.3351,1.673,0.4143,1.5652,15.141,4.1275,8.0211,0.8464,0.3958,0.7833,100.75,4.0484,21.9071,86.7219,0.5577,0.5183,89.0152,24.6993,33.5048,9.1907,12.9261,7.6842,33.49,34.6587,3.633,47.3583,3.1518,78.3854,10.3114,9.1313,21.1283,3.6624,3.7893,4.2269,11.8961,3.9211,44.7669,6.3167,7.0526,3.0336,15.4114,22.9016,2.488,18.0856,1.5318,67.7032,4.542,0.8249,101.4873,1.3968,36.2577,49.9846,58.7999,134.176
6.5258,15.9119,48.3847,10.2276,54.5671,80.7814,7.0944,0.4415,17.8412,6.552,35.6669,22.4956,8.2312,34.664,30.2234,12.3968,2.508,12.3438,19.3694,16.6511,113.0621,69.7101,7.2455,0.9721,27.1433,62.5105,57.1836,73.7636,15.7418,0.0,11.3472,19.703,25.8268,303.6917,0.0,135.7982,45.8764,27.3198,0.1561,26.4343,12.6257,31.0308,10.7034,1.9974,15.9948,1.5163,14.6622,34.7773,303.6218,57.3747,24.4719,12.5607,108.5912,85.6251,2.3884,2.7605,0.051,0.0,0.041,0.0,12.4251,0.0,0.3552,0.4615,0.0807,0.3011,0.9414,0.7935,10.3579,14.4159,8.2461,63.4032,16.2556,0.0584,29.2753,2.9782,0.1729,386.0815,553.5773,11.8355,8.4186,41.8534,13.0364,53.626,6.1429,38.4605,0.2229,0.0,0.0591,10.1529,3.0581,2.6882,2.5561,0.15,109.9977,0.0294,11.7551,983.4134,14.4664,176.1568,25.3313,18.251,156.7478,11.7174,25.394,64.0011,60.0321,58.2206,6.257,569.7263,1909.7253,0.6065,23.8007,0.0,10.7058,12.5255,2.3632,8.0086,25.9385,46.6622,7.2634,29.5245,0.5185,77.2083,81.7891,117.739,84.9292,49.2497,380.1293,211.993,190.7464,39.2467,377.9291,29.0798,18.6954,21.2961,42.5497,31.1931,68.5504,129.0711,106.0661,46.5031,47.5405,9.8026,65.491,17.2833,25.1054,88.8237,15.4088,65.5436,9.7618,15.6544,5.0357,190.1335,38.5563,8.6084,9.5282,31.0649,60.8088,46.426,539.915,2.7777,2.0325,68.3951,0.2364,7.5128,0.2262,106.7498,23.651,24.4015,13.5407,74.4178,12.2566,2.2472,7.4589,41.6682,17.7321,11.6837,27.1365,0.0477,36.9078,7.7214,3.4955,22.106,72.6373,1.9934,2.1494,31.0483,15.2481,11.3996,9.2801,3.3565,72.4438,49.007,15.5341,32.2985,0.3637,78.4117,40.6457,11.2861,8.2191,33.763,11.8096,45.6762,43.979,310.6768,86.873,5.3461,2.2342,23.6894,73.4109,97.604,3.5823,21.2033,6.8117,44.5841,129.4781,7.8568,59.1135,19.9284,84.6671,22.5086,18.0671,34.4364,0.6706,13.7147,1.0169,3.2128,33.228,2.5019,26.4664,12.6381,6.2514,33.6735,32.2542,57.983,4.6382,1.1725,169.7161,111.8525,18.9662,40.2753,37.0261,58.5871,239.9577,10.7036,20.6928,17.9005,55.7413,3.1591,10.7581,42.2287,175.2778,44.0203,89.9089,40.7154,782.0935,14.7893,45.9942,12.2301,17.4113,7.4471,59.0076,80.6129,6.7129,20.1465,0.4064,9.7456,5.9608,12.2819,0.1432,0.1449,12.0459,0.0,0.4591,0.7254,4.5322,2.3931,6.8204,0.5105,22.7219,0.8013,24.9034,8.2707,78.9445,368.9377,1.0394,0.2437,9.1508,19.1658,15.3009,19.4898,14.3803,55.7552,13.6041,4.8647,0.7702,43.0044,23.7324,44.5654,17.1464,7.1302,23.9127,13.4737,5.4969,16.0097,23.0274,2.2,0.5382,12.2084,11.5197,2.9776,7.1026,0.1248,0.0,0.328,0.5202,2.1332,4.2289,1.4924,44.5211,6.6369,0.6757,37.0349,40.3491,195.2665
3.0117,35.225,53.6164,1.5993,464.2605,63.5295,90.8161,1.6654,75.8001,0.3504,37.3182,44.3326,22.0499,46.5675,28.0083,6.0535,4.2578,413.278,9.4283,59.5583,45.4305,71.395,2.7874,0.3163,44.354,57.9657,98.3461,8.6451,14.4121,0.0,1.0102,49.5082,26.9372,372.304,0.026,209.4973,19.1718,71.8925,0.0,70.2635,17.4367,81.2527,114.4967,10.4284,25.91,1.7578,38.4754,50.2993,141.348,197.1334,56.5719,38.2813,70.7772,25.3552,1.0219,0.5345,0.0,0.0,0.0326,0.0,0.1953,0.0,0.8275,0.0,0.1156,3.6327,0.0094,0.007,16.9767,106.3082,51.7109,134.8916,0.0448,0.2091,27.6835,0.0471,0.3439,31.653,1213.2651,1.2908,8.5632,120.6837,38.1807,93.449,26.7012,37.1764,0.0532,1.7399,0.5285,36.7832,0.2576,7.1374,10.5395,0.4012,113.6418,0.2105,21.6758,1042.6677,50.5563,180.9331,41.9998,0.281,113.0318,13.2643,71.5282,47.7903,27.7024,30.092,63.8526,1151.0494,1663.5555,1.399,11.6888,0.0211,9.5273,37.1175,2.5484,2.7909,58.5732,42.7214,0.0687,31.297,12.4077,97.6401,52.5425,60.7611,101.8565,52.13,642.0945,779.5912,6.1048,20.6892,494.7462,1.3039,34.5665,13.4435,196.212,23.2198,212.8328,360.351,178.5897,446.7312,43.835,6.1877,47.1306,11.4553,31.0487,11.0402,26.2422,18.3594,4.1332,42.8318,7.3489,32.4638,17.8897,22.7604,15.9596,37.3417,56.1762,49.6615,257.8213,18.0632,0.2892,88.5714,0.7521,1.8438,0.03,24.0961,26.2326,2.0195,39.9626,11.9199,9.9292,1.6357,5.5628,37.9696,11.5595,0.6806,33.5262,0.1516,39.8255,1.8513,4.962,62.2653,81.8313,17.385,8.3483,75.8232,0.0863,8.6616,0.558,0.0864,118.0804,74.0492,8.9534,17.9564,0.6131,75.7659,130.1374,23.1495,2.7546,21.4855,44.52,33.0672,73.8468,408.1799,47.9069,48.5694,11.4562,53.5087,78.8646,71.3954,10.1862,79.0716,4.0768,51.7185,30.8348,3.1351,94.1048,2.0787,105.1686,54.7347,46.4186,82.4245,0.0364,65.4974,0.2213,0.374,0.7178,11.7149,999.8871,14.731,34.8004,24.2823,35.2151,8.7315,3.1617,7.6749,234.5768,162.3565,35.9382,34.6451,18.1443,28.2858,401.6094,10.1331,12.6349,23.7459,17.6609,61.0513,14.8594,43.5263,52.7354,75.4714,80.441,69.7213,413.8045,11.7199,47.3193,30.0811,8.5156,13.388,177.9641,108.3025,0.1123,82.879,0.1616,0.9203,7.6626,14.4896,17.8773,19.1029,57.6815,0.0,0.5478,1.4299,0.7843,0.8226,24.8279,0.0142,0.341,93.2889,6.507,5.3173,73.837,99.4053,23.6965,0.0,6.2092,36.0081,9.2683,31.3456,13.4079,76.8994,42.2014,67.3674,10.3592,26.7921,26.3231,137.5713,23.3898,13.0022,16.1785,63.7337,7.4029,15.3051,68.2776,0.0723,1.0825,22.9682,10.9843,14.1533,11.2663,1.3696,0.0,6.2174,10.8127,29.8262,9.9237,11.6633,94.1886,27.9429,0.0537,93.5966,30.8796,473.9538
0.5865,16.475,62.3934,2.0603,27.7943,44.1098,107.8326,0.4595,17.605,7.739,48.5295,16.4875,3.0669,39.8419,11.6358,79.4656,1.0314,28.1323,11.9989,84.0131,38.0241,56.4042,0.3928,0.9597,25.5871,73.6619,37.5642,5.3256,0.7405,0.0,0.7887,24.3786,49.6403,130.4067,5.6404,85.8302,5.6566,19.3052,0.027,146.5821,20.2138,143.1902,48.2216,5.2252,35.4024,1.0225,5.4002,32.2182,22.5141,65.984,52.9487,26.991,8.096,53.2954,0.1691,0.3205,1.765,0.238,0.0074,0.0,0.0544,0.4057,0.9688,0.0069,0.1134,1.8498,0.0876,0.0189,47.0743,8.4009,39.3826,80.0862,0.4056,0.0947,8.7861,0.1705,0.2803,24.6684,31.5199,0.7794,0.9767,56.5709,14.1007,59.1631,49.1018,32.884,0.0,0.0328,0.1914,30.3691,0.4859,7.3938,2.0779,0.7797,98.802,0.0199,11.0303,1292.0798,18.184,205.1482,16.1886,0.1181,160.7581,3.9615,27.5332,53.1473,13.9294,14.5868,50.4158,1157.8354,1951.9305,0.1584,27.1542,0.0191,7.7384,9.0335,0.221,0.3213,58.1922,33.5449,3.2603,0.9092,1.9688,64.4728,27.4044,26.7224,55.55,36.3492,93.0733,252.4425,0.9161,132.5305,413.7493,0.8814,5.194,3.3359,110.5307,6.3978,72.4954,55.2366,114.4657,24.9276,14.4952,10.5944,20.2871,18.101,20.611,11.2935,21.3917,1.807,1.3138,11.9439,59.6291,13.2593,9.0873,14.8437,9.7383,46.7921,11.7222,131.6822,376.3309,4.8265,0.5642,61.5686,0.0426,26.4944,0.0815,21.0536,19.4831,1.9218,17.3106,7.1926,12.6639,1.3515,4.3314,31.1028,2.6592,0.6792,9.1269,0.206,13.8261,1.5374,0.9339,97.5382,125.5664,1.1913,7.997,35.0798,0.2736,5.8495,0.4893,11.0238,35.7391,21.5727,15.4427,11.0211,0.0114,38.7085,65.1323,17.4622,4.0255,48.2808,0.0589,23.3969,44.6255,225.8886,16.7572,42.8429,14.0826,18.0964,70.6671,44.7657,7.4808,25.3681,2.4095,15.2499,81.4482,5.1549,158.8889,9.7286,152.0002,22.0281,20.5384,25.3371,26.9756,15.4408,0.0557,1.2108,0.3875,7.0262,243.4828,16.5617,35.4257,29.8035,15.2954,19.8124,3.6652,1.4054,176.6107,35.4956,10.968,10.3117,18.8877,36.871,414.7299,6.5731,29.5338,10.1487,52.7216,18.6498,1.3067,19.7095,16.0512,7.4486,137.7994,43.1975,1601.3436,5.7723,21.1731,56.2223,4.2686,18.9775,31.2839,103.954,2.3896,35.1365,0.0915,52.0929,1.953,10.8361,26.2706,29.5317,12.5449,0.0,0.0827,0.2045,9.4391,1.1389,4.2381,0.0128,1.4003,244.1499,35.2321,14.2377,234.7934,102.8778,41.1451,0.047,0.763,19.1098,14.176,3.7863,30.1767,27.2989,24.5415,0.6598,1.9293,34.0755,3.2595,28.9995,14.1156,6.0895,22.6169,37.3613,2.6511,11.4549,29.6111,0.1932,4.2124,9.7499,12.0645,10.6122,162.9618,0.2831,0.1862,66.4855,3.8607,38.9508,9.7682,3.1648,24.3245,29.3156,33.1709,46.596,21.3799,76.1589
2.1118,51.275,81.8127,17.429,195.8472,117.6523,98.3389,0.3726,17.3935,45.8344,39.4275,42.4015,11.8214,64.6798,28.5489,6.8714,1.9009,13.2067,11.1482,75.0143,70.1472,95.2973,1.6785,0.2693,20.6825,77.4887,91.0916,33.6939,3.0959,0.0,3.5168,42.1403,45.212,227.5709,3.8183,146.5177,8.0843,39.7318,0.0664,53.3474,30.9898,85.8943,36.646,4.2992,30.5849,0.1981,16.4966,30.3245,27.0011,113.0542,29.9783,26.2437,27.6106,78.3728,11.7531,1.3383,0.0,0.0,0.0097,0.0,0.107,0.3275,11.3874,1.4987,0.0915,1.9677,1.0034,0.1282,24.5625,17.6361,94.9532,124.8733,0.133,0.2815,16.0994,0.5171,0.0817,31.4285,205.1112,2.0211,0.8198,54.3761,60.4891,46.6281,21.1023,25.373,0.2527,0.0,0.0418,42.476,2.2816,0.8884,4.903,8.4856,142.5114,0.1771,12.6388,2189.2257,30.7994,274.5559,48.8439,0.9774,103.9478,9.8539,58.0618,53.8144,12.0299,22.3294,73.5116,629.6787,1999.844,3.1443,15.9099,0.0752,9.4928,14.915,1.2237,1.3204,5.5294,33.315,14.8143,2.0832,1.286,90.9924,44.0453,34.6842,50.6917,32.1062,144.6676,313.4467,2.7792,21.0926,425.5668,8.8381,41.972,6.2329,106.3723,21.8558,334.0777,91.582,166.7459,99.1794,38.662,9.3283,11.9362,27.629,38.7832,19.5575,8.3919,4.5993,6.7382,22.666,0.7372,220.5883,34.8095,17.2875,18.1057,63.4618,26.7904,52.0696,300.4976,1.3299,0.4757,60.3406,0.4243,30.3791,2.7424,26.1003,17.4429,13.6009,23.4064,73.6667,18.9324,3.5952,6.5228,30.0885,9.4441,1.4671,26.6326,0.2477,27.9654,4.5934,2.8791,25.1631,80.0743,9.0998,2.0739,36.4365,1.051,4.1298,0.8312,16.905,54.8972,155.6776,13.4524,12.9813,1.6023,28.3282,73.0186,25.6928,5.9692,51.5231,0.4195,22.8866,62.3251,446.3147,25.0187,53.2307,15.1529,21.2355,77.9042,100.8085,3.9443,36.3349,17.6871,35.6294,101.0724,3.9173,71.6244,2.4352,125.5676,38.8109,19.8286,60.5846,2.4407,25.7085,0.1022,0.8773,3.4759,7.5795,132.9181,15.0941,59.8857,25.5771,28.2838,28.1216,4.9881,6.5828,97.5549,49.0846,44.4371,34.5149,15.2565,30.9938,429.3094,22.3269,20.7775,13.8305,37.0396,2.7188,3.9283,18.8634,28.5612,88.9878,69.2913,57.5965,668.2673,5.3631,27.9755,17.7807,4.7287,8.3371,26.47,150.856,27.7615,68.429,0.072,12.3579,0.3542,33.2425,6.8977,135.408,4.508,0.146,0.7049,1.095,9.9774,1.3105,11.5522,0.1767,0.2072,148.4909,16.746,6.0881,108.2584,149.9901,54.4014,0.0123,31.3237,21.5544,19.5154,11.2302,12.5501,43.0673,17.4266,3.8941,0.9675,38.854,4.5582,44.7105,32.6529,25.2616,27.1038,33.0261,5.9177,8.4726,2.661,1.2668,3.5851,13.6207,7.2341,6.9422,59.6946,0.1238,0.0,45.4196,0.5238,68.303,9.6823,0.9121,83.2008,20.7869,0.3192,98.7839,50.211,157.2186
1.7797,26.2862,208.5498,16.6341,91.697,102.019,0.5116,0.4074,3.6181,5.2505,44.0911,24.6634,14.3808,50.5415,15.2755,43.0876,1.5736,6.3466,9.2943,226.1832,56.42,42.6882,1.1164,8.2627,13.5046,59.1981,81.5624,46.4089,8.0897,0.0,9.9211,18.3697,13.1087,203.3256,0.0135,206.6171,16.6643,25.1568,7.3016,36.7824,48.5464,133.7958,26.5029,4.1051,15.2781,2.4585,11.438,21.8623,31.4943,27.6647,25.0234,31.3315,30.2808,5.2666,0.7879,2.1287,0.0,0.0,0.0255,0.0,2.4713,3.9117,0.042,0.1513,0.3611,6.6861,0.1278,0.0942,13.2141,12.3931,41.0905,88.3208,1.0262,0.0726,14.6284,0.7597,0.0895,102.7188,33.9412,5.316,2.3324,95.6642,13.2312,40.5544,15.6965,38.864,0.0831,0.151,0.2018,8.5555,1.6093,13.5519,0.6315,36.7616,148.4599,0.0,19.1994,1266.6575,39.7026,161.7325,21.3471,1.1809,160.5664,4.1169,151.9036,36.387,15.0683,21.7242,173.5706,781.2438,1451.739,0.4333,10.3557,0.0,10.1865,15.24,7.3687,6.8226,278.5833,97.8261,0.2823,46.4098,1.5838,23.0728,71.8335,66.0787,67.7398,22.9965,60.3531,400.0479,1.2458,42.4653,308.1981,2.4648,4.6816,5.201,24.6152,37.5483,25.3797,37.7894,104.2365,54.4224,28.5859,4.9343,14.922,8.3917,28.4404,18.1739,59.5166,37.376,3.499,13.6639,74.0481,77.0136,68.0846,11.6797,9.9931,83.3322,21.3488,36.7334,155.824,8.4259,0.7762,74.3665,0.3231,16.6444,0.2498,15.1001,7.404,3.9126,23.7602,26.1477,8.5328,8.6748,12.1403,17.7037,13.5587,6.0377,10.8938,0.1283,15.7031,7.9974,20.4077,37.2024,64.4499,0.8658,3.8734,26.8005,21.6537,2.8592,4.5891,0.15,69.4172,33.4871,7.8015,17.6866,0.3802,58.6612,100.7696,22.1681,3.2183,16.6567,15.6315,32.9744,87.6974,197.7076,68.8553,96.7648,17.9946,15.1774,82.7118,222.1954,3.7647,11.7542,3.2668,27.1907,18.4209,7.2246,45.4988,4.9373,99.042,22.0018,38.1787,37.1116,0.8522,29.1117,0.175,5.4329,5.1175,18.6279,272.9517,1.7118,90.7406,12.3689,9.6962,49.7358,3.5361,1.7593,155.6282,58.5438,15.891,34.3136,13.0636,62.7857,396.3031,2.1357,6.8209,15.3387,60.3743,1.2382,11.8057,25.7712,22.5116,65.0824,96.4054,27.9268,511.096,15.5635,24.5692,13.3639,6.0438,4.8459,23.9138,89.9428,4.0144,23.8021,0.1894,4.0207,9.5445,107.6404,0.2075,0.1238,35.1502,0.0,0.1426,1.2735,8.0384,0.7331,5.0896,0.177,0.2229,0.3111,6.1899,2.3621,26.2765,137.8626,1.9023,0.0108,25.2035,17.8836,4.0167,8.1311,2.9181,195.0012,46.9189,1.4415,4.8937,15.5605,17.3957,36.7389,9.7515,10.8322,33.841,5.7181,8.7644,7.8639,14.2762,0.2259,1.5382,6.4841,12.5686,3.64,0.3826,0.2791,0.0,11.4778,5.0858,18.512,2.7463,2.4686,131.5394,17.1052,0.9235,135.1786,48.6557,291.5472
0.8868,38.5431,56.131,15.7006,57.5968,31.7902,20.9651,0.5085,19.0218,2.5908,49.259,81.0438,0.7109,85.6446,32.6453,0.1268,1.5962,260.9548,10.8683,44.5662,29.3394,23.9247,0.6721,2.5,30.0754,59.5904,117.7185,3.3473,0.6759,0.0,2.6872,55.4607,22.3267,234.3839,0.0,104.3426,7.0885,49.8725,0.0352,133.6635,25.9839,55.9371,199.0963,10.0119,18.4546,0.1757,32.8103,45.4111,402.2021,207.7887,31.2795,17.8455,9.2205,11.0422,0.1949,0.1228,0.0288,0.0438,0.0077,0.0,0.7236,0.0651,0.0763,0.0144,0.6006,0.2828,0.0312,0.0395,1.1838,0.6865,0.4086,98.6621,1.0789,0.1251,5.7656,0.1111,0.2274,76.7409,89.4912,0.8314,3.1616,76.2019,27.4092,37.4652,2.6666,27.2335,0.0,0.0,0.0666,33.3559,0.2534,0.3114,6.05,0.0612,135.5988,0.0041,11.1639,169.1005,28.537,104.8991,21.1486,0.4929,54.4368,5.5032,30.6367,87.6368,30.2083,30.2552,57.2397,552.3756,1259.7233,0.2051,42.1007,0.0,1.8812,23.1923,1.1012,1.2735,19.8198,6.4964,0.0974,2.3534,4.8133,21.7593,33.4545,170.7624,69.1095,38.3687,112.5025,411.222,1.8696,10.5147,368.3901,1.0978,27.9784,3.6647,167.817,14.8632,132.4683,107.9392,85.7466,53.6407,64.8003,18.5506,16.1418,17.2637,15.2041,8.2909,85.8986,18.602,4.8611,16.9068,13.7903,37.6209,9.3203,11.2876,12.1441,80.451,36.3611,43.3328,202.5072,6.9663,0.2102,80.526,0.2131,0.6122,0.6656,2.3274,15.5397,2.1159,21.2409,15.2897,7.1152,3.4486,4.9536,18.1754,6.9999,0.5655,13.7458,0.0985,48.3097,0.7742,6.2077,11.1186,127.6211,0.1889,3.4963,23.9166,10.4683,5.2865,0.4853,0.0816,170.9125,161.2791,6.36,9.5239,0.218,62.8269,56.8868,19.7027,0.6747,19.6111,64.584,44.1938,55.7494,892.1826,11.0846,15.1888,13.7448,25.094,60.6266,67.0714,2.3209,74.9179,0.6002,18.5146,53.0705,1.0079,116.0338,0.1345,67.2622,85.1624,13.297,35.0636,0.0515,10.1759,0.2555,0.1766,1.0693,4.0488,255.8269,6.256,20.2516,27.6472,60.177,6.254,4.8508,2.7657,61.3423,99.9491,2.9462,35.5918,18.3444,34.1117,440.9525,1.5205,11.8805,11.2344,10.2959,1.7039,4.5933,19.6841,36.4338,27.0952,91.4141,32.6236,924.619,4.9365,38.2039,10.5499,3.5712,6.7612,108.592,128.7979,17.6947,30.8265,0.1145,1.3571,4.8111,0.3877,0.0269,0.0204,22.8398,0.0,0.1509,0.2488,0.1755,0.4147,0.3693,0.0535,0.2696,3.3175,7.9264,9.0835,35.422,74.7723,0.2375,0.0098,7.4898,22.57,6.3939,7.1477,21.9895,31.2037,2.4197,276.8714,1.3219,1.8674,1.7496,39.5923,18.4315,18.1867,47.3397,45.5819,7.1525,9.6298,29.4467,0.1776,0.39,15.9213,8.059,8.444,0.3008,0.0844,0.111,0.0,0.324,12.7726,10.0834,1.8923,109.6959,4.3196,0.0,77.3067,40.9691,337.4774
1.7006,16.6655,27.7138,25.7551,462.1213,30.156,7.993,0.568,67.9569,2.2932,27.8402,22.5362,13.8504,30.4159,11.8956,10.4762,0.314,9.3458,10.6209,23.8145,60.6192,58.8635,0.9342,8.2778,9.6548,49.1926,46.6878,10.9824,4.4825,0.0,1.5415,17.8566,11.2941,72.2308,0.0747,42.2122,4.4443,79.2229,0.0071,82.6979,9.7411,29.9516,7.8469,2.1813,9.9689,2.1338,508.2665,18.6153,61.7431,39.6492,16.4902,17.3919,46.7957,1.3221,1.168,0.5123,0.0,0.0,0.1173,1.2028,0.7127,0.033,0.1354,0.1686,0.1016,0.2997,0.423,0.0067,2.2776,89.8089,5.2786,54.3518,0.2576,0.2272,11.2209,0.8346,0.1154,136.9155,706.0679,2.8122,3.2496,98.642,10.7212,24.9107,3.5624,5.7729,0.0,0.0,0.7261,2.3106,0.8229,3.038,3.4911,0.1242,70.6792,0.6264,11.2681,1633.8837,6.9451,110.7632,13.791,0.178,146.9598,3.65,84.4082,31.9098,13.8014,17.4312,25.1935,393.0843,1013.3861,0.1908,14.6936,0.0,5.0961,5.6554,0.3118,3.9902,68.3183,544.9074,0.2488,73.4738,0.4777,207.4841,75.0174,98.9785,43.988,31.5453,342.6794,1522.93,4.1991,13.8906,169.6277,2.4002,145.4229,8.5218,14.7178,8.7522,24.5708,952.6306,56.7375,1307.6738,15.1387,2.5819,28.2148,4.4823,20.2113,7.7853,47.654,5.9645,2.3024,5.5618,2855.68,208.7404,63.5537,3.2554,8.6438,76.0708,32.0731,28.9165,223.9917,1.0875,1.141,49.5205,0.775,1.8199,0.0862,12.4642,18.542,2.3387,13.2174,27.6316,8.9451,12.1956,2.8299,8.124,17.1171,1.6612,5.5908,0.0,11.5712,3.6859,12.1718,32.1636,46.1864,25.8444,0.8804,146.5313,0.331,2.5353,0.7599,0.0138,49.4124,50.7683,6.9629,5.7305,0.0968,52.6227,47.3558,8.7882,0.4746,15.3956,84.7271,19.8798,67.8496,298.7842,55.1807,6.7829,8.989,6.6067,91.9273,94.2402,4.9557,14.4688,0.7993,27.879,37.114,0.941,32.4115,3.7395,80.6935,24.7304,28.4504,22.9541,0.7147,15.5367,0.0236,0.0269,29.7851,1.9409,436.1086,6.0452,3.1502,10.6561,13.4619,13.8882,1.6935,0.9672,140.4242,69.8964,12.658,17.5228,11.1926,38.1229,284.8213,1.3292,5.3666,83.5974,170.3119,5.5203,11.1902,22.2297,33.9102,2.5619,87.9527,17.8096,290.0858,3.9299,14.8721,8.3007,1.4194,4.1893,17.2534,34.7161,26.6914,7.7891,0.0775,0.7316,2.6829,17.1156,0.2456,10.4814,40.3421,0.0236,0.0,1.3526,6.0538,2.2555,8.4093,0.0883,4.8036,2.1128,5.3445,0.2178,21.2604,104.1988,17.526,0.0199,7.7109,17.9053,1.6602,7.8655,4.0322,56.5888,12.4835,2.13,0.4204,7.008,17.1018,27.701,7.344,4.6738,15.8108,2.2892,4.344,5.4058,9.7134,0.1109,0.2023,5.4841,6.6066,3.4054,0.1409,0.0143,0.0563,3.9593,6.4975,13.9902,1.07,1.2055,30.8749,0.4062,0.0,66.72,48.3452,202.9856
8.5603,25.8892,89.6771,31.801,117.1811,115.2551,3.5477,0.8243,18.3055,38.8452,27.1003,26.2019,14.7833,39.6773,27.7485,12.1692,3.2164,14.082,10.301,55.7223,199.7976,197.3802,8.7967,7.9899,41.228,50.0436,68.3291,65.2528,12.5954,0.0,9.3373,31.9467,22.0856,128.4927,0.291,117.3787,36.2991,60.0859,0.2027,46.237,29.7737,101.5875,46.2014,7.3266,27.3415,1.7658,18.3157,38.5735,71.5671,69.0023,33.8381,24.2443,69.6037,12.0513,1.5568,14.1598,0.5361,49.1896,0.0131,0.1943,4.1223,16.6552,0.5491,1.028,0.0925,1.5226,5.2228,0.1615,72.4509,76.6002,15.5385,64.6004,1.8637,0.1673,10.9246,1.9395,0.4403,900.2473,75.9527,11.6853,2.1977,19.6145,22.6896,55.6712,33.8408,18.9008,0.7661,0.058,0.1973,21.5466,28.5772,27.734,10.2551,8.4056,153.3203,0.1895,10.6003,1061.3021,51.9843,178.4639,47.3409,18.8856,70.4067,6.9814,54.0689,31.0174,18.1562,41.4544,61.9315,751.7041,2075.1218,2.152,21.2001,0.0338,9.1538,20.0956,7.1154,4.6177,9.3387,47.571,2.7799,12.3479,2.7502,38.4292,50.4267,73.7947,100.6431,48.9732,135.5989,199.394,6.2504,53.1083,282.2181,22.7498,27.9023,47.5247,63.473,65.2042,132.8517,125.9032,164.2651,104.2122,35.7677,6.813,23.3594,20.236,25.7579,20.2129,22.6352,15.7508,3.7125,13.2551,9.6152,237.5999,194.0378,26.0812,9.1553,26.7704,27.6353,62.929,151.6705,3.8941,3.1866,77.1901,1.5647,11.9054,0.5038,66.0307,29.4652,32.7949,32.9899,128.8451,14.012,21.8449,6.0002,16.02,26.4751,6.5555,13.2017,0.1668,65.1143,9.3858,11.0466,29.2806,66.926,7.225,2.5614,44.3483,10.6028,9.9441,6.5207,3.3197,57.2356,84.9505,11.3494,14.1846,1.1024,42.2798,68.5777,16.7812,20.7349,17.7015,5.2952,28.1405,112.2468,318.2011,115.2493,34.7169,17.6228,19.7146,74.8771,79.6791,5.3348,36.1594,12.2224,13.5957,143.3507,4.9178,54.9005,3.4519,70.6062,16.9824,21.5348,47.526,1.2805,14.3514,2.5975,2.783,7.6435,6.4581,142.5229,41.3316,76.4,21.735,16.5912,85.875,3.1548,3.2602,155.4866,59.985,31.1391,49.3254,21.8163,33.3788,375.7023,17.101,18.9419,7.4378,108.3514,7.3135,27.0338,31.6372,74.0367,53.8226,88.5123,47.9894,1026.6018,25.1069,28.7181,17.9297,15.4767,7.6973,20.6051,122.0004,12.6079,36.1775,0.6467,0.6107,34.6403,10.4446,2.7334,1.2277,1.5416,4.4447,0.6209,3.613,6.0113,7.911,9.5617,0.7028,1.6623,1.5087,62.2583,5.3454,22.8218,118.6302,4.8007,0.7311,103.8933,31.0673,44.4525,21.5263,21.9343,23.8887,79.6315,14.4577,3.1084,44.9267,18.5817,82.4185,13.9369,8.7691,20.4216,8.1414,11.1489,9.7385,15.2009,7.4175,33.0633,14.4154,11.7191,12.8381,8.9366,20.7277,1.4572,5.2533,4.0254,24.8525,6.8331,2.2085,71.2912,8.0064,45.2845,36.9781,36.2648,106.722
40.3182,34.044,125.5289,41.0641,251.2782,92.0787,1.0023,1.9594,1.9905,0.1495,52.7243,22.274,5.4071,58.13,38.4071,0.1771,2.7051,16.4094,17.848,62.5363,140.0093,122.0183,18.0099,26.1526,17.2293,87.1877,37.8589,117.5287,21.8199,0.0,5.9501,25.0625,17.7827,178.2826,0.0077,160.3702,24.067,81.6795,0.0177,50.1812,38.5544,91.7474,35.5175,3.3942,15.6767,0.0838,31.916,17.3124,498.9842,44.1287,27.0741,31.3383,59.7658,1.9393,3.9211,24.3099,0.0,0.0,2.3157,0.0,2.2743,0.1228,5.9206,0.1271,0.0458,0.3398,0.1009,0.372,20.9118,0.7792,29.1881,172.1157,0.0798,0.0331,22.1848,0.6568,0.2246,2947.0133,443.82,10.4137,0.4013,0.0,17.2727,46.0503,56.9314,30.4805,0.0316,0.0,0.0837,9.92,0.4588,3.0864,2.1732,1.9901,140.7787,0.0156,15.863,951.9228,31.7129,112.392,19.7471,1.591,388.9491,10.4832,93.2013,39.4191,50.54,19.0381,91.3397,593.6068,1606.6815,1.3106,30.2896,0.0,18.7954,13.6346,2.6402,19.4093,4.724,27.75,0.2222,22.809,0.7654,349.2034,61.6647,151.9682,106.3671,77.7238,250.6475,63.9954,1.3476,24.0443,729.5109,1.4027,6.2135,11.3438,28.2994,20.0366,360.3505,8.1915,103.02,118.2141,35.9617,11.7664,20.5242,13.7284,31.4216,22.4718,35.4454,2.9503,4.7217,24.9452,2.1524,152.6368,282.4676,14.5353,12.1815,62.4514,22.4913,99.1565,295.2595,4.3081,1.6382,59.15,0.3461,2.721,0.1602,39.2431,25.3892,7.4387,27.5869,57.5699,14.0305,5.4471,6.0689,19.7227,19.9867,4.4532,15.9546,0.0225,22.1186,5.4053,9.0834,84.917,97.244,22.5463,6.0373,39.2609,4.1777,55.4321,5.1651,0.0513,57.7018,47.0595,15.1567,21.163,0.0545,88.4155,160.3764,28.1391,0.9125,34.274,1.1369,13.5118,175.7396,461.5315,118.097,15.2292,15.5088,25.8617,70.2291,96.3725,3.6018,26.7849,2.2951,35.3987,189.5196,3.4099,87.7323,0.6341,79.786,15.5098,11.4431,36.9393,0.0432,23.6275,0.0487,0.0111,1.0,12.0499,52.8611,38.0867,11.8066,18.7013,22.3998,138.7937,2.5421,2.9505,94.6981,84.9645,30.7374,37.7959,17.73,28.9753,313.594,1.4107,11.7714,1.3238,186.7569,43.7068,8.4787,271.3765,80.5304,55.7402,121.0281,30.1872,988.4354,25.9806,24.6575,16.3761,7.5495,10.0231,12.3351,129.2113,52.204,30.8643,0.048,139.2775,12.3969,175.728,0.5747,0.0385,0.5034,0.0,0.1355,0.2234,1.2256,5.8097,4.9191,0.3281,14.3182,5.9606,2.7989,0.919,42.8443,183.6361,1.1344,0.0123,23.0818,20.364,7.4604,13.8756,10.0701,65.8357,14.6682,6.3019,0.0992,17.0766,11.7731,45.8269,17.2509,7.3127,41.7034,12.7828,8.7081,12.7126,24.8113,0.4423,1.6125,8.2378,6.5083,15.2434,1.2216,0.1591,0.0349,1.0327,0.0194,13.8854,5.1868,1.6654,30.8815,102.6281,0.0,61.1605,44.6453,8.3226
4.3603,25.5748,36.4764,22.0503,144.5035,61.6618,0.7498,1.2483,22.8691,4.6868,42.8818,23.3345,7.196,56.7502,21.6066,0.4532,1.3151,32.0611,16.7442,51.9379,118.3024,83.2772,0.0987,0.0634,34.7135,75.2815,55.6936,12.2544,15.2189,0.0,1.2389,41.5396,31.044,221.8077,0.0864,125.6331,19.4979,47.5515,0.0142,88.5096,20.3597,69.5631,28.3615,12.4133,16.6762,0.0081,35.6702,51.348,33.6868,114.0228,42.6757,20.4534,34.8717,26.9923,1.3689,0.4254,0.0386,0.0,0.1912,0.0,2.1638,0.1528,0.6071,0.6344,0.0549,0.1222,0.0941,0.1455,8.3972,7.4849,22.2925,104.86,0.0993,0.0618,16.8907,0.1267,0.1524,395.6327,479.749,1.2674,0.3506,156.9185,13.7628,54.2311,11.2095,22.573,0.7242,0.1148,0.1115,12.8637,0.6592,4.0943,2.3243,0.2912,85.5848,0.0972,16.6913,1113.8796,15.4614,189.0921,31.5619,0.5592,91.135,7.9936,40.5481,36.4375,26.9527,23.4235,39.2649,1015.7139,1693.1792,0.0764,24.4174,0.2271,16.6884,13.6147,1.4249,7.264,181.9002,240.9763,0.3699,130.3841,0.1578,132.2093,69.0405,96.1667,60.2402,63.8862,254.043,807.7871,1.7769,46.2261,624.054,2.2587,57.4008,21.5491,42.9746,40.49,108.7444,233.8333,37.8856,177.945,22.818,8.3165,42.3369,14.8481,32.8947,22.9667,93.8175,39.0233,5.5467,1.7302,195.2665,354.0633,27.3134,11.2924,18.1194,144.0831,38.127,64.2898,123.2983,6.173,10.651,72.9642,0.1607,4.6993,0.0665,20.5815,25.9889,8.4229,31.3714,124.4903,10.9359,6.0652,5.2713,26.6288,3.2441,1.2571,19.4314,0.138,20.8835,1.6542,6.8289,61.3107,89.8923,0.1599,13.8153,132.8859,55.2317,22.8243,0.6871,2.4356,91.6599,106.832,12.0281,23.4373,0.1091,59.7125,79.9144,29.4095,3.905,35.2964,3.0429,32.0388,42.4632,667.8402,94.3886,20.5534,21.372,15.726,92.8166,93.2234,4.7568,36.7243,1.207,49.6173,215.9653,2.5602,84.0915,0.2299,115.5864,31.069,19.0695,27.02,0.0345,39.8637,0.0623,6.4119,19.6592,9.7599,297.4964,179.0715,4.5666,26.7455,18.7854,20.7498,4.1986,6.8884,144.4666,56.637,34.8296,28.331,22.4469,48.9313,421.0846,40.3307,53.0414,34.0571,85.3593,1.3573,7.7663,28.3897,38.6829,92.0303,129.4538,39.1627,492.7116,5.4277,23.539,13.9128,11.4994,12.7817,42.8497,66.7263,9.409,30.5697,0.0,8.28,3.276,26.8594,0.1442,0.0068,2.8121,0.0,0.0723,0.3098,1.0456,2.1812,0.3637,0.1076,0.1381,3.7458,59.3521,7.1547,112.7661,128.0389,7.8849,0.0723,15.779,28.9816,15.491,15.939,5.768,43.7871,16.7828,11.0726,0.2645,3.6366,11.4356,79.5489,17.9647,5.9165,20.7841,6.2965,2.8074,19.9659,35.825,0.886,0.459,14.0818,13.51,9.9241,15.0287,0.0943,0.0,0.1652,0.0414,21.6702,5.4872,3.9396,43.1378,2.331,0.1702,52.0842,59.8362,356.3842
1.8517,35.0194,60.4465,11.9662,393.7782,52.7499,198.1126,0.7532,125.8346,0.8872,43.576,42.0645,11.3834,21.4593,42.336,0.9959,1.8863,8.7997,8.2093,69.8383,25.9602,24.9766,1.3211,0.4971,13.374,33.2695,40.2912,51.2564,4.9822,0.0,4.1855,33.2445,12.538,95.6676,0.0,61.4232,10.9156,154.1904,0.0146,82.1763,22.7996,50.8261,51.6388,23.883,11.8727,0.0504,13.7878,11.6011,27.7606,43.1613,19.748,21.007,18.7447,0.8513,0.5019,0.3831,0.0,0.0,0.0,0.0,0.0295,0.1354,1.0507,0.03,0.8042,2.0455,0.0232,0.0205,1.7266,69.8174,20.9001,116.8325,0.022,0.0137,4.4701,0.6125,0.2364,58.5738,23.927,4.681,1.9598,54.5315,15.3407,16.3345,7.5805,13.0011,0.0261,0.0712,0.3806,9.156,0.6114,1.1331,4.1729,0.3213,105.8127,0.0086,10.3037,939.0418,14.3954,131.4217,10.6205,0.2711,73.3341,3.9797,174.0572,22.5266,13.0616,17.6958,66.1447,400.1847,913.2058,0.0296,18.4455,0.0,10.7281,12.4731,14.6193,0.6272,13.5888,141.2228,0.2025,41.7709,0.9959,139.8852,27.2662,16.8184,62.0836,22.791,123.545,798.4925,0.1987,13.5874,388.8927,0.464,25.1174,3.7865,46.6055,14.3947,10.1661,722.9944,30.2527,397.812,19.1053,4.2396,14.7802,7.2081,40.4294,9.9111,21.125,8.4898,1.7341,15.288,12.7296,50.833,68.5998,4.6364,7.0533,109.2266,36.7953,45.6385,179.9352,2.3607,1.2238,21.9215,0.3694,5.6753,0.0442,9.8076,8.6089,1.0724,34.2917,17.0232,7.594,15.4531,2.5894,10.2493,13.76,2.2346,5.039,0.0186,16.231,2.7168,9.314,55.4122,48.1648,18.7299,0.8754,47.8387,0.6571,3.1828,1.6835,0.1273,42.7134,62.1742,5.6641,10.767,0.4353,51.5273,110.332,11.4253,0.8274,20.0094,1.1594,7.8698,136.0948,494.4665,127.2212,14.1944,27.8042,9.5621,102.5095,75.0253,5.8636,11.3601,1.0531,15.9495,9.0356,1.1586,29.54,0.3007,111.3275,40.0779,33.3595,21.6583,0.125,17.932,0.0081,0.0092,37.2183,11.8607,177.7117,9.315,7.4172,6.9689,8.3152,63.4272,2.1025,5.9729,101.0746,57.6499,81.5441,31.3715,12.7795,28.5332,470.5713,1.6144,6.7116,55.2598,143.1941,4.2186,26.1906,12.8582,16.7842,37.5139,76.2935,23.4332,579.9453,15.4526,36.9702,12.6976,4.0862,3.7369,39.5286,54.1892,9.7968,27.0207,0.1191,1.3339,3.7181,15.4685,1.0346,8.7555,39.474,0.0,0.0673,5.3406,1.338,3.7989,6.2887,0.1391,0.0273,2.4714,4.2063,0.4498,17.6215,55.6066,46.5672,0.0,3.6049,23.5639,1.1035,10.2837,2.9671,29.1229,5.2562,7.7286,1.4155,4.1329,38.5693,36.2934,5.2027,6.6866,16.9765,6.0496,4.783,5.1735,15.8664,0.1243,0.2884,4.4628,6.6168,3.0955,0.1203,0.117,0.0,0.0427,8.1659,20.7026,2.4396,1.7381,93.2819,0.9194,0.0,64.1542,35.448,163.0892
7.7699,26.1749,100.6412,1.3405,12.1201,316.3626,2.5491,1.6261,2.4019,5.7377,27.5908,79.6556,19.113,33.6511,28.7618,0.6755,3.6574,8.632,22.697,58.8919,56.0508,73.6193,1.2119,6.7519,54.2382,84.3305,137.5527,26.6482,4.824,0.0,2.7882,38.9786,29.3897,45.1238,0.425,91.9945,47.638,89.0295,0.0225,123.8339,41.7509,99.8135,82.348,23.0292,19.5464,0.31,0.7323,100.309,10.6432,26.2221,22.1144,28.9229,10.9373,0.431,0.1286,6.196,0.0,0.0156,0.0,0.326,0.6503,1.4573,0.4268,0.0539,0.1843,0.6364,4.5998,0.0491,42.5973,345.5375,53.4555,74.0428,0.2029,0.0702,3.2339,0.6989,0.3289,31.8839,10.7014,9.4981,0.8723,11.5156,121.2033,53.5872,1.369,13.576,0.0,0.0365,0.9045,46.5815,6.31,10.3645,0.3321,29.7879,102.0808,0.053,14.3031,608.0213,131.2356,129.2861,38.595,0.2425,52.3113,11.3352,50.2655,19.4491,5.7475,40.2219,55.5074,1802.8781,4040.6347,0.6132,32.6131,0.0425,1.2101,12.3397,2.0199,5.7152,1.3203,85.5866,0.2076,1.354,10.572,6.6902,19.1324,48.691,66.2735,27.3286,8.6738,297.4818,709.4448,816.9825,369.691,4.5046,4.1897,3.2194,36.2101,5.6101,25.9589,1.4737,199.0617,15.7561,36.7764,7.3662,59.2397,10.4787,19.2133,31.9659,2.9123,0.3732,3.9686,25.8279,0.025,309.8037,208.4466,76.9815,7.9882,4.1273,8.8482,196.0436,107.1837,0.3307,0.2464,100.0539,0.4449,0.9098,0.3321,26.5517,6.4055,4.975,103.1807,14.7429,20.3165,4.8132,4.6148,23.0419,37.2342,7.392,2.6538,0.2195,60.8108,6.3839,1.8045,17.4185,148.5404,0.4874,3.8365,93.9405,17.1004,2.1251,3.6476,13.8947,193.4423,59.435,12.3098,11.1634,0.0509,82.6356,106.4351,6.4039,5.4381,26.6934,0.524,42.1061,206.3533,369.9669,46.6528,141.3532,141.1308,42.7817,116.8483,52.9154,2.9054,12.6109,22.2293,5.3604,2.2767,1.1017,25.9299,11.4179,28.4559,62.0924,9.9257,33.036,13.4388,12.8302,0.0083,0.1694,0.3336,8.6506,72.191,0.9071,71.5913,31.7145,4.666,33.1362,10.208,7.0578,50.5152,33.8882,15.7762,35.831,17.0922,72.2967,576.157,7.3956,1.0601,0.9219,52.4093,0.1954,5.4524,35.8219,11.9254,26.8309,88.7899,99.4448,809.5533,7.7163,42.2656,7.7916,3.1893,7.0913,8.8017,33.4883,2.5624,68.1714,0.2034,0.1695,81.781,0.9437,1.3758,0.1305,0.2716,2.2519,0.6434,2.0079,3.5326,39.4826,6.9506,0.6275,0.5668,3.6763,67.9443,8.2092,33.7172,135.8024,0.928,0.2718,4.8689,37.4376,28.2779,4.8741,7.0499,3.3695,2.7961,32.7404,2.187,10.5633,5.6227,27.7025,18.6929,14.2413,35.0657,49.5693,4.9737,23.6838,4.0019,0.2475,25.734,17.6089,13.0031,4.8462,6.6827,2.0535,0.0296,1.3352,0.6578,46.3667,8.5052,0.9749,100.2953,2.3689,0.7576,111.4461,40.041,91.8224
11.8506,21.894,48.0123,5.3363,508.4572,67.8314,49.6839,0.3271,27.2856,3.1843,32.2856,11.9543,11.6374,28.1165,20.8466,2.7136,0.9386,44.0345,5.81,50.672,60.4207,80.3561,8.2775,1.3358,12.5564,36.567,44.8828,74.5952,19.2258,0.0,6.5467,29.4666,7.9132,116.6428,0.0309,50.982,8.5341,85.764,0.0266,50.2322,20.2272,54.2006,107.0705,10.1776,13.156,0.3434,21.8372,12.302,46.8485,20.7097,14.5184,20.2938,25.404,5.5946,3.565,2.9298,2.1009,0.0736,0.0582,0.0,0.3216,1.1478,0.06,2.8654,0.1719,0.6806,0.0253,0.0207,19.7291,77.8526,6.9344,89.3578,0.7193,1.4094,7.6511,1.4696,0.2454,261.3164,454.621,5.064,2.6171,53.121,10.433,21.1836,10.0892,9.9752,0.0316,0.4743,0.5029,5.3173,0.4468,2.5033,3.0541,1.6849,84.3393,0.1096,11.7552,1204.4115,18.1987,95.7827,34.2202,0.6028,53.6778,4.9834,105.4889,34.923,42.5537,12.21,75.0694,324.1084,1208.5465,0.1148,17.2277,0.0,11.8547,13.0244,3.5796,9.7344,49.578,89.8905,0.0817,11.1243,2.4633,39.5802,38.7283,23.8978,53.3517,23.2883,251.7103,462.0703,13.111,14.1675,211.8674,1.1071,17.9232,8.2774,36.3854,16.0113,22.7326,214.8246,44.584,78.6299,10.8149,5.4924,16.1776,8.827,20.4947,16.0933,6.1078,14.1466,4.0863,10.298,44.6242,47.3739,751.0148,8.0882,7.7773,49.8919,33.8326,167.713,228.1481,43.1687,11.9489,47.0142,0.6822,20.1523,0.0713,24.7646,13.4879,11.9992,35.4396,23.7161,12.3103,38.9132,3.6133,44.1117,28.2085,4.1905,8.3536,0.0113,25.2373,7.3638,10.0576,26.3164,52.7915,4.0183,1.5036,27.6876,3.5426,5.485,3.4244,1.6793,41.8365,51.9267,8.7488,11.8564,0.1448,63.7148,126.3484,21.5047,3.5441,15.3872,37.2473,16.2319,98.9131,272.7951,124.1476,29.0454,20.5545,16.4348,61.3808,52.7643,5.3734,12.3586,2.8656,19.2523,69.1396,17.9769,32.8101,20.8144,82.9105,30.3132,29.2372,42.9437,0.2379,46.7255,0.0341,0.0334,42.8893,5.3463,238.329,1.7485,12.9531,7.9812,5.831,94.6187,1.7811,2.0505,111.0028,71.6398,35.8252,17.9203,13.6153,50.6589,393.8429,6.9323,7.6357,64.3061,79.4315,6.4463,15.9928,16.0839,9.4664,79.5199,53.8694,17.4439,512.304,52.2141,44.328,11.7963,2.9808,4.0888,54.7444,71.5059,3.8509,38.2467,0.2403,2.6835,1.228,59.5032,2.9799,4.1899,10.9887,0.0585,0.1086,4.7892,2.2586,1.9852,3.0522,0.1264,0.1226,2.4718,5.3008,1.7227,13.901,87.0642,5.482,0.0,31.466,18.3888,1.1916,42.7155,3.4908,32.7347,28.4938,8.002,3.2546,22.1356,35.5098,63.8515,9.6118,13.3675,15.4002,13.5982,4.6373,6.9215,8.447,0.6279,2.3354,4.7291,3.9616,4.7713,1.1945,0.7615,0.0,2.3015,6.6253,15.8946,2.9412,1.9858,50.4956,15.0771,0.5114,100.1343,39.1102,77.676
15.4515,29.1291,41.0635,2.1737,46.7767,67.2954,0.9706,0.2321,5.6298,1.535,56.66,25.0846,0.7651,16.152,17.6037,110.4533,1.5773,124.1724,15.3098,33.7945,80.8308,41.8452,4.6832,0.0339,31.0318,40.386,32.2535,9.1707,3.856,0.0,25.5856,21.8147,26.7157,95.7494,0.0,101.1511,12.8515,14.0185,0.1834,42.819,12.5586,32.1934,20.9092,5.1584,14.9745,2.2244,12.6124,34.7045,254.9203,66.9788,15.8584,14.2864,21.5518,3.8005,1.3671,0.4174,0.0,0.3309,0.0,0.0,5.3688,0.1475,3.5209,0.0491,0.1856,0.1709,0.0859,0.2533,16.0941,4.8611,6.4668,178.7359,0.8149,0.0895,7.2265,0.4029,0.0736,300.1622,197.712,2.9583,5.6479,21.4936,19.4532,47.6094,1.469,17.1967,0.1138,0.5431,0.0,29.3568,0.2527,1.1804,1.1993,0.3237,67.3619,0.0563,9.0141,1355.1571,20.776,112.4787,33.2878,1.6002,133.0457,3.5784,28.3023,37.556,10.8252,32.6005,34.1265,354.047,767.7353,2.4265,31.2021,0.0226,2.4786,16.3634,0.2901,35.7404,353.3771,13.7209,0.1716,5.6376,0.8276,51.2697,37.6914,54.3737,45.4815,24.9236,106.5904,214.7163,79.6052,31.8277,156.795,1.5471,5.3354,13.6269,71.6863,13.0475,36.9529,128.2719,93.0712,9.2054,35.5579,2.8237,14.4594,10.5435,16.3045,15.9432,7.322,57.9492,1.245,7.2017,7.8117,50.7456,22.2843,10.5936,5.3068,8.4771,20.2267,52.5037,1317.9393,3.5787,0.2143,52.9756,0.1811,5.197,6.097,15.0891,7.2678,11.7829,11.3989,39.9439,5.8917,3.2303,4.5518,18.0601,9.2618,4.0736,5.2024,0.0609,48.1364,5.4661,3.0461,17.4237,152.0377,5.8565,1.6934,39.6685,0.8777,1.8558,2.3036,0.2158,39.3265,39.8808,12.3645,22.0593,0.0663,137.0689,34.3727,16.0668,2.0405,17.7895,170.4498,26.9893,30.2845,268.4403,56.2935,12.2304,6.9963,11.5477,82.0308,59.9563,2.9855,24.159,3.3431,29.6445,154.3501,7.3332,64.1798,27.0461,29.2984,18.2188,9.8002,25.399,0.1168,11.4693,0.3685,1.0406,56.492,8.101,38.5928,1.9284,5.7993,23.5121,13.1604,14.8383,8.658,3.2233,40.4276,124.5899,5.3215,23.7529,14.3485,25.4953,317.8046,3.5906,16.6149,16.168,23.265,0.6233,7.48,23.8131,21.7891,28.621,74.485,41.0651,1447.9203,8.12,50.7557,6.2794,9.8448,5.1153,86.0077,147.0092,8.6116,21.8049,0.7784,10.8344,6.8256,9.9132,0.6093,0.0,1.1752,0.0,0.1466,2.2954,0.5743,1.0157,8.7088,0.1364,0.2291,1.7194,21.219,6.2756,29.3984,98.9631,1.2913,0.0222,2.6926,21.4151,2.1641,10.2705,7.7559,26.7714,6.4869,40.9346,1.5646,110.0829,8.0489,15.8249,26.6082,15.8234,21.2304,9.0623,2.6509,8.8538,17.3581,0.325,0.7462,14.0334,7.5211,2.2076,2.8833,0.1912,0.0,0.0465,0.2098,4.7242,4.4978,1.5007,49.3356,6.4981,0.0575,70.7982,35.6342,219.6757
9.6029,118.4022,76.387,7.5598,348.4451,78.1511,82.495,0.2172,47.1417,8.556,36.9381,43.7888,31.3796,38.7811,25.1793,0.4931,1.9372,15.3947,13.2914,118.3202,76.4456,56.5266,0.0771,16.7829,14.5958,99.6892,60.2584,38.1923,6.9626,0.0,3.4058,31.4957,10.4179,108.6567,0.0,89.4004,5.1815,71.8079,0.0321,65.9563,47.1804,60.2454,45.826,8.9014,42.3926,0.7471,44.1335,15.6344,78.4573,38.0879,44.9194,39.1094,28.8273,19.8165,7.1774,0.5712,0.0438,0.0,0.434,0.0,8.1634,0.1486,0.0145,0.1319,0.1247,0.4592,0.1697,0.2052,10.0907,141.1422,13.3852,232.3286,0.9338,0.0501,14.7997,0.0169,0.4697,626.1512,71.0232,2.7184,0.5789,62.6398,23.2781,48.685,13.8152,16.523,0.0,0.0521,0.1773,5.3525,0.2932,0.9479,5.9607,1.4066,104.9144,0.0,11.0476,1174.9516,22.2418,176.7,36.9769,0.6998,303.7489,4.1119,118.7524,111.984,8.8817,23.8159,86.4062,792.0926,2329.7885,0.1387,28.9296,0.0152,8.3378,16.9597,1.3254,6.5634,53.5483,59.1932,0.505,432.5899,1.8038,241.9914,118.1238,110.6945,72.8487,46.476,212.1693,371.28,1.7201,30.4674,350.0169,5.5905,26.9632,29.2998,72.3202,56.3393,81.5733,212.6567,92.7368,171.6406,30.3791,4.9662,30.6254,10.5463,36.5804,17.6216,93.9993,8.8334,4.6835,13.0922,280.0148,903.4006,36.2044,9.1283,6.6149,113.231,39.6782,35.3595,155.0546,5.6666,0.8797,73.4347,0.2974,9.2134,0.4096,95.8031,28.4122,13.089,25.9598,119.4307,8.3144,40.1507,8.8498,13.8729,12.1656,1.5314,7.3567,0.0545,28.4491,6.055,9.5693,23.8533,101.1366,8.0801,1.1768,65.1827,6.687,2.5878,0.6304,0.0621,50.4789,67.791,9.8697,15.3214,0.7924,55.4644,78.4611,15.654,3.0074,29.5898,73.9288,27.1366,146.7049,511.6583,44.704,20.0621,17.613,10.3915,70.8522,77.5318,6.3939,16.1994,5.6334,11.4825,29.4832,1.3612,48.8748,0.1228,57.9549,27.2896,65.9329,57.7943,0.0,9.9014,0.2122,0.1344,5.2398,17.1154,144.1256,8.5224,19.7306,14.1538,25.5194,38.112,9.8997,3.3359,162.3409,66.3116,7.8773,26.4262,22.267,44.8061,351.3601,4.9705,9.0626,23.6396,88.5544,3.0354,28.7613,38.4704,27.2506,50.2541,97.3425,43.0083,819.346,12.2455,48.7053,13.0876,7.4712,4.3883,63.408,147.0431,86.4777,28.763,0.0291,26.6112,3.3646,21.8076,1.3098,0.0466,23.0473,0.0,0.0985,0.1894,11.2767,1.4955,7.9057,0.1528,0.2337,2.7014,2.7589,3.736,38.1116,85.3505,1.0602,0.0149,9.0606,23.0304,1.198,16.8196,8.6963,82.9443,39.3648,3.9982,1.3814,18.8804,15.6962,46.3813,1.904,9.8417,23.1153,15.2573,6.8803,7.0579,31.042,0.6602,0.7915,6.677,5.9814,2.8836,0.3522,0.0642,0.0,3.3446,0.6341,67.0728,2.7245,3.1364,65.591,3.4194,0.0,66.6743,67.4474,139.6953
1.8577,25.8374,44.1262,1.5222,220.9009,38.927,11.8389,0.5184,7.3503,8.4344,34.4035,53.5745,3.8052,30.8985,26.0829,45.1908,2.0812,92.5926,8.1599,19.9044,95.1212,80.5736,0.3334,0.2823,24.3729,64.6096,43.1584,18.5647,3.7623,0.0,3.1082,65.3795,42.4303,271.6012,34.9051,99.6414,39.2144,55.694,0.0222,74.4251,25.111,66.7473,18.018,3.8106,14.4709,0.4579,10.502,31.321,40.8245,97.8846,51.4291,26.0585,29.4196,95.4567,5.3778,2.4276,0.1811,0.046,0.0243,0.2408,1.3179,0.41,10.4158,0.1592,0.0573,0.1781,0.4492,0.2381,114.2001,23.4779,62.8863,124.6993,0.1998,2.0731,19.9866,0.5249,0.3069,49.7033,89.907,1.7452,4.2985,71.8279,25.5369,66.2009,11.3236,21.7668,2.4522,0.3234,0.1572,21.237,1.4683,6.3914,3.2277,5.0943,81.7874,0.013,10.0829,1758.5725,11.9576,157.2946,30.31,0.5522,210.8239,8.0263,112.2598,33.3366,8.4992,23.525,32.1623,750.1129,1641.0108,1.4528,12.6121,0.2824,3.8619,16.771,3.6287,1.407,30.6183,60.8016,35.1216,2.8388,1.5335,25.4959,16.7153,36.0653,46.9797,30.6095,210.2934,365.8794,1.1774,19.8391,322.2713,1.3349,27.4264,11.029,78.1376,83.4223,39.3082,35.7378,86.7169,70.4534,19.9094,8.1394,16.2399,14.8401,32.8693,28.411,36.3071,4.5037,4.5389,1.6253,5.3169,120.7768,25.1723,10.804,12.564,16.3205,26.6198,41.7756,119.7678,1.0213,0.5294,40.4083,0.1678,24.625,0.0446,35.3445,27.6736,6.4489,32.1308,40.7991,13.1588,1.5548,2.3879,12.3628,8.1819,1.4996,237.3489,0.4511,34.6075,7.6611,1.6298,20.6174,46.9251,4.3822,2.3262,95.3574,2.696,2.7091,1.9233,0.6855,64.7782,57.6014,13.6614,14.9533,0.5669,58.1517,96.4493,88.8814,4.3591,29.928,1.2717,24.901,108.08,365.9426,47.5939,23.0233,16.424,14.0928,60.2293,55.2737,5.9758,62.1421,10.4724,35.019,74.8389,2.5851,76.2281,1.2704,121.2402,40.4744,19.2228,30.6639,0.2164,40.3063,2.4748,2.3081,5.4197,5.1932,152.2186,5.5475,30.2439,17.6338,12.9881,48.3029,3.1057,2.4329,74.1012,88.281,6.0886,28.5314,13.4999,36.1369,574.3422,12.3443,18.9849,8.1108,37.5471,2.6464,16.2187,18.7326,24.393,87.8792,63.7865,38.0789,1142.5497,9.1701,27.1642,13.2032,14.1969,7.6813,57.8531,178.355,8.0707,51.4041,0.2404,10.6159,1.16,22.3423,1.1007,6.9096,2.6073,0.4386,0.2715,1.7347,3.4991,0.5293,7.3775,0.1053,0.1179,88.1479,9.8633,17.7478,83.1489,91.5267,2.2431,0.1235,15.4819,28.6582,9.9967,15.0956,7.0342,20.4093,3.5831,56.0533,0.7455,60.3751,6.5941,45.3371,19.8341,9.4198,29.9996,47.087,2.5535,8.7628,5.486,0.7743,2.7287,5.7758,22.9199,10.6521,58.6428,0.0886,0.0,401.8001,0.7773,84.4561,7.7361,1.291,45.3553,7.619,1.7584,82.1429,44.1981,295.7519
10.2156,107.4453,87.5092,7.8519,33.661,34.4571,0.1019,3.6698,0.5606,2.5382,24.7293,12.1731,2.6373,28.1021,18.4278,0.2211,0.5418,2.347,3.0384,10.0909,80.2667,165.2741,0.3612,0.0213,42.7683,29.5378,274.5451,14.1876,0.3789,0.0,0.7747,17.6642,25.6884,78.0578,0.1225,169.7135,13.7719,76.6804,0.005,86.3965,43.1863,160.727,25.7943,6.7382,11.3105,0.0,0.2688,75.9758,117.3494,39.3595,42.7639,28.0469,70.1087,0.5271,0.1192,0.0292,0.0,0.0,0.011,0.0,0.1822,0.0,2.7748,0.0,0.013,0.0269,0.6775,0.0047,20.8731,0.3129,3.089,89.7954,0.5434,0.0282,5.0711,0.1586,0.0232,602.4554,68.5448,1.0105,0.252,0.0409,27.9381,190.9915,10.1929,7.7049,0.0,0.0,0.0475,6.7551,1.3307,5.0664,32.0297,22.4238,83.5931,0.0118,12.4082,2924.5427,10.8192,46.6322,15.8773,0.1691,22.293,5.9807,65.5711,10.2021,0.2632,5.5282,20.4009,354.3329,1790.0024,0.0406,44.5107,0.0,0.9814,11.8625,0.0731,0.0956,1.0605,18.2045,0.3602,1.2864,0.0579,5.8407,9.0029,22.0959,76.2564,51.9921,55.401,245.8507,170.9808,8.8746,184.2953,0.7705,0.3596,22.8315,4.8414,47.6124,138.553,0.8516,64.9496,0.5164,27.2809,4.4616,28.2774,6.6997,41.1111,3.8452,0.8674,1.2012,52.4077,9.4425,0.2677,136.3569,6.0141,3.3234,4.7156,214.979,6.7419,28.4452,25.3702,0.0805,7.1969,13.9812,0.038,76.6607,0.0404,15.4127,5.7167,1.0778,46.6114,23.5726,29.6519,5.9093,1.366,14.4263,41.2218,0.4162,12.5509,0.0255,44.0807,1.0454,1.3079,31.6044,48.1096,11.5602,1.7773,54.1478,1.4689,11.043,0.7939,0.0,269.4214,87.7989,2.8635,4.4561,0.0402,19.7138,227.6646,14.3267,5.4082,12.2273,0.0501,24.3871,68.5321,382.5719,17.4108,101.8237,3.6571,12.3552,27.8829,26.2677,2.5872,38.9234,4.6564,5.5152,95.9778,9.8371,114.2256,0.1247,26.5431,53.1257,26.5368,61.895,2.0098,7.7746,0.0055,0.0252,0.0372,1.2488,16.9729,7.5203,73.5803,6.5485,14.154,10.7018,2.021,0.3606,16.7762,29.7713,8.8391,18.7688,6.2331,17.9798,407.4374,3.3001,14.9453,0.161,65.1487,1.7007,3.9021,16.7068,133.3294,74.6025,48.9455,11.8402,191.3666,4.0965,34.6612,14.1541,4.6057,2.5721,4.4471,495.0793,2.2953,11.0873,0.0817,0.1815,0.1546,0.0553,15.0792,0.0146,0.0,0.0,0.0,1.1158,9.5973,0.0906,0.1976,0.0668,0.1176,1.7986,0.506,2.4304,8.0936,48.0893,6.3698,0.0,34.4252,24.6606,2.3344,8.7158,9.8038,7.9505,5.2984,1.3421,31.951,65.957,2.1844,10.898,1.8122,6.3841,4.4188,2.4432,5.3304,3.1718,1.5924,0.1121,0.7172,16.6891,3.6664,4.7112,0.2641,0.1003,0.0,0.6446,0.0,9.2731,1.9973,0.39,39.1588,31.0135,0.0,32.3812,13.3592,176.6887
1.2487,39.2255,67.5901,2.2156,171.0889,67.9415,137.9486,0.5272,30.4972,4.2604,48.5279,36.8909,9.6751,20.5012,30.4549,80.4886,1.2077,2.577,9.2405,89.5705,26.3966,18.8928,1.856,0.0797,16.7269,35.4144,68.6964,13.2978,4.1285,0.0,1.6684,19.4359,22.7065,72.5893,0.0,35.5626,1.979,26.2772,0.2869,79.6093,32.7766,131.0907,100.1281,26.3993,30.8684,0.0441,34.6724,13.9555,29.7438,42.7275,24.6369,16.8532,12.4331,9.5188,0.4053,0.3873,0.0419,0.0213,0.0224,0.0,0.2788,0.1895,0.1804,0.021,0.1192,0.1555,0.0292,0.0335,2.9087,93.6975,11.3622,99.0385,0.4311,0.0863,18.6936,1.1163,0.2364,31.5558,71.5518,4.4283,8.1067,60.6531,13.3874,29.7503,9.8997,16.5708,0.0,0.0997,0.2907,7.3841,0.2361,0.3399,2.4137,0.0764,88.8011,0.0121,15.4669,2433.003,21.0241,92.3948,10.3608,0.3243,68.6442,3.8673,88.4019,20.6222,9.9255,12.1168,79.0497,404.0045,1805.3336,0.1824,10.9368,0.0,5.8866,9.647,2.6467,11.3498,7.3627,78.4164,0.0472,19.9829,1.6895,70.3472,27.2171,20.919,43.6072,18.4796,66.673,735.4453,3.6769,14.0764,257.0159,0.9809,12.8413,4.7448,30.7732,16.293,40.6066,151.1792,25.8117,36.5152,18.1676,8.5931,79.6899,12.767,34.573,13.4591,19.951,18.185,1.2044,11.3381,20.3803,77.5801,41.0454,9.3395,6.3763,100.3707,41.3512,26.8629,315.9958,2.0732,0.2447,30.5165,0.53,8.6727,0.0412,7.3591,4.4666,3.1856,17.408,16.4277,4.9388,6.4457,8.647,21.5046,10.1253,2.253,4.966,0.0261,13.1252,4.1051,8.654,23.6657,86.1898,7.8717,0.8878,54.0308,1.7508,1.144,2.0522,0.1188,39.9424,30.5527,6.5867,10.9025,0.0537,31.1403,60.1827,20.0518,1.3108,19.7559,0.9713,11.198,62.0318,397.3111,91.6611,50.6584,20.5086,11.7355,76.6294,50.9398,7.135,11.7746,3.7856,29.4388,18.5138,2.7315,33.8585,0.3034,49.811,28.0385,53.0118,60.1203,0.05,29.8219,0.0282,0.0,8.6171,9.3047,111.1221,3.26,3.8955,11.7222,8.9966,25.1991,2.1564,3.3793,81.1629,54.4805,37.1228,17.7986,10.4701,24.0014,285.9793,3.8599,8.1274,4.9674,65.3892,0.4782,8.0001,16.3529,15.6181,35.907,60.2091,21.9455,605.8578,7.7267,53.5532,18.6273,5.5711,9.0719,50.1227,121.0459,3.3193,22.5799,0.1945,4.2902,6.4352,7.0926,1.3308,0.2526,14.3975,0.0,0.0941,2.4058,0.4257,3.9912,20.9165,0.224,0.7959,2.8024,4.2346,0.2538,47.6495,215.4824,2.3273,0.0,7.0618,26.5947,0.7337,7.3591,3.1516,24.7128,5.318,2.3208,1.8092,8.2,13.3414,55.7968,10.1351,6.1424,17.1119,5.9399,2.7479,6.5598,12.9871,0.3878,0.2271,4.7085,4.5519,3.4273,0.3368,0.3275,0.0808,3.856,3.1891,26.958,3.7528,3.3666,41.9487,1.0262,0.0,54.9253,29.8276,42.9865
2.0009,14.8013,26.8208,15.7859,140.057,39.7494,7.2207,0.553,7.6124,5.1067,37.2708,22.5942,6.2162,62.7513,9.3893,0.5905,1.2258,122.3046,19.0185,31.5179,61.7879,37.739,0.3251,15.8419,15.3978,46.6366,66.8534,7.0996,1.9576,0.0,59.8386,22.3006,13.4338,103.7931,0.0,42.4984,4.0022,78.4247,0.0505,46.0903,19.353,56.3133,24.7815,8.9084,6.8693,0.555,75.7868,15.0718,172.3338,12.0184,28.8103,20.2355,16.7089,17.8514,1.188,1.9423,0.0,0.0,0.0,0.0,0.5871,0.0359,0.0316,0.008,0.7932,0.1526,0.0861,0.0145,34.372,92.4029,51.5693,103.1782,0.2101,1.4384,10.0947,0.1472,0.1254,52.8024,66.5647,3.4655,0.8019,21.9763,15.6874,20.1531,3.0503,10.247,0.0,0.0,0.0367,5.4463,0.8053,0.3171,6.0064,0.0643,147.2911,0.0,16.2451,739.8775,16.2813,106.7794,11.3198,0.3242,573.7887,9.143,101.4656,34.4266,7.517,18.8572,40.0947,537.4493,944.4488,0.1257,13.6721,0.0,3.9318,26.3746,1.6672,31.5787,1208.312,75.3888,5.1529,10.0897,0.3314,54.6465,66.175,216.9697,53.4713,33.1123,72.9877,213.9551,52.361,14.3959,172.8407,1.3738,42.9141,5.312,54.8836,32.322,41.3382,641.947,128.5067,159.74,19.7831,4.5689,35.2874,3.5057,24.2834,10.1948,114.9004,42.1513,2.0327,6.6939,297.1228,51.9037,8.3187,4.7893,10.308,32.1335,31.0564,38.7454,234.2188,2.8941,1.4609,42.4091,0.1666,10.8649,0.0625,3.0226,7.436,3.2429,22.5043,16.3199,8.3549,57.1204,6.0473,20.3145,11.2832,1.629,1.6018,0.1284,25.6395,4.6218,3.2046,19.046,139.6161,16.8478,4.5307,43.4857,4.4762,0.7713,1.4818,0.045,66.2913,42.1628,8.3197,12.0804,0.1101,73.1328,66.4838,16.2747,0.8186,10.1418,37.3449,23.2566,119.2002,315.4686,31.0917,22.3684,6.7145,10.3509,42.7386,43.2956,2.7676,8.7857,7.7396,28.7443,17.9441,0.6268,42.67,0.2523,47.7594,21.7666,24.1992,26.6603,0.1327,41.1379,0.0299,0.3703,4.1868,9.0285,1313.2978,0.8237,4.6172,17.211,12.4574,28.7023,3.2845,2.3942,44.4837,53.2976,3.5766,7.8907,14.0412,49.0814,452.9311,2.4964,7.122,8.6718,135.4484,9.3999,7.7341,29.4047,15.9118,28.7999,49.3282,17.0647,577.6771,3.3843,11.9821,15.3935,5.1671,5.4524,45.9253,135.3033,0.8972,14.665,0.0421,0.854,3.0249,12.3999,0.0593,0.0,70.6527,0.0,0.1665,0.2745,0.1076,1.6982,0.3566,0.1034,0.4752,1.9582,8.1444,4.0512,34.8691,155.1505,0.1921,0.0,0.3849,15.0772,1.6881,8.693,3.0104,40.3516,5.7229,47.7895,0.2177,14.8949,10.9247,27.8508,8.6826,12.1775,59.0385,22.7819,4.298,7.8276,8.4821,0.1583,0.459,6.6334,15.4397,2.9862,0.3829,0.1397,0.0,6.0951,6.7415,10.1345,2.9029,1.4732,21.2136,1.4964,0.0,58.1137,35.8451,232.7903
1.4757,27.0498,68.43,28.0211,511.257,48.6706,0.6303,1.0407,0.5856,0.4526,30.5706,10.8002,9.6199,34.4274,30.5717,3.5524,1.5548,7.6569,10.6736,77.0794,47.6886,46.1701,0.1272,11.3218,10.421,57.6119,49.6889,57.1331,4.8511,0.0,3.9348,32.5569,15.9142,130.4811,0.0495,84.7242,4.8527,116.4937,0.0162,102.1947,19.1096,48.7679,22.8581,4.7369,9.3344,0.0977,40.2497,11.9068,58.713,22.4171,30.9395,22.9559,32.8103,0.9256,1.1438,0.4636,0.0331,0.0,0.0355,0.0,0.9641,0.2999,0.022,0.1997,0.4297,0.7093,0.0513,0.0719,5.0972,20.1285,6.7283,134.637,0.1706,0.0531,16.7208,0.1792,0.3741,310.536,100.9926,5.6102,0.9347,51.4214,12.5268,34.0296,7.0156,10.143,0.0289,0.0789,0.3066,2.9544,0.6071,0.4965,4.3287,1.1818,109.9954,0.0477,7.4563,2951.0749,14.3649,137.857,24.3285,0.393,80.1909,4.0869,246.7294,39.9275,6.1748,22.1386,74.7128,783.3846,1832.6461,0.059,16.7871,0.0,14.4592,13.2899,13.0953,9.9063,107.686,325.2357,0.2035,13.471,0.2711,233.9329,27.266,40.7876,56.7758,27.4958,159.5632,1545.9106,0.3828,13.9605,367.4716,0.6579,163.8917,12.7683,35.9183,29.0265,48.5373,1077.4157,51.4718,579.0453,16.5374,3.0852,42.8746,5.3874,45.0091,8.7092,32.3149,14.6626,1.0944,15.3966,114.6304,118.0234,110.2337,5.544,6.3736,168.9545,41.0473,81.5829,194.58,4.0277,2.5777,48.8064,0.225,6.7725,0.1631,20.8535,14.2293,3.1952,31.2294,43.037,7.9468,14.1989,4.0015,5.9205,36.2057,2.4956,6.747,0.0619,16.4047,2.631,14.2323,88.1775,89.7973,5.1748,0.742,91.3516,0.7278,5.0545,1.8309,0.0784,40.3389,44.2841,5.3545,10.6295,0.3747,37.2531,94.6532,18.7949,0.5789,24.4949,5.8343,27.7031,134.275,337.263,111.5164,10.9148,25.6344,8.3298,79.803,110.2455,7.6709,15.5456,0.432,25.4848,46.9301,1.5576,64.4516,0.8209,66.974,37.8497,45.9148,33.5376,0.2176,20.295,0.0089,0.1017,18.9369,6.789,179.1889,3.4735,5.9065,10.494,9.8382,88.7539,1.9356,2.4741,363.2791,63.7719,22.8608,21.3757,11.3329,45.8025,418.8975,2.0096,8.3027,50.7573,143.3509,3.4142,30.1094,28.6395,65.3762,39.543,88.4398,20.6136,703.2572,12.0722,49.8231,15.4765,4.9271,5.285,8.7135,103.1495,193.8508,29.4054,0.1758,3.0159,0.9359,10.9331,0.6194,0.0118,15.7509,0.0,0.1242,2.8655,1.6166,0.8691,4.9448,0.3005,0.0345,4.8824,4.016,1.4404,22.0689,101.6705,7.5662,0.0339,24.0695,23.0972,0.8759,10.896,4.0646,35.1113,6.5528,1.3871,0.6816,10.681,10.8763,48.1132,20.6905,4.4962,23.9055,8.1399,5.8642,6.1202,14.7158,0.2635,0.4092,6.7193,20.6065,10.2858,0.373,0.1782,0.1598,0.4967,2.8253,15.6833,2.022,1.6103,43.9235,0.1927,0.0,104.2695,53.1124,167.0723
3.3378,49.4417,125.7217,28.6624,865.2134,142.592,52.0943,0.2328,2.9869,20.2431,40.7068,23.3354,3.2777,29.8956,18.5019,20.2137,0.3288,6.1725,11.0543,54.4443,53.0395,45.7159,0.8011,0.7115,22.8413,32.6336,43.5839,9.6508,0.6584,0.0,0.6909,57.0442,19.0169,71.9838,0.1434,70.3714,12.1585,70.8473,0.0183,56.6196,25.0937,262.1854,53.9222,6.0785,21.4701,0.3621,2.3267,10.4188,24.4399,51.405,32.5952,16.2647,35.6748,2.5675,1.1212,3.2965,0.0374,0.4363,1.8418,1.1422,5.8416,7.399,3.1201,0.0375,0.0118,2.1713,1.3492,0.0043,21.632,6.5264,3.1603,90.3373,3.4621,0.1881,25.3675,0.3031,0.0,236.9243,143.178,0.7999,1.0233,1.2283,9.2502,48.3431,80.5637,12.1257,0.0,0.0,0.1297,9.022,2.3699,7.5125,6.6742,2.1316,144.0722,0.6242,13.7907,420.705,34.477,49.7134,71.7803,13.7644,43.2536,4.7103,161.0474,36.5762,0.6469,9.657,127.739,338.8815,2330.785,1.3317,31.8297,0.0,6.5871,12.8574,0.0998,3.9464,11.0744,27.6119,1.1148,1.4447,2.9413,8.673,16.4774,20.9416,59.3751,25.5944,353.9629,90.8581,0.2698,17.9981,176.8514,21.0578,0.3937,82.5735,16.317,115.5864,59.9938,4.8449,114.8717,2.1106,40.3912,4.4782,19.7165,12.0048,22.2706,13.737,22.2731,0.6579,2.2668,11.1186,1.0966,151.3568,15.9346,11.7669,4.5515,38.2176,8.3556,38.3354,56.923,2.3077,1.8288,87.1418,4.3255,4.8267,0.2023,45.5452,10.2268,34.4554,32.9565,49.0397,22.2261,29.1292,11.2747,3.1929,3.0716,1.9407,15.7101,0.0465,45.1899,2.4913,19.3931,13.2374,41.9464,6.6235,0.8591,48.7224,0.834,1.7675,0.5379,0.1591,31.2479,42.5941,14.2119,6.7312,0.1676,39.5468,62.6783,13.7088,1.4978,19.6726,0.6728,17.9081,94.9878,156.2912,14.1587,217.2029,15.9633,6.2549,42.4574,46.8565,2.7946,86.3158,9.1266,9.4433,11.4501,2.7277,33.3346,5.9129,128.4147,10.654,13.5217,87.2292,74.5839,19.4782,0.1207,0.0229,0.7452,14.6457,12.8354,15.1063,53.5661,17.7393,9.3409,11.3012,2.4519,3.1325,38.2839,26.6708,10.7582,19.369,9.7301,33.1095,585.2981,2.5162,20.7312,1.1844,23.9488,24.5906,20.9091,31.2508,14.4265,40.0144,92.3142,26.1054,845.8959,2.5753,12.0239,9.1468,7.9123,6.4846,6.4318,113.8884,7.3468,24.3711,0.4462,2.2308,4.5176,8.9641,23.1209,0.9279,0.2836,0.0,0.056,2.3313,60.9997,0.7666,12.772,0.0,0.1994,7.8845,1.2879,2.417,23.9952,70.4583,19.4094,0.2038,16.6519,26.3904,11.5894,33.6241,61.7768,6.1293,109.2935,21.9889,74.6433,153.3795,6.5934,40.5289,3.3571,12.6479,16.2029,20.7944,2.262,5.3175,11.9466,4.6176,2.7126,7.1986,14.0588,1.0897,1.7428,0.7489,0.1081,0.9068,0.8016,82.9206,4.3483,0.71,75.2143,8.4737,0.2967,74.5226,36.5212,12.2967
0.6245,84.9467,68.5325,11.8466,312.196,47.5198,129.1633,0.9708,84.5821,9.2606,24.7385,20.7494,21.2106,46.3643,42.2198,0.486,1.6817,89.0086,17.5298,150.9313,16.9378,12.1676,0.0931,0.4207,24.0462,48.4261,116.6282,15.334,3.6765,0.0,1.2399,25.7789,22.4174,170.7048,0.0146,50.6209,32.0279,30.8883,0.0,58.0784,12.2495,46.6424,42.5921,48.6897,12.4209,0.0072,59.623,22.026,41.2736,82.1566,35.1646,34.7622,28.7906,9.6821,1.1487,0.2842,0.0,0.0174,0.0,0.0,0.1604,0.5036,0.0113,0.0,0.2599,0.0374,0.0212,0.0078,0.6048,148.3219,11.5958,168.4104,0.2266,0.0078,10.4615,0.0926,0.2126,15.2685,1626.7203,1.4949,5.3864,206.034,20.151,34.6732,7.132,34.0956,0.0,0.0,0.1386,4.1328,0.5428,0.0285,7.9522,0.0104,143.8542,0.0049,10.7601,2619.7887,19.6718,129.9648,32.2461,0.1748,76.1681,6.9153,54.3016,46.6537,90.8828,20.0364,124.6993,1668.7608,2026.963,0.0542,22.8522,0.166,16.0239,11.187,1.5541,2.4724,74.362,89.9406,0.1116,43.7049,0.5312,144.0637,51.9525,48.7332,53.0277,34.9549,939.921,957.4241,0.3856,17.9998,638.2842,0.239,11.5148,2.162,34.1123,5.0028,37.409,200.5797,31.253,51.5833,18.2294,4.9196,65.2676,19.6535,44.3318,10.258,88.0715,30.5734,0.8615,16.9152,6.9208,11.7581,32.6114,12.3732,17.7841,217.4833,59.0951,57.2207,689.9251,6.5944,0.05,72.283,0.4438,0.6464,0.0674,59.615,6.903,0.3457,15.0348,5.1188,12.144,4.4067,5.3759,23.2193,3.7607,1.183,3.4137,0.0,16.4475,1.6655,5.7228,46.5223,107.0251,18.24,1.8706,39.269,3.0443,9.4602,0.7965,2.9145,38.6335,48.2276,11.0872,19.5815,0.9756,90.3832,56.4554,19.3544,1.852,33.4425,4.3773,47.4349,122.4031,613.8067,46.872,34.5781,22.9896,18.3062,103.5067,107.339,6.0844,18.1374,0.9224,51.1739,34.7283,3.1052,60.6261,0.6401,55.6197,32.3036,26.7618,33.3805,0.0,71.816,0.0138,0.0105,55.671,12.3669,290.3291,0.8528,4.8519,17.0444,17.9863,38.1521,5.8025,4.8676,229.9462,63.1699,42.4451,34.8409,17.3287,37.5462,648.2623,3.5478,15.7772,25.0353,77.4165,10.6644,5.7184,11.7796,4.2799,42.6192,111.775,35.8393,620.131,6.1689,40.5662,14.2121,3.3349,2.5645,44.4764,87.9781,0.8834,27.7381,0.6132,0.82,4.5514,1.6763,0.576,24.7754,27.7726,0.0276,0.0513,12.6672,0.6496,2.0803,8.8171,0.0239,0.0936,4.4549,12.6277,2.5535,90.0998,101.9572,25.0719,0.0117,3.1134,32.1251,0.1473,12.0156,3.373,55.0308,2.195,0.9418,1.4085,64.8352,22.1356,63.39,6.9334,8.6332,32.925,12.5296,6.5808,18.9235,13.5479,0.0325,0.4537,16.5791,1.0177,3.5424,0.2753,0.1673,0.0,0.1222,0.4957,15.2428,6.1356,6.4298,88.4174,0.1706,10.0281,105.8449,74.4095,407.7381
6.5296,73.6347,55.557,4.7501,1221.8249,169.5474,95.9938,0.2249,59.5577,6.8943,28.7309,76.6857,1.9355,44.178,61.0463,48.3914,9.2634,4.1243,31.2177,90.5655,162.5538,113.5767,0.3396,1.4259,44.404,96.3011,71.7728,4.1773,5.2364,0.0,5.5101,31.9971,42.2875,350.2397,0.0108,422.9696,12.7884,60.5829,0.0309,79.0632,23.1489,111.3587,138.8794,22.6405,42.2097,0.0319,10.9581,42.9595,239.0239,194.0191,55.0234,45.9852,114.1341,29.5938,2.8696,8.5931,0.0,0.0,0.2572,0.0,18.2181,0.2287,0.1842,2.9311,0.048,0.2539,0.1136,0.1444,21.4317,13.7505,16.0251,152.4337,0.0743,0.0231,31.0093,0.0781,0.3709,448.0105,1003.8461,3.1155,1.7,476.6589,27.9712,62.0024,1.7189,21.2606,0.0441,0.0601,0.2046,27.8461,4.3091,6.6261,1.1886,0.722,109.5535,0.0582,17.288,1210.2163,45.5309,335.0436,30.7354,9.6906,315.5177,9.0465,50.8775,51.5093,30.8132,33.1971,21.1345,928.7352,1086.0729,2.0112,44.2065,0.105,14.673,31.1543,0.9447,61.8099,534.3601,250.0759,2.1094,228.8951,4.5624,391.321,87.479,139.0341,106.6467,58.652,439.3445,477.6175,1.6055,47.686,664.4435,15.8427,67.3593,25.6335,187.296,37.7465,217.3799,1519.5143,134.8406,410.6606,49.3501,22.1125,81.8841,21.3402,29.25,51.3819,173.7342,20.0342,5.6432,25.7649,156.6671,330.2215,4.6924,21.0147,15.2367,27.6324,64.8143,104.7598,293.0065,9.2145,0.3322,119.5989,1.0296,5.1496,0.0746,38.6911,21.4789,15.7001,19.6598,100.5541,5.5233,3.0777,11.9605,58.9532,14.1802,0.9097,6.0457,0.0786,29.2958,1.6816,5.5815,23.74,57.627,1.7985,3.6517,131.3319,1.683,13.2603,0.5071,3.5137,80.9995,71.2158,25.6415,19.2678,0.3181,85.6514,42.1278,12.9781,1.0388,29.9435,63.0758,29.5964,130.9441,278.033,32.6331,14.6628,28.3556,37.8729,45.9865,136.348,17.9316,80.0154,1.2299,98.1578,11.6994,2.9551,89.3475,15.4975,428.6957,118.4831,36.1711,51.735,0.0603,13.8144,2.5232,1.2256,28.0352,4.5605,150.8902,3.1209,7.9316,22.2409,16.466,7.3634,6.3307,5.2575,49.948,151.3961,31.582,35.0868,41.7097,30.7573,322.9594,25.7435,52.6531,68.5803,79.5548,6.1736,19.1837,33.5403,78.0673,12.5028,178.0636,101.0454,656.0756,9.9772,44.3092,16.0826,21.6446,10.6278,148.4844,79.8365,12.1096,48.6516,0.5029,42.591,1.2943,22.5552,0.4723,0.5916,57.3971,0.0,0.2651,0.6556,2.1232,1.693,37.5674,0.0705,0.8683,0.1873,9.6665,0.2415,35.0797,95.2503,5.3668,0.0,2.2406,62.4946,3.5107,14.3454,9.0243,31.2402,19.8415,25.588,0.3119,7.6964,19.5221,127.1306,15.2797,16.2116,28.1083,36.8716,4.0166,12.3621,40.4158,0.222,2.1159,25.9222,15.0428,8.4144,1.2598,0.3458,0.0,0.4689,0.1626,25.8338,3.8434,13.0188,130.149,3.9145,0.0446,46.4018,73.2256,128.2542
1.8519,35.3769,59.4075,25.3361,233.3842,77.1869,85.7267,2.4577,38.7061,17.9517,35.4115,30.6876,17.7031,31.3157,21.4616,1.8732,2.3093,3.1268,16.6397,46.5134,36.4279,47.1366,0.2124,22.3099,14.3954,37.1704,48.4059,13.3114,2.3259,0.0,1.4513,39.1817,12.7383,62.1573,0.0167,51.3961,1.8732,34.062,0.0191,62.8459,18.05,104.0535,46.9213,11.7035,21.5999,0.0905,64.6826,14.1648,148.5848,48.0418,45.0853,32.254,20.6652,8.8341,1.1967,1.6297,0.0,0.0,0.0418,0.0,1.0013,0.7068,0.0129,0.1471,0.5063,0.0512,0.0968,0.0134,3.6415,150.9959,18.6212,81.1766,0.5455,0.3395,9.1093,0.9654,0.3086,20.6097,26.9952,2.8082,1.5715,209.2777,18.9493,33.6458,14.7411,7.8124,0.0,0.0929,0.2032,7.3539,0.7154,1.5439,10.0471,0.1306,101.402,0.0,14.2729,2226.7633,22.3387,154.4117,23.4394,0.3409,153.7811,3.8225,116.9231,25.8433,8.3944,21.3107,70.2311,2013.7,1461.8833,0.8581,17.4055,0.0,14.0356,12.3955,4.9352,1.9102,52.0018,232.7469,0.8809,64.854,4.263,165.619,51.9339,53.5346,47.4355,25.8387,69.4665,1202.204,3.1801,188.7389,184.2162,2.7799,80.8191,5.9262,85.6029,27.3443,44.082,677.9645,68.3331,399.1266,18.4754,3.8405,28.6298,7.5243,46.6109,13.0056,40.884,12.0107,3.1494,10.0671,119.6091,137.8627,29.6208,9.1434,5.3092,105.2115,36.9155,76.0937,303.1597,9.8558,0.1569,59.3974,0.3013,6.2019,0.4421,35.9833,6.5844,4.9085,18.7351,25.6118,12.656,25.3028,6.9999,14.4971,21.6439,1.8501,5.9219,0.1215,27.6406,6.9604,13.2783,62.1139,81.7876,18.8333,1.0026,60.2837,1.9366,3.879,1.6806,0.0369,40.458,39.2742,9.0332,9.2821,0.4886,31.4614,58.5578,27.1793,1.7693,25.1464,13.0112,19.8168,159.5356,354.8042,89.8597,43.0569,8.9095,8.0096,52.9872,57.1711,4.4868,18.8873,1.8665,8.4729,62.377,1.4922,44.3232,0.9765,90.2951,25.8592,45.7523,34.4008,0.0466,25.9447,0.0053,0.0959,99.5053,8.231,155.2289,1.2765,14.1314,14.5698,23.43,25.6159,2.2515,1.9893,192.1343,65.5593,52.9898,40.9643,17.7715,23.3817,255.8434,5.9047,10.8821,44.3607,104.4777,8.7722,21.6196,38.585,20.0653,28.4596,53.8791,22.6447,574.4956,12.0252,33.5659,35.0743,4.3389,7.1229,33.1378,87.3163,15.2334,33.419,0.2072,4.5898,12.5142,4.3324,1.3868,8.5186,32.5766,0.0,0.1756,2.0019,5.8208,6.033,9.0066,1.7978,0.2084,2.766,6.3989,2.4755,28.079,136.8155,13.6852,0.0,2.7668,20.4337,1.3562,36.2256,4.9935,73.1342,49.2238,14.5858,6.8811,34.389,13.5449,35.0559,23.645,7.2269,26.0265,9.4985,6.1704,4.3601,10.0782,0.4867,0.6586,5.5463,6.7698,6.6479,0.5966,1.2024,0.0,0.1115,6.177,43.5382,2.8621,2.4682,41.5383,2.5541,0.0344,42.9512,40.3265,118.3935
7.2961,78.1506,126.5589,12.6688,25.2497,196.1091,1.1945,1.2942,2.265,12.6075,25.9364,46.8073,22.7973,18.0553,27.3998,5.9475,3.0365,9.1837,23.9662,77.6257,65.6012,73.1931,1.8118,7.3961,26.0585,67.0619,66.3238,40.0686,13.7703,0.0,5.4355,18.7759,31.0334,78.3476,0.5279,80.2868,34.8369,98.5861,0.1626,34.7804,46.1807,95.119,95.9489,15.2929,29.1657,0.8691,4.0729,43.8164,18.4376,30.6813,30.4945,22.1645,31.7243,0.9625,0.2071,2.7289,0.0,0.6982,0.0,0.1828,0.7348,0.2594,0.7899,0.1727,0.2175,0.5909,10.5106,0.0472,14.3415,153.5026,46.6736,95.0744,0.1686,0.0944,5.5643,1.2929,0.3365,60.9136,17.7097,11.1186,1.4394,6.1649,38.0015,59.8155,2.6119,9.2515,0.1201,0.0,0.6629,28.6715,39.8181,21.1532,0.5285,20.4251,106.147,0.3037,12.9505,1184.3962,99.7276,87.4032,53.4443,1.0498,146.6038,12.3753,55.1662,29.6783,13.6189,18.0218,144.2295,3731.1796,3458.1599,2.4145,10.3243,0.0,2.9844,11.1809,6.7334,4.6282,0.987,95.9768,0.9597,1.6698,16.0382,4.073,20.0726,44.7592,69.1794,20.7262,11.9717,630.3676,96.6854,87.2398,326.1402,7.2038,1.571,21.8341,50.8209,15.1106,35.3007,1.7278,96.4305,3.4164,31.4035,5.6156,19.4451,7.5775,30.3608,29.5996,5.088,0.9853,3.8421,19.7226,0.6353,273.1314,280.1327,51.9128,9.3854,19.2986,12.5333,132.8807,144.0568,0.1798,1.1051,75.0726,0.5095,4.8502,0.1128,22.6603,22.9909,3.6726,146.4488,29.3089,22.3976,8.4015,2.7683,13.8282,21.657,7.1715,5.5325,0.0999,73.5907,5.0281,2.9842,20.0889,191.1888,0.5069,1.0951,49.1669,17.2332,2.7882,4.1066,7.4592,105.1902,41.2565,9.5405,10.7425,0.1469,35.6272,142.7547,7.8921,11.0172,21.5275,0.2238,47.3035,172.0617,385.1198,85.7754,111.8143,90.9517,36.4303,111.9606,44.5813,3.0724,25.3607,28.093,8.0826,3.775,1.7872,27.9849,8.1439,37.0666,20.5011,6.1723,27.5396,0.7664,11.2656,0.5183,0.4644,0.7688,7.1807,26.4278,8.8268,61.8739,25.3063,5.5658,70.3375,5.5104,4.0158,115.3972,38.1704,15.4624,37.0013,19.165,52.9082,541.0749,10.9836,2.5796,1.4082,60.1642,0.3653,8.9694,28.8289,20.7107,27.2394,85.4791,104.5665,558.8543,16.0287,30.8103,5.9976,5.1191,9.0976,3.966,44.1582,2.9858,45.0693,0.1825,3.683,162.3235,1.1224,1.9283,0.2602,0.058,0.444,0.1374,2.124,1.8019,13.739,6.4004,1.5672,1.3427,1.439,36.3431,4.1302,26.8424,110.6426,2.6235,0.0781,4.2041,17.4058,41.5294,3.8358,6.5014,7.23,3.3213,21.8054,2.295,14.0304,12.6831,42.3561,21.2853,4.0262,35.229,15.1959,5.8258,15.4555,5.5289,0.517,28.9721,22.4159,16.9905,5.2183,7.4839,0.5378,0.1326,2.2252,0.2459,32.1755,6.6539,1.7925,90.8944,0.7045,13.3485,104.1761,33.3409,20.9886
5.4267,13.0029,32.6401,3.2654,107.3058,85.0131,1.232,0.6288,24.2779,5.6969,19.0785,18.3441,17.7573,30.5825,23.2617,1.0792,3.713,0.819,15.3646,12.7632,18.1073,23.1548,14.9467,0.3249,24.4303,102.3777,58.2818,38.6259,17.8826,0.0,105.6039,27.1011,14.6408,206.7491,0.0127,134.8834,94.1172,19.8514,2.3102,29.7256,15.3363,29.8092,5.1242,0.0351,7.9678,2.0267,48.7606,36.9116,743.523,42.6866,33.5273,16.7646,41.5419,52.6842,0.6343,3.0801,0.417,0.0151,0.0,0.0,7.5656,0.0337,1.372,0.9798,0.0,0.9371,0.3047,0.5821,8.2728,48.7603,70.3784,65.2275,39.1657,0.0068,17.2743,0.5524,0.1177,187.1967,1309.8466,20.9467,13.7868,4.3915,15.5749,38.5186,7.5231,26.2552,0.1561,0.0355,0.1206,8.3935,0.2729,0.5022,2.2788,0.2083,141.1499,0.0472,12.4991,1025.6927,10.053,64.0813,12.5578,1.9679,67.6626,10.7843,28.9208,36.7096,30.3545,30.9698,0.3011,481.8864,888.0142,0.1533,13.7052,0.0413,15.1188,16.081,0.5834,4.4646,217.3984,16.3629,2.0126,5.9282,1.2858,106.1193,34.7552,49.0287,97.4974,84.8429,284.1072,133.62,25.9915,24.9972,592.5209,5.4386,32.7184,8.4716,21.7724,13.7495,95.4937,100.5233,55.1834,39.1166,42.7179,10.9399,19.2525,21.1536,27.6753,33.8891,108.3385,35.2735,18.7271,17.5173,1.3598,50.5875,1.6391,4.7743,8.8826,34.0901,33.3656,17.2705,1221.7593,6.2346,1.6755,45.3061,0.3954,0.8839,0.088,16.1423,19.4229,14.5435,12.9345,22.7939,9.8785,1.8802,7.1115,26.8639,10.9509,5.8679,28.5896,0.0371,21.3215,6.0476,3.4798,17.0266,49.176,3.0364,1.2097,33.6225,63.1333,10.0092,3.8639,0.0,108.2643,62.407,11.1021,20.2778,1.0555,57.4471,63.2117,14.0391,3.8883,35.0197,87.5331,24.9166,61.8301,301.4525,102.1357,6.4986,0.4966,18.5553,53.8396,68.0925,5.1629,38.6689,4.3499,22.5994,81.4587,2.7248,46.0207,0.1253,92.4052,14.3695,34.1853,33.7256,4.322,18.4409,20.5054,4.7002,73.4467,2.6717,4.255,5.7354,1.1991,19.9007,23.6003,211.1787,5.7619,1.043,45.2116,139.5373,28.3065,42.301,22.8093,22.1849,293.2024,2.0344,30.5538,8.8092,89.9316,5.4032,2.465,33.1567,303.1298,21.8734,69.1338,26.729,341.8428,5.5817,6.4643,7.7075,2.6472,10.3743,46.2798,181.6078,3.1298,20.7597,0.0,7.0805,3.2985,27.7282,0.2227,6.7212,18.6171,0.0,0.0893,0.0368,1.7158,1.6052,6.8835,0.0416,76.2463,2.2726,74.482,1.9442,40.5254,228.3735,0.1967,0.0102,1.8851,8.7062,12.8926,14.3502,32.1952,45.2127,21.0721,9.9999,1.1644,15.5543,31.9628,22.0901,18.0795,10.6915,16.5323,11.828,4.0608,20.2425,22.6187,1.3897,0.8345,14.1404,7.0375,1.9896,4.1921,0.1747,0.0287,0.404,2.3324,0.9724,4.8476,0.8817,20.901,8.0729,0.0,73.6967,54.2393,126.6775
